
> Configure project :
Fabric Loom: 1.18.2

> Task :compileJava UP-TO-DATE
> Task :processResources UP-TO-DATE
> Task :classes UP-TO-DATE
> Task :compileClientJava UP-TO-DATE
> Task :processClientResources UP-TO-DATE
> Task :clientClasses UP-TO-DATE

> Task :compileGametestJava
/Volumes/仕事/Wildcraft/开发环境/project/src/gametest/java/dev/wildcraft/test/research/ResearchGameTests.java:75: 警告: [removal] GameTestHelper 中的 makeMockServerPlayerInLevel() 已过时, 且标记为待删除
        var player = helper.makeMockServerPlayerInLevel();
                           ^
/Volumes/仕事/Wildcraft/开发环境/project/src/gametest/java/dev/wildcraft/test/research/ResearchGameTests.java:101: 警告: [removal] GameTestHelper 中的 makeMockServerPlayerInLevel() 已过时, 且标记为待删除
        var rider = helper.makeMockServerPlayerInLevel();
                          ^
/Volumes/仕事/Wildcraft/开发环境/project/src/gametest/java/dev/wildcraft/test/MechanicsGameTests.java:22: 警告: [removal] GameTestHelper 中的 makeMockServerPlayerInLevel() 已过时, 且标记为待删除
            var p=h.makeMockServerPlayerInLevel();body.setOwner(p.getUUID());p.setGameMode(net.minecraft.world.level.GameType.CREATIVE);
                   ^
/Volumes/仕事/Wildcraft/开发环境/project/src/gametest/java/dev/wildcraft/test/MechanicsGameTests.java:38: 警告: [removal] GameTestHelper 中的 makeMockServerPlayerInLevel() 已过时, 且标记为待删除
        var p=h.makeMockServerPlayerInLevel();body.setOwner(p.getUUID());p.setPos(body.position().add(0,0,-2));look(p,body.position().add(MachineNodes.point(2)));
               ^
/Volumes/仕事/Wildcraft/开发环境/project/src/gametest/java/dev/wildcraft/test/MechanicsGameTests.java:44: 警告: [removal] GameTestHelper 中的 makeMockServerPlayerInLevel() 已过时, 且标记为待删除
        var guest=h.makeMockServerPlayerInLevel();guest.setPos(p.position());look(guest,body.position().add(MachineNodes.point(2)));
                   ^
/Volumes/仕事/Wildcraft/开发环境/project/src/gametest/java/dev/wildcraft/test/MechanicsGameTests.java:61: 警告: [removal] GameTestHelper 中的 makeMockServerPlayerInLevel() 已过时, 且标记为待删除
        var p=h.makeMockServerPlayerInLevel();body.setOwner(p.getUUID());
               ^
/Volumes/仕事/Wildcraft/开发环境/project/src/gametest/java/dev/wildcraft/test/MechanicsGameTests.java:82: 警告: [removal] GameTestHelper 中的 makeMockServerPlayerInLevel() 已过时, 且标记为待删除
        var p=h.makeMockServerPlayerInLevel();p.setPos(body.position());body.setOwner(p.getUUID());
               ^
/Volumes/仕事/Wildcraft/开发环境/project/src/gametest/java/dev/wildcraft/test/MechanicsGameTests.java:96: 警告: [removal] GameTestHelper 中的 makeMockServerPlayerInLevel() 已过时, 且标记为待删除
        var p=h.makeMockServerPlayerInLevel();p.setPos(body.position());body.setOwner(p.getUUID());
               ^
/Volumes/仕事/Wildcraft/开发环境/project/src/gametest/java/dev/wildcraft/test/MechanicsGameTests.java:108: 警告: [removal] GameTestHelper 中的 makeMockServerPlayerInLevel() 已过时, 且标记为待删除
        var p=h.makeMockServerPlayerInLevel();var target=h.absolutePos(new BlockPos(1,1,1));
               ^
/Volumes/仕事/Wildcraft/开发环境/project/src/gametest/java/dev/wildcraft/test/MechanicsGameTests.java:122: 警告: [removal] GameTestHelper 中的 makeMockServerPlayerInLevel() 已过时, 且标记为待删除
        var p=h.makeMockServerPlayerInLevel();p.setPos(body.position());body.setOwner(p.getUUID());
               ^
/Volumes/仕事/Wildcraft/开发环境/project/src/gametest/java/dev/wildcraft/test/MechanicsGameTests.java:137: 警告: [removal] GameTestHelper 中的 makeMockServerPlayerInLevel() 已过时, 且标记为待删除
        var p=h.makeMockServerPlayerInLevel();p.setPos(body.position());body.setOwner(p.getUUID());
               ^
/Volumes/仕事/Wildcraft/开发环境/project/src/gametest/java/dev/wildcraft/test/MechanicsGameTests.java:150: 警告: [removal] GameTestHelper 中的 makeMockServerPlayerInLevel() 已过时, 且标记为待删除
        var guest=h.makeMockServerPlayerInLevel();guest.setPos(body.position());
                   ^
/Volumes/仕事/Wildcraft/开发环境/project/src/gametest/java/dev/wildcraft/test/MechanicsGameTests.java:166: 警告: [removal] GameTestHelper 中的 makeMockServerPlayerInLevel() 已过时, 且标记为待删除
        var body=h.spawn(MechanicsContent.MACHINE,new Vec3(1,2,1),EntitySpawnReason.COMMAND);var p=h.makeMockServerPlayerInLevel();p.setPos(body.position());body.setOwner(p.getUUID());
                                                                                                    ^
/Volumes/仕事/Wildcraft/开发环境/project/src/gametest/java/dev/wildcraft/test/MechanicsGameTests.java:179: 警告: [removal] GameTestHelper 中的 makeMockServerPlayerInLevel() 已过时, 且标记为待删除
        var p=h.makeMockServerPlayerInLevel();p.setPos(body.position());body.setOwner(p.getUUID());
               ^
/Volumes/仕事/Wildcraft/开发环境/project/src/gametest/java/dev/wildcraft/test/MechanicsGameTests.java:196: 警告: [removal] GameTestHelper 中的 makeMockServerPlayerInLevel() 已过时, 且标记为待删除
        var body=h.spawn(MechanicsContent.MACHINE,new Vec3(2,4,2),EntitySpawnReason.COMMAND);var p=h.makeMockServerPlayerInLevel();p.setPos(body.position());body.setOwner(p.getUUID());
                                                                                                    ^
/Volumes/仕事/Wildcraft/开发环境/project/src/gametest/java/dev/wildcraft/test/BackEquipmentGameTests.java:29: 警告: [removal] GameTestHelper 中的 makeMockServerPlayerInLevel() 已过时, 且标记为待删除
        ServerPlayer p=h.makeMockServerPlayerInLevel();
                        ^
/Volumes/仕事/Wildcraft/开发环境/project/src/gametest/java/dev/wildcraft/test/BackEquipmentGameTests.java:46: 警告: [removal] GameTestHelper 中的 makeMockServerPlayerInLevel() 已过时, 且标记为待删除
        ServerPlayer p = h.makeMockServerPlayerInLevel();
                          ^
/Volumes/仕事/Wildcraft/开发环境/project/src/gametest/java/dev/wildcraft/test/BackEquipmentGameTests.java:52: 警告: [removal] GameTestHelper 中的 makeMockServerPlayerInLevel() 已过时, 且标记为待删除
        var victim = h.makeMockServerPlayerInLevel();
                      ^
/Volumes/仕事/Wildcraft/开发环境/project/src/gametest/java/dev/wildcraft/test/BackEquipmentGameTests.java:80: 警告: [removal] GameTestHelper 中的 makeMockServerPlayerInLevel() 已过时, 且标记为待删除
        ServerPlayer p = h.makeMockServerPlayerInLevel();
                          ^
/Volumes/仕事/Wildcraft/开发环境/project/src/gametest/java/dev/wildcraft/test/BackEquipmentGameTests.java:98: 警告: [removal] GameTestHelper 中的 makeMockServerPlayerInLevel() 已过时, 且标记为待删除
        ServerPlayer p = h.makeMockServerPlayerInLevel();
                          ^
/Volumes/仕事/Wildcraft/开发环境/project/src/gametest/java/dev/wildcraft/test/BackEquipmentGameTests.java:122: 警告: [removal] GameTestHelper 中的 makeMockServerPlayerInLevel() 已过时, 且标记为待删除
        ServerPlayer p = h.makeMockServerPlayerInLevel();
                          ^
/Volumes/仕事/Wildcraft/开发环境/project/src/gametest/java/dev/wildcraft/test/BackEquipmentGameTests.java:141: 警告: [removal] GameTestHelper 中的 makeMockServerPlayerInLevel() 已过时, 且标记为待删除
        ServerPlayer p = h.makeMockServerPlayerInLevel();
                          ^
/Volumes/仕事/Wildcraft/开发环境/project/src/gametest/java/dev/wildcraft/test/CookingGameTests.java:77: 警告: [removal] GameTestHelper 中的 makeMockServerPlayerInLevel() 已过时, 且标记为待删除
        var p=h.makeMockServerPlayerInLevel();
               ^
/Volumes/仕事/Wildcraft/开发环境/project/src/gametest/java/dev/wildcraft/test/CookingGameTests.java:103: 警告: [removal] GameTestHelper 中的 makeMockServerPlayerInLevel() 已过时, 且标记为待删除
        var p=h.makeMockServerPlayerInLevel();var level=h.getLevel();var pos=h.absolutePos(new net.minecraft.core.BlockPos(1,2,1));
               ^
/Volumes/仕事/Wildcraft/开发环境/project/src/gametest/java/dev/wildcraft/test/TemperatureGameTests.java:21: 警告: [removal] GameTestHelper 中的 makeMockServerPlayerInLevel() 已过时, 且标记为待删除
        var p=h.makeMockServerPlayerInLevel();var pos=h.absolutePos(new BlockPos(1,3,1));p.teleportTo(pos.getX()+.5,pos.getY(),pos.getZ()+.5);
               ^
/Volumes/仕事/Wildcraft/开发环境/project/src/gametest/java/dev/wildcraft/test/TemperatureGameTests.java:43: 警告: [removal] GameTestHelper 中的 makeMockServerPlayerInLevel() 已过时, 且标记为待删除
        var p=h.makeMockServerPlayerInLevel();var pos=h.absolutePos(new BlockPos(1,2,1));p.teleportTo(pos.getX()+.5,pos.getY(),pos.getZ()+.5);
               ^
/Volumes/仕事/Wildcraft/开发环境/project/src/gametest/java/dev/wildcraft/test/TemperatureGameTests.java:61: 警告: [removal] GameTestHelper 中的 makeMockServerPlayerInLevel() 已过时, 且标记为待删除
        var p=h.makeMockServerPlayerInLevel();var pos=h.absolutePos(new BlockPos(1,2,1));p.teleportTo(pos.getX()+.5,pos.getY(),pos.getZ()+.5);
               ^
/Volumes/仕事/Wildcraft/开发环境/project/src/gametest/java/dev/wildcraft/test/TemperatureGameTests.java:84: 警告: [removal] GameTestHelper 中的 makeMockServerPlayerInLevel() 已过时, 且标记为待删除
        var a=h.makeMockServerPlayerInLevel();var b=h.makeMockServerPlayerInLevel();
               ^
/Volumes/仕事/Wildcraft/开发环境/project/src/gametest/java/dev/wildcraft/test/TemperatureGameTests.java:84: 警告: [removal] GameTestHelper 中的 makeMockServerPlayerInLevel() 已过时, 且标记为待删除
        var a=h.makeMockServerPlayerInLevel();var b=h.makeMockServerPlayerInLevel();
                                                     ^
/Volumes/仕事/Wildcraft/开发环境/project/src/gametest/java/dev/wildcraft/test/FabricationGameTests.java:22: 警告: [removal] GameTestHelper 中的 makeMockServerPlayerInLevel() 已过时, 且标记为待删除
    private static ServerPlayer user(GameTestHelper h,FabricatorEntity b){var p=h.makeMockServerPlayerInLevel();p.setPos(Vec3.atCenterOf(b.getBlockPos()).add(0,0,-2));return p;}
                                                                                 ^
/Volumes/仕事/Wildcraft/开发环境/project/src/gametest/java/dev/wildcraft/test/GlidingGameTests.java:171: 警告: [removal] GameTestHelper 中的 makeMockServerPlayerInLevel() 已过时, 且标记为待删除
        ServerPlayer p = h.makeMockServerPlayerInLevel();
                          ^
/Volumes/仕事/Wildcraft/开发环境/project/src/gametest/java/dev/wildcraft/test/ClimbingGameTests.java:131: 警告: [removal] GameTestHelper 中的 makeMockServerPlayerInLevel() 已过时, 且标记为待删除
        ServerPlayer p = h.makeMockServerPlayerInLevel();
                          ^
/Volumes/仕事/Wildcraft/开发环境/project/src/gametest/java/dev/wildcraft/test/FocusGameTests.java:17: 警告: [removal] GameTestHelper 中的 makeMockServerPlayerInLevel() 已过时, 且标记为待删除
        var p = h.makeMockServerPlayerInLevel();
                 ^
/Volumes/仕事/Wildcraft/开发环境/project/src/gametest/java/dev/wildcraft/test/FocusGameTests.java:30: 警告: [removal] GameTestHelper 中的 makeMockServerPlayerInLevel() 已过时, 且标记为待删除
        var p = h.makeMockServerPlayerInLevel(); p.getAbilities().mayfly = false; p.setOnGround(false);
                 ^
/Volumes/仕事/Wildcraft/开发环境/project/src/gametest/java/dev/wildcraft/test/PartsGameTests.java:35: 警告: [removal] GameTestHelper 中的 makeMockServerPlayerInLevel() 已过时, 且标记为待删除
        var p=h.makeMockServerPlayerInLevel();var b=body(h,p,new Vec3(2,2,2));var rocket=new ItemStack(MechanicsContent.ROCKET);
               ^
/Volumes/仕事/Wildcraft/开发环境/project/src/gametest/java/dev/wildcraft/test/PartsGameTests.java:43: 警告: [removal] GameTestHelper 中的 makeMockServerPlayerInLevel() 已过时, 且标记为待删除
        room(h);var p=h.makeMockServerPlayerInLevel();var b=body(h,p,new Vec3(2,2,2));install(h,b,p,1,new ItemStack(MechanicsContent.SPRING));
                       ^
/Volumes/仕事/Wildcraft/开发环境/project/src/gametest/java/dev/wildcraft/test/PartsGameTests.java:51: 警告: [removal] GameTestHelper 中的 makeMockServerPlayerInLevel() 已过时, 且标记为待删除
        room(h);var p=h.makeMockServerPlayerInLevel();var b=body(h,p,new Vec3(2,6,2));install(h,b,p,4,new ItemStack(MechanicsContent.STABILIZER));
                       ^
/Volumes/仕事/Wildcraft/开发环境/project/src/gametest/java/dev/wildcraft/test/PartsGameTests.java:59: 警告: [removal] GameTestHelper 中的 makeMockServerPlayerInLevel() 已过时, 且标记为待删除
        var p=h.makeMockServerPlayerInLevel();var b=body(h,p,new Vec3(2,3,2));install(h,b,p,0,new ItemStack(MechanicsContent.BUOYANCY));double start=b.getY();double[] loadedY={0};
               ^
/Volumes/仕事/Wildcraft/开发环境/project/src/gametest/java/dev/wildcraft/test/PartsGameTests.java:68: 警告: [removal] GameTestHelper 中的 makeMockServerPlayerInLevel() 已过时, 且标记为待删除
        room(h);var p=h.makeMockServerPlayerInLevel();var b=body(h,p,new Vec3(2,2,2));
                       ^
/Volumes/仕事/Wildcraft/开发环境/project/src/gametest/java/dev/wildcraft/test/EnergyGameTests.java:60: 警告: [removal] GameTestHelper 中的 makeMockServerPlayerInLevel() 已过时, 且标记为待删除
        var p=h.makeMockServerPlayerInLevel();var menu=(ChargerMenu)charger.createMenu(4,p.getInventory(),p);
               ^
/Volumes/仕事/Wildcraft/开发环境/project/src/gametest/java/dev/wildcraft/test/FusionGameTests.java:49: 警告: [removal] GameTestHelper 中的 makeMockServerPlayerInLevel() 已过时, 且标记为待删除
    private static net.minecraft.server.level.ServerPlayer survival(GameTestHelper h){var p=h.makeMockServerPlayerInLevel();p.setGameMode(net.minecraft.world.level.GameType.SURVIVAL);p.connection.handleAcceptPlayerLoad(new net.minecraft.network.protocol.game.ServerboundPlayerLoadedPacket());h.setBlock(new net.minecraft.core.BlockPos(1,0,1),net.minecraft.world.level.block.Blocks.STONE);p.setPos(h.absoluteVec(new net.minecraft.world.phys.Vec3(1.5,1,1.5)));return p;}
                                                                                             ^
/Volumes/仕事/Wildcraft/开发环境/project/src/gametest/java/dev/wildcraft/test/PlayerStaminaGameTests.java:55: 警告: [removal] GameTestHelper 中的 makeMockServerPlayerInLevel() 已过时, 且标记为待删除
        ServerPlayer first = helper.makeMockServerPlayerInLevel();
                                   ^
/Volumes/仕事/Wildcraft/开发环境/project/src/gametest/java/dev/wildcraft/test/PlayerStaminaGameTests.java:56: 警告: [removal] GameTestHelper 中的 makeMockServerPlayerInLevel() 已过时, 且标记为待删除
        ServerPlayer second = helper.makeMockServerPlayerInLevel();
                                    ^
/Volumes/仕事/Wildcraft/开发环境/project/src/gametest/java/dev/wildcraft/test/PlayerStaminaGameTests.java:78: 警告: [removal] GameTestHelper 中的 makeMockServerPlayerInLevel() 已过时, 且标记为待删除
        ServerPlayer player = helper.makeMockServerPlayerInLevel();
                                    ^
注: 某些输入文件使用或覆盖了已过时的 API。
注: 有关详细信息, 请使用 -Xlint:deprecation 重新编译。
44 个警告

> Task :processGametestResources UP-TO-DATE
> Task :gametestClasses
> Task :gameTestJar
> Task :processIncludeJars UP-TO-DATE
> Task :jar UP-TO-DATE
> Task :prepareP9Lab
> Task :deleteGameTestRunDir
> Task :acceptGameTestEula
> Task :acceptPackagedClientTestEula UP-TO-DATE
> Task :downloadAssets UP-TO-DATE

> Task :runPackagedClientTest
[16:25:03] [main/INFO]: Loading Minecraft 26.3 with Fabric Loader 0.19.5
[16:25:03] [main/INFO]: Mappings not present!
[16:25:03] [main/INFO]: Loading 53 mods:
	- fabric-advancement-api-v1 1.0.0+38c7a2d55d
	- fabric-api 0.161.0+26.3
	- fabric-api-base 2.0.6+fcdff87f5d
	- fabric-api-lookup-api-v1 2.0.24+3434d6d95d
	- fabric-biome-api-v1 20.0.9+74ed1ea55d
	- fabric-block-api-v1 3.1.0+0ae6f9115d
	- fabric-block-getter-api-v2 2.0.9+3434d6d95d
	- fabric-client-gametest-api-v1 6.0.7+4be74c3f5d
	- fabric-command-api-v2 3.1.2+fcdff87f5d
	- fabric-content-registries-v0 15.0.4+74ed1ea55d
	- fabric-convention-tags-v2 4.10.3+6b5b47fd5d
	- fabric-crash-report-info-v1 1.0.7+fcdff87f5d
	- fabric-creative-tab-api-v1 5.0.21+fcdff87f5d
	- fabric-data-attachment-api-v1 2.2.30+3434d6d95d
	- fabric-data-generation-api-v1 27.2.4+427eab975d
	- fabric-debug-api-v1 1.0.4+3434d6d95d
	- fabric-dimensions-v1 5.1.19+47f74c985d
	- fabric-entity-events-v1 6.0.4+3434d6d95d
	- fabric-events-interaction-v0 5.3.6+3434d6d95d
	- fabric-game-rule-api-v1 4.0.10+3434d6d95d
	- fabric-gametest-api-v1 4.0.32+3434d6d95d
	- fabric-item-api-v1 14.7.0+cf6bc2db5d
	- fabric-key-mapping-api-v1 2.0.8+3434d6d95d
	- fabric-lifecycle-events-v1 4.1.9+ffef5f675d
	- fabric-loot-api-v3 4.0.8+4068fd645d
	- fabric-menu-api-v1 2.0.27+ed66f0a35d
	- fabric-message-api-v1 7.0.10+3434d6d95d
	- fabric-model-loading-api-v1 8.0.35+fcdff87f5d
	- fabric-networking-api-v1 6.3.8+fcdff87f5d
	- fabric-object-builder-api-v1 24.1.9+3434d6d95d
	- fabric-particles-v1 5.0.24+3434d6d95d
	- fabric-permission-api-v1 1.0.8+fcdff87f5d
	- fabric-recipe-api-v1 10.0.8+fcdff87f5d
	- fabric-registry-sync-v0 8.0.1+fcdff87f5d
	- fabric-renderer-api-v1 17.0.15+79385d0b5d
	- fabric-renderer-indigo 9.1.23+b9d63e335d
	- fabric-rendering-fluids-v1 6.0.6+3434d6d95d
	- fabric-rendering-v1 27.0.14+901a437c5d
	- fabric-resource-conditions-api-v1 6.1.5+3434d6d95d
	- fabric-resource-loader-v0 3.3.26+4fc5413f5d
	- fabric-resource-loader-v1 3.0.4+fcdff87f5d
	- fabric-screen-api-v1 5.2.4+48607d035d
	- fabric-serialization-api-v1 2.0.7+74ed1ea55d
	- fabric-sound-api-v1 2.0.7+3434d6d95d
	- fabric-tag-api-v1 2.1.10+fcdff87f5d
	- fabric-transfer-api-v1 8.0.25+fcdff87f5d
	- fabric-transitive-access-wideners-v1 8.1.16+52268a0e5d
	- fabricloader 0.19.5
	   \-- mixinextras 0.5.5
	- java 25
	- minecraft 26.3
	- wildcraft 0.1.0-dev.14
	- wildcraft-test 1.0.0
[16:25:03] [main/INFO]: SpongePowered MIXIN Subsystem Version=0.8.7 Source=file:/Volumes/%e4%bb%95%e4%ba%8b/Wildcraft/%e5%bc%80%e5%8f%91%e7%8e%af%e5%a2%83/cache/gradle/caches/modules-2/files-2.1/net.fabricmc/sponge-mixin/0.17.4+mixin.0.8.7/5f66cc9f59b8efaa942155a3d5a30599bf6640dd/sponge-mixin-0.17.4+mixin.0.8.7.jar Service=Knot/Fabric Env=CLIENT
WARNING: A restricted method in java.lang.System has been called
WARNING: java.lang.System::load has been called by org.lwjgl.system.Library$$Lambda/0x000007fe0129d800 in an unnamed module (file:/Volumes/%E4%BB%95%E4%BA%8B/Wildcraft/%E5%BC%80%E5%8F%91%E7%8E%AF%E5%A2%83/cache/gradle/caches/modules-2/files-2.1/org.lwjgl/lwjgl/3.4.3/7ab5265a73d8a959ed62332d546536ae6be2f0d5/lwjgl-3.4.3.jar)
WARNING: Use --enable-native-access=ALL-UNNAMED to avoid a warning for callers in this module
WARNING: Restricted methods will be blocked in a future release unless native access is enabled

WARNING: A terminally deprecated method in sun.misc.Unsafe has been called
WARNING: sun.misc.Unsafe::objectFieldOffset has been called by org.lwjgl.system.MemoryBackendUnsafeLegacy (file:/Volumes/%E4%BB%95%E4%BA%8B/Wildcraft/%E5%BC%80%E5%8F%91%E7%8E%AF%E5%A2%83/cache/gradle/caches/modules-2/files-2.1/org.lwjgl/lwjgl/3.4.3/7ab5265a73d8a959ed62332d546536ae6be2f0d5/lwjgl-3.4.3.jar)
WARNING: Please consider reporting this to the maintainers of class org.lwjgl.system.MemoryBackendUnsafeLegacy
WARNING: sun.misc.Unsafe::objectFieldOffset will be removed in a future release
[16:25:04] [main/INFO]: Initializing MixinExtras via com.llamalad7.mixinextras.service.MixinExtrasServiceImpl(version=0.5.5).
[16:25:04] [Datafixer Bootstrap #0/INFO]: 307 Datafixer optimizations took 180 milliseconds
[16:25:05] [main/WARN]: Unable to parse version 27.0 to a codename.
[16:25:07] [Render thread/INFO]: Environment: Environment[discoveryUrl=https://discovery.minecraftservices.com/minecraft/client, name=PROD]
[16:25:07] [Render thread/INFO]: Setting user: Player164
[16:25:07] [Render thread/INFO]: Wildcraft P9 work in progress initialized; fusion, fabrication, mechanics, energy, cooking, temperature and traversal registered.
[16:25:07] [Render thread/INFO]: [Indigo] Registering Indigo renderer!
[16:25:07] [Render thread/INFO]: Wildcraft core art v1 client initialization complete; HUD, authored poses, traversal and equipment layers registered.
[16:25:08] [Render thread/ERROR]: Illegal option value 0 for Anisotropic Filtering
[16:25:08] [Render thread/INFO]: Backend library: LWJGL version 3.4.3-snapshot
[16:25:08] [Render thread/INFO]: SDL [SYSTEM]: App name: Minecraft
[16:25:08] [Render thread/INFO]: SDL [SYSTEM]: App version: 26.3
[16:25:08] [Render thread/INFO]: SDL [SYSTEM]: App ID: com.mojang.minecraft
[16:25:08] [Render thread/INFO]: SDL [SYSTEM]: SDL revision: SDL-3.4.14-62f10da
[16:25:08] [Render thread/WARN]: Device [Apple M4] supports all extensions from FeatureSet [Vulkan Portability Subset], making required
[16:25:08] [Render thread/INFO]: Using graphics backend OpenGL, using drivers: 4.1 Metal - 91.7
[16:25:08] [Render thread/INFO]: Using graphics device: Apple M4 (Apple)
[16:25:08] [Render thread/INFO]: Using graphics device extensions: GL_ARB_draw_indirect, GL_EXT_texture_filter_anisotropic
[16:25:08] [Render thread/INFO]: Created window using SDL video driver: cocoa
[16:25:11] [Download-2/ERROR]: Failed to fetch user properties
com.mojang.authlib.exceptions.InvalidCredentialsException: Status: 401
	at knot//com.mojang.authlib.exceptions.MinecraftClientHttpException.toAuthenticationException(MinecraftClientHttpException.java:70)
	at knot//com.mojang.authlib.services.MinecraftServicesUserApiService.fetchProperties(MinecraftServicesUserApiService.java:168)
	at knot//net.minecraft.client.Minecraft.lambda$new$1(Minecraft.java:451)
	at java.base/java.util.concurrent.CompletableFuture$AsyncSupply.run(CompletableFuture.java:1789)
	at java.base/java.util.concurrent.ThreadPoolExecutor.runWorker(ThreadPoolExecutor.java:1090)
	at java.base/java.util.concurrent.ThreadPoolExecutor$Worker.run(ThreadPoolExecutor.java:614)
	at java.base/java.lang.Thread.run(Thread.java:1474)
Caused by: MinecraftClientHttpException[type=HTTP_ERROR, status=401, response=ErrorResponse[path=/player/attributes, error=null, errorMessage=null, details=null]]
	at knot//com.mojang.authlib.minecraft.client.MinecraftClient.buildHttpException(MinecraftClient.java:170)
	at knot//com.mojang.authlib.minecraft.client.MinecraftClient.readServiceResponse(MinecraftClient.java:147)
	at knot//com.mojang.authlib.minecraft.client.MinecraftClient.getWithEtag(MinecraftClient.java:81)
	at knot//com.mojang.authlib.minecraft.client.MinecraftClient.get(MinecraftClient.java:65)
	at knot//com.mojang.authlib.services.MinecraftServicesUserApiService.fetchProperties(MinecraftServicesUserApiService.java:118)
	... 5 more
[16:25:11] [Render thread/INFO]: Reloading ResourceManager: vanilla, vanilla, fabric-advancement-api-v1, fabric-api, fabric-api-base, fabric-api-lookup-api-v1, fabric-biome-api-v1, fabric-block-api-v1, fabric-block-getter-api-v2, fabric-client-gametest-api-v1, fabric-command-api-v2, fabric-content-registries-v0, fabric-convention-tags-v2, fabric-crash-report-info-v1, fabric-creative-tab-api-v1, fabric-data-attachment-api-v1, fabric-data-generation-api-v1, fabric-debug-api-v1, fabric-dimensions-v1, fabric-entity-events-v1, fabric-events-interaction-v0, fabric-game-rule-api-v1, fabric-gametest-api-v1, fabric-item-api-v1, fabric-key-mapping-api-v1, fabric-lifecycle-events-v1, fabric-loot-api-v3, fabric-menu-api-v1, fabric-message-api-v1, fabric-model-loading-api-v1, fabric-networking-api-v1, fabric-object-builder-api-v1, fabric-particles-v1, fabric-permission-api-v1, fabric-recipe-api-v1, fabric-registry-sync-v0, fabric-renderer-api-v1, fabric-renderer-indigo, fabric-rendering-fluids-v1, fabric-rendering-v1, fabric-resource-conditions-api-v1, fabric-resource-loader-v0, fabric-resource-loader-v1, fabric-screen-api-v1, fabric-serialization-api-v1, fabric-sound-api-v1, fabric-tag-api-v1, fabric-transfer-api-v1, fabric-transitive-access-wideners-v1, fabricloader, wildcraft, wildcraft-test
UNSUPPORTED (log once): gldCopyBufferSubData: NEEDS IMPLEMENTATION
[16:25:11] [Worker-Main-6/INFO]: Found unifont_all_no_pua-17.0.01.hex, loading
[16:25:11] [Worker-Main-3/INFO]: Found unifont_pua-17.0.01.hex, loading
[16:25:11] [Worker-Main-8/INFO]: Found unifont_jp_patch-17.0.01.hex, loading
[16:25:11] [Render thread/INFO]: Info log when linking program containing VERTEX minecraft:core/terrain, FRAGMENT minecraft:core/terrain. Log output: WARNING: Output of vertex shader '_interface_variable_01' not read by fragment shader
WARNING: Output of vertex shader '_interface_variable_00' not read by fragment shader
WARNING: Output of vertex shader '_interface_variable_04' not read by fragment shader

[16:25:11] [Render thread/INFO]: Info log when linking program containing VERTEX minecraft:core/rendertype_crumbling, FRAGMENT minecraft:core/rendertype_crumbling. Log output: WARNING: Output of vertex shader '_interface_variable_01' not read by fragment shader
WARNING: Output of vertex shader '_interface_variable_00' not read by fragment shader

[16:25:11] [Render thread/INFO]: Info log when linking program containing VERTEX minecraft:core/entity, FRAGMENT minecraft:core/entity. Log output: WARNING: Output of vertex shader '_interface_variable_01' not read by fragment shader
WARNING: Output of vertex shader '_interface_variable_00' not read by fragment shader

[16:25:11] [Render thread/INFO]: Info log when linking program containing VERTEX minecraft:core/rendertype_lines, FRAGMENT minecraft:core/rendertype_lines. Log output: WARNING: Output of vertex shader '_interface_variable_01' not read by fragment shader
WARNING: Output of vertex shader '_interface_variable_00' not read by fragment shader

[16:25:12] [Render thread/INFO]: Info log when linking program containing VERTEX minecraft:core/entity, FRAGMENT minecraft:core/entity. Log output: WARNING: Output of vertex shader '_interface_variable_01' not read by fragment shader
WARNING: Output of vertex shader '_interface_variable_00' not read by fragment shader

[16:25:12] [Render thread/INFO]: Info log when linking program containing VERTEX minecraft:core/text, FRAGMENT minecraft:core/text. Log output: WARNING: Output of vertex shader '_interface_variable_01' not read by fragment shader
WARNING: Output of vertex shader '_interface_variable_00' not read by fragment shader

[16:25:12] [Render thread/INFO]: Info log when linking program containing VERTEX minecraft:core/terrain, FRAGMENT minecraft:core/terrain. Log output: WARNING: Output of vertex shader '_interface_variable_01' not read by fragment shader
WARNING: Output of vertex shader '_interface_variable_00' not read by fragment shader
WARNING: Output of vertex shader '_interface_variable_04' not read by fragment shader

[16:25:12] [Render thread/INFO]: Info log when linking program containing VERTEX minecraft:core/text, FRAGMENT minecraft:core/text. Log output: WARNING: Output of vertex shader '_interface_variable_01' not read by fragment shader
WARNING: Output of vertex shader '_interface_variable_00' not read by fragment shader

[16:25:12] [Render thread/INFO]: Info log when linking program containing VERTEX minecraft:core/block, FRAGMENT minecraft:core/block. Log output: WARNING: Output of vertex shader '_interface_variable_01' not read by fragment shader
WARNING: Output of vertex shader '_interface_variable_00' not read by fragment shader

[16:25:12] [Render thread/INFO]: Info log when linking program containing VERTEX minecraft:core/entity, FRAGMENT minecraft:core/entity. Log output: WARNING: Output of vertex shader '_interface_variable_01' not read by fragment shader
WARNING: Output of vertex shader '_interface_variable_00' not read by fragment shader

[16:25:12] [Render thread/INFO]: Info log when linking program containing VERTEX minecraft:core/particle, FRAGMENT minecraft:core/particle. Log output: WARNING: Output of vertex shader '_interface_variable_01' not read by fragment shader
WARNING: Output of vertex shader '_interface_variable_00' not read by fragment shader

[16:25:12] [Render thread/INFO]: Info log when linking program containing VERTEX minecraft:core/rendertype_entity_shadow, FRAGMENT minecraft:core/rendertype_entity_shadow. Log output: WARNING: Output of vertex shader '_interface_variable_01' not read by fragment shader
WARNING: Output of vertex shader '_interface_variable_00' not read by fragment shader

[16:25:12] [Render thread/INFO]: Info log when linking program containing VERTEX minecraft:core/screenquad, FRAGMENT minecraft:core/oit_composite. Log output: WARNING: Output of vertex shader '_interface_variable_00' not read by fragment shader

[16:25:12] [Render thread/INFO]: Info log when linking program containing VERTEX minecraft:core/screenquad, FRAGMENT minecraft:core/integrate_depth. Log output: WARNING: Output of vertex shader '_interface_variable_00' not read by fragment shader

[16:25:12] [Render thread/INFO]: Info log when linking program containing VERTEX minecraft:core/entity, FRAGMENT minecraft:core/entity. Log output: WARNING: Output of vertex shader '_interface_variable_01' not read by fragment shader
WARNING: Output of vertex shader '_interface_variable_00' not read by fragment shader

[16:25:12] [Render thread/INFO]: Info log when linking program containing VERTEX minecraft:core/terrain, FRAGMENT minecraft:core/terrain. Log output: WARNING: Output of vertex shader '_interface_variable_01' not read by fragment shader
WARNING: Output of vertex shader '_interface_variable_00' not read by fragment shader
WARNING: Output of vertex shader '_interface_variable_04' not read by fragment shader

[16:25:12] [Render thread/INFO]: Info log when linking program containing VERTEX minecraft:core/animate_sprite, FRAGMENT minecraft:core/animate_sprite_blit. Log output: WARNING: Output of vertex shader '_interface_variable_00' not read by fragment shader

[16:25:12] [Render thread/INFO]: Info log when linking program containing VERTEX minecraft:core/entity, FRAGMENT minecraft:core/entity. Log output: WARNING: Output of vertex shader '_interface_variable_01' not read by fragment shader
WARNING: Output of vertex shader '_interface_variable_00' not read by fragment shader

[16:25:12] [Render thread/INFO]: Info log when linking program containing VERTEX minecraft:core/clouds, FRAGMENT minecraft:core/clouds. Log output: WARNING: Output of vertex shader '_interface_variable_00' not read by fragment shader

[16:25:12] [Render thread/INFO]: Info log when linking program containing VERTEX minecraft:core/entity, FRAGMENT minecraft:core/entity. Log output: WARNING: Output of vertex shader '_interface_variable_01' not read by fragment shader
WARNING: Output of vertex shader '_interface_variable_00' not read by fragment shader

[16:25:12] [Render thread/INFO]: Info log when linking program containing VERTEX minecraft:core/entity, FRAGMENT minecraft:core/entity. Log output: WARNING: Output of vertex shader '_interface_variable_01' not read by fragment shader
WARNING: Output of vertex shader '_interface_variable_00' not read by fragment shader

[16:25:12] [Render thread/INFO]: Info log when linking program containing VERTEX minecraft:core/particle, FRAGMENT minecraft:core/particle. Log output: WARNING: Output of vertex shader '_interface_variable_01' not read by fragment shader
WARNING: Output of vertex shader '_interface_variable_00' not read by fragment shader

[16:25:12] [Render thread/INFO]: Info log when linking program containing VERTEX minecraft:core/screenquad, FRAGMENT minecraft:core/oit_depth_bounds_cull. Log output: WARNING: Output of vertex shader '_interface_variable_00' not read by fragment shader

[16:25:12] [Render thread/INFO]: Info log when linking program containing VERTEX minecraft:core/text, FRAGMENT minecraft:core/text. Log output: WARNING: Output of vertex shader '_interface_variable_01' not read by fragment shader
WARNING: Output of vertex shader '_interface_variable_00' not read by fragment shader

[16:25:12] [Render thread/INFO]: Info log when linking program containing VERTEX minecraft:core/text, FRAGMENT minecraft:core/text. Log output: WARNING: Output of vertex shader '_interface_variable_01' not read by fragment shader
WARNING: Output of vertex shader '_interface_variable_00' not read by fragment shader

[16:25:12] [Render thread/INFO]: Info log when linking program containing VERTEX minecraft:core/entity, FRAGMENT minecraft:core/entity. Log output: WARNING: Output of vertex shader '_interface_variable_01' not read by fragment shader
WARNING: Output of vertex shader '_interface_variable_00' not read by fragment shader

[16:25:12] [Render thread/INFO]: Info log when linking program containing VERTEX minecraft:core/block, FRAGMENT minecraft:core/block. Log output: WARNING: Output of vertex shader '_interface_variable_01' not read by fragment shader
WARNING: Output of vertex shader '_interface_variable_00' not read by fragment shader

[16:25:12] [Render thread/INFO]: Info log when linking program containing VERTEX minecraft:core/terrain, FRAGMENT minecraft:core/terrain. Log output: WARNING: Output of vertex shader '_interface_variable_01' not read by fragment shader
WARNING: Output of vertex shader '_interface_variable_00' not read by fragment shader
WARNING: Output of vertex shader '_interface_variable_04' not read by fragment shader

[16:25:12] [Render thread/INFO]: Info log when linking program containing VERTEX minecraft:core/text, FRAGMENT minecraft:core/text. Log output: WARNING: Output of vertex shader '_interface_variable_01' not read by fragment shader
WARNING: Output of vertex shader '_interface_variable_00' not read by fragment shader

[16:25:12] [Render thread/INFO]: Info log when linking program containing VERTEX minecraft:core/clouds, FRAGMENT minecraft:core/clouds. Log output: WARNING: Output of vertex shader '_interface_variable_00' not read by fragment shader

[16:25:12] [Render thread/INFO]: Info log when linking program containing VERTEX minecraft:core/rendertype_lines, FRAGMENT minecraft:core/rendertype_lines. Log output: WARNING: Output of vertex shader '_interface_variable_01' not read by fragment shader
WARNING: Output of vertex shader '_interface_variable_00' not read by fragment shader

[16:25:12] [Render thread/INFO]: Info log when linking program containing VERTEX minecraft:core/text, FRAGMENT minecraft:core/text. Log output: WARNING: Output of vertex shader '_interface_variable_01' not read by fragment shader
WARNING: Output of vertex shader '_interface_variable_00' not read by fragment shader

[16:25:12] [Render thread/INFO]: Info log when linking program containing VERTEX minecraft:core/rendertype_entity_shadow, FRAGMENT minecraft:core/rendertype_entity_shadow. Log output: WARNING: Output of vertex shader '_interface_variable_01' not read by fragment shader
WARNING: Output of vertex shader '_interface_variable_00' not read by fragment shader

[16:25:12] [Render thread/INFO]: Info log when linking program containing VERTEX minecraft:core/entity, FRAGMENT minecraft:core/entity. Log output: WARNING: Output of vertex shader '_interface_variable_01' not read by fragment shader
WARNING: Output of vertex shader '_interface_variable_00' not read by fragment shader

[16:25:12] [Render thread/INFO]: Info log when linking program containing VERTEX minecraft:core/particle, FRAGMENT minecraft:core/particle. Log output: WARNING: Output of vertex shader '_interface_variable_01' not read by fragment shader
WARNING: Output of vertex shader '_interface_variable_00' not read by fragment shader

[16:25:12] [Render thread/INFO]: Info log when linking program containing VERTEX minecraft:core/entity, FRAGMENT minecraft:core/entity. Log output: WARNING: Output of vertex shader '_interface_variable_01' not read by fragment shader
WARNING: Output of vertex shader '_interface_variable_00' not read by fragment shader

[16:25:12] [Render thread/INFO]: Info log when linking program containing VERTEX minecraft:core/text, FRAGMENT minecraft:core/text. Log output: WARNING: Output of vertex shader '_interface_variable_01' not read by fragment shader
WARNING: Output of vertex shader '_interface_variable_00' not read by fragment shader

[16:25:12] [Render thread/INFO]: Info log when linking program containing VERTEX minecraft:core/rendertype_crumbling, FRAGMENT minecraft:core/rendertype_crumbling. Log output: WARNING: Output of vertex shader '_interface_variable_01' not read by fragment shader
WARNING: Output of vertex shader '_interface_variable_00' not read by fragment shader

[16:25:12] [Render thread/INFO]: Info log when linking program containing VERTEX minecraft:core/entity, FRAGMENT minecraft:core/entity. Log output: WARNING: Output of vertex shader '_interface_variable_01' not read by fragment shader
WARNING: Output of vertex shader '_interface_variable_00' not read by fragment shader

[16:25:12] [Render thread/INFO]: Info log when linking program containing VERTEX minecraft:core/particle, FRAGMENT minecraft:core/particle. Log output: WARNING: Output of vertex shader '_interface_variable_01' not read by fragment shader
WARNING: Output of vertex shader '_interface_variable_00' not read by fragment shader

[16:25:12] [Render thread/INFO]: Info log when linking program containing VERTEX minecraft:core/text, FRAGMENT minecraft:core/text. Log output: WARNING: Output of vertex shader '_interface_variable_01' not read by fragment shader
WARNING: Output of vertex shader '_interface_variable_00' not read by fragment shader

[16:25:12] [Render thread/INFO]: Info log when linking program containing VERTEX minecraft:core/entity, FRAGMENT minecraft:core/entity. Log output: WARNING: Output of vertex shader '_interface_variable_01' not read by fragment shader
WARNING: Output of vertex shader '_interface_variable_00' not read by fragment shader

[16:25:12] [Render thread/INFO]: OpenAL initialized on device Mac mini扬声器
[16:25:12] [Render thread/INFO]: Sound engine started
[16:25:12] [Render thread/INFO]: Created: 512x256x0 minecraft:textures/atlas/particles.png-atlas
[16:25:12] [Render thread/INFO]: Created: 256x128x0 minecraft:textures/atlas/celestials.png-atlas
[16:25:12] [Render thread/INFO]: Created: 128x128x0 minecraft:textures/atlas/decorated_pot.png-atlas
[16:25:12] [Render thread/INFO]: Created: 512x256x0 minecraft:textures/atlas/paintings.png-atlas
[16:25:12] [Render thread/INFO]: Created: 1024x512x0 minecraft:textures/atlas/shield_patterns.png-atlas
[16:25:12] [Render thread/INFO]: Created: 1024x512x0 minecraft:textures/atlas/banner_patterns.png-atlas
[16:25:12] [Render thread/INFO]: Created: 2048x2048x4 minecraft:textures/atlas/blocks.png-atlas
[16:25:12] [Render thread/INFO]: Created: 1024x512x0 minecraft:textures/atlas/items.png-atlas
[16:25:12] [Render thread/INFO]: Created: 1024x1024x0 minecraft:textures/atlas/gui.png-atlas
[16:25:12] [Render thread/INFO]: Created: 128x64x0 minecraft:textures/atlas/map_decorations.png-atlas
[16:25:12] [Render thread/INFO]: Created: 512x512x0 minecraft:textures/atlas/chest.png-atlas
[16:25:12] [Render thread/INFO]: Created: 512x512x0 minecraft:textures/atlas/shulker_boxes.png-atlas
[16:25:13] [Download-2/INFO]: Could not authorize you against Realms server: java.lang.RuntimeException: Failed to parse into SignedJWT: FabricMC
[16:25:13] [Download-2/ERROR]: Failed to fetch Realms feature flags
com.mojang.realmsclient.exception.RealmsServiceException: Realms authentication error with message 'java.lang.RuntimeException: Failed to parse into SignedJWT: FabricMC'
	at knot//com.mojang.realmsclient.client.RealmsClient.execute(RealmsClient.java:625)
	at knot//com.mojang.realmsclient.client.RealmsClient.fetchFeatureFlags(RealmsClient.java:204)
	at java.base/java.util.concurrent.CompletableFuture$AsyncSupply.run(CompletableFuture.java:1789)
	at java.base/java.util.concurrent.ThreadPoolExecutor.runWorker(ThreadPoolExecutor.java:1090)
	at java.base/java.util.concurrent.ThreadPoolExecutor$Worker.run(ThreadPoolExecutor.java:614)
	at java.base/java.lang.Thread.run(Thread.java:1474)
[16:25:13] [Download-1/INFO]: Could not authorize you against Realms server: java.lang.RuntimeException: Failed to parse into SignedJWT: FabricMC
[16:25:13] [Download-1/ERROR]: Couldn't connect to realms
com.mojang.realmsclient.exception.RealmsServiceException: Realms authentication error with message 'java.lang.RuntimeException: Failed to parse into SignedJWT: FabricMC'
	at knot//com.mojang.realmsclient.client.RealmsClient.execute(RealmsClient.java:625)
	at knot//com.mojang.realmsclient.client.RealmsClient.clientCompatible(RealmsClient.java:354)
	at knot//com.mojang.realmsclient.RealmsAvailability.lambda$check$0(RealmsAvailability.java:48)
	at java.base/java.util.concurrent.CompletableFuture$AsyncSupply.run(CompletableFuture.java:1789)
	at java.base/java.util.concurrent.ThreadPoolExecutor.runWorker(ThreadPoolExecutor.java:1090)
	at java.base/java.util.concurrent.ThreadPoolExecutor$Worker.run(ThreadPoolExecutor.java:614)
	at java.base/java.lang.Thread.run(Thread.java:1474)
[16:25:15] [Worker-Main-7/INFO]: Loaded 1872 advancements
[16:25:15] [Render thread/INFO]: World loading finished: null screen: net.minecraft.client.gui.screens.GenericMessageScreen@16f7fab9
[16:25:15] [Render thread/INFO]: Applied 0 biome modifications to 0 of 67 new biomes in 541.8 μs
[16:25:15] [Server thread/INFO]: Starting integrated minecraft server version 26.3
[16:25:15] [Server thread/INFO]: Generating keypair
[16:25:15] [Server thread/INFO]: Selecting global world spawn...
[16:25:16] [Server thread/INFO]: Loading 0 persistent chunks...
[16:25:16] [Server thread/INFO]: Preparing spawn area: 16%
[16:25:16] [Server thread/INFO]: Saving chunks for level 'ServerLevel[New World]'/minecraft:overworld
[16:25:16] [Server thread/INFO]: Saving chunks for level 'ServerLevel[New World]'/minecraft:the_end
[16:25:16] [Server thread/INFO]: Saving chunks for level 'ServerLevel[New World]'/minecraft:the_nether
[16:25:16] [Render thread/INFO]: World loading finished: null screen: net.minecraft.client.gui.screens.LevelLoadingScreen@37d278e0
[16:25:16] [Render thread/INFO]: World loading finished: null screen: net.minecraft.client.gui.screens.LevelLoadingScreen@37d278e0
[16:25:16] [Render thread/INFO]: World loading finished: null screen: net.minecraft.client.gui.screens.LevelLoadingScreen@37d278e0
[16:25:16] [Render thread/INFO]: World loading finished: null screen: net.minecraft.client.gui.screens.LevelLoadingScreen@37d278e0
[16:25:16] [Render thread/INFO]: World loading finished: null screen: net.minecraft.client.gui.screens.LevelLoadingScreen@37d278e0
[16:25:16] [Render thread/INFO]: World loading finished: null screen: net.minecraft.client.gui.screens.LevelLoadingScreen@37d278e0
[16:25:16] [Server thread/INFO]: Loading 48 chunks for player spawn...
[16:25:16] [Server thread/INFO]: Preparing spawn area: 16%
[16:25:16] [Render thread/INFO]: World loading finished: null screen: net.minecraft.client.gui.screens.LevelLoadingScreen@37d278e0
[16:25:16] [Render thread/INFO]: World loading finished: null screen: net.minecraft.client.gui.screens.LevelLoadingScreen@37d278e0
[16:25:16] [Render thread/INFO]: World loading finished: null screen: net.minecraft.client.gui.screens.LevelLoadingScreen@37d278e0
[16:25:16] [Render thread/INFO]: World loading finished: null screen: net.minecraft.client.gui.screens.LevelLoadingScreen@37d278e0
[16:25:16] [Server thread/INFO]: Time elapsed: 732 ms
[16:25:16] [Render thread/INFO]: World loading finished: null screen: net.minecraft.client.gui.screens.LevelLoadingScreen@37d278e0
[16:25:16] [Server thread/INFO]: Player164[local:E:a3f998ed] logged in with entity id 1 at (0.5, -60.0, 0.5)
[16:25:16] [Server thread/INFO]: System chat: Player164 joined the game
[16:25:16] [Server thread/INFO]: Changing view distance to 5, from 10
[16:25:16] [Server thread/INFO]: Changing simulation distance to 12, from 0
[16:25:16] [Render thread/INFO]: World loading finished: null screen: net.minecraft.client.gui.screens.LevelLoadingScreen@37d278e0
[16:25:16] [Render thread/INFO]: Loaded 2 advancements
[16:25:16] [Render thread/INFO]: World loading finished: ClientLevel screen: net.minecraft.client.gui.screens.LevelLoadingScreen@37d278e0
[16:25:16] [Render thread/WARN]: Requested post effect does not exist: minecraft:end_of_frame
[16:25:16] [Render thread/INFO]: Resizing Dynamic Transforms UBO, capacity limit of 2 reached during a single frame. New capacity will be 4.
[16:25:16] [Render thread/INFO]: World loading finished: ClientLevel screen: net.minecraft.client.gui.screens.LevelLoadingScreen@37d278e0
[16:25:16] [Render thread/INFO]: Resizing Dynamic Transforms UBO, capacity limit of 4 reached during a single frame. New capacity will be 8.
[16:25:16] [Render thread/INFO]: Resizing Dynamic Transforms UBO, capacity limit of 8 reached during a single frame. New capacity will be 16.
[16:25:16] [Render thread/INFO]: World loading finished: ClientLevel screen: net.minecraft.client.gui.screens.LevelLoadingScreen@37d278e0
[16:25:16] [Render thread/INFO]: World loading finished: ClientLevel screen: net.minecraft.client.gui.screens.LevelLoadingScreen@37d278e0
[16:25:17] [Render thread/INFO]: Resizing Chunk Sections UBO, capacity limit of 2 reached during a single frame. New capacity will be 8.
[16:25:17] [Render thread/INFO]: World loading finished: ClientLevel screen: net.minecraft.client.gui.screens.LevelLoadingScreen@37d278e0
[16:25:17] [Render thread/INFO]: World loading finished: ClientLevel screen: net.minecraft.client.gui.screens.LevelLoadingScreen@37d278e0
[16:25:17] [Render thread/INFO]: World loading finished: ClientLevel screen: net.minecraft.client.gui.screens.LevelLoadingScreen@37d278e0
[16:25:17] [Render thread/INFO]: Resizing Chunk Sections UBO, capacity limit of 8 reached during a single frame. New capacity will be 16.
[16:25:17] [Render thread/INFO]: World loading finished: ClientLevel screen: net.minecraft.client.gui.screens.LevelLoadingScreen@37d278e0
[16:25:17] [Render thread/INFO]: World loading finished: ClientLevel screen: net.minecraft.client.gui.screens.LevelLoadingScreen@37d278e0
[16:25:17] [Render thread/INFO]: World loading finished: ClientLevel screen: net.minecraft.client.gui.screens.LevelLoadingScreen@37d278e0
[16:25:17] [Render thread/INFO]: World loading finished: ClientLevel screen: net.minecraft.client.gui.screens.LevelLoadingScreen@37d278e0
[16:25:17] [Render thread/INFO]: World loading finished: ClientLevel screen: net.minecraft.client.gui.screens.LevelLoadingScreen@37d278e0
[16:25:17] [Render thread/INFO]: World loading finished: ClientLevel screen: net.minecraft.client.gui.screens.LevelLoadingScreen@37d278e0
[16:25:17] [Render thread/INFO]: World loading finished: ClientLevel screen: net.minecraft.client.gui.screens.LevelLoadingScreen@37d278e0
[16:25:17] [Render thread/INFO]: World loading finished: ClientLevel screen: net.minecraft.client.gui.screens.LevelLoadingScreen@37d278e0
[16:25:17] [Render thread/INFO]: Resizing Chunk Sections UBO, capacity limit of 16 reached during a single frame. New capacity will be 32.
[16:25:17] [Render thread/INFO]: World loading finished: ClientLevel screen: null
[16:25:18] [Render thread/INFO]: Resizing Chunk Sections UBO, capacity limit of 32 reached during a single frame. New capacity will be 64.
[16:25:19] [Server thread/INFO]: System chat: Set Player164's game mode to Creative Mode
[16:25:19] [Server thread/INFO]: System chat: Set minecraft:overworld to time marker minecraft:day
[16:25:19] [Server thread/INFO]: System chat: Gave 2 [Wildcraft Test Core] to Player164
[16:25:19] [Render thread/INFO]: [System] [CHAT] Your game mode has been updated to Creative Mode
[16:25:19] [Render thread/INFO]: Resizing Chunk Sections UBO, capacity limit of 64 reached during a single frame. New capacity will be 128.
[16:25:19] [Render thread/INFO]: Resizing Dynamic Transforms UBO, capacity limit of 16 reached during a single frame. New capacity will be 32.
[16:25:19] [Server thread/INFO]: Player164 lost connection: Disconnected
[16:25:19] [Server thread/INFO]: System chat: Player164 left the game
[16:25:19] [Server thread/INFO]: Stopping singleplayer server as player logged out
[16:25:19] [Server thread/INFO]: Stopping server
[16:25:19] [Server thread/INFO]: Saving players
[16:25:19] [Server thread/INFO]: Saving worlds
[16:25:19] [Server thread/INFO]: Saving chunks for level 'ServerLevel[New World]'/minecraft:overworld
[16:25:19] [Server thread/INFO]: Saving chunks for level 'ServerLevel[New World]'/minecraft:the_end
[16:25:19] [Server thread/INFO]: Saving chunks for level 'ServerLevel[New World]'/minecraft:the_nether
[16:25:19] [Render thread/INFO]: World loading finished: null screen: net.minecraft.client.gui.screens.GenericMessageScreen@4bc82040
[16:25:20] [Worker-Main-6/INFO]: Loaded 1872 advancements
[16:25:20] [Render thread/INFO]: Applied 0 biome modifications to 0 of 67 new biomes in 222.1 μs
[16:25:20] [Server thread/INFO]: Starting integrated minecraft server version 26.3
[16:25:20] [Server thread/INFO]: Generating keypair
[16:25:20] [Server thread/INFO]: Loading 0 persistent chunks...
[16:25:20] [Server thread/INFO]: Saving chunks for level 'ServerLevel[New World]'/minecraft:overworld
[16:25:20] [Server thread/INFO]: Saving chunks for level 'ServerLevel[New World]'/minecraft:the_end
[16:25:20] [Server thread/INFO]: Saving chunks for level 'ServerLevel[New World]'/minecraft:the_nether
[16:25:20] [Render thread/INFO]: World loading finished: null screen: net.minecraft.client.gui.screens.LevelLoadingScreen@3272f1ae
[16:25:20] [Render thread/INFO]: World loading finished: null screen: net.minecraft.client.gui.screens.LevelLoadingScreen@3272f1ae
[16:25:20] [Render thread/INFO]: World loading finished: null screen: net.minecraft.client.gui.screens.LevelLoadingScreen@3272f1ae
[16:25:20] [Render thread/INFO]: World loading finished: null screen: net.minecraft.client.gui.screens.LevelLoadingScreen@3272f1ae
[16:25:20] [Server thread/INFO]: Loading 49 chunks for player spawn...
[16:25:20] [Server thread/INFO]: Preparing spawn area: 16%
[16:25:20] [Render thread/INFO]: World loading finished: null screen: net.minecraft.client.gui.screens.LevelLoadingScreen@3272f1ae
[16:25:20] [Server thread/INFO]: Time elapsed: 268 ms
[16:25:20] [Render thread/INFO]: World loading finished: null screen: net.minecraft.client.gui.screens.LevelLoadingScreen@3272f1ae
[16:25:20] [Server thread/INFO]: Player164[local:E:2745bf10] logged in with entity id 3 at (0.5, -60.0, 0.5)
[16:25:20] [Server thread/INFO]: System chat: Player164 joined the game
[16:25:20] [Server thread/INFO]: Changing view distance to 5, from 10
[16:25:20] [Server thread/INFO]: Changing simulation distance to 12, from 0
[16:25:20] [Render thread/INFO]: World loading finished: null screen: net.minecraft.client.gui.screens.LevelLoadingScreen@3272f1ae
[16:25:20] [Render thread/INFO]: Loaded 2 advancements
[16:25:20] [Render thread/INFO]: World loading finished: ClientLevel screen: net.minecraft.client.gui.screens.LevelLoadingScreen@3272f1ae
[16:25:20] [Render thread/INFO]: World loading finished: ClientLevel screen: net.minecraft.client.gui.screens.LevelLoadingScreen@3272f1ae
[16:25:20] [Render thread/INFO]: World loading finished: ClientLevel screen: net.minecraft.client.gui.screens.LevelLoadingScreen@3272f1ae
[16:25:20] [Render thread/INFO]: World loading finished: ClientLevel screen: net.minecraft.client.gui.screens.LevelLoadingScreen@3272f1ae
[16:25:20] [Render thread/INFO]: World loading finished: ClientLevel screen: null
[16:25:21] [Server thread/INFO]: Player164 lost connection: Disconnected
[16:25:21] [Server thread/INFO]: System chat: Player164 left the game
[16:25:21] [Server thread/INFO]: Stopping singleplayer server as player logged out
[16:25:21] [Server thread/INFO]: Stopping server
[16:25:21] [Server thread/INFO]: Saving players
[16:25:21] [Server thread/INFO]: Saving worlds
[16:25:21] [Server thread/INFO]: Saving chunks for level 'ServerLevel[New World]'/minecraft:overworld
[16:25:21] [Server thread/INFO]: Saving chunks for level 'ServerLevel[New World]'/minecraft:the_end
[16:25:21] [Server thread/INFO]: Saving chunks for level 'ServerLevel[New World]'/minecraft:the_nether
[16:25:22] [Worker-Main-9/INFO]: Loaded 1872 advancements
[16:25:22] [Thread-2/WARN]: Unable to parse version 27.0 to a codename.
[16:25:22] [Thread-2/INFO]: Environment: Environment[discoveryUrl=https://discovery.minecraftservices.com/minecraft/client, name=PROD]
[16:25:22] [Worker-Main-3/INFO]: Loaded 1872 advancements
[16:25:22] [Thread-2/INFO]: Applied 0 biome modifications to 0 of 67 new biomes in 197.9 μs
[16:25:22] [Server thread/INFO]: Starting minecraft server version 26.3
[16:25:22] [Server thread/INFO]: Loading properties
[16:25:22] [Server thread/INFO]: Default game type: CREATIVE
[16:25:22] [Server thread/INFO]: Generating keypair
[16:25:22] [Server thread/INFO]: Starting Minecraft server on 127.0.0.1:57297
[16:25:22] [Server thread/WARN]: **** SERVER IS RUNNING IN OFFLINE/INSECURE MODE!
[16:25:22] [Server thread/WARN]: The server will make no attempt to authenticate usernames. Beware.
[16:25:22] [Server thread/WARN]: While this makes the game possible to play without internet access, it also opens up the ability for hackers to connect with any username they choose.
[16:25:22] [Server thread/WARN]: To change this, set "online-mode" to "true" in the server.properties file.
[16:25:22] [Server thread/INFO]: Preparing level "world"
[16:25:22] [Server thread/INFO]: Selecting global world spawn...
[16:25:22] [Server thread/INFO]: Loading 0 persistent chunks...
[16:25:22] [Server thread/INFO]: Preparing spawn area: 100%
[16:25:22] [Server thread/INFO]: Time elapsed: 48 ms
[16:25:22] [Server thread/INFO]: Done (0.050s)! For help, type "help"
[16:25:22] [Server thread/INFO]: Saving chunks for level 'ServerLevel[New World]'/minecraft:overworld
[16:25:22] [Server thread/INFO]: Saving chunks for level 'ServerLevel[New World]'/minecraft:the_end
[16:25:22] [Server thread/INFO]: Saving chunks for level 'ServerLevel[New World]'/minecraft:the_nether
[16:25:23] [Render thread/INFO]: Connecting to localhost, 57297
[16:25:23] [Render thread/INFO]: World loading finished: null screen: net.minecraft.client.gui.screens.ConnectScreen@2c85c878
[16:25:23] [Render thread/INFO]: World loading finished: null screen: net.minecraft.client.gui.screens.ConnectScreen@2c85c878
[16:25:23] [Render thread/INFO]: World loading finished: null screen: net.minecraft.client.gui.screens.ConnectScreen@2c85c878
[16:25:23] [Render thread/INFO]: World loading finished: null screen: net.minecraft.client.gui.screens.ConnectScreen@2c85c878
[16:25:23] [Render thread/INFO]: World loading finished: null screen: net.minecraft.client.gui.screens.ConnectScreen@2c85c878
[16:25:23] [Render thread/INFO]: World loading finished: null screen: net.minecraft.client.gui.screens.ConnectScreen@2c85c878
[16:25:23] [Render thread/INFO]: World loading finished: null screen: net.minecraft.client.gui.screens.ConnectScreen@2c85c878
[16:25:23] [Render thread/INFO]: World loading finished: null screen: net.minecraft.client.gui.screens.ConnectScreen@2c85c878
[16:25:23] [Render thread/INFO]: World loading finished: null screen: net.minecraft.client.gui.screens.ConnectScreen@2c85c878
[16:25:23] [Render thread/INFO]: World loading finished: null screen: net.minecraft.client.gui.screens.ConnectScreen@2c85c878
[16:25:23] [Render thread/INFO]: World loading finished: null screen: net.minecraft.client.gui.screens.ConnectScreen@2c85c878
[16:25:23] [Render thread/INFO]: World loading finished: null screen: net.minecraft.client.gui.screens.ConnectScreen@2c85c878
[16:25:23] [Render thread/INFO]: World loading finished: null screen: net.minecraft.client.gui.screens.ConnectScreen@2c85c878
[16:25:23] [Render thread/INFO]: World loading finished: null screen: net.minecraft.client.gui.screens.ConnectScreen@2c85c878
[16:25:23] [Render thread/INFO]: World loading finished: null screen: net.minecraft.client.gui.screens.ConnectScreen@2c85c878
[16:25:23] [Render thread/INFO]: World loading finished: null screen: net.minecraft.client.gui.screens.ConnectScreen@2c85c878
[16:25:23] [Render thread/INFO]: World loading finished: null screen: net.minecraft.client.gui.screens.ConnectScreen@2c85c878
[16:25:23] [Render thread/INFO]: World loading finished: null screen: net.minecraft.client.gui.screens.ConnectScreen@2c85c878
[16:25:23] [Render thread/INFO]: World loading finished: null screen: net.minecraft.client.gui.screens.ConnectScreen@2c85c878
[16:25:23] [Render thread/INFO]: World loading finished: null screen: net.minecraft.client.gui.screens.ConnectScreen@2c85c878
[16:25:24] [Render thread/INFO]: World loading finished: null screen: net.minecraft.client.gui.screens.ConnectScreen@2c85c878
[16:25:24] [Render thread/INFO]: World loading finished: null screen: net.minecraft.client.gui.screens.ConnectScreen@2c85c878
[16:25:24] [Render thread/INFO]: World loading finished: null screen: net.minecraft.client.gui.screens.ConnectScreen@2c85c878
[16:25:24] [Render thread/INFO]: World loading finished: null screen: net.minecraft.client.gui.screens.ConnectScreen@2c85c878
[16:25:24] [Render thread/INFO]: World loading finished: null screen: net.minecraft.client.gui.screens.ConnectScreen@2c85c878
[16:25:24] [Render thread/INFO]: World loading finished: null screen: net.minecraft.client.gui.screens.ConnectScreen@2c85c878
[16:25:24] [Render thread/INFO]: World loading finished: null screen: net.minecraft.client.gui.screens.ConnectScreen@2c85c878
[16:25:24] [Render thread/INFO]: World loading finished: null screen: net.minecraft.client.gui.screens.ConnectScreen@2c85c878
[16:25:24] [Render thread/INFO]: World loading finished: null screen: net.minecraft.client.gui.screens.ConnectScreen@2c85c878
[16:25:24] [Render thread/INFO]: World loading finished: null screen: net.minecraft.client.gui.screens.ConnectScreen@2c85c878
[16:25:24] [Render thread/INFO]: World loading finished: null screen: net.minecraft.client.gui.screens.ConnectScreen@2c85c878
[16:25:24] [Render thread/INFO]: World loading finished: null screen: net.minecraft.client.gui.screens.ConnectScreen@2c85c878
[16:25:24] [Render thread/INFO]: World loading finished: null screen: net.minecraft.client.gui.screens.ConnectScreen@2c85c878
[16:25:24] [Render thread/INFO]: World loading finished: null screen: net.minecraft.client.gui.screens.ConnectScreen@2c85c878
[16:25:24] [Render thread/INFO]: World loading finished: null screen: net.minecraft.client.gui.screens.ConnectScreen@2c85c878
[16:25:24] [Render thread/INFO]: World loading finished: null screen: net.minecraft.client.gui.screens.ConnectScreen@2c85c878
[16:25:24] [Render thread/INFO]: World loading finished: null screen: net.minecraft.client.gui.screens.ConnectScreen@2c85c878
[16:25:24] [Render thread/INFO]: World loading finished: null screen: net.minecraft.client.gui.screens.ConnectScreen@2c85c878
[16:25:24] [Render thread/INFO]: World loading finished: null screen: net.minecraft.client.gui.screens.ConnectScreen@2c85c878
[16:25:24] [Render thread/INFO]: World loading finished: null screen: net.minecraft.client.gui.screens.ConnectScreen@2c85c878
[16:25:25] [Render thread/INFO]: World loading finished: null screen: net.minecraft.client.gui.screens.ConnectScreen@2c85c878
[16:25:25] [Render thread/INFO]: World loading finished: null screen: net.minecraft.client.gui.screens.ConnectScreen@2c85c878
[16:25:25] [Render thread/INFO]: World loading finished: null screen: net.minecraft.client.gui.screens.ConnectScreen@2c85c878
[16:25:25] [Render thread/INFO]: World loading finished: null screen: net.minecraft.client.gui.screens.ConnectScreen@2c85c878
[16:25:25] [Render thread/INFO]: World loading finished: null screen: net.minecraft.client.gui.screens.ConnectScreen@2c85c878
[16:25:25] [Render thread/INFO]: World loading finished: null screen: net.minecraft.client.gui.screens.ConnectScreen@2c85c878
[16:25:25] [Render thread/INFO]: World loading finished: null screen: net.minecraft.client.gui.screens.ConnectScreen@2c85c878
[16:25:25] [Render thread/INFO]: World loading finished: null screen: net.minecraft.client.gui.screens.ConnectScreen@2c85c878
[16:25:25] [Render thread/INFO]: World loading finished: null screen: net.minecraft.client.gui.screens.ConnectScreen@2c85c878
[16:25:25] [Render thread/INFO]: World loading finished: null screen: net.minecraft.client.gui.screens.ConnectScreen@2c85c878
[16:25:25] [Render thread/INFO]: World loading finished: null screen: net.minecraft.client.gui.screens.ConnectScreen@2c85c878
[16:25:25] [Render thread/INFO]: World loading finished: null screen: net.minecraft.client.gui.screens.ConnectScreen@2c85c878
[16:25:25] [Render thread/INFO]: World loading finished: null screen: net.minecraft.client.gui.screens.ConnectScreen@2c85c878
[16:25:25] [Render thread/INFO]: World loading finished: null screen: net.minecraft.client.gui.screens.ConnectScreen@2c85c878
[16:25:25] [Render thread/INFO]: World loading finished: null screen: net.minecraft.client.gui.screens.ConnectScreen@2c85c878
[16:25:25] [Render thread/INFO]: World loading finished: null screen: net.minecraft.client.gui.screens.ConnectScreen@2c85c878
[16:25:25] [Render thread/INFO]: World loading finished: null screen: net.minecraft.client.gui.screens.ConnectScreen@2c85c878
[16:25:25] [Render thread/INFO]: World loading finished: null screen: net.minecraft.client.gui.screens.ConnectScreen@2c85c878
[16:25:25] [Render thread/INFO]: World loading finished: null screen: net.minecraft.client.gui.screens.ConnectScreen@2c85c878
[16:25:25] [Render thread/INFO]: World loading finished: null screen: net.minecraft.client.gui.screens.ConnectScreen@2c85c878
[16:25:26] [Render thread/INFO]: World loading finished: null screen: net.minecraft.client.gui.screens.ConnectScreen@2c85c878
[16:25:26] [Render thread/INFO]: World loading finished: null screen: net.minecraft.client.gui.screens.ConnectScreen@2c85c878
[16:25:26] [Render thread/INFO]: World loading finished: null screen: net.minecraft.client.gui.screens.ConnectScreen@2c85c878
[16:25:26] [Render thread/INFO]: World loading finished: null screen: net.minecraft.client.gui.screens.ConnectScreen@2c85c878
[16:25:26] [Render thread/INFO]: World loading finished: null screen: net.minecraft.client.gui.screens.ConnectScreen@2c85c878
[16:25:26] [Render thread/INFO]: World loading finished: null screen: net.minecraft.client.gui.screens.ConnectScreen@2c85c878
[16:25:26] [Render thread/INFO]: World loading finished: null screen: net.minecraft.client.gui.screens.ConnectScreen@2c85c878
[16:25:26] [Render thread/INFO]: World loading finished: null screen: net.minecraft.client.gui.screens.ConnectScreen@2c85c878
[16:25:26] [Render thread/INFO]: World loading finished: null screen: net.minecraft.client.gui.screens.ConnectScreen@2c85c878
[16:25:26] [Render thread/INFO]: World loading finished: null screen: net.minecraft.client.gui.screens.ConnectScreen@2c85c878
[16:25:26] [Render thread/INFO]: World loading finished: null screen: net.minecraft.client.gui.screens.ConnectScreen@2c85c878
[16:25:26] [Render thread/INFO]: World loading finished: null screen: net.minecraft.client.gui.screens.ConnectScreen@2c85c878
[16:25:26] [Render thread/INFO]: World loading finished: null screen: net.minecraft.client.gui.screens.ConnectScreen@2c85c878
[16:25:26] [Render thread/INFO]: World loading finished: null screen: net.minecraft.client.gui.screens.ConnectScreen@2c85c878
[16:25:26] [Render thread/INFO]: World loading finished: null screen: net.minecraft.client.gui.screens.ConnectScreen@2c85c878
[16:25:26] [Render thread/INFO]: World loading finished: null screen: net.minecraft.client.gui.screens.ConnectScreen@2c85c878
[16:25:26] [Render thread/INFO]: World loading finished: null screen: net.minecraft.client.gui.screens.ConnectScreen@2c85c878
[16:25:26] [Render thread/INFO]: World loading finished: null screen: net.minecraft.client.gui.screens.ConnectScreen@2c85c878
[16:25:26] [Render thread/INFO]: World loading finished: null screen: net.minecraft.client.gui.screens.ConnectScreen@2c85c878
[16:25:26] [Render thread/INFO]: World loading finished: null screen: net.minecraft.client.gui.screens.ConnectScreen@2c85c878
[16:25:27] [Render thread/INFO]: World loading finished: null screen: net.minecraft.client.gui.screens.ConnectScreen@2c85c878
[16:25:27] [Render thread/INFO]: World loading finished: null screen: net.minecraft.client.gui.screens.ConnectScreen@2c85c878
[16:25:27] [Render thread/INFO]: World loading finished: null screen: net.minecraft.client.gui.screens.ConnectScreen@2c85c878
[16:25:27] [Render thread/INFO]: World loading finished: null screen: net.minecraft.client.gui.screens.ConnectScreen@2c85c878
[16:25:27] [Render thread/INFO]: World loading finished: null screen: net.minecraft.client.gui.screens.ConnectScreen@2c85c878
[16:25:27] [Render thread/INFO]: World loading finished: null screen: net.minecraft.client.gui.screens.ConnectScreen@2c85c878
[16:25:27] [Render thread/INFO]: World loading finished: null screen: net.minecraft.client.gui.screens.ConnectScreen@2c85c878
[16:25:27] [Render thread/INFO]: World loading finished: null screen: net.minecraft.client.gui.screens.ConnectScreen@2c85c878
[16:25:27] [Render thread/INFO]: World loading finished: null screen: net.minecraft.client.gui.screens.ConnectScreen@2c85c878
[16:25:27] [Render thread/INFO]: World loading finished: null screen: net.minecraft.client.gui.screens.ConnectScreen@2c85c878
[16:25:27] [Render thread/INFO]: World loading finished: null screen: net.minecraft.client.gui.screens.ConnectScreen@2c85c878
[16:25:27] [Render thread/INFO]: World loading finished: null screen: net.minecraft.client.gui.screens.ConnectScreen@2c85c878
[16:25:27] [Render thread/INFO]: World loading finished: null screen: net.minecraft.client.gui.screens.ConnectScreen@2c85c878
[16:25:27] [Render thread/INFO]: World loading finished: null screen: net.minecraft.client.gui.screens.ConnectScreen@2c85c878
[16:25:27] [Server thread/INFO]: Player164[/127.0.0.1:57410] logged in with entity id 4 at (0.5, -60.0, 0.5)
[16:25:27] [Server thread/INFO]: System chat: Player164 joined the game
[16:25:27] [Render thread/INFO]: Loaded 2 advancements
[16:25:27] [Render thread/INFO]: World loading finished: ClientLevel screen: net.minecraft.client.gui.screens.LevelLoadingScreen@61d67570
[16:25:27] [Render thread/INFO]: World loading finished: ClientLevel screen: null
[16:25:28] [Server thread/INFO]: System chat: Gave 2 [Wildcraft Test Core] to Player164
[16:25:28] [Server thread/INFO]: Player164 lost connection: Disconnected
[16:25:28] [Server thread/INFO]: System chat: Player164 left the game
[16:25:28] [Server thread/INFO]: Stopping server
[16:25:28] [Server thread/INFO]: Saving players
[16:25:28] [Server thread/INFO]: Saving worlds
[16:25:28] [Server thread/INFO]: Saving chunks for level 'ServerLevel[New World]'/minecraft:overworld
[16:25:28] [Server thread/INFO]: Saving chunks for level 'ServerLevel[New World]'/minecraft:the_end
[16:25:28] [Server thread/INFO]: Saving chunks for level 'ServerLevel[New World]'/minecraft:the_nether
[16:25:28] [Worker-Main-5/INFO]: Loaded 1872 advancements
[16:25:28] [Render thread/INFO]: World loading finished: null screen: net.minecraft.client.gui.screens.GenericMessageScreen@78db8cd4
[16:25:29] [Render thread/INFO]: Applied 0 biome modifications to 0 of 67 new biomes in 205.1 μs
[16:25:29] [Server thread/INFO]: Starting integrated minecraft server version 26.3
[16:25:29] [Server thread/INFO]: Generating keypair
[16:25:29] [Server thread/INFO]: Selecting global world spawn...
[16:25:29] [Server thread/INFO]: Loading 0 persistent chunks...
[16:25:29] [Server thread/INFO]: Preparing spawn area: 16%
[16:25:29] [Server thread/INFO]: Saving chunks for level 'ServerLevel[New World]'/minecraft:overworld
[16:25:29] [Server thread/INFO]: Saving chunks for level 'ServerLevel[New World]'/minecraft:the_end
[16:25:29] [Server thread/INFO]: Saving chunks for level 'ServerLevel[New World]'/minecraft:the_nether
[16:25:29] [Render thread/INFO]: World loading finished: null screen: net.minecraft.client.gui.screens.LevelLoadingScreen@69b151d2
[16:25:29] [Render thread/INFO]: World loading finished: null screen: net.minecraft.client.gui.screens.LevelLoadingScreen@69b151d2
[16:25:29] [Render thread/INFO]: World loading finished: null screen: net.minecraft.client.gui.screens.LevelLoadingScreen@69b151d2
[16:25:29] [Render thread/INFO]: World loading finished: null screen: net.minecraft.client.gui.screens.LevelLoadingScreen@69b151d2
[16:25:29] [Server thread/INFO]: Loading 48 chunks for player spawn...
[16:25:29] [Render thread/INFO]: World loading finished: null screen: net.minecraft.client.gui.screens.LevelLoadingScreen@69b151d2
[16:25:29] [Render thread/INFO]: World loading finished: null screen: net.minecraft.client.gui.screens.LevelLoadingScreen@69b151d2
[16:25:29] [Server thread/INFO]: Time elapsed: 353 ms
[16:25:29] [Render thread/INFO]: World loading finished: null screen: net.minecraft.client.gui.screens.LevelLoadingScreen@69b151d2
[16:25:29] [Server thread/INFO]: Player164[local:E:262e3bb4] logged in with entity id 6 at (0.5, -60.0, 0.5)
[16:25:29] [Server thread/INFO]: System chat: Player164 joined the game
[16:25:29] [Server thread/INFO]: Changing view distance to 5, from 10
[16:25:29] [Server thread/INFO]: Changing simulation distance to 12, from 0
[16:25:29] [Render thread/INFO]: World loading finished: ClientLevel screen: net.minecraft.client.gui.screens.LevelLoadingScreen@69b151d2
[16:25:29] [Render thread/INFO]: Loaded 2 advancements
[16:25:29] [Render thread/INFO]: World loading finished: ClientLevel screen: net.minecraft.client.gui.screens.LevelLoadingScreen@69b151d2
[16:25:29] [Render thread/INFO]: World loading finished: ClientLevel screen: net.minecraft.client.gui.screens.LevelLoadingScreen@69b151d2
[16:25:29] [Render thread/INFO]: World loading finished: ClientLevel screen: net.minecraft.client.gui.screens.LevelLoadingScreen@69b151d2
[16:25:29] [Render thread/INFO]: World loading finished: ClientLevel screen: net.minecraft.client.gui.screens.LevelLoadingScreen@69b151d2
[16:25:29] [Render thread/INFO]: World loading finished: ClientLevel screen: net.minecraft.client.gui.screens.LevelLoadingScreen@69b151d2
[16:25:29] [Render thread/INFO]: World loading finished: ClientLevel screen: net.minecraft.client.gui.screens.LevelLoadingScreen@69b151d2
[16:25:29] [Render thread/INFO]: World loading finished: ClientLevel screen: net.minecraft.client.gui.screens.LevelLoadingScreen@69b151d2
[16:25:29] [Render thread/INFO]: World loading finished: ClientLevel screen: net.minecraft.client.gui.screens.LevelLoadingScreen@69b151d2
[16:25:29] [Render thread/INFO]: World loading finished: ClientLevel screen: net.minecraft.client.gui.screens.LevelLoadingScreen@69b151d2
[16:25:29] [Render thread/INFO]: World loading finished: ClientLevel screen: net.minecraft.client.gui.screens.LevelLoadingScreen@69b151d2
[16:25:30] [Render thread/INFO]: World loading finished: ClientLevel screen: net.minecraft.client.gui.screens.LevelLoadingScreen@69b151d2
[16:25:30] [Render thread/INFO]: World loading finished: ClientLevel screen: net.minecraft.client.gui.screens.LevelLoadingScreen@69b151d2
[16:25:30] [Render thread/INFO]: World loading finished: ClientLevel screen: net.minecraft.client.gui.screens.LevelLoadingScreen@69b151d2
[16:25:30] [Render thread/INFO]: World loading finished: ClientLevel screen: net.minecraft.client.gui.screens.LevelLoadingScreen@69b151d2
[16:25:30] [Render thread/INFO]: World loading finished: ClientLevel screen: null
[16:25:30] [Server thread/INFO]: Player164 lost connection: Disconnected
[16:25:30] [Server thread/INFO]: System chat: Player164 left the game
[16:25:30] [Server thread/INFO]: Stopping singleplayer server as player logged out
[16:25:30] [Server thread/INFO]: Stopping server
[16:25:30] [Server thread/INFO]: Saving players
[16:25:30] [Server thread/INFO]: Saving worlds
[16:25:31] [Server thread/INFO]: Saving chunks for level 'ServerLevel[New World]'/minecraft:overworld
[16:25:31] [Server thread/INFO]: Saving chunks for level 'ServerLevel[New World]'/minecraft:the_end
[16:25:31] [Server thread/INFO]: Saving chunks for level 'ServerLevel[New World]'/minecraft:the_nether
[16:25:31] [Render thread/INFO]: World loading finished: null screen: net.minecraft.client.gui.screens.GenericMessageScreen@1fab3187
[16:25:31] [Worker-Main-5/INFO]: Loaded 1872 advancements
[16:25:31] [Render thread/INFO]: Applied 0 biome modifications to 0 of 67 new biomes in 184.5 μs
[16:25:31] [Server thread/INFO]: Starting integrated minecraft server version 26.3
[16:25:31] [Server thread/INFO]: Generating keypair
[16:25:31] [Server thread/INFO]: Loading 0 persistent chunks...
[16:25:31] [Server thread/INFO]: Saving chunks for level 'ServerLevel[New World]'/minecraft:overworld
[16:25:31] [Server thread/INFO]: Saving chunks for level 'ServerLevel[New World]'/minecraft:the_end
[16:25:31] [Server thread/INFO]: Saving chunks for level 'ServerLevel[New World]'/minecraft:the_nether
[16:25:31] [Render thread/INFO]: World loading finished: null screen: net.minecraft.client.gui.screens.LevelLoadingScreen@a10417e
[16:25:31] [Render thread/INFO]: World loading finished: null screen: net.minecraft.client.gui.screens.LevelLoadingScreen@a10417e
[16:25:31] [Render thread/INFO]: World loading finished: null screen: net.minecraft.client.gui.screens.LevelLoadingScreen@a10417e
[16:25:31] [Render thread/INFO]: World loading finished: null screen: net.minecraft.client.gui.screens.LevelLoadingScreen@a10417e
[16:25:31] [Server thread/INFO]: Loading 49 chunks for player spawn...
[16:25:31] [Server thread/INFO]: Preparing spawn area: 16%
[16:25:31] [Render thread/INFO]: World loading finished: null screen: net.minecraft.client.gui.screens.LevelLoadingScreen@a10417e
[16:25:31] [Server thread/INFO]: Time elapsed: 272 ms
[16:25:31] [Render thread/INFO]: World loading finished: null screen: net.minecraft.client.gui.screens.LevelLoadingScreen@a10417e
[16:25:31] [Server thread/INFO]: Player164[local:E:c2c53308] logged in with entity id 11 at (0.5, -60.0, 0.5)
[16:25:31] [Server thread/INFO]: System chat: Player164 joined the game
[16:25:31] [Server thread/INFO]: Changing view distance to 5, from 10
[16:25:31] [Server thread/INFO]: Changing simulation distance to 12, from 0
[16:25:31] [Render thread/INFO]: World loading finished: ClientLevel screen: net.minecraft.client.gui.screens.LevelLoadingScreen@a10417e
[16:25:31] [Render thread/INFO]: Loaded 2 advancements
[16:25:31] [Render thread/INFO]: World loading finished: ClientLevel screen: net.minecraft.client.gui.screens.LevelLoadingScreen@a10417e
[16:25:31] [Render thread/INFO]: World loading finished: ClientLevel screen: net.minecraft.client.gui.screens.LevelLoadingScreen@a10417e
[16:25:31] [Render thread/INFO]: World loading finished: ClientLevel screen: net.minecraft.client.gui.screens.LevelLoadingScreen@a10417e
[16:25:32] [Render thread/INFO]: World loading finished: ClientLevel screen: net.minecraft.client.gui.screens.LevelLoadingScreen@a10417e
[16:25:32] [Render thread/INFO]: World loading finished: ClientLevel screen: null
[16:25:32] [Server thread/INFO]: Player164 lost connection: Disconnected
[16:25:32] [Server thread/INFO]: System chat: Player164 left the game
[16:25:32] [Server thread/INFO]: Stopping singleplayer server as player logged out
[16:25:32] [Server thread/INFO]: Stopping server
[16:25:32] [Server thread/INFO]: Saving players
[16:25:32] [Server thread/INFO]: Saving worlds
[16:25:32] [Server thread/INFO]: Saving chunks for level 'ServerLevel[New World]'/minecraft:overworld
[16:25:32] [Server thread/INFO]: Saving chunks for level 'ServerLevel[New World]'/minecraft:the_end
[16:25:32] [Server thread/INFO]: Saving chunks for level 'ServerLevel[New World]'/minecraft:the_nether
[16:25:32] [Test thread/INFO]: [STDOUT]: WILDCRAFT R0 real cross-chunk/save/reload/container/drop checks passed
[16:25:32] [Worker-Main-1/INFO]: Loaded 1872 advancements
[16:25:32] [Render thread/INFO]: World loading finished: null screen: net.minecraft.client.gui.screens.GenericMessageScreen@3958ea4d
[16:25:32] [Render thread/INFO]: Applied 0 biome modifications to 0 of 67 new biomes in 258.9 μs
[16:25:32] [Server thread/INFO]: Starting integrated minecraft server version 26.3
[16:25:32] [Server thread/INFO]: Generating keypair
[16:25:32] [Server thread/INFO]: Selecting global world spawn...
[16:25:32] [Server thread/INFO]: Loading 0 persistent chunks...
[16:25:32] [Server thread/INFO]: Preparing spawn area: 16%
[16:25:32] [Server thread/INFO]: Saving chunks for level 'ServerLevel[New World]'/minecraft:overworld
[16:25:32] [Server thread/INFO]: Saving chunks for level 'ServerLevel[New World]'/minecraft:the_end
[16:25:32] [Server thread/INFO]: Saving chunks for level 'ServerLevel[New World]'/minecraft:the_nether
[16:25:32] [Render thread/INFO]: World loading finished: null screen: net.minecraft.client.gui.screens.LevelLoadingScreen@4e9fb1d3
[16:25:32] [Render thread/INFO]: World loading finished: null screen: net.minecraft.client.gui.screens.LevelLoadingScreen@4e9fb1d3
[16:25:32] [Render thread/INFO]: World loading finished: null screen: net.minecraft.client.gui.screens.LevelLoadingScreen@4e9fb1d3
[16:25:32] [Render thread/INFO]: World loading finished: null screen: net.minecraft.client.gui.screens.LevelLoadingScreen@4e9fb1d3
[16:25:32] [Server thread/INFO]: Loading 48 chunks for player spawn...
[16:25:32] [Render thread/INFO]: World loading finished: null screen: net.minecraft.client.gui.screens.LevelLoadingScreen@4e9fb1d3
[16:25:33] [Render thread/INFO]: World loading finished: null screen: net.minecraft.client.gui.screens.LevelLoadingScreen@4e9fb1d3
[16:25:33] [Server thread/INFO]: Time elapsed: 363 ms
[16:25:33] [Render thread/INFO]: World loading finished: null screen: net.minecraft.client.gui.screens.LevelLoadingScreen@4e9fb1d3
[16:25:33] [Server thread/INFO]: Player164[local:E:96442508] logged in with entity id 12 at (0.5, -60.0, 0.5)
[16:25:33] [Server thread/INFO]: System chat: Player164 joined the game
[16:25:33] [Server thread/INFO]: Changing view distance to 5, from 10
[16:25:33] [Server thread/INFO]: Changing simulation distance to 12, from 0
[16:25:33] [Render thread/INFO]: World loading finished: ClientLevel screen: net.minecraft.client.gui.screens.LevelLoadingScreen@4e9fb1d3
[16:25:33] [Render thread/INFO]: Loaded 2 advancements
[16:25:33] [Render thread/INFO]: World loading finished: ClientLevel screen: net.minecraft.client.gui.screens.LevelLoadingScreen@4e9fb1d3
[16:25:33] [Render thread/INFO]: World loading finished: ClientLevel screen: net.minecraft.client.gui.screens.LevelLoadingScreen@4e9fb1d3
[16:25:33] [Render thread/INFO]: World loading finished: ClientLevel screen: net.minecraft.client.gui.screens.LevelLoadingScreen@4e9fb1d3
[16:25:33] [Render thread/INFO]: World loading finished: ClientLevel screen: net.minecraft.client.gui.screens.LevelLoadingScreen@4e9fb1d3
[16:25:33] [Render thread/INFO]: World loading finished: ClientLevel screen: net.minecraft.client.gui.screens.LevelLoadingScreen@4e9fb1d3
[16:25:33] [Render thread/INFO]: World loading finished: ClientLevel screen: net.minecraft.client.gui.screens.LevelLoadingScreen@4e9fb1d3
[16:25:33] [Render thread/INFO]: World loading finished: ClientLevel screen: net.minecraft.client.gui.screens.LevelLoadingScreen@4e9fb1d3
[16:25:33] [Render thread/INFO]: World loading finished: ClientLevel screen: net.minecraft.client.gui.screens.LevelLoadingScreen@4e9fb1d3
[16:25:33] [Render thread/INFO]: World loading finished: ClientLevel screen: net.minecraft.client.gui.screens.LevelLoadingScreen@4e9fb1d3
[16:25:33] [Render thread/INFO]: World loading finished: ClientLevel screen: net.minecraft.client.gui.screens.LevelLoadingScreen@4e9fb1d3
[16:25:33] [Render thread/INFO]: World loading finished: ClientLevel screen: net.minecraft.client.gui.screens.LevelLoadingScreen@4e9fb1d3
[16:25:33] [Render thread/INFO]: World loading finished: ClientLevel screen: net.minecraft.client.gui.screens.LevelLoadingScreen@4e9fb1d3
[16:25:33] [Render thread/INFO]: World loading finished: ClientLevel screen: net.minecraft.client.gui.screens.LevelLoadingScreen@4e9fb1d3
[16:25:33] [Render thread/INFO]: World loading finished: ClientLevel screen: net.minecraft.client.gui.screens.LevelLoadingScreen@4e9fb1d3
[16:25:33] [Render thread/INFO]: World loading finished: ClientLevel screen: null
[16:25:34] [Server thread/INFO]: System chat: Set 15 experience levels on Player164
[16:25:34] [Server thread/INFO]: System chat: Set 30 experience levels on Player164
[16:25:34] [Server thread/INFO]: System chat: Set 5 experience levels on Player164
[16:25:34] [Server thread/INFO]: System chat: Stamina refilled
[16:25:34] [Server thread/INFO]: System chat: Consumed 118.0 stamina
[16:25:34] [Render thread/INFO]: Reloading ResourceManager: vanilla, vanilla, fabric-advancement-api-v1, fabric-api, fabric-api-base, fabric-api-lookup-api-v1, fabric-biome-api-v1, fabric-block-api-v1, fabric-block-getter-api-v2, fabric-client-gametest-api-v1, fabric-command-api-v2, fabric-content-registries-v0, fabric-convention-tags-v2, fabric-crash-report-info-v1, fabric-creative-tab-api-v1, fabric-data-attachment-api-v1, fabric-data-generation-api-v1, fabric-debug-api-v1, fabric-dimensions-v1, fabric-entity-events-v1, fabric-events-interaction-v0, fabric-game-rule-api-v1, fabric-gametest-api-v1, fabric-item-api-v1, fabric-key-mapping-api-v1, fabric-lifecycle-events-v1, fabric-loot-api-v3, fabric-menu-api-v1, fabric-message-api-v1, fabric-model-loading-api-v1, fabric-networking-api-v1, fabric-object-builder-api-v1, fabric-particles-v1, fabric-permission-api-v1, fabric-recipe-api-v1, fabric-registry-sync-v0, fabric-renderer-api-v1, fabric-renderer-indigo, fabric-rendering-fluids-v1, fabric-rendering-v1, fabric-resource-conditions-api-v1, fabric-resource-loader-v0, fabric-resource-loader-v1, fabric-screen-api-v1, fabric-serialization-api-v1, fabric-sound-api-v1, fabric-tag-api-v1, fabric-transfer-api-v1, fabric-transitive-access-wideners-v1, fabricloader, wildcraft, wildcraft-test
[16:25:34] [Worker-Main-5/INFO]: Found unifont_pua-17.0.01.hex, loading
[16:25:34] [Worker-Main-2/INFO]: Found unifont_all_no_pua-17.0.01.hex, loading
[16:25:34] [Server thread/INFO]: Saving and pausing game...
[16:25:34] [Server thread/INFO]: Saving chunks for level 'ServerLevel[New World]'/minecraft:overworld
[16:25:34] [Server thread/INFO]: Saving chunks for level 'ServerLevel[New World]'/minecraft:the_end
[16:25:34] [Server thread/INFO]: Saving chunks for level 'ServerLevel[New World]'/minecraft:the_nether
[16:25:34] [Render thread/INFO]: Info log when linking program containing VERTEX minecraft:core/terrain, FRAGMENT minecraft:core/terrain. Log output: WARNING: Output of vertex shader '_interface_variable_01' not read by fragment shader
WARNING: Output of vertex shader '_interface_variable_00' not read by fragment shader
WARNING: Output of vertex shader '_interface_variable_04' not read by fragment shader

[16:25:34] [Render thread/INFO]: Info log when linking program containing VERTEX minecraft:core/rendertype_crumbling, FRAGMENT minecraft:core/rendertype_crumbling. Log output: WARNING: Output of vertex shader '_interface_variable_01' not read by fragment shader
WARNING: Output of vertex shader '_interface_variable_00' not read by fragment shader

[16:25:34] [Render thread/INFO]: Info log when linking program containing VERTEX minecraft:core/entity, FRAGMENT minecraft:core/entity. Log output: WARNING: Output of vertex shader '_interface_variable_01' not read by fragment shader
WARNING: Output of vertex shader '_interface_variable_00' not read by fragment shader

[16:25:34] [Render thread/INFO]: Info log when linking program containing VERTEX minecraft:core/rendertype_lines, FRAGMENT minecraft:core/rendertype_lines. Log output: WARNING: Output of vertex shader '_interface_variable_01' not read by fragment shader
WARNING: Output of vertex shader '_interface_variable_00' not read by fragment shader

[16:25:34] [Render thread/INFO]: Info log when linking program containing VERTEX minecraft:core/terrain, FRAGMENT minecraft:core/terrain. Log output: WARNING: Output of vertex shader '_interface_variable_01' not read by fragment shader
WARNING: Output of vertex shader '_interface_variable_00' not read by fragment shader
WARNING: Output of vertex shader '_interface_variable_04' not read by fragment shader

[16:25:34] [Render thread/INFO]: Info log when linking program containing VERTEX minecraft:core/text, FRAGMENT minecraft:core/text. Log output: WARNING: Output of vertex shader '_interface_variable_01' not read by fragment shader
WARNING: Output of vertex shader '_interface_variable_00' not read by fragment shader

[16:25:34] [Render thread/INFO]: Info log when linking program containing VERTEX minecraft:core/entity, FRAGMENT minecraft:core/entity. Log output: WARNING: Output of vertex shader '_interface_variable_01' not read by fragment shader
WARNING: Output of vertex shader '_interface_variable_00' not read by fragment shader

[16:25:34] [Render thread/INFO]: Info log when linking program containing VERTEX minecraft:core/text, FRAGMENT minecraft:core/text. Log output: WARNING: Output of vertex shader '_interface_variable_01' not read by fragment shader
WARNING: Output of vertex shader '_interface_variable_00' not read by fragment shader

[16:25:34] [Render thread/INFO]: Info log when linking program containing VERTEX minecraft:core/entity, FRAGMENT minecraft:core/entity. Log output: WARNING: Output of vertex shader '_interface_variable_01' not read by fragment shader
WARNING: Output of vertex shader '_interface_variable_00' not read by fragment shader

[16:25:34] [Render thread/INFO]: Info log when linking program containing VERTEX minecraft:core/block, FRAGMENT minecraft:core/block. Log output: WARNING: Output of vertex shader '_interface_variable_01' not read by fragment shader
WARNING: Output of vertex shader '_interface_variable_00' not read by fragment shader

[16:25:34] [Worker-Main-2/INFO]: Found unifont_jp_patch-17.0.01.hex, loading
[16:25:34] [Render thread/INFO]: Info log when linking program containing VERTEX minecraft:core/particle, FRAGMENT minecraft:core/particle. Log output: WARNING: Output of vertex shader '_interface_variable_01' not read by fragment shader
WARNING: Output of vertex shader '_interface_variable_00' not read by fragment shader

[16:25:34] [Render thread/INFO]: Info log when linking program containing VERTEX minecraft:core/screenquad, FRAGMENT minecraft:core/oit_composite. Log output: WARNING: Output of vertex shader '_interface_variable_00' not read by fragment shader

[16:25:34] [Render thread/INFO]: Info log when linking program containing VERTEX minecraft:core/screenquad, FRAGMENT minecraft:core/integrate_depth. Log output: WARNING: Output of vertex shader '_interface_variable_00' not read by fragment shader

[16:25:34] [Render thread/INFO]: Info log when linking program containing VERTEX minecraft:core/entity, FRAGMENT minecraft:core/entity. Log output: WARNING: Output of vertex shader '_interface_variable_01' not read by fragment shader
WARNING: Output of vertex shader '_interface_variable_00' not read by fragment shader

[16:25:34] [Render thread/INFO]: Info log when linking program containing VERTEX minecraft:core/rendertype_entity_shadow, FRAGMENT minecraft:core/rendertype_entity_shadow. Log output: WARNING: Output of vertex shader '_interface_variable_01' not read by fragment shader
WARNING: Output of vertex shader '_interface_variable_00' not read by fragment shader

[16:25:34] [Render thread/INFO]: Info log when linking program containing VERTEX minecraft:core/terrain, FRAGMENT minecraft:core/terrain. Log output: WARNING: Output of vertex shader '_interface_variable_01' not read by fragment shader
WARNING: Output of vertex shader '_interface_variable_00' not read by fragment shader
WARNING: Output of vertex shader '_interface_variable_04' not read by fragment shader

[16:25:34] [Render thread/INFO]: Info log when linking program containing VERTEX minecraft:core/animate_sprite, FRAGMENT minecraft:core/animate_sprite_blit. Log output: WARNING: Output of vertex shader '_interface_variable_00' not read by fragment shader

[16:25:34] [Render thread/INFO]: Info log when linking program containing VERTEX minecraft:core/entity, FRAGMENT minecraft:core/entity. Log output: WARNING: Output of vertex shader '_interface_variable_01' not read by fragment shader
WARNING: Output of vertex shader '_interface_variable_00' not read by fragment shader

[16:25:34] [Render thread/INFO]: Info log when linking program containing VERTEX minecraft:core/entity, FRAGMENT minecraft:core/entity. Log output: WARNING: Output of vertex shader '_interface_variable_01' not read by fragment shader
WARNING: Output of vertex shader '_interface_variable_00' not read by fragment shader

[16:25:34] [Render thread/INFO]: Info log when linking program containing VERTEX minecraft:core/particle, FRAGMENT minecraft:core/particle. Log output: WARNING: Output of vertex shader '_interface_variable_01' not read by fragment shader
WARNING: Output of vertex shader '_interface_variable_00' not read by fragment shader

[16:25:34] [Render thread/INFO]: Info log when linking program containing VERTEX minecraft:core/block, FRAGMENT minecraft:core/block. Log output: WARNING: Output of vertex shader '_interface_variable_01' not read by fragment shader
WARNING: Output of vertex shader '_interface_variable_00' not read by fragment shader

[16:25:34] [Render thread/INFO]: Info log when linking program containing VERTEX minecraft:core/entity, FRAGMENT minecraft:core/entity. Log output: WARNING: Output of vertex shader '_interface_variable_01' not read by fragment shader
WARNING: Output of vertex shader '_interface_variable_00' not read by fragment shader

[16:25:34] [Render thread/INFO]: Info log when linking program containing VERTEX minecraft:core/text, FRAGMENT minecraft:core/text. Log output: WARNING: Output of vertex shader '_interface_variable_01' not read by fragment shader
WARNING: Output of vertex shader '_interface_variable_00' not read by fragment shader

[16:25:34] [Render thread/INFO]: Info log when linking program containing VERTEX minecraft:core/text, FRAGMENT minecraft:core/text. Log output: WARNING: Output of vertex shader '_interface_variable_01' not read by fragment shader
WARNING: Output of vertex shader '_interface_variable_00' not read by fragment shader

[16:25:34] [Render thread/INFO]: Info log when linking program containing VERTEX minecraft:core/screenquad, FRAGMENT minecraft:core/oit_depth_bounds_cull. Log output: WARNING: Output of vertex shader '_interface_variable_00' not read by fragment shader

[16:25:34] [Render thread/INFO]: Info log when linking program containing VERTEX minecraft:core/text, FRAGMENT minecraft:core/text. Log output: WARNING: Output of vertex shader '_interface_variable_01' not read by fragment shader
WARNING: Output of vertex shader '_interface_variable_00' not read by fragment shader

[16:25:34] [Render thread/INFO]: Info log when linking program containing VERTEX minecraft:core/clouds, FRAGMENT minecraft:core/clouds. Log output: WARNING: Output of vertex shader '_interface_variable_00' not read by fragment shader

[16:25:34] [Render thread/INFO]: Info log when linking program containing VERTEX minecraft:core/entity, FRAGMENT minecraft:core/entity. Log output: WARNING: Output of vertex shader '_interface_variable_01' not read by fragment shader
WARNING: Output of vertex shader '_interface_variable_00' not read by fragment shader

[16:25:34] [Render thread/INFO]: Info log when linking program containing VERTEX minecraft:core/text, FRAGMENT minecraft:core/text. Log output: WARNING: Output of vertex shader '_interface_variable_01' not read by fragment shader
WARNING: Output of vertex shader '_interface_variable_00' not read by fragment shader

[16:25:34] [Render thread/INFO]: Info log when linking program containing VERTEX minecraft:core/clouds, FRAGMENT minecraft:core/clouds. Log output: WARNING: Output of vertex shader '_interface_variable_00' not read by fragment shader

[16:25:34] [Render thread/INFO]: Info log when linking program containing VERTEX minecraft:core/terrain, FRAGMENT minecraft:core/terrain. Log output: WARNING: Output of vertex shader '_interface_variable_01' not read by fragment shader
WARNING: Output of vertex shader '_interface_variable_00' not read by fragment shader
WARNING: Output of vertex shader '_interface_variable_04' not read by fragment shader

[16:25:34] [Render thread/INFO]: Info log when linking program containing VERTEX minecraft:core/rendertype_lines, FRAGMENT minecraft:core/rendertype_lines. Log output: WARNING: Output of vertex shader '_interface_variable_01' not read by fragment shader
WARNING: Output of vertex shader '_interface_variable_00' not read by fragment shader

[16:25:34] [Render thread/INFO]: Info log when linking program containing VERTEX minecraft:core/rendertype_entity_shadow, FRAGMENT minecraft:core/rendertype_entity_shadow. Log output: WARNING: Output of vertex shader '_interface_variable_01' not read by fragment shader
WARNING: Output of vertex shader '_interface_variable_00' not read by fragment shader

[16:25:34] [Render thread/INFO]: Info log when linking program containing VERTEX minecraft:core/entity, FRAGMENT minecraft:core/entity. Log output: WARNING: Output of vertex shader '_interface_variable_01' not read by fragment shader
WARNING: Output of vertex shader '_interface_variable_00' not read by fragment shader

[16:25:34] [Render thread/INFO]: Info log when linking program containing VERTEX minecraft:core/particle, FRAGMENT minecraft:core/particle. Log output: WARNING: Output of vertex shader '_interface_variable_01' not read by fragment shader
WARNING: Output of vertex shader '_interface_variable_00' not read by fragment shader

[16:25:34] [Render thread/INFO]: Info log when linking program containing VERTEX minecraft:core/text, FRAGMENT minecraft:core/text. Log output: WARNING: Output of vertex shader '_interface_variable_01' not read by fragment shader
WARNING: Output of vertex shader '_interface_variable_00' not read by fragment shader

[16:25:34] [Render thread/INFO]: Info log when linking program containing VERTEX minecraft:core/entity, FRAGMENT minecraft:core/entity. Log output: WARNING: Output of vertex shader '_interface_variable_01' not read by fragment shader
WARNING: Output of vertex shader '_interface_variable_00' not read by fragment shader

[16:25:34] [Render thread/INFO]: Info log when linking program containing VERTEX minecraft:core/entity, FRAGMENT minecraft:core/entity. Log output: WARNING: Output of vertex shader '_interface_variable_01' not read by fragment shader
WARNING: Output of vertex shader '_interface_variable_00' not read by fragment shader

[16:25:34] [Render thread/INFO]: Info log when linking program containing VERTEX minecraft:core/particle, FRAGMENT minecraft:core/particle. Log output: WARNING: Output of vertex shader '_interface_variable_01' not read by fragment shader
WARNING: Output of vertex shader '_interface_variable_00' not read by fragment shader

[16:25:34] [Render thread/INFO]: Info log when linking program containing VERTEX minecraft:core/rendertype_crumbling, FRAGMENT minecraft:core/rendertype_crumbling. Log output: WARNING: Output of vertex shader '_interface_variable_01' not read by fragment shader
WARNING: Output of vertex shader '_interface_variable_00' not read by fragment shader

[16:25:34] [Render thread/INFO]: Info log when linking program containing VERTEX minecraft:core/entity, FRAGMENT minecraft:core/entity. Log output: WARNING: Output of vertex shader '_interface_variable_01' not read by fragment shader
WARNING: Output of vertex shader '_interface_variable_00' not read by fragment shader

[16:25:34] [Render thread/INFO]: Info log when linking program containing VERTEX minecraft:core/text, FRAGMENT minecraft:core/text. Log output: WARNING: Output of vertex shader '_interface_variable_01' not read by fragment shader
WARNING: Output of vertex shader '_interface_variable_00' not read by fragment shader

[16:25:34] [Render thread/INFO]: OpenAL initialized on device Mac mini扬声器
[16:25:34] [Render thread/INFO]: Sound engine started
[16:25:34] [Render thread/INFO]: Created: 512x256x0 minecraft:textures/atlas/particles.png-atlas
[16:25:34] [Render thread/INFO]: Created: 256x128x0 minecraft:textures/atlas/celestials.png-atlas
[16:25:34] [Render thread/INFO]: Created: 128x128x0 minecraft:textures/atlas/decorated_pot.png-atlas
[16:25:34] [Render thread/INFO]: Created: 512x256x0 minecraft:textures/atlas/paintings.png-atlas
[16:25:34] [Render thread/INFO]: Created: 1024x512x0 minecraft:textures/atlas/shield_patterns.png-atlas
[16:25:34] [Render thread/INFO]: Created: 1024x512x0 minecraft:textures/atlas/banner_patterns.png-atlas
[16:25:34] [Render thread/INFO]: Created: 2048x2048x4 minecraft:textures/atlas/blocks.png-atlas
[16:25:34] [Render thread/INFO]: Created: 1024x512x0 minecraft:textures/atlas/items.png-atlas
[16:25:34] [Render thread/INFO]: Created: 1024x1024x0 minecraft:textures/atlas/gui.png-atlas
[16:25:34] [Render thread/INFO]: Created: 128x64x0 minecraft:textures/atlas/map_decorations.png-atlas
[16:25:34] [Render thread/INFO]: Created: 512x512x0 minecraft:textures/atlas/chest.png-atlas
[16:25:34] [Render thread/INFO]: Created: 512x512x0 minecraft:textures/atlas/shulker_boxes.png-atlas
[16:25:34] [Render thread/WARN]: Requested post effect does not exist: minecraft:end_of_frame
[16:25:37] [Render thread/INFO]: Reloading ResourceManager: vanilla, vanilla, fabric-advancement-api-v1, fabric-api, fabric-api-base, fabric-api-lookup-api-v1, fabric-biome-api-v1, fabric-block-api-v1, fabric-block-getter-api-v2, fabric-client-gametest-api-v1, fabric-command-api-v2, fabric-content-registries-v0, fabric-convention-tags-v2, fabric-crash-report-info-v1, fabric-creative-tab-api-v1, fabric-data-attachment-api-v1, fabric-data-generation-api-v1, fabric-debug-api-v1, fabric-dimensions-v1, fabric-entity-events-v1, fabric-events-interaction-v0, fabric-game-rule-api-v1, fabric-gametest-api-v1, fabric-item-api-v1, fabric-key-mapping-api-v1, fabric-lifecycle-events-v1, fabric-loot-api-v3, fabric-menu-api-v1, fabric-message-api-v1, fabric-model-loading-api-v1, fabric-networking-api-v1, fabric-object-builder-api-v1, fabric-particles-v1, fabric-permission-api-v1, fabric-recipe-api-v1, fabric-registry-sync-v0, fabric-renderer-api-v1, fabric-renderer-indigo, fabric-rendering-fluids-v1, fabric-rendering-v1, fabric-resource-conditions-api-v1, fabric-resource-loader-v0, fabric-resource-loader-v1, fabric-screen-api-v1, fabric-serialization-api-v1, fabric-sound-api-v1, fabric-tag-api-v1, fabric-transfer-api-v1, fabric-transitive-access-wideners-v1, fabricloader, wildcraft, wildcraft-test
[16:25:37] [Worker-Main-8/INFO]: Found unifont_all_no_pua-17.0.01.hex, loading
[16:25:37] [Worker-Main-9/INFO]: Found unifont_pua-17.0.01.hex, loading
[16:25:37] [Server thread/INFO]: Saving and pausing game...
[16:25:37] [Render thread/INFO]: Info log when linking program containing VERTEX minecraft:core/terrain, FRAGMENT minecraft:core/terrain. Log output: WARNING: Output of vertex shader '_interface_variable_01' not read by fragment shader
WARNING: Output of vertex shader '_interface_variable_00' not read by fragment shader
WARNING: Output of vertex shader '_interface_variable_04' not read by fragment shader

[16:25:37] [Render thread/INFO]: Info log when linking program containing VERTEX minecraft:core/rendertype_crumbling, FRAGMENT minecraft:core/rendertype_crumbling. Log output: WARNING: Output of vertex shader '_interface_variable_01' not read by fragment shader
WARNING: Output of vertex shader '_interface_variable_00' not read by fragment shader

[16:25:37] [Render thread/INFO]: Info log when linking program containing VERTEX minecraft:core/entity, FRAGMENT minecraft:core/entity. Log output: WARNING: Output of vertex shader '_interface_variable_01' not read by fragment shader
WARNING: Output of vertex shader '_interface_variable_00' not read by fragment shader

[16:25:37] [Server thread/INFO]: Saving chunks for level 'ServerLevel[New World]'/minecraft:overworld
[16:25:37] [Render thread/INFO]: Info log when linking program containing VERTEX minecraft:core/rendertype_lines, FRAGMENT minecraft:core/rendertype_lines. Log output: WARNING: Output of vertex shader '_interface_variable_01' not read by fragment shader
WARNING: Output of vertex shader '_interface_variable_00' not read by fragment shader

[16:25:37] [Server thread/INFO]: Saving chunks for level 'ServerLevel[New World]'/minecraft:the_end
[16:25:37] [Server thread/INFO]: Saving chunks for level 'ServerLevel[New World]'/minecraft:the_nether
[16:25:37] [Worker-Main-8/INFO]: Found unifont_jp_patch-17.0.01.hex, loading
[16:25:37] [Render thread/INFO]: Info log when linking program containing VERTEX minecraft:core/terrain, FRAGMENT minecraft:core/terrain. Log output: WARNING: Output of vertex shader '_interface_variable_01' not read by fragment shader
WARNING: Output of vertex shader '_interface_variable_00' not read by fragment shader
WARNING: Output of vertex shader '_interface_variable_04' not read by fragment shader

[16:25:37] [Render thread/INFO]: Info log when linking program containing VERTEX minecraft:core/entity, FRAGMENT minecraft:core/entity. Log output: WARNING: Output of vertex shader '_interface_variable_01' not read by fragment shader
WARNING: Output of vertex shader '_interface_variable_00' not read by fragment shader

[16:25:37] [Render thread/INFO]: Info log when linking program containing VERTEX minecraft:core/text, FRAGMENT minecraft:core/text. Log output: WARNING: Output of vertex shader '_interface_variable_01' not read by fragment shader
WARNING: Output of vertex shader '_interface_variable_00' not read by fragment shader

[16:25:37] [Render thread/INFO]: Info log when linking program containing VERTEX minecraft:core/text, FRAGMENT minecraft:core/text. Log output: WARNING: Output of vertex shader '_interface_variable_01' not read by fragment shader
WARNING: Output of vertex shader '_interface_variable_00' not read by fragment shader

[16:25:37] [Render thread/INFO]: Info log when linking program containing VERTEX minecraft:core/block, FRAGMENT minecraft:core/block. Log output: WARNING: Output of vertex shader '_interface_variable_01' not read by fragment shader
WARNING: Output of vertex shader '_interface_variable_00' not read by fragment shader

[16:25:37] [Render thread/INFO]: Info log when linking program containing VERTEX minecraft:core/entity, FRAGMENT minecraft:core/entity. Log output: WARNING: Output of vertex shader '_interface_variable_01' not read by fragment shader
WARNING: Output of vertex shader '_interface_variable_00' not read by fragment shader

[16:25:37] [Render thread/INFO]: Info log when linking program containing VERTEX minecraft:core/particle, FRAGMENT minecraft:core/particle. Log output: WARNING: Output of vertex shader '_interface_variable_01' not read by fragment shader
WARNING: Output of vertex shader '_interface_variable_00' not read by fragment shader

[16:25:37] [Render thread/INFO]: Info log when linking program containing VERTEX minecraft:core/rendertype_entity_shadow, FRAGMENT minecraft:core/rendertype_entity_shadow. Log output: WARNING: Output of vertex shader '_interface_variable_01' not read by fragment shader
WARNING: Output of vertex shader '_interface_variable_00' not read by fragment shader

[16:25:37] [Render thread/INFO]: Info log when linking program containing VERTEX minecraft:core/screenquad, FRAGMENT minecraft:core/oit_composite. Log output: WARNING: Output of vertex shader '_interface_variable_00' not read by fragment shader

[16:25:37] [Render thread/INFO]: Info log when linking program containing VERTEX minecraft:core/screenquad, FRAGMENT minecraft:core/integrate_depth. Log output: WARNING: Output of vertex shader '_interface_variable_00' not read by fragment shader

[16:25:37] [Render thread/INFO]: Info log when linking program containing VERTEX minecraft:core/entity, FRAGMENT minecraft:core/entity. Log output: WARNING: Output of vertex shader '_interface_variable_01' not read by fragment shader
WARNING: Output of vertex shader '_interface_variable_00' not read by fragment shader

[16:25:37] [Render thread/INFO]: Info log when linking program containing VERTEX minecraft:core/terrain, FRAGMENT minecraft:core/terrain. Log output: WARNING: Output of vertex shader '_interface_variable_01' not read by fragment shader
WARNING: Output of vertex shader '_interface_variable_00' not read by fragment shader
WARNING: Output of vertex shader '_interface_variable_04' not read by fragment shader

[16:25:37] [Render thread/INFO]: Info log when linking program containing VERTEX minecraft:core/animate_sprite, FRAGMENT minecraft:core/animate_sprite_blit. Log output: WARNING: Output of vertex shader '_interface_variable_00' not read by fragment shader

[16:25:37] [Render thread/INFO]: Info log when linking program containing VERTEX minecraft:core/entity, FRAGMENT minecraft:core/entity. Log output: WARNING: Output of vertex shader '_interface_variable_01' not read by fragment shader
WARNING: Output of vertex shader '_interface_variable_00' not read by fragment shader

[16:25:37] [Render thread/INFO]: Info log when linking program containing VERTEX minecraft:core/entity, FRAGMENT minecraft:core/entity. Log output: WARNING: Output of vertex shader '_interface_variable_01' not read by fragment shader
WARNING: Output of vertex shader '_interface_variable_00' not read by fragment shader

[16:25:37] [Render thread/INFO]: Info log when linking program containing VERTEX minecraft:core/particle, FRAGMENT minecraft:core/particle. Log output: WARNING: Output of vertex shader '_interface_variable_01' not read by fragment shader
WARNING: Output of vertex shader '_interface_variable_00' not read by fragment shader

[16:25:37] [Render thread/INFO]: Info log when linking program containing VERTEX minecraft:core/entity, FRAGMENT minecraft:core/entity. Log output: WARNING: Output of vertex shader '_interface_variable_01' not read by fragment shader
WARNING: Output of vertex shader '_interface_variable_00' not read by fragment shader

[16:25:37] [Render thread/INFO]: Info log when linking program containing VERTEX minecraft:core/clouds, FRAGMENT minecraft:core/clouds. Log output: WARNING: Output of vertex shader '_interface_variable_00' not read by fragment shader

[16:25:37] [Render thread/INFO]: Info log when linking program containing VERTEX minecraft:core/screenquad, FRAGMENT minecraft:core/oit_depth_bounds_cull. Log output: WARNING: Output of vertex shader '_interface_variable_00' not read by fragment shader

[16:25:37] [Render thread/INFO]: Info log when linking program containing VERTEX minecraft:core/block, FRAGMENT minecraft:core/block. Log output: WARNING: Output of vertex shader '_interface_variable_01' not read by fragment shader
WARNING: Output of vertex shader '_interface_variable_00' not read by fragment shader

[16:25:37] [Render thread/INFO]: Info log when linking program containing VERTEX minecraft:core/text, FRAGMENT minecraft:core/text. Log output: WARNING: Output of vertex shader '_interface_variable_01' not read by fragment shader
WARNING: Output of vertex shader '_interface_variable_00' not read by fragment shader

[16:25:37] [Render thread/INFO]: Info log when linking program containing VERTEX minecraft:core/text, FRAGMENT minecraft:core/text. Log output: WARNING: Output of vertex shader '_interface_variable_01' not read by fragment shader
WARNING: Output of vertex shader '_interface_variable_00' not read by fragment shader

[16:25:37] [Render thread/INFO]: Info log when linking program containing VERTEX minecraft:core/entity, FRAGMENT minecraft:core/entity. Log output: WARNING: Output of vertex shader '_interface_variable_01' not read by fragment shader
WARNING: Output of vertex shader '_interface_variable_00' not read by fragment shader

[16:25:37] [Render thread/INFO]: Info log when linking program containing VERTEX minecraft:core/text, FRAGMENT minecraft:core/text. Log output: WARNING: Output of vertex shader '_interface_variable_01' not read by fragment shader
WARNING: Output of vertex shader '_interface_variable_00' not read by fragment shader

[16:25:37] [Render thread/INFO]: Info log when linking program containing VERTEX minecraft:core/text, FRAGMENT minecraft:core/text. Log output: WARNING: Output of vertex shader '_interface_variable_01' not read by fragment shader
WARNING: Output of vertex shader '_interface_variable_00' not read by fragment shader

[16:25:37] [Render thread/INFO]: Info log when linking program containing VERTEX minecraft:core/terrain, FRAGMENT minecraft:core/terrain. Log output: WARNING: Output of vertex shader '_interface_variable_01' not read by fragment shader
WARNING: Output of vertex shader '_interface_variable_00' not read by fragment shader
WARNING: Output of vertex shader '_interface_variable_04' not read by fragment shader

[16:25:37] [Render thread/INFO]: Info log when linking program containing VERTEX minecraft:core/clouds, FRAGMENT minecraft:core/clouds. Log output: WARNING: Output of vertex shader '_interface_variable_00' not read by fragment shader

[16:25:37] [Render thread/INFO]: Info log when linking program containing VERTEX minecraft:core/rendertype_entity_shadow, FRAGMENT minecraft:core/rendertype_entity_shadow. Log output: WARNING: Output of vertex shader '_interface_variable_01' not read by fragment shader
WARNING: Output of vertex shader '_interface_variable_00' not read by fragment shader

[16:25:37] [Render thread/INFO]: Info log when linking program containing VERTEX minecraft:core/rendertype_lines, FRAGMENT minecraft:core/rendertype_lines. Log output: WARNING: Output of vertex shader '_interface_variable_01' not read by fragment shader
WARNING: Output of vertex shader '_interface_variable_00' not read by fragment shader

[16:25:37] [Render thread/INFO]: Info log when linking program containing VERTEX minecraft:core/entity, FRAGMENT minecraft:core/entity. Log output: WARNING: Output of vertex shader '_interface_variable_01' not read by fragment shader
WARNING: Output of vertex shader '_interface_variable_00' not read by fragment shader

[16:25:37] [Render thread/INFO]: Info log when linking program containing VERTEX minecraft:core/particle, FRAGMENT minecraft:core/particle. Log output: WARNING: Output of vertex shader '_interface_variable_01' not read by fragment shader
WARNING: Output of vertex shader '_interface_variable_00' not read by fragment shader

[16:25:37] [Render thread/INFO]: Info log when linking program containing VERTEX minecraft:core/text, FRAGMENT minecraft:core/text. Log output: WARNING: Output of vertex shader '_interface_variable_01' not read by fragment shader
WARNING: Output of vertex shader '_interface_variable_00' not read by fragment shader

[16:25:37] [Render thread/INFO]: Info log when linking program containing VERTEX minecraft:core/entity, FRAGMENT minecraft:core/entity. Log output: WARNING: Output of vertex shader '_interface_variable_01' not read by fragment shader
WARNING: Output of vertex shader '_interface_variable_00' not read by fragment shader

[16:25:37] [Render thread/INFO]: Info log when linking program containing VERTEX minecraft:core/particle, FRAGMENT minecraft:core/particle. Log output: WARNING: Output of vertex shader '_interface_variable_01' not read by fragment shader
WARNING: Output of vertex shader '_interface_variable_00' not read by fragment shader

[16:25:37] [Render thread/INFO]: Info log when linking program containing VERTEX minecraft:core/entity, FRAGMENT minecraft:core/entity. Log output: WARNING: Output of vertex shader '_interface_variable_01' not read by fragment shader
WARNING: Output of vertex shader '_interface_variable_00' not read by fragment shader

[16:25:37] [Render thread/INFO]: Info log when linking program containing VERTEX minecraft:core/rendertype_crumbling, FRAGMENT minecraft:core/rendertype_crumbling. Log output: WARNING: Output of vertex shader '_interface_variable_01' not read by fragment shader
WARNING: Output of vertex shader '_interface_variable_00' not read by fragment shader

[16:25:37] [Render thread/INFO]: Info log when linking program containing VERTEX minecraft:core/entity, FRAGMENT minecraft:core/entity. Log output: WARNING: Output of vertex shader '_interface_variable_01' not read by fragment shader
WARNING: Output of vertex shader '_interface_variable_00' not read by fragment shader

[16:25:37] [Render thread/INFO]: Info log when linking program containing VERTEX minecraft:core/text, FRAGMENT minecraft:core/text. Log output: WARNING: Output of vertex shader '_interface_variable_01' not read by fragment shader
WARNING: Output of vertex shader '_interface_variable_00' not read by fragment shader

[16:25:37] [Render thread/INFO]: OpenAL initialized on device Mac mini扬声器
[16:25:37] [Render thread/INFO]: Sound engine started
[16:25:37] [Render thread/INFO]: Created: 512x256x0 minecraft:textures/atlas/particles.png-atlas
[16:25:37] [Render thread/INFO]: Created: 256x128x0 minecraft:textures/atlas/celestials.png-atlas
[16:25:37] [Render thread/INFO]: Created: 128x128x0 minecraft:textures/atlas/decorated_pot.png-atlas
[16:25:37] [Render thread/INFO]: Created: 512x256x0 minecraft:textures/atlas/paintings.png-atlas
[16:25:37] [Render thread/INFO]: Created: 1024x512x0 minecraft:textures/atlas/shield_patterns.png-atlas
[16:25:37] [Render thread/INFO]: Created: 1024x512x0 minecraft:textures/atlas/banner_patterns.png-atlas
[16:25:37] [Render thread/INFO]: Created: 2048x2048x4 minecraft:textures/atlas/blocks.png-atlas
[16:25:37] [Render thread/INFO]: Created: 1024x512x0 minecraft:textures/atlas/items.png-atlas
[16:25:37] [Render thread/INFO]: Created: 1024x1024x0 minecraft:textures/atlas/gui.png-atlas
[16:25:37] [Render thread/INFO]: Created: 128x64x0 minecraft:textures/atlas/map_decorations.png-atlas
[16:25:37] [Render thread/INFO]: Created: 512x512x0 minecraft:textures/atlas/chest.png-atlas
[16:25:37] [Render thread/INFO]: Created: 512x512x0 minecraft:textures/atlas/shulker_boxes.png-atlas
[16:25:37] [Render thread/WARN]: Requested post effect does not exist: minecraft:end_of_frame
[16:25:41] [Server thread/INFO]: Player164 lost connection: Disconnected
[16:25:41] [Server thread/INFO]: System chat: Player164 left the game
[16:25:41] [Server thread/INFO]: Stopping singleplayer server as player logged out
[16:25:41] [Server thread/INFO]: Stopping server
[16:25:41] [Server thread/INFO]: Saving players
[16:25:41] [Server thread/INFO]: Saving worlds
[16:25:41] [Server thread/INFO]: Saving chunks for level 'ServerLevel[New World]'/minecraft:overworld
[16:25:41] [Server thread/INFO]: Saving chunks for level 'ServerLevel[New World]'/minecraft:the_end
[16:25:41] [Server thread/INFO]: Saving chunks for level 'ServerLevel[New World]'/minecraft:the_nether
[16:25:42] [Render thread/INFO]: World loading finished: null screen: net.minecraft.client.gui.screens.GenericMessageScreen@4b40bad2
[16:25:42] [Worker-Main-2/INFO]: Loaded 1872 advancements
[16:25:42] [Render thread/INFO]: Applied 0 biome modifications to 0 of 67 new biomes in 260.8 μs
[16:25:42] [Server thread/INFO]: Starting integrated minecraft server version 26.3
[16:25:42] [Server thread/INFO]: Generating keypair
[16:25:42] [Server thread/INFO]: Loading 0 persistent chunks...
[16:25:42] [Server thread/INFO]: Saving chunks for level 'ServerLevel[New World]'/minecraft:overworld
[16:25:42] [Server thread/INFO]: Saving chunks for level 'ServerLevel[New World]'/minecraft:the_end
[16:25:42] [Server thread/INFO]: Saving chunks for level 'ServerLevel[New World]'/minecraft:the_nether
[16:25:42] [Render thread/INFO]: World loading finished: null screen: net.minecraft.client.gui.screens.LevelLoadingScreen@c36e151
[16:25:42] [Render thread/INFO]: World loading finished: null screen: net.minecraft.client.gui.screens.LevelLoadingScreen@c36e151
[16:25:42] [Render thread/INFO]: World loading finished: null screen: net.minecraft.client.gui.screens.LevelLoadingScreen@c36e151
[16:25:42] [Render thread/INFO]: World loading finished: null screen: net.minecraft.client.gui.screens.LevelLoadingScreen@c36e151
[16:25:42] [Server thread/INFO]: Loading 49 chunks for player spawn...
[16:25:42] [Server thread/INFO]: Preparing spawn area: 16%
[16:25:42] [Render thread/INFO]: World loading finished: null screen: net.minecraft.client.gui.screens.LevelLoadingScreen@c36e151
[16:25:42] [Server thread/INFO]: Time elapsed: 269 ms
[16:25:42] [Render thread/INFO]: World loading finished: null screen: net.minecraft.client.gui.screens.LevelLoadingScreen@c36e151
[16:25:42] [Server thread/INFO]: Player164[local:E:064b16c7] logged in with entity id 13 at (0.5, -48.190513258107906, 0.5)
[16:25:42] [Server thread/INFO]: System chat: Player164 joined the game
[16:25:42] [Server thread/INFO]: Changing view distance to 5, from 10
[16:25:42] [Server thread/INFO]: Changing simulation distance to 12, from 0
[16:25:42] [Render thread/INFO]: World loading finished: ClientLevel screen: net.minecraft.client.gui.screens.LevelLoadingScreen@c36e151
[16:25:42] [Render thread/INFO]: Loaded 2 advancements
[16:25:42] [Render thread/INFO]: World loading finished: ClientLevel screen: net.minecraft.client.gui.screens.LevelLoadingScreen@c36e151
[16:25:42] [Render thread/INFO]: World loading finished: ClientLevel screen: net.minecraft.client.gui.screens.LevelLoadingScreen@c36e151
[16:25:42] [Render thread/INFO]: World loading finished: ClientLevel screen: null
[16:25:43] [Server thread/INFO]: System chat: Player164 has made the advancement [We Need to Go Deeper]
[16:25:43] [Render thread/INFO]: [System] [CHAT] Player164 has made the advancement [We Need to Go Deeper]
[16:25:43] [Render thread/INFO]: Loaded 29 advancements
[16:25:43] [Server thread/INFO]: System chat: Killed Player164
[16:25:47] [Server thread/INFO]: System chat: Player164 fell from a high place
[16:25:47] [Render thread/INFO]: [System] [CHAT] Player164 fell from a high place
[16:25:48] [Server thread/INFO]: System chat: Consumed 40.0 stamina
[16:25:51] [Server thread/INFO]: Player164 lost connection: Disconnected
[16:25:51] [Server thread/INFO]: System chat: Player164 left the game
[16:25:51] [Server thread/INFO]: Stopping singleplayer server as player logged out
[16:25:51] [Server thread/INFO]: Stopping server
[16:25:51] [Server thread/INFO]: Saving players
[16:25:51] [Server thread/INFO]: Saving worlds
[16:25:51] [Server thread/INFO]: Saving chunks for level 'ServerLevel[New World]'/minecraft:overworld
[16:25:51] [Server thread/INFO]: Saving chunks for level 'ServerLevel[New World]'/minecraft:the_end
[16:25:51] [Server thread/INFO]: Saving chunks for level 'ServerLevel[New World]'/minecraft:the_nether
[16:25:51] [Worker-Main-5/INFO]: Loaded 1872 advancements
[16:25:51] [Thread-3/WARN]: Unable to parse version 27.0 to a codename.
[16:25:51] [Thread-3/INFO]: Environment: Environment[discoveryUrl=https://discovery.minecraftservices.com/minecraft/client, name=PROD]
[16:25:52] [Worker-Main-8/INFO]: Loaded 1872 advancements
[16:25:52] [Thread-3/INFO]: Applied 0 biome modifications to 0 of 67 new biomes in 141.5 μs
[16:25:52] [Server thread/INFO]: Starting minecraft server version 26.3
[16:25:52] [Server thread/INFO]: Loading properties
[16:25:52] [Server thread/INFO]: Default game type: SURVIVAL
[16:25:52] [Server thread/INFO]: Generating keypair
[16:25:52] [Server thread/INFO]: Starting Minecraft server on 127.0.0.1:57873
[16:25:52] [Server thread/WARN]: **** SERVER IS RUNNING IN OFFLINE/INSECURE MODE!
[16:25:52] [Server thread/WARN]: The server will make no attempt to authenticate usernames. Beware.
[16:25:52] [Server thread/WARN]: While this makes the game possible to play without internet access, it also opens up the ability for hackers to connect with any username they choose.
[16:25:52] [Server thread/WARN]: To change this, set "online-mode" to "true" in the server.properties file.
[16:25:52] [Server thread/INFO]: Preparing level "world"
[16:25:52] [Server thread/INFO]: Selecting global world spawn...
[16:25:52] [Server thread/INFO]: Loading 0 persistent chunks...
[16:25:52] [Server thread/INFO]: Preparing spawn area: 100%
[16:25:52] [Server thread/INFO]: Time elapsed: 42 ms
[16:25:52] [Server thread/INFO]: Done (0.043s)! For help, type "help"
[16:25:52] [Server thread/INFO]: Saving chunks for level 'ServerLevel[New World]'/minecraft:overworld
[16:25:52] [Server thread/INFO]: Saving chunks for level 'ServerLevel[New World]'/minecraft:the_end
[16:25:52] [Server thread/INFO]: Saving chunks for level 'ServerLevel[New World]'/minecraft:the_nether
[16:25:52] [Render thread/INFO]: Connecting to localhost, 57873
[16:25:52] [Render thread/INFO]: World loading finished: null screen: net.minecraft.client.gui.screens.ConnectScreen@42e20e4d
[16:25:52] [Render thread/INFO]: World loading finished: null screen: net.minecraft.client.gui.screens.ConnectScreen@42e20e4d
[16:25:52] [Render thread/INFO]: World loading finished: null screen: net.minecraft.client.gui.screens.ConnectScreen@42e20e4d
[16:25:52] [Render thread/INFO]: World loading finished: null screen: net.minecraft.client.gui.screens.ConnectScreen@42e20e4d
[16:25:52] [Render thread/INFO]: World loading finished: null screen: net.minecraft.client.gui.screens.ConnectScreen@42e20e4d
[16:25:52] [Render thread/INFO]: World loading finished: null screen: net.minecraft.client.gui.screens.ConnectScreen@42e20e4d
[16:25:52] [Render thread/INFO]: World loading finished: null screen: net.minecraft.client.gui.screens.ConnectScreen@42e20e4d
[16:25:52] [Render thread/INFO]: World loading finished: null screen: net.minecraft.client.gui.screens.ConnectScreen@42e20e4d
[16:25:52] [Render thread/INFO]: World loading finished: null screen: net.minecraft.client.gui.screens.ConnectScreen@42e20e4d
[16:25:52] [Render thread/INFO]: World loading finished: null screen: net.minecraft.client.gui.screens.ConnectScreen@42e20e4d
[16:25:52] [Server thread/INFO]: Player164[/127.0.0.1:57904] logged in with entity id 18 at (0.5, -60.0, 0.5)
[16:25:52] [Server thread/INFO]: System chat: Player164 joined the game
[16:25:52] [Render thread/INFO]: Loaded 2 advancements
[16:25:52] [Render thread/INFO]: World loading finished: ClientLevel screen: net.minecraft.client.gui.screens.LevelLoadingScreen@681dca89
[16:25:52] [Render thread/INFO]: World loading finished: ClientLevel screen: net.minecraft.client.gui.screens.LevelLoadingScreen@681dca89
[16:25:52] [Render thread/INFO]: World loading finished: ClientLevel screen: null
[16:25:53] [Server thread/INFO]: System chat: Set 30 experience levels on Player164
[16:25:53] [Server thread/INFO]: System chat: Set 5 experience levels on Player164
[16:25:53] [Server thread/INFO]: System chat: Stamina refilled
[16:25:53] [Server thread/INFO]: System chat: Consumed 118.0 stamina
[16:25:53] [Server thread/INFO]: Player164 lost connection: Disconnected
[16:25:53] [Server thread/INFO]: System chat: Player164 left the game
[16:25:53] [Render thread/INFO]: Connecting to localhost, 57873
[16:25:53] [Render thread/INFO]: World loading finished: null screen: net.minecraft.client.gui.screens.ConnectScreen@7fc63b0
[16:25:53] [Render thread/INFO]: World loading finished: null screen: net.minecraft.client.gui.screens.ConnectScreen@7fc63b0
[16:25:53] [Render thread/INFO]: World loading finished: null screen: net.minecraft.client.gui.screens.ConnectScreen@7fc63b0
[16:25:53] [Render thread/INFO]: World loading finished: null screen: net.minecraft.client.gui.screens.ConnectScreen@7fc63b0
[16:25:53] [Server thread/INFO]: Player164[/127.0.0.1:57942] logged in with entity id 19 at (0.5, -48.0, 0.5)
[16:25:53] [Server thread/INFO]: System chat: Player164 joined the game
[16:25:53] [Render thread/INFO]: Loaded 2 advancements
[16:25:53] [Render thread/INFO]: World loading finished: ClientLevel screen: net.minecraft.client.gui.screens.LevelLoadingScreen@9971cfe
[16:25:53] [Render thread/INFO]: World loading finished: ClientLevel screen: null
[16:25:54] [Server thread/INFO]: Player164 lost connection: Disconnected
[16:25:54] [Server thread/INFO]: System chat: Player164 left the game
[16:25:54] [Server thread/INFO]: Stopping server
[16:25:54] [Server thread/INFO]: Saving players
[16:25:54] [Server thread/INFO]: Saving worlds
[16:25:54] [Server thread/INFO]: Saving chunks for level 'ServerLevel[New World]'/minecraft:overworld
[16:25:54] [Server thread/INFO]: Saving chunks for level 'ServerLevel[New World]'/minecraft:the_end
[16:25:54] [Server thread/INFO]: Saving chunks for level 'ServerLevel[New World]'/minecraft:the_nether
[16:25:54] [Test thread/INFO]: [STDOUT]: WILDCRAFT P1 real HUD/XP/save/restart/dimension/death/TCP reconnect checks passed
[16:25:54] [Worker-Main-7/INFO]: Loaded 1872 advancements
[16:25:54] [Render thread/INFO]: World loading finished: null screen: net.minecraft.client.gui.screens.GenericMessageScreen@7e173b
[16:25:54] [Render thread/INFO]: Applied 0 biome modifications to 0 of 67 new biomes in 162.7 μs
[16:25:54] [Server thread/INFO]: Starting integrated minecraft server version 26.3
[16:25:54] [Server thread/INFO]: Generating keypair
[16:25:54] [Server thread/INFO]: Selecting global world spawn...
[16:25:54] [Server thread/INFO]: Loading 0 persistent chunks...
[16:25:54] [Server thread/INFO]: Preparing spawn area: 16%
[16:25:54] [Server thread/INFO]: Saving chunks for level 'ServerLevel[New World]'/minecraft:overworld
[16:25:54] [Server thread/INFO]: Saving chunks for level 'ServerLevel[New World]'/minecraft:the_end
[16:25:54] [Server thread/INFO]: Saving chunks for level 'ServerLevel[New World]'/minecraft:the_nether
[16:25:55] [Render thread/INFO]: World loading finished: null screen: net.minecraft.client.gui.screens.LevelLoadingScreen@6a0e33d2
[16:25:55] [Render thread/INFO]: World loading finished: null screen: net.minecraft.client.gui.screens.LevelLoadingScreen@6a0e33d2
[16:25:55] [Render thread/INFO]: World loading finished: null screen: net.minecraft.client.gui.screens.LevelLoadingScreen@6a0e33d2
[16:25:55] [Render thread/INFO]: World loading finished: null screen: net.minecraft.client.gui.screens.LevelLoadingScreen@6a0e33d2
[16:25:55] [Server thread/INFO]: Loading 48 chunks for player spawn...
[16:25:55] [Render thread/INFO]: World loading finished: null screen: net.minecraft.client.gui.screens.LevelLoadingScreen@6a0e33d2
[16:25:55] [Render thread/INFO]: World loading finished: null screen: net.minecraft.client.gui.screens.LevelLoadingScreen@6a0e33d2
[16:25:55] [Server thread/INFO]: Time elapsed: 377 ms
[16:25:55] [Render thread/INFO]: World loading finished: null screen: net.minecraft.client.gui.screens.LevelLoadingScreen@6a0e33d2
[16:25:55] [Server thread/INFO]: Player164[local:E:f066fc5a] logged in with entity id 20 at (0.5, -60.0, 0.5)
[16:25:55] [Server thread/INFO]: System chat: Player164 joined the game
[16:25:55] [Server thread/INFO]: Changing view distance to 5, from 10
[16:25:55] [Server thread/INFO]: Changing simulation distance to 12, from 0
[16:25:55] [Render thread/INFO]: World loading finished: ClientLevel screen: net.minecraft.client.gui.screens.LevelLoadingScreen@6a0e33d2
[16:25:55] [Render thread/INFO]: Loaded 2 advancements
[16:25:55] [Render thread/INFO]: World loading finished: ClientLevel screen: net.minecraft.client.gui.screens.LevelLoadingScreen@6a0e33d2
[16:25:55] [Render thread/INFO]: World loading finished: ClientLevel screen: net.minecraft.client.gui.screens.LevelLoadingScreen@6a0e33d2
[16:25:55] [Render thread/INFO]: World loading finished: ClientLevel screen: net.minecraft.client.gui.screens.LevelLoadingScreen@6a0e33d2
[16:25:55] [Render thread/INFO]: World loading finished: ClientLevel screen: net.minecraft.client.gui.screens.LevelLoadingScreen@6a0e33d2
[16:25:55] [Render thread/INFO]: World loading finished: ClientLevel screen: net.minecraft.client.gui.screens.LevelLoadingScreen@6a0e33d2
[16:25:55] [Render thread/INFO]: World loading finished: ClientLevel screen: net.minecraft.client.gui.screens.LevelLoadingScreen@6a0e33d2
[16:25:55] [Render thread/INFO]: World loading finished: ClientLevel screen: net.minecraft.client.gui.screens.LevelLoadingScreen@6a0e33d2
[16:25:55] [Render thread/INFO]: World loading finished: ClientLevel screen: net.minecraft.client.gui.screens.LevelLoadingScreen@6a0e33d2
[16:25:55] [Render thread/INFO]: World loading finished: ClientLevel screen: net.minecraft.client.gui.screens.LevelLoadingScreen@6a0e33d2
[16:25:55] [Render thread/INFO]: World loading finished: ClientLevel screen: net.minecraft.client.gui.screens.LevelLoadingScreen@6a0e33d2
[16:25:55] [Render thread/INFO]: World loading finished: ClientLevel screen: net.minecraft.client.gui.screens.LevelLoadingScreen@6a0e33d2
[16:25:55] [Render thread/INFO]: World loading finished: ClientLevel screen: net.minecraft.client.gui.screens.LevelLoadingScreen@6a0e33d2
[16:25:56] [Render thread/INFO]: World loading finished: ClientLevel screen: net.minecraft.client.gui.screens.LevelLoadingScreen@6a0e33d2
[16:25:56] [Render thread/INFO]: World loading finished: ClientLevel screen: net.minecraft.client.gui.screens.LevelLoadingScreen@6a0e33d2
[16:25:56] [Render thread/INFO]: World loading finished: ClientLevel screen: net.minecraft.client.gui.screens.LevelLoadingScreen@6a0e33d2
[16:25:56] [Render thread/INFO]: World loading finished: ClientLevel screen: null
[16:25:56] [Server thread/INFO]: System chat: Set minecraft:overworld to time marker minecraft:day
[16:25:56] [Render thread/INFO]: Reloading ResourceManager: vanilla, vanilla, fabric-advancement-api-v1, fabric-api, fabric-api-base, fabric-api-lookup-api-v1, fabric-biome-api-v1, fabric-block-api-v1, fabric-block-getter-api-v2, fabric-client-gametest-api-v1, fabric-command-api-v2, fabric-content-registries-v0, fabric-convention-tags-v2, fabric-crash-report-info-v1, fabric-creative-tab-api-v1, fabric-data-attachment-api-v1, fabric-data-generation-api-v1, fabric-debug-api-v1, fabric-dimensions-v1, fabric-entity-events-v1, fabric-events-interaction-v0, fabric-game-rule-api-v1, fabric-gametest-api-v1, fabric-item-api-v1, fabric-key-mapping-api-v1, fabric-lifecycle-events-v1, fabric-loot-api-v3, fabric-menu-api-v1, fabric-message-api-v1, fabric-model-loading-api-v1, fabric-networking-api-v1, fabric-object-builder-api-v1, fabric-particles-v1, fabric-permission-api-v1, fabric-recipe-api-v1, fabric-registry-sync-v0, fabric-renderer-api-v1, fabric-renderer-indigo, fabric-rendering-fluids-v1, fabric-rendering-v1, fabric-resource-conditions-api-v1, fabric-resource-loader-v0, fabric-resource-loader-v1, fabric-screen-api-v1, fabric-serialization-api-v1, fabric-sound-api-v1, fabric-tag-api-v1, fabric-transfer-api-v1, fabric-transitive-access-wideners-v1, fabricloader, wildcraft, wildcraft-test
[16:25:56] [Worker-Main-2/INFO]: Found unifont_all_no_pua-17.0.01.hex, loading
[16:25:56] [Worker-Main-8/INFO]: Found unifont_pua-17.0.01.hex, loading
[16:25:56] [Server thread/INFO]: Saving and pausing game...
[16:25:56] [Server thread/INFO]: Saving chunks for level 'ServerLevel[New World]'/minecraft:overworld
[16:25:56] [Render thread/INFO]: Info log when linking program containing VERTEX minecraft:core/terrain, FRAGMENT minecraft:core/terrain. Log output: WARNING: Output of vertex shader '_interface_variable_01' not read by fragment shader
WARNING: Output of vertex shader '_interface_variable_00' not read by fragment shader
WARNING: Output of vertex shader '_interface_variable_04' not read by fragment shader

[16:25:56] [Server thread/INFO]: Saving chunks for level 'ServerLevel[New World]'/minecraft:the_end
[16:25:56] [Server thread/INFO]: Saving chunks for level 'ServerLevel[New World]'/minecraft:the_nether
[16:25:56] [Render thread/INFO]: Info log when linking program containing VERTEX minecraft:core/entity, FRAGMENT minecraft:core/entity. Log output: WARNING: Output of vertex shader '_interface_variable_01' not read by fragment shader
WARNING: Output of vertex shader '_interface_variable_00' not read by fragment shader

[16:25:56] [Render thread/INFO]: Info log when linking program containing VERTEX minecraft:core/rendertype_lines, FRAGMENT minecraft:core/rendertype_lines. Log output: WARNING: Output of vertex shader '_interface_variable_01' not read by fragment shader
WARNING: Output of vertex shader '_interface_variable_00' not read by fragment shader

[16:25:56] [Render thread/INFO]: Info log when linking program containing VERTEX minecraft:core/rendertype_crumbling, FRAGMENT minecraft:core/rendertype_crumbling. Log output: WARNING: Output of vertex shader '_interface_variable_01' not read by fragment shader
WARNING: Output of vertex shader '_interface_variable_00' not read by fragment shader

[16:25:56] [Render thread/INFO]: Info log when linking program containing VERTEX minecraft:core/terrain, FRAGMENT minecraft:core/terrain. Log output: WARNING: Output of vertex shader '_interface_variable_01' not read by fragment shader
WARNING: Output of vertex shader '_interface_variable_00' not read by fragment shader
WARNING: Output of vertex shader '_interface_variable_04' not read by fragment shader

[16:25:56] [Render thread/INFO]: Info log when linking program containing VERTEX minecraft:core/entity, FRAGMENT minecraft:core/entity. Log output: WARNING: Output of vertex shader '_interface_variable_01' not read by fragment shader
WARNING: Output of vertex shader '_interface_variable_00' not read by fragment shader

[16:25:56] [Render thread/INFO]: Info log when linking program containing VERTEX minecraft:core/text, FRAGMENT minecraft:core/text. Log output: WARNING: Output of vertex shader '_interface_variable_01' not read by fragment shader
WARNING: Output of vertex shader '_interface_variable_00' not read by fragment shader

[16:25:56] [Worker-Main-2/INFO]: Found unifont_jp_patch-17.0.01.hex, loading
[16:25:56] [Render thread/INFO]: Info log when linking program containing VERTEX minecraft:core/text, FRAGMENT minecraft:core/text. Log output: WARNING: Output of vertex shader '_interface_variable_01' not read by fragment shader
WARNING: Output of vertex shader '_interface_variable_00' not read by fragment shader

[16:25:56] [Render thread/INFO]: Info log when linking program containing VERTEX minecraft:core/block, FRAGMENT minecraft:core/block. Log output: WARNING: Output of vertex shader '_interface_variable_01' not read by fragment shader
WARNING: Output of vertex shader '_interface_variable_00' not read by fragment shader

[16:25:56] [Render thread/INFO]: Info log when linking program containing VERTEX minecraft:core/particle, FRAGMENT minecraft:core/particle. Log output: WARNING: Output of vertex shader '_interface_variable_01' not read by fragment shader
WARNING: Output of vertex shader '_interface_variable_00' not read by fragment shader

[16:25:56] [Render thread/INFO]: Info log when linking program containing VERTEX minecraft:core/rendertype_entity_shadow, FRAGMENT minecraft:core/rendertype_entity_shadow. Log output: WARNING: Output of vertex shader '_interface_variable_01' not read by fragment shader
WARNING: Output of vertex shader '_interface_variable_00' not read by fragment shader

[16:25:56] [Render thread/INFO]: Info log when linking program containing VERTEX minecraft:core/entity, FRAGMENT minecraft:core/entity. Log output: WARNING: Output of vertex shader '_interface_variable_01' not read by fragment shader
WARNING: Output of vertex shader '_interface_variable_00' not read by fragment shader

[16:25:56] [Render thread/INFO]: Info log when linking program containing VERTEX minecraft:core/screenquad, FRAGMENT minecraft:core/oit_composite. Log output: WARNING: Output of vertex shader '_interface_variable_00' not read by fragment shader

[16:25:56] [Render thread/INFO]: Info log when linking program containing VERTEX minecraft:core/screenquad, FRAGMENT minecraft:core/integrate_depth. Log output: WARNING: Output of vertex shader '_interface_variable_00' not read by fragment shader

[16:25:56] [Render thread/INFO]: Info log when linking program containing VERTEX minecraft:core/entity, FRAGMENT minecraft:core/entity. Log output: WARNING: Output of vertex shader '_interface_variable_01' not read by fragment shader
WARNING: Output of vertex shader '_interface_variable_00' not read by fragment shader

[16:25:56] [Render thread/INFO]: Info log when linking program containing VERTEX minecraft:core/terrain, FRAGMENT minecraft:core/terrain. Log output: WARNING: Output of vertex shader '_interface_variable_01' not read by fragment shader
WARNING: Output of vertex shader '_interface_variable_00' not read by fragment shader
WARNING: Output of vertex shader '_interface_variable_04' not read by fragment shader

[16:25:56] [Render thread/INFO]: Info log when linking program containing VERTEX minecraft:core/animate_sprite, FRAGMENT minecraft:core/animate_sprite_blit. Log output: WARNING: Output of vertex shader '_interface_variable_00' not read by fragment shader

[16:25:56] [Render thread/INFO]: Info log when linking program containing VERTEX minecraft:core/entity, FRAGMENT minecraft:core/entity. Log output: WARNING: Output of vertex shader '_interface_variable_01' not read by fragment shader
WARNING: Output of vertex shader '_interface_variable_00' not read by fragment shader

[16:25:56] [Render thread/INFO]: Info log when linking program containing VERTEX minecraft:core/clouds, FRAGMENT minecraft:core/clouds. Log output: WARNING: Output of vertex shader '_interface_variable_00' not read by fragment shader

[16:25:56] [Render thread/INFO]: Info log when linking program containing VERTEX minecraft:core/particle, FRAGMENT minecraft:core/particle. Log output: WARNING: Output of vertex shader '_interface_variable_01' not read by fragment shader
WARNING: Output of vertex shader '_interface_variable_00' not read by fragment shader

[16:25:56] [Render thread/INFO]: Info log when linking program containing VERTEX minecraft:core/entity, FRAGMENT minecraft:core/entity. Log output: WARNING: Output of vertex shader '_interface_variable_01' not read by fragment shader
WARNING: Output of vertex shader '_interface_variable_00' not read by fragment shader

[16:25:56] [Render thread/INFO]: Info log when linking program containing VERTEX minecraft:core/entity, FRAGMENT minecraft:core/entity. Log output: WARNING: Output of vertex shader '_interface_variable_01' not read by fragment shader
WARNING: Output of vertex shader '_interface_variable_00' not read by fragment shader

[16:25:56] [Render thread/INFO]: Info log when linking program containing VERTEX minecraft:core/screenquad, FRAGMENT minecraft:core/oit_depth_bounds_cull. Log output: WARNING: Output of vertex shader '_interface_variable_00' not read by fragment shader

[16:25:56] [Render thread/INFO]: Info log when linking program containing VERTEX minecraft:core/block, FRAGMENT minecraft:core/block. Log output: WARNING: Output of vertex shader '_interface_variable_01' not read by fragment shader
WARNING: Output of vertex shader '_interface_variable_00' not read by fragment shader

[16:25:56] [Render thread/INFO]: Info log when linking program containing VERTEX minecraft:core/text, FRAGMENT minecraft:core/text. Log output: WARNING: Output of vertex shader '_interface_variable_01' not read by fragment shader
WARNING: Output of vertex shader '_interface_variable_00' not read by fragment shader

[16:25:56] [Render thread/INFO]: Info log when linking program containing VERTEX minecraft:core/text, FRAGMENT minecraft:core/text. Log output: WARNING: Output of vertex shader '_interface_variable_01' not read by fragment shader
WARNING: Output of vertex shader '_interface_variable_00' not read by fragment shader

[16:25:56] [Render thread/INFO]: Info log when linking program containing VERTEX minecraft:core/text, FRAGMENT minecraft:core/text. Log output: WARNING: Output of vertex shader '_interface_variable_01' not read by fragment shader
WARNING: Output of vertex shader '_interface_variable_00' not read by fragment shader

[16:25:56] [Render thread/INFO]: Info log when linking program containing VERTEX minecraft:core/entity, FRAGMENT minecraft:core/entity. Log output: WARNING: Output of vertex shader '_interface_variable_01' not read by fragment shader
WARNING: Output of vertex shader '_interface_variable_00' not read by fragment shader

[16:25:56] [Render thread/INFO]: Info log when linking program containing VERTEX minecraft:core/text, FRAGMENT minecraft:core/text. Log output: WARNING: Output of vertex shader '_interface_variable_01' not read by fragment shader
WARNING: Output of vertex shader '_interface_variable_00' not read by fragment shader

[16:25:56] [Render thread/INFO]: Info log when linking program containing VERTEX minecraft:core/terrain, FRAGMENT minecraft:core/terrain. Log output: WARNING: Output of vertex shader '_interface_variable_01' not read by fragment shader
WARNING: Output of vertex shader '_interface_variable_00' not read by fragment shader
WARNING: Output of vertex shader '_interface_variable_04' not read by fragment shader

[16:25:56] [Render thread/INFO]: Info log when linking program containing VERTEX minecraft:core/clouds, FRAGMENT minecraft:core/clouds. Log output: WARNING: Output of vertex shader '_interface_variable_00' not read by fragment shader

[16:25:56] [Render thread/INFO]: Info log when linking program containing VERTEX minecraft:core/rendertype_lines, FRAGMENT minecraft:core/rendertype_lines. Log output: WARNING: Output of vertex shader '_interface_variable_01' not read by fragment shader
WARNING: Output of vertex shader '_interface_variable_00' not read by fragment shader

[16:25:56] [Render thread/INFO]: Info log when linking program containing VERTEX minecraft:core/rendertype_entity_shadow, FRAGMENT minecraft:core/rendertype_entity_shadow. Log output: WARNING: Output of vertex shader '_interface_variable_01' not read by fragment shader
WARNING: Output of vertex shader '_interface_variable_00' not read by fragment shader

[16:25:56] [Render thread/INFO]: Info log when linking program containing VERTEX minecraft:core/entity, FRAGMENT minecraft:core/entity. Log output: WARNING: Output of vertex shader '_interface_variable_01' not read by fragment shader
WARNING: Output of vertex shader '_interface_variable_00' not read by fragment shader

[16:25:56] [Render thread/INFO]: Info log when linking program containing VERTEX minecraft:core/entity, FRAGMENT minecraft:core/entity. Log output: WARNING: Output of vertex shader '_interface_variable_01' not read by fragment shader
WARNING: Output of vertex shader '_interface_variable_00' not read by fragment shader

[16:25:56] [Render thread/INFO]: Info log when linking program containing VERTEX minecraft:core/text, FRAGMENT minecraft:core/text. Log output: WARNING: Output of vertex shader '_interface_variable_01' not read by fragment shader
WARNING: Output of vertex shader '_interface_variable_00' not read by fragment shader

[16:25:56] [Render thread/INFO]: Info log when linking program containing VERTEX minecraft:core/rendertype_crumbling, FRAGMENT minecraft:core/rendertype_crumbling. Log output: WARNING: Output of vertex shader '_interface_variable_01' not read by fragment shader
WARNING: Output of vertex shader '_interface_variable_00' not read by fragment shader

[16:25:56] [Render thread/INFO]: Info log when linking program containing VERTEX minecraft:core/particle, FRAGMENT minecraft:core/particle. Log output: WARNING: Output of vertex shader '_interface_variable_01' not read by fragment shader
WARNING: Output of vertex shader '_interface_variable_00' not read by fragment shader

[16:25:56] [Render thread/INFO]: Info log when linking program containing VERTEX minecraft:core/particle, FRAGMENT minecraft:core/particle. Log output: WARNING: Output of vertex shader '_interface_variable_01' not read by fragment shader
WARNING: Output of vertex shader '_interface_variable_00' not read by fragment shader

[16:25:56] [Render thread/INFO]: Info log when linking program containing VERTEX minecraft:core/entity, FRAGMENT minecraft:core/entity. Log output: WARNING: Output of vertex shader '_interface_variable_01' not read by fragment shader
WARNING: Output of vertex shader '_interface_variable_00' not read by fragment shader

[16:25:56] [Render thread/INFO]: Info log when linking program containing VERTEX minecraft:core/entity, FRAGMENT minecraft:core/entity. Log output: WARNING: Output of vertex shader '_interface_variable_01' not read by fragment shader
WARNING: Output of vertex shader '_interface_variable_00' not read by fragment shader

[16:25:56] [Render thread/INFO]: Info log when linking program containing VERTEX minecraft:core/text, FRAGMENT minecraft:core/text. Log output: WARNING: Output of vertex shader '_interface_variable_01' not read by fragment shader
WARNING: Output of vertex shader '_interface_variable_00' not read by fragment shader

[16:25:56] [Render thread/INFO]: OpenAL initialized on device Mac mini扬声器
[16:25:56] [Render thread/INFO]: Sound engine started
[16:25:56] [Render thread/INFO]: Created: 512x256x0 minecraft:textures/atlas/particles.png-atlas
[16:25:56] [Render thread/INFO]: Created: 256x128x0 minecraft:textures/atlas/celestials.png-atlas
[16:25:56] [Render thread/INFO]: Created: 128x128x0 minecraft:textures/atlas/decorated_pot.png-atlas
[16:25:56] [Render thread/INFO]: Created: 512x256x0 minecraft:textures/atlas/paintings.png-atlas
[16:25:56] [Render thread/INFO]: Created: 1024x512x0 minecraft:textures/atlas/shield_patterns.png-atlas
[16:25:56] [Render thread/INFO]: Created: 1024x512x0 minecraft:textures/atlas/banner_patterns.png-atlas
[16:25:56] [Render thread/INFO]: Created: 2048x2048x4 minecraft:textures/atlas/blocks.png-atlas
[16:25:56] [Render thread/INFO]: Created: 1024x512x0 minecraft:textures/atlas/items.png-atlas
[16:25:56] [Render thread/INFO]: Created: 1024x1024x0 minecraft:textures/atlas/gui.png-atlas
[16:25:56] [Render thread/INFO]: Created: 128x64x0 minecraft:textures/atlas/map_decorations.png-atlas
[16:25:56] [Render thread/INFO]: Created: 512x512x0 minecraft:textures/atlas/chest.png-atlas
[16:25:56] [Render thread/INFO]: Created: 512x512x0 minecraft:textures/atlas/shulker_boxes.png-atlas
[16:25:56] [Render thread/WARN]: Requested post effect does not exist: minecraft:end_of_frame
[16:26:08] [Server thread/INFO]: System chat: 已将1.0伤害施加于Player164
[16:26:10] [Server thread/INFO]: System chat: Player164被杀死了
[16:26:10] [Server thread/INFO]: System chat: 杀死了Player164
[16:26:10] [Render thread/INFO]: [System] [CHAT] Player164被杀死了
[16:26:11] [Server thread/INFO]: System chat: Player164取得了进度[勇往直下]
[16:26:11] [Render thread/INFO]: [System] [CHAT] Player164取得了进度[勇往直下]
[16:26:11] [Render thread/INFO]: Loaded 29 advancements
[16:26:11] [Render thread/INFO]: Reloading ResourceManager: vanilla, vanilla, fabric-advancement-api-v1, fabric-api, fabric-api-base, fabric-api-lookup-api-v1, fabric-biome-api-v1, fabric-block-api-v1, fabric-block-getter-api-v2, fabric-client-gametest-api-v1, fabric-command-api-v2, fabric-content-registries-v0, fabric-convention-tags-v2, fabric-crash-report-info-v1, fabric-creative-tab-api-v1, fabric-data-attachment-api-v1, fabric-data-generation-api-v1, fabric-debug-api-v1, fabric-dimensions-v1, fabric-entity-events-v1, fabric-events-interaction-v0, fabric-game-rule-api-v1, fabric-gametest-api-v1, fabric-item-api-v1, fabric-key-mapping-api-v1, fabric-lifecycle-events-v1, fabric-loot-api-v3, fabric-menu-api-v1, fabric-message-api-v1, fabric-model-loading-api-v1, fabric-networking-api-v1, fabric-object-builder-api-v1, fabric-particles-v1, fabric-permission-api-v1, fabric-recipe-api-v1, fabric-registry-sync-v0, fabric-renderer-api-v1, fabric-renderer-indigo, fabric-rendering-fluids-v1, fabric-rendering-v1, fabric-resource-conditions-api-v1, fabric-resource-loader-v0, fabric-resource-loader-v1, fabric-screen-api-v1, fabric-serialization-api-v1, fabric-sound-api-v1, fabric-tag-api-v1, fabric-transfer-api-v1, fabric-transitive-access-wideners-v1, fabricloader, wildcraft, wildcraft-test
[16:26:11] [Worker-Main-4/INFO]: Found unifont_all_no_pua-17.0.01.hex, loading
[16:26:11] [Worker-Main-2/INFO]: Found unifont_pua-17.0.01.hex, loading
[16:26:11] [Render thread/INFO]: Info log when linking program containing VERTEX minecraft:core/terrain, FRAGMENT minecraft:core/terrain. Log output: WARNING: Output of vertex shader '_interface_variable_01' not read by fragment shader
WARNING: Output of vertex shader '_interface_variable_00' not read by fragment shader
WARNING: Output of vertex shader '_interface_variable_04' not read by fragment shader

[16:26:11] [Render thread/INFO]: Info log when linking program containing VERTEX minecraft:core/rendertype_crumbling, FRAGMENT minecraft:core/rendertype_crumbling. Log output: WARNING: Output of vertex shader '_interface_variable_01' not read by fragment shader
WARNING: Output of vertex shader '_interface_variable_00' not read by fragment shader

[16:26:11] [Render thread/INFO]: Info log when linking program containing VERTEX minecraft:core/entity, FRAGMENT minecraft:core/entity. Log output: WARNING: Output of vertex shader '_interface_variable_01' not read by fragment shader
WARNING: Output of vertex shader '_interface_variable_00' not read by fragment shader

[16:26:11] [Render thread/INFO]: Info log when linking program containing VERTEX minecraft:core/rendertype_lines, FRAGMENT minecraft:core/rendertype_lines. Log output: WARNING: Output of vertex shader '_interface_variable_01' not read by fragment shader
WARNING: Output of vertex shader '_interface_variable_00' not read by fragment shader

[16:26:11] [Render thread/INFO]: Info log when linking program containing VERTEX minecraft:core/terrain, FRAGMENT minecraft:core/terrain. Log output: WARNING: Output of vertex shader '_interface_variable_01' not read by fragment shader
WARNING: Output of vertex shader '_interface_variable_00' not read by fragment shader
WARNING: Output of vertex shader '_interface_variable_04' not read by fragment shader

[16:26:11] [Render thread/INFO]: Info log when linking program containing VERTEX minecraft:core/entity, FRAGMENT minecraft:core/entity. Log output: WARNING: Output of vertex shader '_interface_variable_01' not read by fragment shader
WARNING: Output of vertex shader '_interface_variable_00' not read by fragment shader

[16:26:11] [Render thread/INFO]: Info log when linking program containing VERTEX minecraft:core/text, FRAGMENT minecraft:core/text. Log output: WARNING: Output of vertex shader '_interface_variable_01' not read by fragment shader
WARNING: Output of vertex shader '_interface_variable_00' not read by fragment shader

[16:26:11] [Render thread/INFO]: Info log when linking program containing VERTEX minecraft:core/text, FRAGMENT minecraft:core/text. Log output: WARNING: Output of vertex shader '_interface_variable_01' not read by fragment shader
WARNING: Output of vertex shader '_interface_variable_00' not read by fragment shader

[16:26:11] [Render thread/INFO]: Info log when linking program containing VERTEX minecraft:core/entity, FRAGMENT minecraft:core/entity. Log output: WARNING: Output of vertex shader '_interface_variable_01' not read by fragment shader
WARNING: Output of vertex shader '_interface_variable_00' not read by fragment shader

[16:26:11] [Render thread/INFO]: Info log when linking program containing VERTEX minecraft:core/block, FRAGMENT minecraft:core/block. Log output: WARNING: Output of vertex shader '_interface_variable_01' not read by fragment shader
WARNING: Output of vertex shader '_interface_variable_00' not read by fragment shader

[16:26:11] [Worker-Main-4/INFO]: Found unifont_jp_patch-17.0.01.hex, loading
[16:26:11] [Render thread/INFO]: Info log when linking program containing VERTEX minecraft:core/particle, FRAGMENT minecraft:core/particle. Log output: WARNING: Output of vertex shader '_interface_variable_01' not read by fragment shader
WARNING: Output of vertex shader '_interface_variable_00' not read by fragment shader

[16:26:11] [Render thread/INFO]: Info log when linking program containing VERTEX minecraft:core/rendertype_entity_shadow, FRAGMENT minecraft:core/rendertype_entity_shadow. Log output: WARNING: Output of vertex shader '_interface_variable_01' not read by fragment shader
WARNING: Output of vertex shader '_interface_variable_00' not read by fragment shader

[16:26:11] [Render thread/INFO]: Info log when linking program containing VERTEX minecraft:core/screenquad, FRAGMENT minecraft:core/oit_composite. Log output: WARNING: Output of vertex shader '_interface_variable_00' not read by fragment shader

[16:26:11] [Render thread/INFO]: Info log when linking program containing VERTEX minecraft:core/screenquad, FRAGMENT minecraft:core/integrate_depth. Log output: WARNING: Output of vertex shader '_interface_variable_00' not read by fragment shader

[16:26:11] [Render thread/INFO]: Info log when linking program containing VERTEX minecraft:core/terrain, FRAGMENT minecraft:core/terrain. Log output: WARNING: Output of vertex shader '_interface_variable_01' not read by fragment shader
WARNING: Output of vertex shader '_interface_variable_00' not read by fragment shader
WARNING: Output of vertex shader '_interface_variable_04' not read by fragment shader

[16:26:11] [Render thread/INFO]: Info log when linking program containing VERTEX minecraft:core/animate_sprite, FRAGMENT minecraft:core/animate_sprite_blit. Log output: WARNING: Output of vertex shader '_interface_variable_00' not read by fragment shader

[16:26:11] [Render thread/INFO]: Info log when linking program containing VERTEX minecraft:core/entity, FRAGMENT minecraft:core/entity. Log output: WARNING: Output of vertex shader '_interface_variable_01' not read by fragment shader
WARNING: Output of vertex shader '_interface_variable_00' not read by fragment shader

[16:26:11] [Render thread/INFO]: Info log when linking program containing VERTEX minecraft:core/entity, FRAGMENT minecraft:core/entity. Log output: WARNING: Output of vertex shader '_interface_variable_01' not read by fragment shader
WARNING: Output of vertex shader '_interface_variable_00' not read by fragment shader

[16:26:11] [Render thread/INFO]: Info log when linking program containing VERTEX minecraft:core/entity, FRAGMENT minecraft:core/entity. Log output: WARNING: Output of vertex shader '_interface_variable_01' not read by fragment shader
WARNING: Output of vertex shader '_interface_variable_00' not read by fragment shader

[16:26:11] [Render thread/INFO]: Info log when linking program containing VERTEX minecraft:core/particle, FRAGMENT minecraft:core/particle. Log output: WARNING: Output of vertex shader '_interface_variable_01' not read by fragment shader
WARNING: Output of vertex shader '_interface_variable_00' not read by fragment shader

[16:26:11] [Render thread/INFO]: Info log when linking program containing VERTEX minecraft:core/entity, FRAGMENT minecraft:core/entity. Log output: WARNING: Output of vertex shader '_interface_variable_01' not read by fragment shader
WARNING: Output of vertex shader '_interface_variable_00' not read by fragment shader

[16:26:11] [Render thread/INFO]: Info log when linking program containing VERTEX minecraft:core/screenquad, FRAGMENT minecraft:core/oit_depth_bounds_cull. Log output: WARNING: Output of vertex shader '_interface_variable_00' not read by fragment shader

[16:26:11] [Render thread/INFO]: Info log when linking program containing VERTEX minecraft:core/block, FRAGMENT minecraft:core/block. Log output: WARNING: Output of vertex shader '_interface_variable_01' not read by fragment shader
WARNING: Output of vertex shader '_interface_variable_00' not read by fragment shader

[16:26:11] [Render thread/INFO]: Info log when linking program containing VERTEX minecraft:core/text, FRAGMENT minecraft:core/text. Log output: WARNING: Output of vertex shader '_interface_variable_01' not read by fragment shader
WARNING: Output of vertex shader '_interface_variable_00' not read by fragment shader

[16:26:11] [Render thread/INFO]: Info log when linking program containing VERTEX minecraft:core/text, FRAGMENT minecraft:core/text. Log output: WARNING: Output of vertex shader '_interface_variable_01' not read by fragment shader
WARNING: Output of vertex shader '_interface_variable_00' not read by fragment shader

[16:26:11] [Render thread/INFO]: Info log when linking program containing VERTEX minecraft:core/text, FRAGMENT minecraft:core/text. Log output: WARNING: Output of vertex shader '_interface_variable_01' not read by fragment shader
WARNING: Output of vertex shader '_interface_variable_00' not read by fragment shader

[16:26:11] [Render thread/INFO]: Info log when linking program containing VERTEX minecraft:core/clouds, FRAGMENT minecraft:core/clouds. Log output: WARNING: Output of vertex shader '_interface_variable_00' not read by fragment shader

[16:26:11] [Render thread/INFO]: Info log when linking program containing VERTEX minecraft:core/entity, FRAGMENT minecraft:core/entity. Log output: WARNING: Output of vertex shader '_interface_variable_01' not read by fragment shader
WARNING: Output of vertex shader '_interface_variable_00' not read by fragment shader

[16:26:11] [Render thread/INFO]: Info log when linking program containing VERTEX minecraft:core/terrain, FRAGMENT minecraft:core/terrain. Log output: WARNING: Output of vertex shader '_interface_variable_01' not read by fragment shader
WARNING: Output of vertex shader '_interface_variable_00' not read by fragment shader
WARNING: Output of vertex shader '_interface_variable_04' not read by fragment shader

[16:26:11] [Render thread/INFO]: Info log when linking program containing VERTEX minecraft:core/text, FRAGMENT minecraft:core/text. Log output: WARNING: Output of vertex shader '_interface_variable_01' not read by fragment shader
WARNING: Output of vertex shader '_interface_variable_00' not read by fragment shader

[16:26:11] [Render thread/INFO]: Info log when linking program containing VERTEX minecraft:core/clouds, FRAGMENT minecraft:core/clouds. Log output: WARNING: Output of vertex shader '_interface_variable_00' not read by fragment shader

[16:26:11] [Render thread/INFO]: Info log when linking program containing VERTEX minecraft:core/rendertype_lines, FRAGMENT minecraft:core/rendertype_lines. Log output: WARNING: Output of vertex shader '_interface_variable_01' not read by fragment shader
WARNING: Output of vertex shader '_interface_variable_00' not read by fragment shader

[16:26:11] [Render thread/INFO]: Info log when linking program containing VERTEX minecraft:core/rendertype_entity_shadow, FRAGMENT minecraft:core/rendertype_entity_shadow. Log output: WARNING: Output of vertex shader '_interface_variable_01' not read by fragment shader
WARNING: Output of vertex shader '_interface_variable_00' not read by fragment shader

[16:26:11] [Render thread/INFO]: Info log when linking program containing VERTEX minecraft:core/entity, FRAGMENT minecraft:core/entity. Log output: WARNING: Output of vertex shader '_interface_variable_01' not read by fragment shader
WARNING: Output of vertex shader '_interface_variable_00' not read by fragment shader

[16:26:11] [Render thread/INFO]: Info log when linking program containing VERTEX minecraft:core/particle, FRAGMENT minecraft:core/particle. Log output: WARNING: Output of vertex shader '_interface_variable_01' not read by fragment shader
WARNING: Output of vertex shader '_interface_variable_00' not read by fragment shader

[16:26:11] [Render thread/INFO]: Info log when linking program containing VERTEX minecraft:core/text, FRAGMENT minecraft:core/text. Log output: WARNING: Output of vertex shader '_interface_variable_01' not read by fragment shader
WARNING: Output of vertex shader '_interface_variable_00' not read by fragment shader

[16:26:11] [Render thread/INFO]: Info log when linking program containing VERTEX minecraft:core/entity, FRAGMENT minecraft:core/entity. Log output: WARNING: Output of vertex shader '_interface_variable_01' not read by fragment shader
WARNING: Output of vertex shader '_interface_variable_00' not read by fragment shader

[16:26:11] [Render thread/INFO]: Info log when linking program containing VERTEX minecraft:core/rendertype_crumbling, FRAGMENT minecraft:core/rendertype_crumbling. Log output: WARNING: Output of vertex shader '_interface_variable_01' not read by fragment shader
WARNING: Output of vertex shader '_interface_variable_00' not read by fragment shader

[16:26:11] [Render thread/INFO]: Info log when linking program containing VERTEX minecraft:core/particle, FRAGMENT minecraft:core/particle. Log output: WARNING: Output of vertex shader '_interface_variable_01' not read by fragment shader
WARNING: Output of vertex shader '_interface_variable_00' not read by fragment shader

[16:26:11] [Render thread/INFO]: Info log when linking program containing VERTEX minecraft:core/entity, FRAGMENT minecraft:core/entity. Log output: WARNING: Output of vertex shader '_interface_variable_01' not read by fragment shader
WARNING: Output of vertex shader '_interface_variable_00' not read by fragment shader

[16:26:11] [Render thread/INFO]: Info log when linking program containing VERTEX minecraft:core/text, FRAGMENT minecraft:core/text. Log output: WARNING: Output of vertex shader '_interface_variable_01' not read by fragment shader
WARNING: Output of vertex shader '_interface_variable_00' not read by fragment shader

[16:26:11] [Render thread/INFO]: Info log when linking program containing VERTEX minecraft:core/entity, FRAGMENT minecraft:core/entity. Log output: WARNING: Output of vertex shader '_interface_variable_01' not read by fragment shader
WARNING: Output of vertex shader '_interface_variable_00' not read by fragment shader

[16:26:11] [Render thread/INFO]: OpenAL initialized on device Mac mini扬声器
[16:26:11] [Render thread/INFO]: Sound engine started
[16:26:11] [Render thread/INFO]: Created: 512x256x0 minecraft:textures/atlas/particles.png-atlas
[16:26:11] [Render thread/INFO]: Created: 256x128x0 minecraft:textures/atlas/celestials.png-atlas
[16:26:11] [Render thread/INFO]: Created: 128x128x0 minecraft:textures/atlas/decorated_pot.png-atlas
[16:26:11] [Render thread/INFO]: Created: 512x256x0 minecraft:textures/atlas/paintings.png-atlas
[16:26:11] [Render thread/INFO]: Created: 1024x512x0 minecraft:textures/atlas/shield_patterns.png-atlas
[16:26:11] [Render thread/INFO]: Created: 1024x512x0 minecraft:textures/atlas/banner_patterns.png-atlas
[16:26:11] [Render thread/INFO]: Created: 2048x2048x4 minecraft:textures/atlas/blocks.png-atlas
[16:26:11] [Render thread/INFO]: Created: 1024x512x0 minecraft:textures/atlas/items.png-atlas
[16:26:11] [Render thread/INFO]: Created: 1024x1024x0 minecraft:textures/atlas/gui.png-atlas
[16:26:11] [Render thread/INFO]: Created: 128x64x0 minecraft:textures/atlas/map_decorations.png-atlas
[16:26:11] [Render thread/INFO]: Created: 512x512x0 minecraft:textures/atlas/chest.png-atlas
[16:26:11] [Render thread/INFO]: Created: 512x512x0 minecraft:textures/atlas/shulker_boxes.png-atlas
[16:26:11] [Server thread/INFO]: Saving and pausing game...
[16:26:11] [Server thread/INFO]: Saving chunks for level 'ServerLevel[New World]'/minecraft:overworld
[16:26:11] [Server thread/INFO]: Saving chunks for level 'ServerLevel[New World]'/minecraft:the_end
[16:26:11] [Server thread/INFO]: Saving chunks for level 'ServerLevel[New World]'/minecraft:the_nether
[16:26:11] [Render thread/WARN]: Requested post effect does not exist: minecraft:end_of_frame
[16:26:14] [Server thread/INFO]: Player164 lost connection: Disconnected
[16:26:14] [Server thread/INFO]: System chat: Player164 left the game
[16:26:14] [Server thread/INFO]: Stopping singleplayer server as player logged out
[16:26:14] [Server thread/INFO]: Stopping server
[16:26:14] [Server thread/INFO]: Saving players
[16:26:14] [Server thread/INFO]: Saving worlds
[16:26:14] [Server thread/INFO]: Saving chunks for level 'ServerLevel[New World]'/minecraft:overworld
[16:26:14] [Server thread/INFO]: Saving chunks for level 'ServerLevel[New World]'/minecraft:the_end
[16:26:14] [Server thread/INFO]: Saving chunks for level 'ServerLevel[New World]'/minecraft:the_nether
[16:26:14] [Worker-Main-8/INFO]: Loaded 1872 advancements
[16:26:15] [Thread-4/WARN]: Unable to parse version 27.0 to a codename.
[16:26:15] [Thread-4/INFO]: Environment: Environment[discoveryUrl=https://discovery.minecraftservices.com/minecraft/client, name=PROD]
[16:26:15] [Worker-Main-6/INFO]: Loaded 1872 advancements
[16:26:15] [Thread-4/INFO]: Applied 0 biome modifications to 0 of 67 new biomes in 127.5 μs
[16:26:15] [Server thread/INFO]: Starting minecraft server version 26.3
[16:26:15] [Server thread/INFO]: Loading properties
[16:26:15] [Server thread/INFO]: Default game type: SURVIVAL
[16:26:15] [Server thread/INFO]: Generating keypair
[16:26:15] [Server thread/INFO]: Starting Minecraft server on 127.0.0.1:58520
[16:26:15] [Server thread/WARN]: **** SERVER IS RUNNING IN OFFLINE/INSECURE MODE!
[16:26:15] [Server thread/WARN]: The server will make no attempt to authenticate usernames. Beware.
[16:26:15] [Server thread/WARN]: While this makes the game possible to play without internet access, it also opens up the ability for hackers to connect with any username they choose.
[16:26:15] [Server thread/WARN]: To change this, set "online-mode" to "true" in the server.properties file.
[16:26:15] [Server thread/INFO]: Preparing level "world"
[16:26:15] [Server thread/INFO]: Selecting global world spawn...
[16:26:15] [Server thread/INFO]: Loading 0 persistent chunks...
[16:26:15] [Server thread/INFO]: Preparing spawn area: 100%
[16:26:15] [Server thread/INFO]: Time elapsed: 40 ms
[16:26:15] [Server thread/INFO]: Done (0.041s)! For help, type "help"
[16:26:15] [Server thread/INFO]: Saving chunks for level 'ServerLevel[New World]'/minecraft:overworld
[16:26:15] [Server thread/INFO]: Saving chunks for level 'ServerLevel[New World]'/minecraft:the_end
[16:26:15] [Server thread/INFO]: Saving chunks for level 'ServerLevel[New World]'/minecraft:the_nether
[16:26:15] [Render thread/INFO]: Connecting to localhost, 58520
[16:26:15] [Render thread/INFO]: World loading finished: null screen: net.minecraft.client.gui.screens.ConnectScreen@420d86e
[16:26:15] [Render thread/INFO]: World loading finished: null screen: net.minecraft.client.gui.screens.ConnectScreen@420d86e
[16:26:15] [Render thread/INFO]: World loading finished: null screen: net.minecraft.client.gui.screens.ConnectScreen@420d86e
[16:26:15] [Render thread/INFO]: World loading finished: null screen: net.minecraft.client.gui.screens.ConnectScreen@420d86e
[16:26:15] [Render thread/INFO]: World loading finished: null screen: net.minecraft.client.gui.screens.ConnectScreen@420d86e
[16:26:15] [Render thread/INFO]: World loading finished: null screen: net.minecraft.client.gui.screens.ConnectScreen@420d86e
[16:26:15] [Render thread/INFO]: World loading finished: null screen: net.minecraft.client.gui.screens.ConnectScreen@420d86e
[16:26:15] [Render thread/INFO]: World loading finished: null screen: net.minecraft.client.gui.screens.ConnectScreen@420d86e
[16:26:15] [Render thread/INFO]: World loading finished: null screen: net.minecraft.client.gui.screens.ConnectScreen@420d86e
[16:26:15] [Server thread/INFO]: Player164[/127.0.0.1:58527] logged in with entity id 22 at (0.5, 71.0, 0.5)
[16:26:15] [Server thread/INFO]: System chat: Player164 joined the game
[16:26:15] [Render thread/INFO]: Loaded 2 advancements
[16:26:15] [Render thread/INFO]: World loading finished: ClientLevel screen: net.minecraft.client.gui.screens.LevelLoadingScreen@6c4d1d79
[16:26:16] [Render thread/INFO]: World loading finished: ClientLevel screen: net.minecraft.client.gui.screens.LevelLoadingScreen@6c4d1d79
[16:26:16] [Render thread/INFO]: World loading finished: ClientLevel screen: null
[16:26:22] [Server thread/INFO]: Player164 lost connection: Disconnected
[16:26:22] [Server thread/INFO]: System chat: Player164 left the game
[16:26:22] [Render thread/INFO]: Connecting to localhost, 58520
[16:26:22] [Render thread/INFO]: World loading finished: null screen: net.minecraft.client.gui.screens.ConnectScreen@14032602
[16:26:22] [Render thread/INFO]: World loading finished: null screen: net.minecraft.client.gui.screens.ConnectScreen@14032602
[16:26:22] [Render thread/INFO]: World loading finished: null screen: net.minecraft.client.gui.screens.ConnectScreen@14032602
[16:26:22] [Render thread/INFO]: World loading finished: null screen: net.minecraft.client.gui.screens.ConnectScreen@14032602
[16:26:22] [Render thread/INFO]: World loading finished: null screen: net.minecraft.client.gui.screens.ConnectScreen@14032602
[16:26:22] [Render thread/INFO]: World loading finished: null screen: net.minecraft.client.gui.screens.ConnectScreen@14032602
[16:26:22] [Server thread/INFO]: Player164[/127.0.0.1:58777] logged in with entity id 23 at (1.7, 73.40000000000009, 0.5)
[16:26:22] [Server thread/INFO]: System chat: Player164 joined the game
[16:26:22] [Render thread/INFO]: Loaded 2 advancements
[16:26:22] [Render thread/INFO]: World loading finished: ClientLevel screen: net.minecraft.client.gui.screens.LevelLoadingScreen@624fefa9
[16:26:22] [Render thread/INFO]: World loading finished: ClientLevel screen: net.minecraft.client.gui.screens.LevelLoadingScreen@624fefa9
[16:26:22] [Render thread/INFO]: World loading finished: ClientLevel screen: net.minecraft.client.gui.screens.LevelLoadingScreen@624fefa9
[16:26:22] [Render thread/INFO]: World loading finished: ClientLevel screen: null
[16:26:23] [Server thread/INFO]: Player164 lost connection: Disconnected
[16:26:23] [Server thread/INFO]: System chat: Player164 left the game
[16:26:23] [Server thread/INFO]: Stopping server
[16:26:23] [Server thread/INFO]: Saving players
[16:26:23] [Server thread/INFO]: Saving worlds
[16:26:23] [Server thread/INFO]: Saving chunks for level 'ServerLevel[New World]'/minecraft:overworld
[16:26:23] [Server thread/INFO]: Saving chunks for level 'ServerLevel[New World]'/minecraft:the_end
[16:26:23] [Server thread/INFO]: Saving chunks for level 'ServerLevel[New World]'/minecraft:the_nether
[16:26:23] [Test thread/INFO]: [STDOUT]: WILDCRAFT P2 real keys/hold/sideways/descent/ledge/inner-outer-corners/ceiling/damage/exhaustion/death/dimension/TCP reconnect checks passed
[16:26:23] [Worker-Main-8/INFO]: Loaded 1872 advancements
[16:26:23] [Render thread/INFO]: World loading finished: null screen: net.minecraft.client.gui.screens.GenericMessageScreen@af61bbf
[16:26:23] [Render thread/INFO]: Applied 0 biome modifications to 0 of 67 new biomes in 152.5 μs
[16:26:23] [Server thread/INFO]: Starting integrated minecraft server version 26.3
[16:26:23] [Server thread/INFO]: Generating keypair
[16:26:23] [Server thread/INFO]: Selecting global world spawn...
[16:26:23] [Server thread/INFO]: Loading 0 persistent chunks...
[16:26:23] [Server thread/INFO]: Preparing spawn area: 16%
[16:26:23] [Server thread/INFO]: Saving chunks for level 'ServerLevel[New World]'/minecraft:overworld
[16:26:23] [Server thread/INFO]: Saving chunks for level 'ServerLevel[New World]'/minecraft:the_end
[16:26:23] [Server thread/INFO]: Saving chunks for level 'ServerLevel[New World]'/minecraft:the_nether
[16:26:24] [Render thread/INFO]: World loading finished: null screen: net.minecraft.client.gui.screens.LevelLoadingScreen@5bca410e
[16:26:24] [Render thread/INFO]: World loading finished: null screen: net.minecraft.client.gui.screens.LevelLoadingScreen@5bca410e
[16:26:24] [Render thread/INFO]: World loading finished: null screen: net.minecraft.client.gui.screens.LevelLoadingScreen@5bca410e
[16:26:24] [Render thread/INFO]: World loading finished: null screen: net.minecraft.client.gui.screens.LevelLoadingScreen@5bca410e
[16:26:24] [Server thread/INFO]: Loading 48 chunks for player spawn...
[16:26:24] [Render thread/INFO]: World loading finished: null screen: net.minecraft.client.gui.screens.LevelLoadingScreen@5bca410e
[16:26:24] [Render thread/INFO]: World loading finished: null screen: net.minecraft.client.gui.screens.LevelLoadingScreen@5bca410e
[16:26:24] [Server thread/INFO]: Time elapsed: 351 ms
[16:26:24] [Render thread/INFO]: World loading finished: null screen: net.minecraft.client.gui.screens.LevelLoadingScreen@5bca410e
[16:26:24] [Server thread/INFO]: Player164[local:E:b77b0b74] logged in with entity id 24 at (0.5, -60.0, 0.5)
[16:26:24] [Server thread/INFO]: System chat: Player164 joined the game
[16:26:24] [Server thread/INFO]: Changing view distance to 5, from 10
[16:26:24] [Server thread/INFO]: Changing simulation distance to 12, from 0
[16:26:24] [Render thread/INFO]: World loading finished: ClientLevel screen: net.minecraft.client.gui.screens.LevelLoadingScreen@5bca410e
[16:26:24] [Render thread/INFO]: Loaded 2 advancements
[16:26:24] [Render thread/INFO]: World loading finished: ClientLevel screen: net.minecraft.client.gui.screens.LevelLoadingScreen@5bca410e
[16:26:24] [Render thread/INFO]: World loading finished: ClientLevel screen: net.minecraft.client.gui.screens.LevelLoadingScreen@5bca410e
[16:26:24] [Render thread/INFO]: World loading finished: ClientLevel screen: net.minecraft.client.gui.screens.LevelLoadingScreen@5bca410e
[16:26:24] [Render thread/INFO]: World loading finished: ClientLevel screen: net.minecraft.client.gui.screens.LevelLoadingScreen@5bca410e
[16:26:24] [Render thread/INFO]: World loading finished: ClientLevel screen: net.minecraft.client.gui.screens.LevelLoadingScreen@5bca410e
[16:26:24] [Render thread/INFO]: World loading finished: ClientLevel screen: net.minecraft.client.gui.screens.LevelLoadingScreen@5bca410e
[16:26:24] [Render thread/INFO]: World loading finished: ClientLevel screen: net.minecraft.client.gui.screens.LevelLoadingScreen@5bca410e
[16:26:24] [Render thread/INFO]: World loading finished: ClientLevel screen: net.minecraft.client.gui.screens.LevelLoadingScreen@5bca410e
[16:26:24] [Render thread/INFO]: World loading finished: ClientLevel screen: net.minecraft.client.gui.screens.LevelLoadingScreen@5bca410e
[16:26:24] [Render thread/INFO]: World loading finished: ClientLevel screen: net.minecraft.client.gui.screens.LevelLoadingScreen@5bca410e
[16:26:24] [Render thread/INFO]: World loading finished: ClientLevel screen: net.minecraft.client.gui.screens.LevelLoadingScreen@5bca410e
[16:26:24] [Render thread/INFO]: World loading finished: ClientLevel screen: net.minecraft.client.gui.screens.LevelLoadingScreen@5bca410e
[16:26:25] [Render thread/INFO]: World loading finished: ClientLevel screen: net.minecraft.client.gui.screens.LevelLoadingScreen@5bca410e
[16:26:25] [Render thread/INFO]: World loading finished: ClientLevel screen: net.minecraft.client.gui.screens.LevelLoadingScreen@5bca410e
[16:26:25] [Render thread/INFO]: World loading finished: ClientLevel screen: null
[16:26:25] [Server thread/INFO]: System chat: Set minecraft:overworld to time marker minecraft:day
[16:26:25] [Render thread/INFO]: Loaded 3 advancements
[16:26:26] [Render thread/INFO]: Reloading ResourceManager: vanilla, vanilla, fabric-advancement-api-v1, fabric-api, fabric-api-base, fabric-api-lookup-api-v1, fabric-biome-api-v1, fabric-block-api-v1, fabric-block-getter-api-v2, fabric-client-gametest-api-v1, fabric-command-api-v2, fabric-content-registries-v0, fabric-convention-tags-v2, fabric-crash-report-info-v1, fabric-creative-tab-api-v1, fabric-data-attachment-api-v1, fabric-data-generation-api-v1, fabric-debug-api-v1, fabric-dimensions-v1, fabric-entity-events-v1, fabric-events-interaction-v0, fabric-game-rule-api-v1, fabric-gametest-api-v1, fabric-item-api-v1, fabric-key-mapping-api-v1, fabric-lifecycle-events-v1, fabric-loot-api-v3, fabric-menu-api-v1, fabric-message-api-v1, fabric-model-loading-api-v1, fabric-networking-api-v1, fabric-object-builder-api-v1, fabric-particles-v1, fabric-permission-api-v1, fabric-recipe-api-v1, fabric-registry-sync-v0, fabric-renderer-api-v1, fabric-renderer-indigo, fabric-rendering-fluids-v1, fabric-rendering-v1, fabric-resource-conditions-api-v1, fabric-resource-loader-v0, fabric-resource-loader-v1, fabric-screen-api-v1, fabric-serialization-api-v1, fabric-sound-api-v1, fabric-tag-api-v1, fabric-transfer-api-v1, fabric-transitive-access-wideners-v1, fabricloader, wildcraft, wildcraft-test
[16:26:26] [Worker-Main-7/INFO]: Found unifont_pua-17.0.01.hex, loading
[16:26:26] [Worker-Main-6/INFO]: Found unifont_all_no_pua-17.0.01.hex, loading
[16:26:26] [Server thread/INFO]: Saving and pausing game...
[16:26:26] [Server thread/INFO]: Saving chunks for level 'ServerLevel[New World]'/minecraft:overworld
[16:26:26] [Server thread/INFO]: Saving chunks for level 'ServerLevel[New World]'/minecraft:the_end
[16:26:26] [Server thread/INFO]: Saving chunks for level 'ServerLevel[New World]'/minecraft:the_nether
[16:26:26] [Worker-Main-6/INFO]: Found unifont_jp_patch-17.0.01.hex, loading
[16:26:26] [Render thread/INFO]: Info log when linking program containing VERTEX minecraft:core/rendertype_crumbling, FRAGMENT minecraft:core/rendertype_crumbling. Log output: WARNING: Output of vertex shader '_interface_variable_01' not read by fragment shader
WARNING: Output of vertex shader '_interface_variable_00' not read by fragment shader

[16:26:26] [Render thread/INFO]: Info log when linking program containing VERTEX minecraft:core/terrain, FRAGMENT minecraft:core/terrain. Log output: WARNING: Output of vertex shader '_interface_variable_01' not read by fragment shader
WARNING: Output of vertex shader '_interface_variable_00' not read by fragment shader
WARNING: Output of vertex shader '_interface_variable_04' not read by fragment shader

[16:26:26] [Render thread/INFO]: Info log when linking program containing VERTEX minecraft:core/entity, FRAGMENT minecraft:core/entity. Log output: WARNING: Output of vertex shader '_interface_variable_01' not read by fragment shader
WARNING: Output of vertex shader '_interface_variable_00' not read by fragment shader

[16:26:26] [Render thread/INFO]: Info log when linking program containing VERTEX minecraft:core/rendertype_lines, FRAGMENT minecraft:core/rendertype_lines. Log output: WARNING: Output of vertex shader '_interface_variable_01' not read by fragment shader
WARNING: Output of vertex shader '_interface_variable_00' not read by fragment shader

[16:26:26] [Render thread/INFO]: Info log when linking program containing VERTEX minecraft:core/text, FRAGMENT minecraft:core/text. Log output: WARNING: Output of vertex shader '_interface_variable_01' not read by fragment shader
WARNING: Output of vertex shader '_interface_variable_00' not read by fragment shader

[16:26:26] [Render thread/INFO]: Info log when linking program containing VERTEX minecraft:core/entity, FRAGMENT minecraft:core/entity. Log output: WARNING: Output of vertex shader '_interface_variable_01' not read by fragment shader
WARNING: Output of vertex shader '_interface_variable_00' not read by fragment shader

[16:26:26] [Render thread/INFO]: Info log when linking program containing VERTEX minecraft:core/terrain, FRAGMENT minecraft:core/terrain. Log output: WARNING: Output of vertex shader '_interface_variable_01' not read by fragment shader
WARNING: Output of vertex shader '_interface_variable_00' not read by fragment shader
WARNING: Output of vertex shader '_interface_variable_04' not read by fragment shader

[16:26:26] [Render thread/INFO]: Info log when linking program containing VERTEX minecraft:core/text, FRAGMENT minecraft:core/text. Log output: WARNING: Output of vertex shader '_interface_variable_01' not read by fragment shader
WARNING: Output of vertex shader '_interface_variable_00' not read by fragment shader

[16:26:26] [Render thread/INFO]: Info log when linking program containing VERTEX minecraft:core/block, FRAGMENT minecraft:core/block. Log output: WARNING: Output of vertex shader '_interface_variable_01' not read by fragment shader
WARNING: Output of vertex shader '_interface_variable_00' not read by fragment shader

[16:26:26] [Render thread/INFO]: Info log when linking program containing VERTEX minecraft:core/entity, FRAGMENT minecraft:core/entity. Log output: WARNING: Output of vertex shader '_interface_variable_01' not read by fragment shader
WARNING: Output of vertex shader '_interface_variable_00' not read by fragment shader

[16:26:26] [Render thread/INFO]: Info log when linking program containing VERTEX minecraft:core/particle, FRAGMENT minecraft:core/particle. Log output: WARNING: Output of vertex shader '_interface_variable_01' not read by fragment shader
WARNING: Output of vertex shader '_interface_variable_00' not read by fragment shader

[16:26:26] [Render thread/INFO]: Info log when linking program containing VERTEX minecraft:core/rendertype_entity_shadow, FRAGMENT minecraft:core/rendertype_entity_shadow. Log output: WARNING: Output of vertex shader '_interface_variable_01' not read by fragment shader
WARNING: Output of vertex shader '_interface_variable_00' not read by fragment shader

[16:26:26] [Render thread/INFO]: Info log when linking program containing VERTEX minecraft:core/screenquad, FRAGMENT minecraft:core/oit_composite. Log output: WARNING: Output of vertex shader '_interface_variable_00' not read by fragment shader

[16:26:26] [Render thread/INFO]: Info log when linking program containing VERTEX minecraft:core/screenquad, FRAGMENT minecraft:core/integrate_depth. Log output: WARNING: Output of vertex shader '_interface_variable_00' not read by fragment shader

[16:26:26] [Render thread/INFO]: Info log when linking program containing VERTEX minecraft:core/entity, FRAGMENT minecraft:core/entity. Log output: WARNING: Output of vertex shader '_interface_variable_01' not read by fragment shader
WARNING: Output of vertex shader '_interface_variable_00' not read by fragment shader

[16:26:26] [Render thread/INFO]: Info log when linking program containing VERTEX minecraft:core/terrain, FRAGMENT minecraft:core/terrain. Log output: WARNING: Output of vertex shader '_interface_variable_01' not read by fragment shader
WARNING: Output of vertex shader '_interface_variable_00' not read by fragment shader
WARNING: Output of vertex shader '_interface_variable_04' not read by fragment shader

[16:26:26] [Render thread/INFO]: Info log when linking program containing VERTEX minecraft:core/animate_sprite, FRAGMENT minecraft:core/animate_sprite_blit. Log output: WARNING: Output of vertex shader '_interface_variable_00' not read by fragment shader

[16:26:26] [Render thread/INFO]: Info log when linking program containing VERTEX minecraft:core/entity, FRAGMENT minecraft:core/entity. Log output: WARNING: Output of vertex shader '_interface_variable_01' not read by fragment shader
WARNING: Output of vertex shader '_interface_variable_00' not read by fragment shader

[16:26:26] [Render thread/INFO]: Info log when linking program containing VERTEX minecraft:core/entity, FRAGMENT minecraft:core/entity. Log output: WARNING: Output of vertex shader '_interface_variable_01' not read by fragment shader
WARNING: Output of vertex shader '_interface_variable_00' not read by fragment shader

[16:26:26] [Render thread/INFO]: Info log when linking program containing VERTEX minecraft:core/clouds, FRAGMENT minecraft:core/clouds. Log output: WARNING: Output of vertex shader '_interface_variable_00' not read by fragment shader

[16:26:26] [Render thread/INFO]: Info log when linking program containing VERTEX minecraft:core/entity, FRAGMENT minecraft:core/entity. Log output: WARNING: Output of vertex shader '_interface_variable_01' not read by fragment shader
WARNING: Output of vertex shader '_interface_variable_00' not read by fragment shader

[16:26:26] [Render thread/INFO]: Info log when linking program containing VERTEX minecraft:core/particle, FRAGMENT minecraft:core/particle. Log output: WARNING: Output of vertex shader '_interface_variable_01' not read by fragment shader
WARNING: Output of vertex shader '_interface_variable_00' not read by fragment shader

[16:26:27] [Render thread/INFO]: Info log when linking program containing VERTEX minecraft:core/screenquad, FRAGMENT minecraft:core/oit_depth_bounds_cull. Log output: WARNING: Output of vertex shader '_interface_variable_00' not read by fragment shader

[16:26:27] [Render thread/INFO]: Info log when linking program containing VERTEX minecraft:core/block, FRAGMENT minecraft:core/block. Log output: WARNING: Output of vertex shader '_interface_variable_01' not read by fragment shader
WARNING: Output of vertex shader '_interface_variable_00' not read by fragment shader

[16:26:27] [Render thread/INFO]: Info log when linking program containing VERTEX minecraft:core/text, FRAGMENT minecraft:core/text. Log output: WARNING: Output of vertex shader '_interface_variable_01' not read by fragment shader
WARNING: Output of vertex shader '_interface_variable_00' not read by fragment shader

[16:26:27] [Render thread/INFO]: Info log when linking program containing VERTEX minecraft:core/text, FRAGMENT minecraft:core/text. Log output: WARNING: Output of vertex shader '_interface_variable_01' not read by fragment shader
WARNING: Output of vertex shader '_interface_variable_00' not read by fragment shader

[16:26:27] [Render thread/INFO]: Info log when linking program containing VERTEX minecraft:core/entity, FRAGMENT minecraft:core/entity. Log output: WARNING: Output of vertex shader '_interface_variable_01' not read by fragment shader
WARNING: Output of vertex shader '_interface_variable_00' not read by fragment shader

[16:26:27] [Render thread/INFO]: Info log when linking program containing VERTEX minecraft:core/text, FRAGMENT minecraft:core/text. Log output: WARNING: Output of vertex shader '_interface_variable_01' not read by fragment shader
WARNING: Output of vertex shader '_interface_variable_00' not read by fragment shader

[16:26:27] [Render thread/INFO]: Info log when linking program containing VERTEX minecraft:core/text, FRAGMENT minecraft:core/text. Log output: WARNING: Output of vertex shader '_interface_variable_01' not read by fragment shader
WARNING: Output of vertex shader '_interface_variable_00' not read by fragment shader

[16:26:27] [Render thread/INFO]: Info log when linking program containing VERTEX minecraft:core/terrain, FRAGMENT minecraft:core/terrain. Log output: WARNING: Output of vertex shader '_interface_variable_01' not read by fragment shader
WARNING: Output of vertex shader '_interface_variable_00' not read by fragment shader
WARNING: Output of vertex shader '_interface_variable_04' not read by fragment shader

[16:26:27] [Render thread/INFO]: Info log when linking program containing VERTEX minecraft:core/clouds, FRAGMENT minecraft:core/clouds. Log output: WARNING: Output of vertex shader '_interface_variable_00' not read by fragment shader

[16:26:27] [Render thread/INFO]: Info log when linking program containing VERTEX minecraft:core/rendertype_lines, FRAGMENT minecraft:core/rendertype_lines. Log output: WARNING: Output of vertex shader '_interface_variable_01' not read by fragment shader
WARNING: Output of vertex shader '_interface_variable_00' not read by fragment shader

[16:26:27] [Render thread/INFO]: Info log when linking program containing VERTEX minecraft:core/rendertype_entity_shadow, FRAGMENT minecraft:core/rendertype_entity_shadow. Log output: WARNING: Output of vertex shader '_interface_variable_01' not read by fragment shader
WARNING: Output of vertex shader '_interface_variable_00' not read by fragment shader

[16:26:27] [Render thread/INFO]: Info log when linking program containing VERTEX minecraft:core/entity, FRAGMENT minecraft:core/entity. Log output: WARNING: Output of vertex shader '_interface_variable_01' not read by fragment shader
WARNING: Output of vertex shader '_interface_variable_00' not read by fragment shader

[16:26:27] [Render thread/INFO]: Info log when linking program containing VERTEX minecraft:core/particle, FRAGMENT minecraft:core/particle. Log output: WARNING: Output of vertex shader '_interface_variable_01' not read by fragment shader
WARNING: Output of vertex shader '_interface_variable_00' not read by fragment shader

[16:26:27] [Render thread/INFO]: Info log when linking program containing VERTEX minecraft:core/rendertype_crumbling, FRAGMENT minecraft:core/rendertype_crumbling. Log output: WARNING: Output of vertex shader '_interface_variable_01' not read by fragment shader
WARNING: Output of vertex shader '_interface_variable_00' not read by fragment shader

[16:26:27] [Render thread/INFO]: Info log when linking program containing VERTEX minecraft:core/entity, FRAGMENT minecraft:core/entity. Log output: WARNING: Output of vertex shader '_interface_variable_01' not read by fragment shader
WARNING: Output of vertex shader '_interface_variable_00' not read by fragment shader

[16:26:27] [Render thread/INFO]: Info log when linking program containing VERTEX minecraft:core/entity, FRAGMENT minecraft:core/entity. Log output: WARNING: Output of vertex shader '_interface_variable_01' not read by fragment shader
WARNING: Output of vertex shader '_interface_variable_00' not read by fragment shader

[16:26:27] [Render thread/INFO]: Info log when linking program containing VERTEX minecraft:core/particle, FRAGMENT minecraft:core/particle. Log output: WARNING: Output of vertex shader '_interface_variable_01' not read by fragment shader
WARNING: Output of vertex shader '_interface_variable_00' not read by fragment shader

[16:26:27] [Render thread/INFO]: Info log when linking program containing VERTEX minecraft:core/text, FRAGMENT minecraft:core/text. Log output: WARNING: Output of vertex shader '_interface_variable_01' not read by fragment shader
WARNING: Output of vertex shader '_interface_variable_00' not read by fragment shader

[16:26:27] [Render thread/INFO]: Info log when linking program containing VERTEX minecraft:core/text, FRAGMENT minecraft:core/text. Log output: WARNING: Output of vertex shader '_interface_variable_01' not read by fragment shader
WARNING: Output of vertex shader '_interface_variable_00' not read by fragment shader

[16:26:27] [Render thread/INFO]: Info log when linking program containing VERTEX minecraft:core/entity, FRAGMENT minecraft:core/entity. Log output: WARNING: Output of vertex shader '_interface_variable_01' not read by fragment shader
WARNING: Output of vertex shader '_interface_variable_00' not read by fragment shader

[16:26:27] [Render thread/INFO]: OpenAL initialized on device Mac mini扬声器
[16:26:27] [Render thread/INFO]: Sound engine started
[16:26:27] [Render thread/INFO]: Created: 512x256x0 minecraft:textures/atlas/particles.png-atlas
[16:26:27] [Render thread/INFO]: Created: 256x128x0 minecraft:textures/atlas/celestials.png-atlas
[16:26:27] [Render thread/INFO]: Created: 128x128x0 minecraft:textures/atlas/decorated_pot.png-atlas
[16:26:27] [Render thread/INFO]: Created: 512x256x0 minecraft:textures/atlas/paintings.png-atlas
[16:26:27] [Render thread/INFO]: Created: 1024x512x0 minecraft:textures/atlas/shield_patterns.png-atlas
[16:26:27] [Render thread/INFO]: Created: 1024x512x0 minecraft:textures/atlas/banner_patterns.png-atlas
[16:26:27] [Render thread/INFO]: Created: 2048x2048x4 minecraft:textures/atlas/blocks.png-atlas
[16:26:27] [Render thread/INFO]: Created: 1024x512x0 minecraft:textures/atlas/items.png-atlas
[16:26:27] [Render thread/INFO]: Created: 1024x1024x0 minecraft:textures/atlas/gui.png-atlas
[16:26:27] [Render thread/INFO]: Created: 128x64x0 minecraft:textures/atlas/map_decorations.png-atlas
[16:26:27] [Render thread/INFO]: Created: 512x512x0 minecraft:textures/atlas/chest.png-atlas
[16:26:27] [Render thread/INFO]: Created: 512x512x0 minecraft:textures/atlas/shulker_boxes.png-atlas
[16:26:27] [Render thread/WARN]: Requested post effect does not exist: minecraft:end_of_frame
[16:26:29] [Server thread/INFO]: System chat: 已将Player164的游戏模式改为创造模式
[16:26:29] [Render thread/INFO]: [System] [CHAT] 你的游戏模式已被更新为创造模式
[16:26:30] [Server thread/INFO]: System chat: 已将Player164的游戏模式改为生存模式
[16:26:30] [Render thread/INFO]: [System] [CHAT] 你的游戏模式已被更新为生存模式
[16:26:38] [Server thread/INFO]: System chat: 已将1.0伤害施加于Player164
[16:26:41] [Server thread/INFO]: System chat: Player164取得了进度[勇往直下]
[16:26:41] [Render thread/INFO]: [System] [CHAT] Player164取得了进度[勇往直下]
[16:26:41] [Render thread/INFO]: Loaded 30 advancements
[16:26:42] [Server thread/INFO]: System chat: Player164被杀死了
[16:26:42] [Server thread/INFO]: System chat: 杀死了Player164
[16:26:42] [Render thread/INFO]: [System] [CHAT] Player164被杀死了
[16:26:42] [Server thread/INFO]: System chat: Player164被杀死了
[16:26:42] [Server thread/INFO]: System chat: 杀死了Player164
[16:26:42] [Render thread/INFO]: [System] [CHAT] Player164被杀死了
[16:26:43] [Server thread/INFO]: Player164 lost connection: 连接中断
[16:26:43] [Server thread/INFO]: System chat: Player164退出了游戏
[16:26:43] [Server thread/INFO]: Stopping singleplayer server as player logged out
[16:26:43] [Server thread/INFO]: Stopping server
[16:26:43] [Server thread/INFO]: Saving players
[16:26:43] [Server thread/INFO]: Saving worlds
[16:26:43] [Server thread/INFO]: Saving chunks for level 'ServerLevel[New World]'/minecraft:overworld
[16:26:43] [Server thread/INFO]: Saving chunks for level 'ServerLevel[New World]'/minecraft:the_end
[16:26:43] [Server thread/INFO]: Saving chunks for level 'ServerLevel[New World]'/minecraft:the_nether
[16:26:43] [Render thread/INFO]: World loading finished: null screen: net.minecraft.client.gui.screens.GenericMessageScreen@549cdc73
[16:26:43] [Worker-Main-1/INFO]: Loaded 1872 advancements
[16:26:43] [Render thread/INFO]: Applied 0 biome modifications to 0 of 67 new biomes in 174.0 μs
[16:26:43] [Server thread/INFO]: Starting integrated minecraft server version 26.3
[16:26:43] [Server thread/INFO]: Generating keypair
[16:26:43] [Server thread/INFO]: Loading 0 persistent chunks...
[16:26:43] [Server thread/INFO]: Saving chunks for level 'ServerLevel[New World]'/minecraft:overworld
[16:26:43] [Server thread/INFO]: Saving chunks for level 'ServerLevel[New World]'/minecraft:the_end
[16:26:43] [Server thread/INFO]: Saving chunks for level 'ServerLevel[New World]'/minecraft:the_nether
[16:26:43] [Render thread/INFO]: World loading finished: null screen: net.minecraft.client.gui.screens.LevelLoadingScreen@f4678e0
[16:26:43] [Render thread/INFO]: World loading finished: null screen: net.minecraft.client.gui.screens.LevelLoadingScreen@f4678e0
[16:26:43] [Render thread/INFO]: World loading finished: null screen: net.minecraft.client.gui.screens.LevelLoadingScreen@f4678e0
[16:26:43] [Render thread/INFO]: World loading finished: null screen: net.minecraft.client.gui.screens.LevelLoadingScreen@f4678e0
[16:26:43] [Server thread/INFO]: Loading 49 chunks for player spawn...
[16:26:43] [Server thread/INFO]: 准备生成区域中：16%
[16:26:44] [Render thread/INFO]: World loading finished: null screen: net.minecraft.client.gui.screens.LevelLoadingScreen@f4678e0
[16:26:44] [Server thread/INFO]: Time elapsed: 268 ms
[16:26:44] [Render thread/INFO]: World loading finished: null screen: net.minecraft.client.gui.screens.LevelLoadingScreen@f4678e0
[16:26:44] [Server thread/INFO]: Player164[local:E:15a76c76] logged in with entity id 36 at (0.5, 94.76159999847413, 0.8200000000000001)
[16:26:44] [Server thread/INFO]: System chat: Player164加入了游戏
[16:26:44] [Server thread/INFO]: Changing view distance to 5, from 10
[16:26:44] [Server thread/INFO]: Changing simulation distance to 12, from 0
[16:26:44] [Render thread/INFO]: World loading finished: null screen: net.minecraft.client.gui.screens.LevelLoadingScreen@f4678e0
[16:26:44] [Render thread/INFO]: Loaded 30 advancements
[16:26:44] [Render thread/INFO]: World loading finished: ClientLevel screen: net.minecraft.client.gui.screens.LevelLoadingScreen@f4678e0
[16:26:44] [Render thread/INFO]: World loading finished: ClientLevel screen: net.minecraft.client.gui.screens.LevelLoadingScreen@f4678e0
[16:26:44] [Render thread/INFO]: World loading finished: ClientLevel screen: net.minecraft.client.gui.screens.LevelLoadingScreen@f4678e0
[16:26:44] [Render thread/INFO]: World loading finished: ClientLevel screen: null
[16:26:44] [Server thread/INFO]: Player164 lost connection: 连接中断
[16:26:44] [Server thread/INFO]: System chat: Player164退出了游戏
[16:26:44] [Server thread/INFO]: Stopping singleplayer server as player logged out
[16:26:44] [Server thread/INFO]: Stopping server
[16:26:44] [Server thread/INFO]: Saving players
[16:26:44] [Server thread/INFO]: Saving worlds
[16:26:44] [Server thread/INFO]: Saving chunks for level 'ServerLevel[New World]'/minecraft:overworld
[16:26:44] [Server thread/INFO]: Saving chunks for level 'ServerLevel[New World]'/minecraft:the_end
[16:26:44] [Server thread/INFO]: Saving chunks for level 'ServerLevel[New World]'/minecraft:the_nether
[16:26:44] [Render thread/INFO]: Reloading ResourceManager: vanilla, vanilla, fabric-advancement-api-v1, fabric-api, fabric-api-base, fabric-api-lookup-api-v1, fabric-biome-api-v1, fabric-block-api-v1, fabric-block-getter-api-v2, fabric-client-gametest-api-v1, fabric-command-api-v2, fabric-content-registries-v0, fabric-convention-tags-v2, fabric-crash-report-info-v1, fabric-creative-tab-api-v1, fabric-data-attachment-api-v1, fabric-data-generation-api-v1, fabric-debug-api-v1, fabric-dimensions-v1, fabric-entity-events-v1, fabric-events-interaction-v0, fabric-game-rule-api-v1, fabric-gametest-api-v1, fabric-item-api-v1, fabric-key-mapping-api-v1, fabric-lifecycle-events-v1, fabric-loot-api-v3, fabric-menu-api-v1, fabric-message-api-v1, fabric-model-loading-api-v1, fabric-networking-api-v1, fabric-object-builder-api-v1, fabric-particles-v1, fabric-permission-api-v1, fabric-recipe-api-v1, fabric-registry-sync-v0, fabric-renderer-api-v1, fabric-renderer-indigo, fabric-rendering-fluids-v1, fabric-rendering-v1, fabric-resource-conditions-api-v1, fabric-resource-loader-v0, fabric-resource-loader-v1, fabric-screen-api-v1, fabric-serialization-api-v1, fabric-sound-api-v1, fabric-tag-api-v1, fabric-transfer-api-v1, fabric-transitive-access-wideners-v1, fabricloader, wildcraft, wildcraft-test
[16:26:44] [Worker-Main-7/INFO]: Found unifont_all_no_pua-17.0.01.hex, loading
[16:26:44] [Worker-Main-3/INFO]: Found unifont_pua-17.0.01.hex, loading
[16:26:44] [Render thread/INFO]: Info log when linking program containing VERTEX minecraft:core/terrain, FRAGMENT minecraft:core/terrain. Log output: WARNING: Output of vertex shader '_interface_variable_01' not read by fragment shader
WARNING: Output of vertex shader '_interface_variable_00' not read by fragment shader
WARNING: Output of vertex shader '_interface_variable_04' not read by fragment shader

[16:26:44] [Render thread/INFO]: Info log when linking program containing VERTEX minecraft:core/rendertype_crumbling, FRAGMENT minecraft:core/rendertype_crumbling. Log output: WARNING: Output of vertex shader '_interface_variable_01' not read by fragment shader
WARNING: Output of vertex shader '_interface_variable_00' not read by fragment shader

[16:26:44] [Render thread/INFO]: Info log when linking program containing VERTEX minecraft:core/entity, FRAGMENT minecraft:core/entity. Log output: WARNING: Output of vertex shader '_interface_variable_01' not read by fragment shader
WARNING: Output of vertex shader '_interface_variable_00' not read by fragment shader

[16:26:44] [Render thread/INFO]: Info log when linking program containing VERTEX minecraft:core/rendertype_lines, FRAGMENT minecraft:core/rendertype_lines. Log output: WARNING: Output of vertex shader '_interface_variable_01' not read by fragment shader
WARNING: Output of vertex shader '_interface_variable_00' not read by fragment shader

[16:26:44] [Render thread/INFO]: Info log when linking program containing VERTEX minecraft:core/terrain, FRAGMENT minecraft:core/terrain. Log output: WARNING: Output of vertex shader '_interface_variable_01' not read by fragment shader
WARNING: Output of vertex shader '_interface_variable_00' not read by fragment shader
WARNING: Output of vertex shader '_interface_variable_04' not read by fragment shader

[16:26:44] [Render thread/INFO]: Info log when linking program containing VERTEX minecraft:core/entity, FRAGMENT minecraft:core/entity. Log output: WARNING: Output of vertex shader '_interface_variable_01' not read by fragment shader
WARNING: Output of vertex shader '_interface_variable_00' not read by fragment shader

[16:26:44] [Render thread/INFO]: Info log when linking program containing VERTEX minecraft:core/text, FRAGMENT minecraft:core/text. Log output: WARNING: Output of vertex shader '_interface_variable_01' not read by fragment shader
WARNING: Output of vertex shader '_interface_variable_00' not read by fragment shader

[16:26:44] [Render thread/INFO]: Info log when linking program containing VERTEX minecraft:core/text, FRAGMENT minecraft:core/text. Log output: WARNING: Output of vertex shader '_interface_variable_01' not read by fragment shader
WARNING: Output of vertex shader '_interface_variable_00' not read by fragment shader

[16:26:44] [Render thread/INFO]: Info log when linking program containing VERTEX minecraft:core/block, FRAGMENT minecraft:core/block. Log output: WARNING: Output of vertex shader '_interface_variable_01' not read by fragment shader
WARNING: Output of vertex shader '_interface_variable_00' not read by fragment shader

[16:26:44] [Render thread/INFO]: Info log when linking program containing VERTEX minecraft:core/entity, FRAGMENT minecraft:core/entity. Log output: WARNING: Output of vertex shader '_interface_variable_01' not read by fragment shader
WARNING: Output of vertex shader '_interface_variable_00' not read by fragment shader

[16:26:44] [Worker-Main-7/INFO]: Found unifont_jp_patch-17.0.01.hex, loading
[16:26:44] [Render thread/INFO]: Info log when linking program containing VERTEX minecraft:core/particle, FRAGMENT minecraft:core/particle. Log output: WARNING: Output of vertex shader '_interface_variable_01' not read by fragment shader
WARNING: Output of vertex shader '_interface_variable_00' not read by fragment shader

[16:26:44] [Render thread/INFO]: Info log when linking program containing VERTEX minecraft:core/rendertype_entity_shadow, FRAGMENT minecraft:core/rendertype_entity_shadow. Log output: WARNING: Output of vertex shader '_interface_variable_01' not read by fragment shader
WARNING: Output of vertex shader '_interface_variable_00' not read by fragment shader

[16:26:44] [Render thread/INFO]: Info log when linking program containing VERTEX minecraft:core/screenquad, FRAGMENT minecraft:core/oit_composite. Log output: WARNING: Output of vertex shader '_interface_variable_00' not read by fragment shader

[16:26:44] [Render thread/INFO]: Info log when linking program containing VERTEX minecraft:core/screenquad, FRAGMENT minecraft:core/integrate_depth. Log output: WARNING: Output of vertex shader '_interface_variable_00' not read by fragment shader

[16:26:44] [Render thread/INFO]: Info log when linking program containing VERTEX minecraft:core/terrain, FRAGMENT minecraft:core/terrain. Log output: WARNING: Output of vertex shader '_interface_variable_01' not read by fragment shader
WARNING: Output of vertex shader '_interface_variable_00' not read by fragment shader
WARNING: Output of vertex shader '_interface_variable_04' not read by fragment shader

[16:26:44] [Render thread/INFO]: Info log when linking program containing VERTEX minecraft:core/entity, FRAGMENT minecraft:core/entity. Log output: WARNING: Output of vertex shader '_interface_variable_01' not read by fragment shader
WARNING: Output of vertex shader '_interface_variable_00' not read by fragment shader

[16:26:44] [Render thread/INFO]: Info log when linking program containing VERTEX minecraft:core/animate_sprite, FRAGMENT minecraft:core/animate_sprite_blit. Log output: WARNING: Output of vertex shader '_interface_variable_00' not read by fragment shader

[16:26:44] [Render thread/INFO]: Info log when linking program containing VERTEX minecraft:core/entity, FRAGMENT minecraft:core/entity. Log output: WARNING: Output of vertex shader '_interface_variable_01' not read by fragment shader
WARNING: Output of vertex shader '_interface_variable_00' not read by fragment shader

[16:26:44] [Render thread/INFO]: Info log when linking program containing VERTEX minecraft:core/entity, FRAGMENT minecraft:core/entity. Log output: WARNING: Output of vertex shader '_interface_variable_01' not read by fragment shader
WARNING: Output of vertex shader '_interface_variable_00' not read by fragment shader

[16:26:44] [Render thread/INFO]: Info log when linking program containing VERTEX minecraft:core/entity, FRAGMENT minecraft:core/entity. Log output: WARNING: Output of vertex shader '_interface_variable_01' not read by fragment shader
WARNING: Output of vertex shader '_interface_variable_00' not read by fragment shader

[16:26:44] [Render thread/INFO]: Info log when linking program containing VERTEX minecraft:core/clouds, FRAGMENT minecraft:core/clouds. Log output: WARNING: Output of vertex shader '_interface_variable_00' not read by fragment shader

[16:26:45] [Render thread/INFO]: Info log when linking program containing VERTEX minecraft:core/screenquad, FRAGMENT minecraft:core/oit_depth_bounds_cull. Log output: WARNING: Output of vertex shader '_interface_variable_00' not read by fragment shader

[16:26:45] [Render thread/INFO]: Info log when linking program containing VERTEX minecraft:core/particle, FRAGMENT minecraft:core/particle. Log output: WARNING: Output of vertex shader '_interface_variable_01' not read by fragment shader
WARNING: Output of vertex shader '_interface_variable_00' not read by fragment shader

[16:26:45] [Render thread/INFO]: Info log when linking program containing VERTEX minecraft:core/block, FRAGMENT minecraft:core/block. Log output: WARNING: Output of vertex shader '_interface_variable_01' not read by fragment shader
WARNING: Output of vertex shader '_interface_variable_00' not read by fragment shader

[16:26:45] [Render thread/INFO]: Info log when linking program containing VERTEX minecraft:core/entity, FRAGMENT minecraft:core/entity. Log output: WARNING: Output of vertex shader '_interface_variable_01' not read by fragment shader
WARNING: Output of vertex shader '_interface_variable_00' not read by fragment shader

[16:26:45] [Render thread/INFO]: Info log when linking program containing VERTEX minecraft:core/text, FRAGMENT minecraft:core/text. Log output: WARNING: Output of vertex shader '_interface_variable_01' not read by fragment shader
WARNING: Output of vertex shader '_interface_variable_00' not read by fragment shader

[16:26:45] [Render thread/INFO]: Info log when linking program containing VERTEX minecraft:core/text, FRAGMENT minecraft:core/text. Log output: WARNING: Output of vertex shader '_interface_variable_01' not read by fragment shader
WARNING: Output of vertex shader '_interface_variable_00' not read by fragment shader

[16:26:45] [Render thread/INFO]: Info log when linking program containing VERTEX minecraft:core/text, FRAGMENT minecraft:core/text. Log output: WARNING: Output of vertex shader '_interface_variable_01' not read by fragment shader
WARNING: Output of vertex shader '_interface_variable_00' not read by fragment shader

[16:26:45] [Render thread/INFO]: Info log when linking program containing VERTEX minecraft:core/text, FRAGMENT minecraft:core/text. Log output: WARNING: Output of vertex shader '_interface_variable_01' not read by fragment shader
WARNING: Output of vertex shader '_interface_variable_00' not read by fragment shader

[16:26:45] [Render thread/INFO]: Info log when linking program containing VERTEX minecraft:core/clouds, FRAGMENT minecraft:core/clouds. Log output: WARNING: Output of vertex shader '_interface_variable_00' not read by fragment shader

[16:26:45] [Render thread/INFO]: Info log when linking program containing VERTEX minecraft:core/terrain, FRAGMENT minecraft:core/terrain. Log output: WARNING: Output of vertex shader '_interface_variable_01' not read by fragment shader
WARNING: Output of vertex shader '_interface_variable_00' not read by fragment shader
WARNING: Output of vertex shader '_interface_variable_04' not read by fragment shader

[16:26:45] [Render thread/INFO]: Info log when linking program containing VERTEX minecraft:core/rendertype_lines, FRAGMENT minecraft:core/rendertype_lines. Log output: WARNING: Output of vertex shader '_interface_variable_01' not read by fragment shader
WARNING: Output of vertex shader '_interface_variable_00' not read by fragment shader

[16:26:45] [Render thread/INFO]: Info log when linking program containing VERTEX minecraft:core/rendertype_entity_shadow, FRAGMENT minecraft:core/rendertype_entity_shadow. Log output: WARNING: Output of vertex shader '_interface_variable_01' not read by fragment shader
WARNING: Output of vertex shader '_interface_variable_00' not read by fragment shader

[16:26:45] [Render thread/INFO]: Info log when linking program containing VERTEX minecraft:core/entity, FRAGMENT minecraft:core/entity. Log output: WARNING: Output of vertex shader '_interface_variable_01' not read by fragment shader
WARNING: Output of vertex shader '_interface_variable_00' not read by fragment shader

[16:26:45] [Render thread/INFO]: Info log when linking program containing VERTEX minecraft:core/particle, FRAGMENT minecraft:core/particle. Log output: WARNING: Output of vertex shader '_interface_variable_01' not read by fragment shader
WARNING: Output of vertex shader '_interface_variable_00' not read by fragment shader

[16:26:45] [Render thread/INFO]: Info log when linking program containing VERTEX minecraft:core/entity, FRAGMENT minecraft:core/entity. Log output: WARNING: Output of vertex shader '_interface_variable_01' not read by fragment shader
WARNING: Output of vertex shader '_interface_variable_00' not read by fragment shader

[16:26:45] [Render thread/INFO]: Info log when linking program containing VERTEX minecraft:core/entity, FRAGMENT minecraft:core/entity. Log output: WARNING: Output of vertex shader '_interface_variable_01' not read by fragment shader
WARNING: Output of vertex shader '_interface_variable_00' not read by fragment shader

[16:26:45] [Render thread/INFO]: Info log when linking program containing VERTEX minecraft:core/rendertype_crumbling, FRAGMENT minecraft:core/rendertype_crumbling. Log output: WARNING: Output of vertex shader '_interface_variable_01' not read by fragment shader
WARNING: Output of vertex shader '_interface_variable_00' not read by fragment shader

[16:26:45] [Render thread/INFO]: Info log when linking program containing VERTEX minecraft:core/particle, FRAGMENT minecraft:core/particle. Log output: WARNING: Output of vertex shader '_interface_variable_01' not read by fragment shader
WARNING: Output of vertex shader '_interface_variable_00' not read by fragment shader

[16:26:45] [Render thread/INFO]: Info log when linking program containing VERTEX minecraft:core/text, FRAGMENT minecraft:core/text. Log output: WARNING: Output of vertex shader '_interface_variable_01' not read by fragment shader
WARNING: Output of vertex shader '_interface_variable_00' not read by fragment shader

[16:26:45] [Render thread/INFO]: Info log when linking program containing VERTEX minecraft:core/text, FRAGMENT minecraft:core/text. Log output: WARNING: Output of vertex shader '_interface_variable_01' not read by fragment shader
WARNING: Output of vertex shader '_interface_variable_00' not read by fragment shader

[16:26:45] [Render thread/INFO]: Info log when linking program containing VERTEX minecraft:core/entity, FRAGMENT minecraft:core/entity. Log output: WARNING: Output of vertex shader '_interface_variable_01' not read by fragment shader
WARNING: Output of vertex shader '_interface_variable_00' not read by fragment shader

[16:26:45] [Render thread/INFO]: OpenAL initialized on device Mac mini扬声器
[16:26:45] [Render thread/INFO]: Sound engine started
[16:26:45] [Render thread/INFO]: Created: 512x256x0 minecraft:textures/atlas/particles.png-atlas
[16:26:45] [Render thread/INFO]: Created: 256x128x0 minecraft:textures/atlas/celestials.png-atlas
[16:26:45] [Render thread/INFO]: Created: 128x128x0 minecraft:textures/atlas/decorated_pot.png-atlas
[16:26:45] [Render thread/INFO]: Created: 512x256x0 minecraft:textures/atlas/paintings.png-atlas
[16:26:45] [Render thread/INFO]: Created: 1024x512x0 minecraft:textures/atlas/shield_patterns.png-atlas
[16:26:45] [Render thread/INFO]: Created: 1024x512x0 minecraft:textures/atlas/banner_patterns.png-atlas
[16:26:45] [Render thread/INFO]: Created: 2048x2048x4 minecraft:textures/atlas/blocks.png-atlas
[16:26:45] [Render thread/INFO]: Created: 1024x512x0 minecraft:textures/atlas/items.png-atlas
[16:26:45] [Render thread/INFO]: Created: 1024x1024x0 minecraft:textures/atlas/gui.png-atlas
[16:26:45] [Render thread/INFO]: Created: 128x64x0 minecraft:textures/atlas/map_decorations.png-atlas
[16:26:45] [Render thread/INFO]: Created: 512x512x0 minecraft:textures/atlas/chest.png-atlas
[16:26:45] [Render thread/INFO]: Created: 512x512x0 minecraft:textures/atlas/shulker_boxes.png-atlas
[16:26:47] [Worker-Main-6/INFO]: Loaded 1872 advancements
[16:26:48] [Thread-5/WARN]: Unable to parse version 27.0 to a codename.
[16:26:48] [Thread-5/INFO]: Environment: Environment[discoveryUrl=https://discovery.minecraftservices.com/minecraft/client, name=PROD]
[16:26:48] [Worker-Main-1/INFO]: Loaded 1872 advancements
[16:26:48] [Thread-5/INFO]: Applied 0 biome modifications to 0 of 67 new biomes in 130.2 μs
[16:26:48] [Server thread/INFO]: Starting minecraft server version 26.3
[16:26:48] [Server thread/INFO]: Loading properties
[16:26:48] [Server thread/INFO]: Default game type: SURVIVAL
[16:26:48] [Server thread/INFO]: Generating keypair
[16:26:48] [Server thread/INFO]: Starting Minecraft server on 127.0.0.1:59682
[16:26:48] [Server thread/WARN]: **** SERVER IS RUNNING IN OFFLINE/INSECURE MODE!
[16:26:48] [Server thread/WARN]: The server will make no attempt to authenticate usernames. Beware.
[16:26:48] [Server thread/WARN]: While this makes the game possible to play without internet access, it also opens up the ability for hackers to connect with any username they choose.
[16:26:48] [Server thread/WARN]: To change this, set "online-mode" to "true" in the server.properties file.
[16:26:48] [Server thread/INFO]: Preparing level "world"
[16:26:48] [Server thread/INFO]: Selecting global world spawn...
[16:26:48] [Server thread/INFO]: Loading 0 persistent chunks...
[16:26:48] [Server thread/INFO]: Preparing spawn area: 100%
[16:26:48] [Server thread/INFO]: Time elapsed: 37 ms
[16:26:48] [Server thread/INFO]: Done (0.039s)! For help, type "help"
[16:26:48] [Server thread/INFO]: Saving chunks for level 'ServerLevel[New World]'/minecraft:overworld
[16:26:48] [Server thread/INFO]: Saving chunks for level 'ServerLevel[New World]'/minecraft:the_end
[16:26:48] [Server thread/INFO]: Saving chunks for level 'ServerLevel[New World]'/minecraft:the_nether
[16:26:48] [Render thread/INFO]: Connecting to localhost, 59682
[16:26:48] [Render thread/INFO]: World loading finished: null screen: net.minecraft.client.gui.screens.ConnectScreen@65a91a3b
[16:26:48] [Render thread/INFO]: World loading finished: null screen: net.minecraft.client.gui.screens.ConnectScreen@65a91a3b
[16:26:48] [Render thread/INFO]: World loading finished: null screen: net.minecraft.client.gui.screens.ConnectScreen@65a91a3b
[16:26:48] [Render thread/INFO]: World loading finished: null screen: net.minecraft.client.gui.screens.ConnectScreen@65a91a3b
[16:26:48] [Render thread/INFO]: World loading finished: null screen: net.minecraft.client.gui.screens.ConnectScreen@65a91a3b
[16:26:48] [Render thread/INFO]: World loading finished: null screen: net.minecraft.client.gui.screens.ConnectScreen@65a91a3b
[16:26:48] [Render thread/INFO]: World loading finished: null screen: net.minecraft.client.gui.screens.ConnectScreen@65a91a3b
[16:26:48] [Render thread/INFO]: World loading finished: null screen: net.minecraft.client.gui.screens.ConnectScreen@65a91a3b
[16:26:48] [Render thread/INFO]: World loading finished: null screen: net.minecraft.client.gui.screens.ConnectScreen@65a91a3b
[16:26:48] [Render thread/INFO]: World loading finished: null screen: net.minecraft.client.gui.screens.ConnectScreen@65a91a3b
[16:26:49] [Render thread/INFO]: World loading finished: null screen: net.minecraft.client.gui.screens.ConnectScreen@65a91a3b
[16:26:49] [Server thread/INFO]: Player164[/127.0.0.1:59702] logged in with entity id 37 at (0.5, 71.0, 0.5)
[16:26:49] [Server thread/INFO]: System chat: Player164 joined the game
[16:26:49] [Render thread/INFO]: Loaded 2 advancements
[16:26:49] [Render thread/WARN]: Requested post effect does not exist: minecraft:end_of_frame
[16:26:49] [Render thread/INFO]: World loading finished: ClientLevel screen: net.minecraft.client.gui.screens.LevelLoadingScreen@7058d807
[16:26:49] [Render thread/INFO]: World loading finished: ClientLevel screen: net.minecraft.client.gui.screens.LevelLoadingScreen@7058d807
[16:26:49] [Render thread/INFO]: World loading finished: ClientLevel screen: net.minecraft.client.gui.screens.LevelLoadingScreen@7058d807
[16:26:49] [Render thread/INFO]: World loading finished: ClientLevel screen: null
[16:26:54] [Server thread/INFO]: Player164 lost connection: Disconnected
[16:26:54] [Server thread/INFO]: System chat: Player164 left the game
[16:26:54] [Render thread/INFO]: Connecting to localhost, 59682
[16:26:54] [Render thread/INFO]: World loading finished: null screen: net.minecraft.client.gui.screens.ConnectScreen@11b99212
[16:26:54] [Render thread/INFO]: World loading finished: null screen: net.minecraft.client.gui.screens.ConnectScreen@11b99212
[16:26:54] [Render thread/INFO]: World loading finished: null screen: net.minecraft.client.gui.screens.ConnectScreen@11b99212
[16:26:54] [Render thread/INFO]: World loading finished: null screen: net.minecraft.client.gui.screens.ConnectScreen@11b99212
[16:26:54] [Render thread/INFO]: World loading finished: null screen: net.minecraft.client.gui.screens.ConnectScreen@11b99212
[16:26:54] [Render thread/INFO]: World loading finished: null screen: net.minecraft.client.gui.screens.ConnectScreen@11b99212
[16:26:54] [Server thread/INFO]: Player164[/127.0.0.1:59901] logged in with entity id 38 at (0.5, 102.48159999847428, 22.43600013732907)
[16:26:54] [Server thread/INFO]: System chat: Player164 joined the game
[16:26:54] [Render thread/INFO]: Loaded 2 advancements
[16:26:54] [Render thread/INFO]: World loading finished: ClientLevel screen: net.minecraft.client.gui.screens.LevelLoadingScreen@5e1ebfd2
[16:26:55] [Render thread/INFO]: World loading finished: ClientLevel screen: null
[16:26:55] [Server thread/INFO]: Player164 lost connection: Disconnected
[16:26:55] [Server thread/INFO]: System chat: Player164 left the game
[16:26:55] [Server thread/INFO]: Stopping server
[16:26:55] [Server thread/INFO]: Saving players
[16:26:55] [Server thread/INFO]: Saving worlds
[16:26:55] [Server thread/INFO]: Saving chunks for level 'ServerLevel[New World]'/minecraft:overworld
[16:26:55] [Server thread/INFO]: Saving chunks for level 'ServerLevel[New World]'/minecraft:the_end
[16:26:55] [Server thread/INFO]: Saving chunks for level 'ServerLevel[New World]'/minecraft:the_nether
[16:26:55] [Test thread/INFO]: [STDOUT]: WILDCRAFT P3 dedicated-slot/native-click/creative-slot-permissions/holstered-hands/jump-toggle/steering/landing/damage/exhaustion/climb-transition/death-drop/keep-inventory/dimension/save-reload/TCP reconnect checks passed
[16:26:55] [Test thread/INFO]: [STDOUT]: WILDCRAFT R1 active clock: 10 cases passed; 5/10/20/60Hz, pause, resume, stall, duplicate
[16:26:55] [Worker-Main-2/INFO]: Loaded 1872 advancements
[16:26:55] [Render thread/INFO]: World loading finished: null screen: net.minecraft.client.gui.screens.GenericMessageScreen@17b6805b
[16:26:56] [Render thread/INFO]: Applied 0 biome modifications to 0 of 67 new biomes in 147.1 μs
[16:26:56] [Server thread/INFO]: Starting integrated minecraft server version 26.3
[16:26:56] [Server thread/INFO]: Generating keypair
[16:26:56] [Server thread/INFO]: Selecting global world spawn...
[16:26:56] [Server thread/INFO]: Loading 0 persistent chunks...
[16:26:56] [Server thread/INFO]: Preparing spawn area: 16%
[16:26:56] [Server thread/INFO]: Saving chunks for level 'ServerLevel[New World]'/minecraft:overworld
[16:26:56] [Server thread/INFO]: Saving chunks for level 'ServerLevel[New World]'/minecraft:the_end
[16:26:56] [Server thread/INFO]: Saving chunks for level 'ServerLevel[New World]'/minecraft:the_nether
[16:26:56] [Render thread/INFO]: World loading finished: null screen: net.minecraft.client.gui.screens.LevelLoadingScreen@9aca601
[16:26:56] [Render thread/INFO]: World loading finished: null screen: net.minecraft.client.gui.screens.LevelLoadingScreen@9aca601
[16:26:56] [Render thread/INFO]: World loading finished: null screen: net.minecraft.client.gui.screens.LevelLoadingScreen@9aca601
[16:26:56] [Server thread/INFO]: Loading 48 chunks for player spawn...
[16:26:56] [Render thread/INFO]: World loading finished: null screen: net.minecraft.client.gui.screens.LevelLoadingScreen@9aca601
[16:26:56] [Render thread/INFO]: World loading finished: null screen: net.minecraft.client.gui.screens.LevelLoadingScreen@9aca601
[16:26:56] [Server thread/INFO]: Time elapsed: 315 ms
[16:26:56] [Render thread/INFO]: World loading finished: null screen: net.minecraft.client.gui.screens.LevelLoadingScreen@9aca601
[16:26:56] [Server thread/INFO]: Player164[local:E:ddb2121d] logged in with entity id 39 at (0.5, -60.0, 0.5)
[16:26:56] [Server thread/INFO]: System chat: Player164 joined the game
[16:26:56] [Server thread/INFO]: Changing view distance to 5, from 10
[16:26:56] [Server thread/INFO]: Changing simulation distance to 12, from 0
[16:26:56] [Render thread/INFO]: World loading finished: ClientLevel screen: net.minecraft.client.gui.screens.LevelLoadingScreen@9aca601
[16:26:56] [Render thread/INFO]: Loaded 2 advancements
[16:26:56] [Render thread/INFO]: World loading finished: ClientLevel screen: net.minecraft.client.gui.screens.LevelLoadingScreen@9aca601
[16:26:56] [Render thread/INFO]: World loading finished: ClientLevel screen: net.minecraft.client.gui.screens.LevelLoadingScreen@9aca601
[16:26:56] [Render thread/INFO]: World loading finished: ClientLevel screen: net.minecraft.client.gui.screens.LevelLoadingScreen@9aca601
[16:26:56] [Render thread/INFO]: World loading finished: ClientLevel screen: net.minecraft.client.gui.screens.LevelLoadingScreen@9aca601
[16:26:56] [Render thread/INFO]: World loading finished: ClientLevel screen: net.minecraft.client.gui.screens.LevelLoadingScreen@9aca601
[16:26:56] [Render thread/INFO]: World loading finished: ClientLevel screen: net.minecraft.client.gui.screens.LevelLoadingScreen@9aca601
[16:26:56] [Render thread/INFO]: World loading finished: ClientLevel screen: net.minecraft.client.gui.screens.LevelLoadingScreen@9aca601
[16:26:56] [Render thread/INFO]: World loading finished: ClientLevel screen: net.minecraft.client.gui.screens.LevelLoadingScreen@9aca601
[16:26:56] [Render thread/INFO]: World loading finished: ClientLevel screen: net.minecraft.client.gui.screens.LevelLoadingScreen@9aca601
[16:26:56] [Render thread/INFO]: World loading finished: ClientLevel screen: net.minecraft.client.gui.screens.LevelLoadingScreen@9aca601
[16:26:56] [Render thread/INFO]: World loading finished: ClientLevel screen: net.minecraft.client.gui.screens.LevelLoadingScreen@9aca601
[16:26:57] [Render thread/INFO]: World loading finished: ClientLevel screen: net.minecraft.client.gui.screens.LevelLoadingScreen@9aca601
[16:26:57] [Render thread/INFO]: World loading finished: ClientLevel screen: net.minecraft.client.gui.screens.LevelLoadingScreen@9aca601
[16:26:57] [Render thread/INFO]: World loading finished: ClientLevel screen: net.minecraft.client.gui.screens.LevelLoadingScreen@9aca601
[16:26:57] [Render thread/INFO]: World loading finished: ClientLevel screen: null
[16:26:57] [Server thread/INFO]: System chat: Set minecraft:overworld to time marker minecraft:day
[16:26:57] [Render thread/INFO]: Loaded 3 advancements
[16:27:00] [Server thread/INFO]: System chat: Player164 was killed
[16:27:00] [Render thread/INFO]: [System] [CHAT] Player164 was killed
[16:27:01] [Server thread/INFO]: Saving and pausing game...
[16:27:01] [Server thread/INFO]: Saving chunks for level 'ServerLevel[New World]'/minecraft:overworld
[16:27:01] [Server thread/INFO]: Saving chunks for level 'ServerLevel[New World]'/minecraft:the_end
[16:27:01] [Server thread/INFO]: Saving chunks for level 'ServerLevel[New World]'/minecraft:the_nether
[16:27:02] [Server thread/INFO]: System chat: Player164 has made the advancement [We Need to Go Deeper]
[16:27:02] [Render thread/INFO]: [System] [CHAT] Player164 has made the advancement [We Need to Go Deeper]
[16:27:02] [Render thread/INFO]: Loaded 30 advancements
[16:27:03] [Test thread/INFO]: [STDOUT]: WILDCRAFT R1_WORLD=/Volumes/仕事/Wildcraft/开发环境/cache/builds/f51c43e6462c/run/packaged-client-test/saves/New World (75)
[16:27:03] [Server thread/INFO]: Player164 lost connection: Disconnected
[16:27:03] [Server thread/INFO]: System chat: Player164 left the game
[16:27:03] [Server thread/INFO]: Stopping singleplayer server as player logged out
[16:27:03] [Server thread/INFO]: Stopping server
[16:27:03] [Server thread/INFO]: Saving players
[16:27:03] [Server thread/INFO]: Saving worlds
[16:27:03] [Server thread/INFO]: Saving chunks for level 'ServerLevel[New World]'/minecraft:overworld
[16:27:03] [Server thread/INFO]: Saving chunks for level 'ServerLevel[New World]'/minecraft:the_end
[16:27:03] [Server thread/INFO]: Saving chunks for level 'ServerLevel[New World]'/minecraft:the_nether
[16:27:04] [Render thread/INFO]: World loading finished: null screen: net.minecraft.client.gui.screens.GenericMessageScreen@7efec202
[16:27:04] [Worker-Main-9/INFO]: Loaded 1872 advancements
[16:27:04] [Render thread/INFO]: Applied 0 biome modifications to 0 of 67 new biomes in 173.4 μs
[16:27:04] [Server thread/INFO]: Starting integrated minecraft server version 26.3
[16:27:04] [Server thread/INFO]: Generating keypair
[16:27:04] [Server thread/INFO]: Loading 0 persistent chunks...
[16:27:04] [Server thread/INFO]: Saving chunks for level 'ServerLevel[New World]'/minecraft:overworld
[16:27:04] [Server thread/INFO]: Saving chunks for level 'ServerLevel[New World]'/minecraft:the_end
[16:27:04] [Server thread/INFO]: Saving chunks for level 'ServerLevel[New World]'/minecraft:the_nether
[16:27:04] [Render thread/INFO]: World loading finished: null screen: net.minecraft.client.gui.screens.LevelLoadingScreen@63bc827d
[16:27:04] [Render thread/INFO]: World loading finished: null screen: net.minecraft.client.gui.screens.LevelLoadingScreen@63bc827d
[16:27:04] [Render thread/INFO]: World loading finished: null screen: net.minecraft.client.gui.screens.LevelLoadingScreen@63bc827d
[16:27:04] [Render thread/INFO]: World loading finished: null screen: net.minecraft.client.gui.screens.LevelLoadingScreen@63bc827d
[16:27:04] [Server thread/INFO]: Loading 49 chunks for player spawn...
[16:27:04] [Server thread/INFO]: Preparing spawn area: 16%
[16:27:04] [Render thread/INFO]: World loading finished: null screen: net.minecraft.client.gui.screens.LevelLoadingScreen@63bc827d
[16:27:04] [Render thread/INFO]: World loading finished: null screen: net.minecraft.client.gui.screens.LevelLoadingScreen@63bc827d
[16:27:04] [Server thread/INFO]: Time elapsed: 319 ms
[16:27:04] [Render thread/INFO]: World loading finished: null screen: net.minecraft.client.gui.screens.LevelLoadingScreen@63bc827d
[16:27:04] [Server thread/INFO]: Player164[local:E:b3ecdc69] logged in with entity id 52 at (0.5, 105.0, 0.5)
[16:27:04] [Server thread/INFO]: System chat: Player164 joined the game
[16:27:04] [Server thread/INFO]: Changing view distance to 5, from 10
[16:27:04] [Server thread/INFO]: Changing simulation distance to 12, from 0
[16:27:04] [Render thread/INFO]: World loading finished: ClientLevel screen: net.minecraft.client.gui.screens.LevelLoadingScreen@63bc827d
[16:27:04] [Render thread/INFO]: Loaded 30 advancements
[16:27:04] [Render thread/INFO]: World loading finished: ClientLevel screen: net.minecraft.client.gui.screens.LevelLoadingScreen@63bc827d
[16:27:04] [Render thread/INFO]: World loading finished: ClientLevel screen: net.minecraft.client.gui.screens.LevelLoadingScreen@63bc827d
[16:27:04] [Render thread/INFO]: World loading finished: ClientLevel screen: null
[16:27:06] [Server thread/INFO]: Published LAN server on port 0
[16:27:06] [Server thread/INFO]: Unpublishing integrated server (was on port 0)
[16:27:06] [Server thread/INFO]: Player164 lost connection: Disconnected
[16:27:06] [Server thread/INFO]: System chat: Player164 left the game
[16:27:06] [Server thread/INFO]: Stopping singleplayer server as player logged out
[16:27:06] [Server thread/INFO]: Stopping server
[16:27:06] [Server thread/INFO]: Saving players
[16:27:06] [Server thread/INFO]: Saving worlds
[16:27:06] [Server thread/INFO]: Saving chunks for level 'ServerLevel[New World]'/minecraft:overworld
[16:27:07] [Server thread/INFO]: Saving chunks for level 'ServerLevel[New World]'/minecraft:the_end
[16:27:07] [Server thread/INFO]: Saving chunks for level 'ServerLevel[New World]'/minecraft:the_nether
[16:27:07] [Test thread/INFO]: [STDOUT]: WILDCRAFT R1 lifecycle, ownership, real reload, native item anchor and GPU post-effect checks passed
[16:27:07] [Worker-Main-8/INFO]: Loaded 1872 advancements
[16:27:07] [Render thread/INFO]: World loading finished: null screen: net.minecraft.client.gui.screens.GenericMessageScreen@4a10d608
[16:27:07] [Render thread/INFO]: Applied 0 biome modifications to 0 of 67 new biomes in 163.4 μs
[16:27:07] [Server thread/INFO]: Starting integrated minecraft server version 26.3
[16:27:07] [Server thread/INFO]: Generating keypair
[16:27:07] [Server thread/INFO]: Selecting global world spawn...
[16:27:07] [Server thread/INFO]: Loading 0 persistent chunks...
[16:27:07] [Server thread/INFO]: Preparing spawn area: 16%
[16:27:07] [Server thread/INFO]: Saving chunks for level 'ServerLevel[New World]'/minecraft:overworld
[16:27:07] [Server thread/INFO]: Saving chunks for level 'ServerLevel[New World]'/minecraft:the_end
[16:27:07] [Server thread/INFO]: Saving chunks for level 'ServerLevel[New World]'/minecraft:the_nether
[16:27:07] [Render thread/INFO]: World loading finished: null screen: net.minecraft.client.gui.screens.LevelLoadingScreen@140855ec
[16:27:07] [Render thread/INFO]: World loading finished: null screen: net.minecraft.client.gui.screens.LevelLoadingScreen@140855ec
[16:27:07] [Render thread/INFO]: World loading finished: null screen: net.minecraft.client.gui.screens.LevelLoadingScreen@140855ec
[16:27:07] [Server thread/INFO]: Loading 48 chunks for player spawn...
[16:27:07] [Render thread/INFO]: World loading finished: null screen: net.minecraft.client.gui.screens.LevelLoadingScreen@140855ec
[16:27:07] [Render thread/INFO]: World loading finished: null screen: net.minecraft.client.gui.screens.LevelLoadingScreen@140855ec
[16:27:07] [Server thread/INFO]: Time elapsed: 301 ms
[16:27:07] [Render thread/INFO]: World loading finished: null screen: net.minecraft.client.gui.screens.LevelLoadingScreen@140855ec
[16:27:07] [Server thread/INFO]: Player164[local:E:78163c8a] logged in with entity id 53 at (0.5, -60.0, 0.5)
[16:27:07] [Server thread/INFO]: System chat: Player164 joined the game
[16:27:07] [Server thread/INFO]: Changing view distance to 5, from 10
[16:27:07] [Server thread/INFO]: Changing simulation distance to 12, from 0
[16:27:07] [Render thread/INFO]: World loading finished: ClientLevel screen: net.minecraft.client.gui.screens.LevelLoadingScreen@140855ec
[16:27:07] [Render thread/INFO]: Loaded 2 advancements
[16:27:07] [Render thread/INFO]: World loading finished: ClientLevel screen: net.minecraft.client.gui.screens.LevelLoadingScreen@140855ec
[16:27:07] [Render thread/INFO]: World loading finished: ClientLevel screen: net.minecraft.client.gui.screens.LevelLoadingScreen@140855ec
[16:27:07] [Render thread/INFO]: World loading finished: ClientLevel screen: net.minecraft.client.gui.screens.LevelLoadingScreen@140855ec
[16:27:07] [Render thread/INFO]: World loading finished: ClientLevel screen: net.minecraft.client.gui.screens.LevelLoadingScreen@140855ec
[16:27:07] [Render thread/INFO]: World loading finished: ClientLevel screen: net.minecraft.client.gui.screens.LevelLoadingScreen@140855ec
[16:27:07] [Render thread/INFO]: World loading finished: ClientLevel screen: net.minecraft.client.gui.screens.LevelLoadingScreen@140855ec
[16:27:08] [Render thread/INFO]: World loading finished: ClientLevel screen: net.minecraft.client.gui.screens.LevelLoadingScreen@140855ec
[16:27:08] [Render thread/INFO]: World loading finished: ClientLevel screen: net.minecraft.client.gui.screens.LevelLoadingScreen@140855ec
[16:27:08] [Render thread/INFO]: World loading finished: ClientLevel screen: net.minecraft.client.gui.screens.LevelLoadingScreen@140855ec
[16:27:08] [Render thread/INFO]: World loading finished: ClientLevel screen: net.minecraft.client.gui.screens.LevelLoadingScreen@140855ec
[16:27:08] [Render thread/INFO]: World loading finished: ClientLevel screen: net.minecraft.client.gui.screens.LevelLoadingScreen@140855ec
[16:27:08] [Render thread/INFO]: World loading finished: ClientLevel screen: net.minecraft.client.gui.screens.LevelLoadingScreen@140855ec
[16:27:08] [Render thread/INFO]: World loading finished: ClientLevel screen: net.minecraft.client.gui.screens.LevelLoadingScreen@140855ec
[16:27:08] [Render thread/INFO]: World loading finished: ClientLevel screen: net.minecraft.client.gui.screens.LevelLoadingScreen@140855ec
[16:27:08] [Render thread/INFO]: World loading finished: ClientLevel screen: null
[16:27:08] [Render thread/INFO]: Loaded 3 advancements
[16:27:09] [Server thread/INFO]: System chat: Player164 has made the advancement [Cover Me with Diamonds]
[16:27:09] [Render thread/INFO]: [System] [CHAT] Player164 has made the advancement [Cover Me with Diamonds]
[16:27:09] [Render thread/INFO]: Loaded 10 advancements
[16:27:09] [Render thread/INFO]: Loaded 21 advancements
[16:27:10] [Render thread/INFO]: [STDOUT]: WILDCRAFT P3.1 controlled client skin model=WIDE
[16:27:10] [Server thread/INFO]: System chat: Set 30 experience levels on Player164
[16:27:10] [Server thread/INFO]: System chat: Set 5 experience levels on Player164
[16:27:10] [Server thread/INFO]: System chat: Stamina refilled
[16:27:10] [Server thread/INFO]: System chat: Consumed 145.0 stamina
[16:27:10] [Render thread/INFO]: Reloading ResourceManager: vanilla, vanilla, fabric-advancement-api-v1, fabric-api, fabric-api-base, fabric-api-lookup-api-v1, fabric-biome-api-v1, fabric-block-api-v1, fabric-block-getter-api-v2, fabric-client-gametest-api-v1, fabric-command-api-v2, fabric-content-registries-v0, fabric-convention-tags-v2, fabric-crash-report-info-v1, fabric-creative-tab-api-v1, fabric-data-attachment-api-v1, fabric-data-generation-api-v1, fabric-debug-api-v1, fabric-dimensions-v1, fabric-entity-events-v1, fabric-events-interaction-v0, fabric-game-rule-api-v1, fabric-gametest-api-v1, fabric-item-api-v1, fabric-key-mapping-api-v1, fabric-lifecycle-events-v1, fabric-loot-api-v3, fabric-menu-api-v1, fabric-message-api-v1, fabric-model-loading-api-v1, fabric-networking-api-v1, fabric-object-builder-api-v1, fabric-particles-v1, fabric-permission-api-v1, fabric-recipe-api-v1, fabric-registry-sync-v0, fabric-renderer-api-v1, fabric-renderer-indigo, fabric-rendering-fluids-v1, fabric-rendering-v1, fabric-resource-conditions-api-v1, fabric-resource-loader-v0, fabric-resource-loader-v1, fabric-screen-api-v1, fabric-serialization-api-v1, fabric-sound-api-v1, fabric-tag-api-v1, fabric-transfer-api-v1, fabric-transitive-access-wideners-v1, fabricloader, wildcraft, wildcraft-test
[16:27:10] [Worker-Main-7/INFO]: Found unifont_pua-17.0.01.hex, loading
[16:27:10] [Worker-Main-1/INFO]: Found unifont_all_no_pua-17.0.01.hex, loading
[16:27:10] [Server thread/INFO]: Saving and pausing game...
[16:27:10] [Server thread/INFO]: Saving chunks for level 'ServerLevel[New World]'/minecraft:overworld
[16:27:10] [Server thread/INFO]: Saving chunks for level 'ServerLevel[New World]'/minecraft:the_end
[16:27:10] [Server thread/INFO]: Saving chunks for level 'ServerLevel[New World]'/minecraft:the_nether
[16:27:10] [Render thread/INFO]: Info log when linking program containing VERTEX minecraft:core/terrain, FRAGMENT minecraft:core/terrain. Log output: WARNING: Output of vertex shader '_interface_variable_01' not read by fragment shader
WARNING: Output of vertex shader '_interface_variable_00' not read by fragment shader
WARNING: Output of vertex shader '_interface_variable_04' not read by fragment shader

[16:27:10] [Render thread/INFO]: Info log when linking program containing VERTEX minecraft:core/entity, FRAGMENT minecraft:core/entity. Log output: WARNING: Output of vertex shader '_interface_variable_01' not read by fragment shader
WARNING: Output of vertex shader '_interface_variable_00' not read by fragment shader

[16:27:10] [Render thread/INFO]: Info log when linking program containing VERTEX minecraft:core/rendertype_crumbling, FRAGMENT minecraft:core/rendertype_crumbling. Log output: WARNING: Output of vertex shader '_interface_variable_01' not read by fragment shader
WARNING: Output of vertex shader '_interface_variable_00' not read by fragment shader

[16:27:10] [Render thread/INFO]: Info log when linking program containing VERTEX minecraft:core/rendertype_lines, FRAGMENT minecraft:core/rendertype_lines. Log output: WARNING: Output of vertex shader '_interface_variable_01' not read by fragment shader
WARNING: Output of vertex shader '_interface_variable_00' not read by fragment shader

[16:27:10] [Worker-Main-1/INFO]: Found unifont_jp_patch-17.0.01.hex, loading
[16:27:10] [Render thread/INFO]: Info log when linking program containing VERTEX minecraft:core/terrain, FRAGMENT minecraft:core/terrain. Log output: WARNING: Output of vertex shader '_interface_variable_01' not read by fragment shader
WARNING: Output of vertex shader '_interface_variable_00' not read by fragment shader
WARNING: Output of vertex shader '_interface_variable_04' not read by fragment shader

[16:27:10] [Render thread/INFO]: Info log when linking program containing VERTEX minecraft:core/text, FRAGMENT minecraft:core/text. Log output: WARNING: Output of vertex shader '_interface_variable_01' not read by fragment shader
WARNING: Output of vertex shader '_interface_variable_00' not read by fragment shader

[16:27:10] [Render thread/INFO]: Info log when linking program containing VERTEX minecraft:core/entity, FRAGMENT minecraft:core/entity. Log output: WARNING: Output of vertex shader '_interface_variable_01' not read by fragment shader
WARNING: Output of vertex shader '_interface_variable_00' not read by fragment shader

[16:27:10] [Render thread/INFO]: Info log when linking program containing VERTEX minecraft:core/text, FRAGMENT minecraft:core/text. Log output: WARNING: Output of vertex shader '_interface_variable_01' not read by fragment shader
WARNING: Output of vertex shader '_interface_variable_00' not read by fragment shader

[16:27:10] [Render thread/INFO]: Info log when linking program containing VERTEX minecraft:core/block, FRAGMENT minecraft:core/block. Log output: WARNING: Output of vertex shader '_interface_variable_01' not read by fragment shader
WARNING: Output of vertex shader '_interface_variable_00' not read by fragment shader

[16:27:10] [Render thread/INFO]: Info log when linking program containing VERTEX minecraft:core/entity, FRAGMENT minecraft:core/entity. Log output: WARNING: Output of vertex shader '_interface_variable_01' not read by fragment shader
WARNING: Output of vertex shader '_interface_variable_00' not read by fragment shader

[16:27:10] [Render thread/INFO]: Info log when linking program containing VERTEX minecraft:core/rendertype_entity_shadow, FRAGMENT minecraft:core/rendertype_entity_shadow. Log output: WARNING: Output of vertex shader '_interface_variable_01' not read by fragment shader
WARNING: Output of vertex shader '_interface_variable_00' not read by fragment shader

[16:27:10] [Render thread/INFO]: Info log when linking program containing VERTEX minecraft:core/particle, FRAGMENT minecraft:core/particle. Log output: WARNING: Output of vertex shader '_interface_variable_01' not read by fragment shader
WARNING: Output of vertex shader '_interface_variable_00' not read by fragment shader

[16:27:10] [Render thread/INFO]: Info log when linking program containing VERTEX minecraft:core/screenquad, FRAGMENT minecraft:core/oit_composite. Log output: WARNING: Output of vertex shader '_interface_variable_00' not read by fragment shader

[16:27:10] [Render thread/INFO]: Info log when linking program containing VERTEX minecraft:core/screenquad, FRAGMENT minecraft:core/integrate_depth. Log output: WARNING: Output of vertex shader '_interface_variable_00' not read by fragment shader

[16:27:10] [Render thread/INFO]: Info log when linking program containing VERTEX minecraft:core/terrain, FRAGMENT minecraft:core/terrain. Log output: WARNING: Output of vertex shader '_interface_variable_01' not read by fragment shader
WARNING: Output of vertex shader '_interface_variable_00' not read by fragment shader
WARNING: Output of vertex shader '_interface_variable_04' not read by fragment shader

[16:27:10] [Render thread/INFO]: Info log when linking program containing VERTEX minecraft:core/animate_sprite, FRAGMENT minecraft:core/animate_sprite_blit. Log output: WARNING: Output of vertex shader '_interface_variable_00' not read by fragment shader

[16:27:10] [Render thread/INFO]: Info log when linking program containing VERTEX minecraft:core/entity, FRAGMENT minecraft:core/entity. Log output: WARNING: Output of vertex shader '_interface_variable_01' not read by fragment shader
WARNING: Output of vertex shader '_interface_variable_00' not read by fragment shader

[16:27:10] [Render thread/INFO]: Info log when linking program containing VERTEX minecraft:core/entity, FRAGMENT minecraft:core/entity. Log output: WARNING: Output of vertex shader '_interface_variable_01' not read by fragment shader
WARNING: Output of vertex shader '_interface_variable_00' not read by fragment shader

[16:27:10] [Render thread/INFO]: Info log when linking program containing VERTEX minecraft:core/entity, FRAGMENT minecraft:core/entity. Log output: WARNING: Output of vertex shader '_interface_variable_01' not read by fragment shader
WARNING: Output of vertex shader '_interface_variable_00' not read by fragment shader

[16:27:10] [Render thread/INFO]: Info log when linking program containing VERTEX minecraft:core/clouds, FRAGMENT minecraft:core/clouds. Log output: WARNING: Output of vertex shader '_interface_variable_00' not read by fragment shader

[16:27:10] [Render thread/INFO]: Info log when linking program containing VERTEX minecraft:core/particle, FRAGMENT minecraft:core/particle. Log output: WARNING: Output of vertex shader '_interface_variable_01' not read by fragment shader
WARNING: Output of vertex shader '_interface_variable_00' not read by fragment shader

[16:27:10] [Render thread/INFO]: Info log when linking program containing VERTEX minecraft:core/entity, FRAGMENT minecraft:core/entity. Log output: WARNING: Output of vertex shader '_interface_variable_01' not read by fragment shader
WARNING: Output of vertex shader '_interface_variable_00' not read by fragment shader

[16:27:10] [Render thread/INFO]: Info log when linking program containing VERTEX minecraft:core/screenquad, FRAGMENT minecraft:core/oit_depth_bounds_cull. Log output: WARNING: Output of vertex shader '_interface_variable_00' not read by fragment shader

[16:27:10] [Render thread/INFO]: Info log when linking program containing VERTEX minecraft:core/text, FRAGMENT minecraft:core/text. Log output: WARNING: Output of vertex shader '_interface_variable_01' not read by fragment shader
WARNING: Output of vertex shader '_interface_variable_00' not read by fragment shader

[16:27:10] [Render thread/INFO]: Info log when linking program containing VERTEX minecraft:core/text, FRAGMENT minecraft:core/text. Log output: WARNING: Output of vertex shader '_interface_variable_01' not read by fragment shader
WARNING: Output of vertex shader '_interface_variable_00' not read by fragment shader

[16:27:10] [Render thread/INFO]: Info log when linking program containing VERTEX minecraft:core/block, FRAGMENT minecraft:core/block. Log output: WARNING: Output of vertex shader '_interface_variable_01' not read by fragment shader
WARNING: Output of vertex shader '_interface_variable_00' not read by fragment shader

[16:27:10] [Render thread/INFO]: Info log when linking program containing VERTEX minecraft:core/text, FRAGMENT minecraft:core/text. Log output: WARNING: Output of vertex shader '_interface_variable_01' not read by fragment shader
WARNING: Output of vertex shader '_interface_variable_00' not read by fragment shader

[16:27:10] [Render thread/INFO]: Info log when linking program containing VERTEX minecraft:core/terrain, FRAGMENT minecraft:core/terrain. Log output: WARNING: Output of vertex shader '_interface_variable_01' not read by fragment shader
WARNING: Output of vertex shader '_interface_variable_00' not read by fragment shader
WARNING: Output of vertex shader '_interface_variable_04' not read by fragment shader

[16:27:10] [Render thread/INFO]: Info log when linking program containing VERTEX minecraft:core/entity, FRAGMENT minecraft:core/entity. Log output: WARNING: Output of vertex shader '_interface_variable_01' not read by fragment shader
WARNING: Output of vertex shader '_interface_variable_00' not read by fragment shader

[16:27:10] [Render thread/INFO]: Info log when linking program containing VERTEX minecraft:core/text, FRAGMENT minecraft:core/text. Log output: WARNING: Output of vertex shader '_interface_variable_01' not read by fragment shader
WARNING: Output of vertex shader '_interface_variable_00' not read by fragment shader

[16:27:10] [Render thread/INFO]: Info log when linking program containing VERTEX minecraft:core/clouds, FRAGMENT minecraft:core/clouds. Log output: WARNING: Output of vertex shader '_interface_variable_00' not read by fragment shader

[16:27:10] [Render thread/INFO]: Info log when linking program containing VERTEX minecraft:core/rendertype_entity_shadow, FRAGMENT minecraft:core/rendertype_entity_shadow. Log output: WARNING: Output of vertex shader '_interface_variable_01' not read by fragment shader
WARNING: Output of vertex shader '_interface_variable_00' not read by fragment shader

[16:27:10] [Render thread/INFO]: Info log when linking program containing VERTEX minecraft:core/rendertype_lines, FRAGMENT minecraft:core/rendertype_lines. Log output: WARNING: Output of vertex shader '_interface_variable_01' not read by fragment shader
WARNING: Output of vertex shader '_interface_variable_00' not read by fragment shader

[16:27:10] [Render thread/INFO]: Info log when linking program containing VERTEX minecraft:core/entity, FRAGMENT minecraft:core/entity. Log output: WARNING: Output of vertex shader '_interface_variable_01' not read by fragment shader
WARNING: Output of vertex shader '_interface_variable_00' not read by fragment shader

[16:27:10] [Render thread/INFO]: Info log when linking program containing VERTEX minecraft:core/particle, FRAGMENT minecraft:core/particle. Log output: WARNING: Output of vertex shader '_interface_variable_01' not read by fragment shader
WARNING: Output of vertex shader '_interface_variable_00' not read by fragment shader

[16:27:10] [Render thread/INFO]: Info log when linking program containing VERTEX minecraft:core/text, FRAGMENT minecraft:core/text. Log output: WARNING: Output of vertex shader '_interface_variable_01' not read by fragment shader
WARNING: Output of vertex shader '_interface_variable_00' not read by fragment shader

[16:27:10] [Render thread/INFO]: Info log when linking program containing VERTEX minecraft:core/rendertype_crumbling, FRAGMENT minecraft:core/rendertype_crumbling. Log output: WARNING: Output of vertex shader '_interface_variable_01' not read by fragment shader
WARNING: Output of vertex shader '_interface_variable_00' not read by fragment shader

[16:27:10] [Render thread/INFO]: Info log when linking program containing VERTEX minecraft:core/particle, FRAGMENT minecraft:core/particle. Log output: WARNING: Output of vertex shader '_interface_variable_01' not read by fragment shader
WARNING: Output of vertex shader '_interface_variable_00' not read by fragment shader

[16:27:10] [Render thread/INFO]: Info log when linking program containing VERTEX minecraft:core/entity, FRAGMENT minecraft:core/entity. Log output: WARNING: Output of vertex shader '_interface_variable_01' not read by fragment shader
WARNING: Output of vertex shader '_interface_variable_00' not read by fragment shader

[16:27:10] [Render thread/INFO]: Info log when linking program containing VERTEX minecraft:core/entity, FRAGMENT minecraft:core/entity. Log output: WARNING: Output of vertex shader '_interface_variable_01' not read by fragment shader
WARNING: Output of vertex shader '_interface_variable_00' not read by fragment shader

[16:27:10] [Render thread/INFO]: Info log when linking program containing VERTEX minecraft:core/entity, FRAGMENT minecraft:core/entity. Log output: WARNING: Output of vertex shader '_interface_variable_01' not read by fragment shader
WARNING: Output of vertex shader '_interface_variable_00' not read by fragment shader

[16:27:10] [Render thread/INFO]: Info log when linking program containing VERTEX minecraft:core/text, FRAGMENT minecraft:core/text. Log output: WARNING: Output of vertex shader '_interface_variable_01' not read by fragment shader
WARNING: Output of vertex shader '_interface_variable_00' not read by fragment shader

[16:27:10] [Render thread/INFO]: OpenAL initialized on device Mac mini扬声器
[16:27:10] [Render thread/INFO]: Sound engine started
[16:27:10] [Render thread/INFO]: Created: 512x256x0 minecraft:textures/atlas/particles.png-atlas
[16:27:10] [Render thread/INFO]: Created: 256x128x0 minecraft:textures/atlas/celestials.png-atlas
[16:27:10] [Render thread/INFO]: Created: 128x128x0 minecraft:textures/atlas/decorated_pot.png-atlas
[16:27:10] [Render thread/INFO]: Created: 512x256x0 minecraft:textures/atlas/paintings.png-atlas
[16:27:10] [Render thread/INFO]: Created: 1024x512x0 minecraft:textures/atlas/shield_patterns.png-atlas
[16:27:10] [Render thread/INFO]: Created: 1024x512x0 minecraft:textures/atlas/banner_patterns.png-atlas
[16:27:10] [Render thread/INFO]: Created: 2048x2048x4 minecraft:textures/atlas/blocks.png-atlas
[16:27:11] [Render thread/INFO]: Created: 1024x512x0 minecraft:textures/atlas/items.png-atlas
[16:27:11] [Render thread/INFO]: Created: 1024x1024x0 minecraft:textures/atlas/gui.png-atlas
[16:27:11] [Render thread/INFO]: Created: 128x64x0 minecraft:textures/atlas/map_decorations.png-atlas
[16:27:11] [Render thread/INFO]: Created: 512x512x0 minecraft:textures/atlas/chest.png-atlas
[16:27:11] [Render thread/INFO]: Created: 512x512x0 minecraft:textures/atlas/shulker_boxes.png-atlas
[16:27:11] [Render thread/WARN]: Requested post effect does not exist: minecraft:end_of_frame
[16:27:14] [Server thread/INFO]: System chat: 已将Player164的经验等级设为600000
[16:27:14] [Server thread/INFO]: System chat: 已将Player164的经验等级设为5
[16:27:14] [Server thread/INFO]: System chat: 精力已补满
[16:27:16] [Server thread/INFO]: System chat: Player164达成了目标[天空即为极限]
[16:27:16] [Render thread/INFO]: [System] [CHAT] Player164达成了目标[天空即为极限]
[16:27:16] [Render thread/INFO]: Loaded 26 advancements
[16:27:17] [Server thread/INFO]: Player164 lost connection: 连接中断
[16:27:17] [Server thread/INFO]: System chat: Player164退出了游戏
[16:27:17] [Server thread/INFO]: Stopping singleplayer server as player logged out
[16:27:17] [Server thread/INFO]: Stopping server
[16:27:17] [Server thread/INFO]: Saving players
[16:27:17] [Server thread/INFO]: Saving worlds
[16:27:17] [Server thread/INFO]: Saving chunks for level 'ServerLevel[New World]'/minecraft:overworld
[16:27:17] [Server thread/INFO]: Saving chunks for level 'ServerLevel[New World]'/minecraft:the_end
[16:27:17] [Server thread/INFO]: Saving chunks for level 'ServerLevel[New World]'/minecraft:the_nether
[16:27:17] [Render thread/INFO]: World loading finished: null screen: net.minecraft.client.gui.screens.GenericMessageScreen@49652e0b
[16:27:17] [Worker-Main-4/INFO]: Loaded 1872 advancements
[16:27:17] [Render thread/INFO]: Applied 0 biome modifications to 0 of 67 new biomes in 159.7 μs
[16:27:17] [Server thread/INFO]: Starting integrated minecraft server version 26.3
[16:27:17] [Server thread/INFO]: Generating keypair
[16:27:17] [Server thread/INFO]: Loading 0 persistent chunks...
[16:27:17] [Server thread/INFO]: Saving chunks for level 'ServerLevel[New World]'/minecraft:overworld
[16:27:17] [Server thread/INFO]: Saving chunks for level 'ServerLevel[New World]'/minecraft:the_end
[16:27:17] [Server thread/INFO]: Saving chunks for level 'ServerLevel[New World]'/minecraft:the_nether
[16:27:17] [Render thread/INFO]: World loading finished: null screen: net.minecraft.client.gui.screens.LevelLoadingScreen@4193ab89
[16:27:17] [Render thread/INFO]: World loading finished: null screen: net.minecraft.client.gui.screens.LevelLoadingScreen@4193ab89
[16:27:17] [Render thread/INFO]: World loading finished: null screen: net.minecraft.client.gui.screens.LevelLoadingScreen@4193ab89
[16:27:17] [Render thread/INFO]: World loading finished: null screen: net.minecraft.client.gui.screens.LevelLoadingScreen@4193ab89
[16:27:17] [Server thread/INFO]: Loading 49 chunks for player spawn...
[16:27:17] [Server thread/INFO]: 准备生成区域中：16%
[16:27:17] [Render thread/INFO]: World loading finished: null screen: net.minecraft.client.gui.screens.LevelLoadingScreen@4193ab89
[16:27:17] [Server thread/INFO]: Time elapsed: 270 ms
[16:27:17] [Render thread/INFO]: World loading finished: null screen: net.minecraft.client.gui.screens.LevelLoadingScreen@4193ab89
[16:27:17] [Server thread/INFO]: Player164[local:E:a9aeef10] logged in with entity id 58 at (0.5, 109.80148674189209, 0.9980903091669567)
[16:27:17] [Server thread/INFO]: System chat: Player164加入了游戏
[16:27:17] [Server thread/INFO]: Changing view distance to 5, from 10
[16:27:17] [Server thread/INFO]: Changing simulation distance to 12, from 0
[16:27:17] [Render thread/INFO]: World loading finished: ClientLevel screen: net.minecraft.client.gui.screens.LevelLoadingScreen@4193ab89
[16:27:17] [Render thread/INFO]: Loaded 26 advancements
[16:27:17] [Render thread/INFO]: World loading finished: ClientLevel screen: net.minecraft.client.gui.screens.LevelLoadingScreen@4193ab89
[16:27:17] [Render thread/INFO]: World loading finished: ClientLevel screen: net.minecraft.client.gui.screens.LevelLoadingScreen@4193ab89
[16:27:18] [Render thread/INFO]: World loading finished: ClientLevel screen: net.minecraft.client.gui.screens.LevelLoadingScreen@4193ab89
[16:27:18] [Render thread/INFO]: World loading finished: ClientLevel screen: net.minecraft.client.gui.screens.LevelLoadingScreen@4193ab89
[16:27:18] [Render thread/INFO]: World loading finished: ClientLevel screen: net.minecraft.client.gui.screens.LevelLoadingScreen@4193ab89
[16:27:18] [Render thread/INFO]: World loading finished: ClientLevel screen: null
[16:27:18] [Server thread/INFO]: System chat: Player164取得了进度[勇往直下]
[16:27:18] [Render thread/INFO]: [System] [CHAT] Player164取得了进度[勇往直下]
[16:27:18] [Render thread/INFO]: Loaded 49 advancements
[16:27:18] [Server thread/INFO]: System chat: Player164被杀死了
[16:27:18] [Server thread/INFO]: System chat: 杀死了Player164
[16:27:18] [Render thread/INFO]: [System] [CHAT] Player164被杀死了
[16:27:19] [Server thread/INFO]: System chat: Player164被杀死了
[16:27:19] [Server thread/INFO]: System chat: 杀死了Player164
[16:27:19] [Render thread/INFO]: [System] [CHAT] Player164被杀死了
[16:27:19] [Server thread/INFO]: Player164 lost connection: 连接中断
[16:27:19] [Server thread/INFO]: System chat: Player164退出了游戏
[16:27:19] [Server thread/INFO]: Stopping singleplayer server as player logged out
[16:27:19] [Server thread/INFO]: Stopping server
[16:27:19] [Server thread/INFO]: Saving players
[16:27:19] [Server thread/INFO]: Saving worlds
[16:27:19] [Server thread/INFO]: Saving chunks for level 'ServerLevel[New World]'/minecraft:overworld
[16:27:19] [Server thread/INFO]: Saving chunks for level 'ServerLevel[New World]'/minecraft:the_end
[16:27:19] [Server thread/INFO]: Saving chunks for level 'ServerLevel[New World]'/minecraft:the_nether
[16:27:19] [Test thread/INFO]: [STDOUT]: WILDCRAFT P3.1 actual network attack/shield/bow, save/reload/dimension/death, private view and merged HUD passed
[16:27:19] [Worker-Main-5/INFO]: Loaded 1872 advancements
[16:27:19] [Render thread/INFO]: World loading finished: null screen: net.minecraft.client.gui.screens.GenericMessageScreen@14bd64fb
[16:27:19] [Render thread/INFO]: Applied 0 biome modifications to 0 of 67 new biomes in 137.7 μs
[16:27:19] [Server thread/INFO]: Starting integrated minecraft server version 26.3
[16:27:19] [Server thread/INFO]: Generating keypair
[16:27:19] [Server thread/INFO]: Selecting global world spawn...
[16:27:19] [Server thread/INFO]: Loading 0 persistent chunks...
[16:27:19] [Server thread/INFO]: 准备生成区域中：16%
[16:27:19] [Server thread/INFO]: Saving chunks for level 'ServerLevel[新的世界]'/minecraft:overworld
[16:27:19] [Server thread/INFO]: Saving chunks for level 'ServerLevel[新的世界]'/minecraft:the_end
[16:27:19] [Server thread/INFO]: Saving chunks for level 'ServerLevel[新的世界]'/minecraft:the_nether
[16:27:19] [Render thread/INFO]: World loading finished: null screen: net.minecraft.client.gui.screens.LevelLoadingScreen@41f8ffdf
[16:27:19] [Render thread/INFO]: World loading finished: null screen: net.minecraft.client.gui.screens.LevelLoadingScreen@41f8ffdf
[16:27:19] [Render thread/INFO]: World loading finished: null screen: net.minecraft.client.gui.screens.LevelLoadingScreen@41f8ffdf
[16:27:19] [Server thread/INFO]: Loading 48 chunks for player spawn...
[16:27:19] [Render thread/INFO]: World loading finished: null screen: net.minecraft.client.gui.screens.LevelLoadingScreen@41f8ffdf
[16:27:19] [Render thread/INFO]: World loading finished: null screen: net.minecraft.client.gui.screens.LevelLoadingScreen@41f8ffdf
[16:27:19] [Server thread/INFO]: Time elapsed: 305 ms
[16:27:19] [Render thread/INFO]: World loading finished: null screen: net.minecraft.client.gui.screens.LevelLoadingScreen@41f8ffdf
[16:27:19] [Server thread/INFO]: Player164[local:E:52a8aced] logged in with entity id 68 at (0.5, -60.0, 0.5)
[16:27:19] [Server thread/INFO]: System chat: Player164加入了游戏
[16:27:19] [Server thread/INFO]: Changing view distance to 5, from 10
[16:27:19] [Server thread/INFO]: Changing simulation distance to 12, from 0
[16:27:19] [Render thread/INFO]: World loading finished: ClientLevel screen: net.minecraft.client.gui.screens.LevelLoadingScreen@41f8ffdf
[16:27:19] [Render thread/INFO]: Loaded 2 advancements
[16:27:20] [Render thread/INFO]: World loading finished: ClientLevel screen: net.minecraft.client.gui.screens.LevelLoadingScreen@41f8ffdf
[16:27:20] [Render thread/INFO]: World loading finished: ClientLevel screen: net.minecraft.client.gui.screens.LevelLoadingScreen@41f8ffdf
[16:27:20] [Render thread/INFO]: World loading finished: ClientLevel screen: net.minecraft.client.gui.screens.LevelLoadingScreen@41f8ffdf
[16:27:20] [Render thread/INFO]: World loading finished: ClientLevel screen: net.minecraft.client.gui.screens.LevelLoadingScreen@41f8ffdf
[16:27:20] [Render thread/INFO]: World loading finished: ClientLevel screen: net.minecraft.client.gui.screens.LevelLoadingScreen@41f8ffdf
[16:27:20] [Render thread/INFO]: World loading finished: ClientLevel screen: net.minecraft.client.gui.screens.LevelLoadingScreen@41f8ffdf
[16:27:20] [Render thread/INFO]: World loading finished: ClientLevel screen: net.minecraft.client.gui.screens.LevelLoadingScreen@41f8ffdf
[16:27:20] [Render thread/INFO]: World loading finished: ClientLevel screen: net.minecraft.client.gui.screens.LevelLoadingScreen@41f8ffdf
[16:27:20] [Render thread/INFO]: World loading finished: ClientLevel screen: net.minecraft.client.gui.screens.LevelLoadingScreen@41f8ffdf
[16:27:20] [Render thread/INFO]: World loading finished: ClientLevel screen: net.minecraft.client.gui.screens.LevelLoadingScreen@41f8ffdf
[16:27:20] [Render thread/INFO]: World loading finished: ClientLevel screen: net.minecraft.client.gui.screens.LevelLoadingScreen@41f8ffdf
[16:27:20] [Render thread/INFO]: World loading finished: ClientLevel screen: net.minecraft.client.gui.screens.LevelLoadingScreen@41f8ffdf
[16:27:20] [Render thread/INFO]: World loading finished: ClientLevel screen: net.minecraft.client.gui.screens.LevelLoadingScreen@41f8ffdf
[16:27:20] [Render thread/INFO]: World loading finished: ClientLevel screen: net.minecraft.client.gui.screens.LevelLoadingScreen@41f8ffdf
[16:27:20] [Render thread/INFO]: World loading finished: ClientLevel screen: null
[16:27:20] [Server thread/INFO]: System chat: 已将minecraft:overworld调至时间标记minecraft:day的时刻
[16:27:20] [Render thread/INFO]: Loaded 3 advancements
[16:27:23] [Server thread/INFO]: System chat: Player164被杀死了
[16:27:23] [Render thread/INFO]: [System] [CHAT] Player164被杀死了
[16:27:24] [Server thread/INFO]: Saving and pausing game...
[16:27:24] [Server thread/INFO]: Saving chunks for level 'ServerLevel[新的世界]'/minecraft:overworld
[16:27:24] [Server thread/INFO]: Saving chunks for level 'ServerLevel[新的世界]'/minecraft:the_end
[16:27:24] [Server thread/INFO]: Saving chunks for level 'ServerLevel[新的世界]'/minecraft:the_nether
[16:27:25] [Server thread/INFO]: System chat: Player164取得了进度[勇往直下]
[16:27:25] [Render thread/INFO]: [System] [CHAT] Player164取得了进度[勇往直下]
[16:27:25] [Render thread/INFO]: Loaded 30 advancements
[16:27:26] [Test thread/INFO]: [STDOUT]: WILDCRAFT P3.2_WORLD=/Volumes/仕事/Wildcraft/开发环境/cache/builds/f51c43e6462c/run/packaged-client-test/saves/新的世界 (36)
[16:27:26] [Server thread/INFO]: Player164 lost connection: 连接中断
[16:27:26] [Server thread/INFO]: System chat: Player164退出了游戏
[16:27:26] [Server thread/INFO]: Stopping singleplayer server as player logged out
[16:27:26] [Server thread/INFO]: Stopping server
[16:27:26] [Server thread/INFO]: Saving players
[16:27:26] [Server thread/INFO]: Saving worlds
[16:27:26] [Server thread/INFO]: Saving chunks for level 'ServerLevel[新的世界]'/minecraft:overworld
[16:27:27] [Server thread/INFO]: Saving chunks for level 'ServerLevel[新的世界]'/minecraft:the_end
[16:27:27] [Server thread/INFO]: Saving chunks for level 'ServerLevel[新的世界]'/minecraft:the_nether
[16:27:27] [Render thread/INFO]: World loading finished: null screen: net.minecraft.client.gui.screens.GenericMessageScreen@4e75fc8
[16:27:27] [Worker-Main-7/INFO]: Loaded 1872 advancements
[16:27:27] [Render thread/INFO]: Applied 0 biome modifications to 0 of 67 new biomes in 154.7 μs
[16:27:27] [Server thread/INFO]: Starting integrated minecraft server version 26.3
[16:27:27] [Server thread/INFO]: Generating keypair
[16:27:27] [Server thread/INFO]: Loading 0 persistent chunks...
[16:27:27] [Server thread/INFO]: Saving chunks for level 'ServerLevel[新的世界]'/minecraft:overworld
[16:27:27] [Server thread/INFO]: Saving chunks for level 'ServerLevel[新的世界]'/minecraft:the_end
[16:27:27] [Server thread/INFO]: Saving chunks for level 'ServerLevel[新的世界]'/minecraft:the_nether
[16:27:27] [Render thread/INFO]: World loading finished: null screen: net.minecraft.client.gui.screens.LevelLoadingScreen@f95f08d
[16:27:27] [Render thread/INFO]: World loading finished: null screen: net.minecraft.client.gui.screens.LevelLoadingScreen@f95f08d
[16:27:27] [Render thread/INFO]: World loading finished: null screen: net.minecraft.client.gui.screens.LevelLoadingScreen@f95f08d
[16:27:27] [Render thread/INFO]: World loading finished: null screen: net.minecraft.client.gui.screens.LevelLoadingScreen@f95f08d
[16:27:27] [Server thread/INFO]: Loading 49 chunks for player spawn...
[16:27:27] [Server thread/INFO]: 准备生成区域中：16%
[16:27:27] [Render thread/INFO]: World loading finished: null screen: net.minecraft.client.gui.screens.LevelLoadingScreen@f95f08d
[16:27:27] [Server thread/INFO]: Time elapsed: 274 ms
[16:27:27] [Render thread/INFO]: World loading finished: null screen: net.minecraft.client.gui.screens.LevelLoadingScreen@f95f08d
[16:27:27] [Server thread/INFO]: Player164[local:E:3121837a] logged in with entity id 81 at (0.5, 105.0, 0.5)
[16:27:27] [Server thread/INFO]: System chat: Player164加入了游戏
[16:27:27] [Server thread/INFO]: Changing view distance to 5, from 10
[16:27:27] [Server thread/INFO]: Changing simulation distance to 12, from 0
[16:27:27] [Render thread/INFO]: World loading finished: ClientLevel screen: net.minecraft.client.gui.screens.LevelLoadingScreen@f95f08d
[16:27:27] [Render thread/INFO]: Loaded 30 advancements
[16:27:27] [Render thread/INFO]: World loading finished: ClientLevel screen: net.minecraft.client.gui.screens.LevelLoadingScreen@f95f08d
[16:27:27] [Render thread/INFO]: World loading finished: ClientLevel screen: net.minecraft.client.gui.screens.LevelLoadingScreen@f95f08d
[16:27:28] [Render thread/INFO]: World loading finished: ClientLevel screen: net.minecraft.client.gui.screens.LevelLoadingScreen@f95f08d
[16:27:28] [Render thread/INFO]: World loading finished: ClientLevel screen: null
[16:27:32] [Server thread/INFO]: Saving and pausing game...
[16:27:32] [Server thread/INFO]: Saving chunks for level 'ServerLevel[新的世界]'/minecraft:overworld
[16:27:32] [Server thread/INFO]: Saving chunks for level 'ServerLevel[新的世界]'/minecraft:the_end
[16:27:32] [Server thread/INFO]: Saving chunks for level 'ServerLevel[新的世界]'/minecraft:the_nether
[16:27:35] [Test thread/INFO]: [STDOUT]: WILDCRAFT P3.2 initial fall distance=0.9784000366926193
[16:27:36] [Test thread/INFO]: [STDOUT]: WILDCRAFT P3.2 toggled fall distance=2.917470321059227
[16:27:37] [Test thread/INFO]: [STDOUT]: WILDCRAFT P3.2 toggled fall distance=4.856540605425835
[16:27:38] [Test thread/INFO]: [STDOUT]: WILDCRAFT P3.2 toggled fall distance=6.795610889792442
[16:27:40] [Server thread/INFO]: System chat: Player164从高处摔了下来
[16:27:40] [Render thread/INFO]: [System] [CHAT] Player164从高处摔了下来
[16:27:40] [Server thread/INFO]: [STDOUT]: WILDCRAFT P3.2 landing health=0.0 ground=true loaded=false dimensionChanging=false mayfly=false noGravity=false remainingFall=0.0 y=71.0 block=Block{minecraft:stone} fallDamageRule=true
[16:27:41] [Server thread/INFO]: Published LAN server on port 0
[16:27:41] [Server thread/INFO]: Unpublishing integrated server (was on port 0)
[16:27:41] [Server thread/INFO]: Player164 lost connection: 连接中断
[16:27:41] [Server thread/INFO]: System chat: Player164退出了游戏
[16:27:41] [Server thread/INFO]: Stopping singleplayer server as player logged out
[16:27:41] [Server thread/INFO]: Stopping server
[16:27:41] [Server thread/INFO]: Saving players
[16:27:41] [Server thread/INFO]: Saving worlds
[16:27:41] [Server thread/INFO]: Saving chunks for level 'ServerLevel[新的世界]'/minecraft:overworld
[16:27:41] [Server thread/INFO]: Saving chunks for level 'ServerLevel[新的世界]'/minecraft:the_end
[16:27:41] [Server thread/INFO]: Saving chunks for level 'ServerLevel[新的世界]'/minecraft:the_nether
[16:27:41] [Test thread/INFO]: [STDOUT]: WILDCRAFT P3.2 automatic bow, lifecycle, ownership, reload and production GPU presentation checks passed
[16:27:42] [Worker-Main-8/INFO]: Loaded 1872 advancements
[16:27:42] [Render thread/INFO]: World loading finished: null screen: net.minecraft.client.gui.screens.GenericMessageScreen@14874125
[16:27:42] [Render thread/INFO]: Applied 0 biome modifications to 0 of 67 new biomes in 198.7 μs
[16:27:42] [Server thread/INFO]: Starting integrated minecraft server version 26.3
[16:27:42] [Server thread/INFO]: Generating keypair
[16:27:42] [Server thread/INFO]: Selecting global world spawn...
[16:27:42] [Server thread/INFO]: Loading 0 persistent chunks...
[16:27:42] [Server thread/INFO]: 准备生成区域中：16%
[16:27:42] [Server thread/INFO]: Saving chunks for level 'ServerLevel[新的世界]'/minecraft:overworld
[16:27:42] [Server thread/INFO]: Saving chunks for level 'ServerLevel[新的世界]'/minecraft:the_end
[16:27:42] [Server thread/INFO]: Saving chunks for level 'ServerLevel[新的世界]'/minecraft:the_nether
[16:27:42] [Render thread/INFO]: World loading finished: null screen: net.minecraft.client.gui.screens.LevelLoadingScreen@2923bf45
[16:27:42] [Render thread/INFO]: World loading finished: null screen: net.minecraft.client.gui.screens.LevelLoadingScreen@2923bf45
[16:27:42] [Render thread/INFO]: World loading finished: null screen: net.minecraft.client.gui.screens.LevelLoadingScreen@2923bf45
[16:27:42] [Server thread/INFO]: Loading 48 chunks for player spawn...
[16:27:42] [Render thread/INFO]: World loading finished: null screen: net.minecraft.client.gui.screens.LevelLoadingScreen@2923bf45
[16:27:42] [Render thread/INFO]: World loading finished: null screen: net.minecraft.client.gui.screens.LevelLoadingScreen@2923bf45
[16:27:42] [Render thread/INFO]: World loading finished: null screen: net.minecraft.client.gui.screens.LevelLoadingScreen@2923bf45
[16:27:42] [Server thread/INFO]: Time elapsed: 357 ms
[16:27:42] [Render thread/INFO]: World loading finished: null screen: net.minecraft.client.gui.screens.LevelLoadingScreen@2923bf45
[16:27:42] [Server thread/INFO]: Player164[local:E:ead687bf] logged in with entity id 95 at (0.5, -60.0, 0.5)
[16:27:42] [Server thread/INFO]: System chat: Player164加入了游戏
[16:27:42] [Server thread/INFO]: Changing view distance to 5, from 10
[16:27:42] [Server thread/INFO]: Changing simulation distance to 12, from 0
[16:27:42] [Render thread/INFO]: World loading finished: ClientLevel screen: net.minecraft.client.gui.screens.LevelLoadingScreen@2923bf45
[16:27:42] [Render thread/INFO]: Loaded 2 advancements
[16:27:42] [Render thread/INFO]: World loading finished: ClientLevel screen: net.minecraft.client.gui.screens.LevelLoadingScreen@2923bf45
[16:27:42] [Render thread/INFO]: World loading finished: ClientLevel screen: net.minecraft.client.gui.screens.LevelLoadingScreen@2923bf45
[16:27:42] [Render thread/INFO]: World loading finished: ClientLevel screen: net.minecraft.client.gui.screens.LevelLoadingScreen@2923bf45
[16:27:42] [Render thread/INFO]: World loading finished: ClientLevel screen: net.minecraft.client.gui.screens.LevelLoadingScreen@2923bf45
[16:27:42] [Render thread/INFO]: World loading finished: ClientLevel screen: net.minecraft.client.gui.screens.LevelLoadingScreen@2923bf45
[16:27:42] [Render thread/INFO]: World loading finished: ClientLevel screen: net.minecraft.client.gui.screens.LevelLoadingScreen@2923bf45
[16:27:42] [Render thread/INFO]: World loading finished: ClientLevel screen: net.minecraft.client.gui.screens.LevelLoadingScreen@2923bf45
[16:27:42] [Render thread/INFO]: World loading finished: ClientLevel screen: net.minecraft.client.gui.screens.LevelLoadingScreen@2923bf45
[16:27:42] [Render thread/INFO]: World loading finished: ClientLevel screen: net.minecraft.client.gui.screens.LevelLoadingScreen@2923bf45
[16:27:43] [Render thread/INFO]: World loading finished: ClientLevel screen: net.minecraft.client.gui.screens.LevelLoadingScreen@2923bf45
[16:27:43] [Render thread/INFO]: World loading finished: ClientLevel screen: net.minecraft.client.gui.screens.LevelLoadingScreen@2923bf45
[16:27:43] [Render thread/INFO]: World loading finished: ClientLevel screen: net.minecraft.client.gui.screens.LevelLoadingScreen@2923bf45
[16:27:43] [Render thread/INFO]: World loading finished: ClientLevel screen: net.minecraft.client.gui.screens.LevelLoadingScreen@2923bf45
[16:27:43] [Render thread/INFO]: World loading finished: ClientLevel screen: net.minecraft.client.gui.screens.LevelLoadingScreen@2923bf45
[16:27:43] [Render thread/INFO]: World loading finished: ClientLevel screen: null
[16:27:43] [Server thread/INFO]: System chat: 已将minecraft:overworld调至时间标记minecraft:day的时刻
[16:27:44] [Server thread/INFO]: Saving and pausing game...
[16:27:44] [Server thread/INFO]: Saving chunks for level 'ServerLevel[新的世界]'/minecraft:overworld
[16:27:44] [Server thread/INFO]: Saving chunks for level 'ServerLevel[新的世界]'/minecraft:the_end
[16:27:44] [Server thread/INFO]: Saving chunks for level 'ServerLevel[新的世界]'/minecraft:the_nether
[16:27:44] [Server thread/INFO]: Player164 lost connection: 连接中断
[16:27:44] [Server thread/INFO]: System chat: Player164退出了游戏
[16:27:44] [Server thread/INFO]: Stopping singleplayer server as player logged out
[16:27:44] [Server thread/INFO]: Stopping server
[16:27:44] [Server thread/INFO]: Saving players
[16:27:44] [Server thread/INFO]: Saving worlds
[16:27:44] [Server thread/INFO]: Saving chunks for level 'ServerLevel[新的世界]'/minecraft:overworld
[16:27:44] [Server thread/INFO]: Saving chunks for level 'ServerLevel[新的世界]'/minecraft:the_end
[16:27:44] [Server thread/INFO]: Saving chunks for level 'ServerLevel[新的世界]'/minecraft:the_nether
[16:27:44] [Test thread/INFO]: [STDOUT]: WILDCRAFT CORE ART native standard/slim grip, first-person mesh, compact layout, exact-reference ownership checks passed
[16:27:44] [Render thread/INFO]: Reloading ResourceManager: vanilla, vanilla, fabric-advancement-api-v1, fabric-api, fabric-api-base, fabric-api-lookup-api-v1, fabric-biome-api-v1, fabric-block-api-v1, fabric-block-getter-api-v2, fabric-client-gametest-api-v1, fabric-command-api-v2, fabric-content-registries-v0, fabric-convention-tags-v2, fabric-crash-report-info-v1, fabric-creative-tab-api-v1, fabric-data-attachment-api-v1, fabric-data-generation-api-v1, fabric-debug-api-v1, fabric-dimensions-v1, fabric-entity-events-v1, fabric-events-interaction-v0, fabric-game-rule-api-v1, fabric-gametest-api-v1, fabric-item-api-v1, fabric-key-mapping-api-v1, fabric-lifecycle-events-v1, fabric-loot-api-v3, fabric-menu-api-v1, fabric-message-api-v1, fabric-model-loading-api-v1, fabric-networking-api-v1, fabric-object-builder-api-v1, fabric-particles-v1, fabric-permission-api-v1, fabric-recipe-api-v1, fabric-registry-sync-v0, fabric-renderer-api-v1, fabric-renderer-indigo, fabric-rendering-fluids-v1, fabric-rendering-v1, fabric-resource-conditions-api-v1, fabric-resource-loader-v0, fabric-resource-loader-v1, fabric-screen-api-v1, fabric-serialization-api-v1, fabric-sound-api-v1, fabric-tag-api-v1, fabric-transfer-api-v1, fabric-transitive-access-wideners-v1, fabricloader, wildcraft, wildcraft-test
[16:27:44] [Worker-Main-1/INFO]: Found unifont_pua-17.0.01.hex, loading
[16:27:44] [Worker-Main-9/INFO]: Found unifont_all_no_pua-17.0.01.hex, loading
[16:27:44] [Render thread/INFO]: Info log when linking program containing VERTEX minecraft:core/terrain, FRAGMENT minecraft:core/terrain. Log output: WARNING: Output of vertex shader '_interface_variable_01' not read by fragment shader
WARNING: Output of vertex shader '_interface_variable_00' not read by fragment shader
WARNING: Output of vertex shader '_interface_variable_04' not read by fragment shader

[16:27:44] [Render thread/INFO]: Info log when linking program containing VERTEX minecraft:core/rendertype_crumbling, FRAGMENT minecraft:core/rendertype_crumbling. Log output: WARNING: Output of vertex shader '_interface_variable_01' not read by fragment shader
WARNING: Output of vertex shader '_interface_variable_00' not read by fragment shader

[16:27:44] [Render thread/INFO]: Info log when linking program containing VERTEX minecraft:core/entity, FRAGMENT minecraft:core/entity. Log output: WARNING: Output of vertex shader '_interface_variable_01' not read by fragment shader
WARNING: Output of vertex shader '_interface_variable_00' not read by fragment shader

[16:27:44] [Render thread/INFO]: Info log when linking program containing VERTEX minecraft:core/rendertype_lines, FRAGMENT minecraft:core/rendertype_lines. Log output: WARNING: Output of vertex shader '_interface_variable_01' not read by fragment shader
WARNING: Output of vertex shader '_interface_variable_00' not read by fragment shader

[16:27:45] [Render thread/INFO]: Info log when linking program containing VERTEX minecraft:core/entity, FRAGMENT minecraft:core/entity. Log output: WARNING: Output of vertex shader '_interface_variable_01' not read by fragment shader
WARNING: Output of vertex shader '_interface_variable_00' not read by fragment shader

[16:27:45] [Render thread/INFO]: Info log when linking program containing VERTEX minecraft:core/text, FRAGMENT minecraft:core/text. Log output: WARNING: Output of vertex shader '_interface_variable_01' not read by fragment shader
WARNING: Output of vertex shader '_interface_variable_00' not read by fragment shader

[16:27:45] [Render thread/INFO]: Info log when linking program containing VERTEX minecraft:core/terrain, FRAGMENT minecraft:core/terrain. Log output: WARNING: Output of vertex shader '_interface_variable_01' not read by fragment shader
WARNING: Output of vertex shader '_interface_variable_00' not read by fragment shader
WARNING: Output of vertex shader '_interface_variable_04' not read by fragment shader

[16:27:45] [Render thread/INFO]: Info log when linking program containing VERTEX minecraft:core/text, FRAGMENT minecraft:core/text. Log output: WARNING: Output of vertex shader '_interface_variable_01' not read by fragment shader
WARNING: Output of vertex shader '_interface_variable_00' not read by fragment shader

[16:27:45] [Worker-Main-1/INFO]: Found unifont_jp_patch-17.0.01.hex, loading
[16:27:45] [Render thread/INFO]: Info log when linking program containing VERTEX minecraft:core/block, FRAGMENT minecraft:core/block. Log output: WARNING: Output of vertex shader '_interface_variable_01' not read by fragment shader
WARNING: Output of vertex shader '_interface_variable_00' not read by fragment shader

[16:27:45] [Render thread/INFO]: Info log when linking program containing VERTEX minecraft:core/entity, FRAGMENT minecraft:core/entity. Log output: WARNING: Output of vertex shader '_interface_variable_01' not read by fragment shader
WARNING: Output of vertex shader '_interface_variable_00' not read by fragment shader

[16:27:45] [Render thread/INFO]: Info log when linking program containing VERTEX minecraft:core/particle, FRAGMENT minecraft:core/particle. Log output: WARNING: Output of vertex shader '_interface_variable_01' not read by fragment shader
WARNING: Output of vertex shader '_interface_variable_00' not read by fragment shader

[16:27:45] [Render thread/INFO]: Info log when linking program containing VERTEX minecraft:core/rendertype_entity_shadow, FRAGMENT minecraft:core/rendertype_entity_shadow. Log output: WARNING: Output of vertex shader '_interface_variable_01' not read by fragment shader
WARNING: Output of vertex shader '_interface_variable_00' not read by fragment shader

[16:27:45] [Render thread/INFO]: Info log when linking program containing VERTEX minecraft:core/screenquad, FRAGMENT minecraft:core/integrate_depth. Log output: WARNING: Output of vertex shader '_interface_variable_00' not read by fragment shader

[16:27:45] [Render thread/INFO]: Info log when linking program containing VERTEX minecraft:core/entity, FRAGMENT minecraft:core/entity. Log output: WARNING: Output of vertex shader '_interface_variable_01' not read by fragment shader
WARNING: Output of vertex shader '_interface_variable_00' not read by fragment shader

[16:27:45] [Render thread/INFO]: Info log when linking program containing VERTEX minecraft:core/screenquad, FRAGMENT minecraft:core/oit_composite. Log output: WARNING: Output of vertex shader '_interface_variable_00' not read by fragment shader

[16:27:45] [Render thread/INFO]: Info log when linking program containing VERTEX minecraft:core/terrain, FRAGMENT minecraft:core/terrain. Log output: WARNING: Output of vertex shader '_interface_variable_01' not read by fragment shader
WARNING: Output of vertex shader '_interface_variable_00' not read by fragment shader
WARNING: Output of vertex shader '_interface_variable_04' not read by fragment shader

[16:27:45] [Render thread/INFO]: Info log when linking program containing VERTEX minecraft:core/animate_sprite, FRAGMENT minecraft:core/animate_sprite_blit. Log output: WARNING: Output of vertex shader '_interface_variable_00' not read by fragment shader

[16:27:45] [Render thread/INFO]: Info log when linking program containing VERTEX minecraft:core/entity, FRAGMENT minecraft:core/entity. Log output: WARNING: Output of vertex shader '_interface_variable_01' not read by fragment shader
WARNING: Output of vertex shader '_interface_variable_00' not read by fragment shader

[16:27:45] [Render thread/INFO]: Info log when linking program containing VERTEX minecraft:core/entity, FRAGMENT minecraft:core/entity. Log output: WARNING: Output of vertex shader '_interface_variable_01' not read by fragment shader
WARNING: Output of vertex shader '_interface_variable_00' not read by fragment shader

[16:27:45] [Render thread/INFO]: Info log when linking program containing VERTEX minecraft:core/clouds, FRAGMENT minecraft:core/clouds. Log output: WARNING: Output of vertex shader '_interface_variable_00' not read by fragment shader

[16:27:45] [Render thread/INFO]: Info log when linking program containing VERTEX minecraft:core/particle, FRAGMENT minecraft:core/particle. Log output: WARNING: Output of vertex shader '_interface_variable_01' not read by fragment shader
WARNING: Output of vertex shader '_interface_variable_00' not read by fragment shader

[16:27:45] [Render thread/INFO]: Info log when linking program containing VERTEX minecraft:core/screenquad, FRAGMENT minecraft:core/oit_depth_bounds_cull. Log output: WARNING: Output of vertex shader '_interface_variable_00' not read by fragment shader

[16:27:45] [Render thread/INFO]: Info log when linking program containing VERTEX minecraft:core/entity, FRAGMENT minecraft:core/entity. Log output: WARNING: Output of vertex shader '_interface_variable_01' not read by fragment shader
WARNING: Output of vertex shader '_interface_variable_00' not read by fragment shader

[16:27:45] [Render thread/INFO]: Info log when linking program containing VERTEX minecraft:core/block, FRAGMENT minecraft:core/block. Log output: WARNING: Output of vertex shader '_interface_variable_01' not read by fragment shader
WARNING: Output of vertex shader '_interface_variable_00' not read by fragment shader

[16:27:45] [Render thread/INFO]: Info log when linking program containing VERTEX minecraft:core/text, FRAGMENT minecraft:core/text. Log output: WARNING: Output of vertex shader '_interface_variable_01' not read by fragment shader
WARNING: Output of vertex shader '_interface_variable_00' not read by fragment shader

[16:27:45] [Render thread/INFO]: Info log when linking program containing VERTEX minecraft:core/entity, FRAGMENT minecraft:core/entity. Log output: WARNING: Output of vertex shader '_interface_variable_01' not read by fragment shader
WARNING: Output of vertex shader '_interface_variable_00' not read by fragment shader

[16:27:45] [Render thread/INFO]: Info log when linking program containing VERTEX minecraft:core/text, FRAGMENT minecraft:core/text. Log output: WARNING: Output of vertex shader '_interface_variable_01' not read by fragment shader
WARNING: Output of vertex shader '_interface_variable_00' not read by fragment shader

[16:27:45] [Render thread/INFO]: Info log when linking program containing VERTEX minecraft:core/text, FRAGMENT minecraft:core/text. Log output: WARNING: Output of vertex shader '_interface_variable_01' not read by fragment shader
WARNING: Output of vertex shader '_interface_variable_00' not read by fragment shader

[16:27:45] [Render thread/INFO]: Info log when linking program containing VERTEX minecraft:core/terrain, FRAGMENT minecraft:core/terrain. Log output: WARNING: Output of vertex shader '_interface_variable_01' not read by fragment shader
WARNING: Output of vertex shader '_interface_variable_00' not read by fragment shader
WARNING: Output of vertex shader '_interface_variable_04' not read by fragment shader

[16:27:45] [Render thread/INFO]: Info log when linking program containing VERTEX minecraft:core/text, FRAGMENT minecraft:core/text. Log output: WARNING: Output of vertex shader '_interface_variable_01' not read by fragment shader
WARNING: Output of vertex shader '_interface_variable_00' not read by fragment shader

[16:27:45] [Render thread/INFO]: Info log when linking program containing VERTEX minecraft:core/clouds, FRAGMENT minecraft:core/clouds. Log output: WARNING: Output of vertex shader '_interface_variable_00' not read by fragment shader

[16:27:45] [Render thread/INFO]: Info log when linking program containing VERTEX minecraft:core/rendertype_lines, FRAGMENT minecraft:core/rendertype_lines. Log output: WARNING: Output of vertex shader '_interface_variable_01' not read by fragment shader
WARNING: Output of vertex shader '_interface_variable_00' not read by fragment shader

[16:27:45] [Render thread/INFO]: Info log when linking program containing VERTEX minecraft:core/rendertype_entity_shadow, FRAGMENT minecraft:core/rendertype_entity_shadow. Log output: WARNING: Output of vertex shader '_interface_variable_01' not read by fragment shader
WARNING: Output of vertex shader '_interface_variable_00' not read by fragment shader

[16:27:45] [Render thread/INFO]: Info log when linking program containing VERTEX minecraft:core/entity, FRAGMENT minecraft:core/entity. Log output: WARNING: Output of vertex shader '_interface_variable_01' not read by fragment shader
WARNING: Output of vertex shader '_interface_variable_00' not read by fragment shader

[16:27:45] [Render thread/INFO]: Info log when linking program containing VERTEX minecraft:core/particle, FRAGMENT minecraft:core/particle. Log output: WARNING: Output of vertex shader '_interface_variable_01' not read by fragment shader
WARNING: Output of vertex shader '_interface_variable_00' not read by fragment shader

[16:27:45] [Render thread/INFO]: Info log when linking program containing VERTEX minecraft:core/entity, FRAGMENT minecraft:core/entity. Log output: WARNING: Output of vertex shader '_interface_variable_01' not read by fragment shader
WARNING: Output of vertex shader '_interface_variable_00' not read by fragment shader

[16:27:45] [Render thread/INFO]: Info log when linking program containing VERTEX minecraft:core/text, FRAGMENT minecraft:core/text. Log output: WARNING: Output of vertex shader '_interface_variable_01' not read by fragment shader
WARNING: Output of vertex shader '_interface_variable_00' not read by fragment shader

[16:27:45] [Render thread/INFO]: Info log when linking program containing VERTEX minecraft:core/particle, FRAGMENT minecraft:core/particle. Log output: WARNING: Output of vertex shader '_interface_variable_01' not read by fragment shader
WARNING: Output of vertex shader '_interface_variable_00' not read by fragment shader

[16:27:45] [Render thread/INFO]: Info log when linking program containing VERTEX minecraft:core/rendertype_crumbling, FRAGMENT minecraft:core/rendertype_crumbling. Log output: WARNING: Output of vertex shader '_interface_variable_01' not read by fragment shader
WARNING: Output of vertex shader '_interface_variable_00' not read by fragment shader

[16:27:45] [Render thread/INFO]: Info log when linking program containing VERTEX minecraft:core/entity, FRAGMENT minecraft:core/entity. Log output: WARNING: Output of vertex shader '_interface_variable_01' not read by fragment shader
WARNING: Output of vertex shader '_interface_variable_00' not read by fragment shader

[16:27:45] [Render thread/INFO]: Info log when linking program containing VERTEX minecraft:core/text, FRAGMENT minecraft:core/text. Log output: WARNING: Output of vertex shader '_interface_variable_01' not read by fragment shader
WARNING: Output of vertex shader '_interface_variable_00' not read by fragment shader

[16:27:45] [Render thread/INFO]: Info log when linking program containing VERTEX minecraft:core/entity, FRAGMENT minecraft:core/entity. Log output: WARNING: Output of vertex shader '_interface_variable_01' not read by fragment shader
WARNING: Output of vertex shader '_interface_variable_00' not read by fragment shader

[16:27:45] [Render thread/INFO]: OpenAL initialized on device Mac mini扬声器
[16:27:45] [Render thread/INFO]: Sound engine started
[16:27:45] [Render thread/INFO]: Created: 512x256x0 minecraft:textures/atlas/particles.png-atlas
[16:27:45] [Render thread/INFO]: Created: 256x128x0 minecraft:textures/atlas/celestials.png-atlas
[16:27:45] [Render thread/INFO]: Created: 128x128x0 minecraft:textures/atlas/decorated_pot.png-atlas
[16:27:45] [Render thread/INFO]: Created: 512x256x0 minecraft:textures/atlas/paintings.png-atlas
[16:27:45] [Render thread/INFO]: Created: 1024x512x0 minecraft:textures/atlas/shield_patterns.png-atlas
[16:27:45] [Render thread/INFO]: Created: 1024x512x0 minecraft:textures/atlas/banner_patterns.png-atlas
[16:27:45] [Render thread/INFO]: Created: 2048x2048x4 minecraft:textures/atlas/blocks.png-atlas
[16:27:45] [Render thread/INFO]: Created: 1024x512x0 minecraft:textures/atlas/items.png-atlas
[16:27:45] [Render thread/INFO]: Created: 1024x1024x0 minecraft:textures/atlas/gui.png-atlas
[16:27:45] [Render thread/INFO]: Created: 128x64x0 minecraft:textures/atlas/map_decorations.png-atlas
[16:27:45] [Render thread/INFO]: Created: 512x512x0 minecraft:textures/atlas/chest.png-atlas
[16:27:45] [Render thread/INFO]: Created: 512x512x0 minecraft:textures/atlas/shulker_boxes.png-atlas
[16:27:48] [Worker-Main-6/INFO]: Loaded 1872 advancements
[16:27:48] [Render thread/INFO]: World loading finished: null screen: net.minecraft.client.gui.screens.GenericMessageScreen@637c4d8d
[16:27:48] [Render thread/INFO]: Applied 0 biome modifications to 0 of 67 new biomes in 134.0 μs
[16:27:48] [Server thread/INFO]: Starting integrated minecraft server version 26.3
[16:27:48] [Server thread/INFO]: Generating keypair
[16:27:48] [Server thread/INFO]: Selecting global world spawn...
[16:27:48] [Server thread/INFO]: Loading 0 persistent chunks...
[16:27:48] [Server thread/INFO]: 准备生成区域中：16%
[16:27:48] [Server thread/INFO]: Saving chunks for level 'ServerLevel[新的世界]'/minecraft:overworld
[16:27:48] [Server thread/INFO]: Saving chunks for level 'ServerLevel[新的世界]'/minecraft:the_end
[16:27:48] [Server thread/INFO]: Saving chunks for level 'ServerLevel[新的世界]'/minecraft:the_nether
[16:27:48] [Render thread/INFO]: World loading finished: null screen: net.minecraft.client.gui.screens.LevelLoadingScreen@576d0b25
[16:27:48] [Render thread/INFO]: World loading finished: null screen: net.minecraft.client.gui.screens.LevelLoadingScreen@576d0b25
[16:27:48] [Render thread/INFO]: World loading finished: null screen: net.minecraft.client.gui.screens.LevelLoadingScreen@576d0b25
[16:27:48] [Render thread/INFO]: World loading finished: null screen: net.minecraft.client.gui.screens.LevelLoadingScreen@576d0b25
[16:27:48] [Server thread/INFO]: Loading 48 chunks for player spawn...
[16:27:48] [Render thread/INFO]: World loading finished: null screen: net.minecraft.client.gui.screens.LevelLoadingScreen@576d0b25
[16:27:48] [Render thread/INFO]: World loading finished: null screen: net.minecraft.client.gui.screens.LevelLoadingScreen@576d0b25
[16:27:48] [Server thread/INFO]: Time elapsed: 355 ms
[16:27:48] [Render thread/INFO]: World loading finished: null screen: net.minecraft.client.gui.screens.LevelLoadingScreen@576d0b25
[16:27:48] [Server thread/INFO]: Player164[local:E:555b57c5] logged in with entity id 96 at (0.5, -60.0, 0.5)
[16:27:48] [Server thread/INFO]: System chat: Player164加入了游戏
[16:27:48] [Server thread/INFO]: Changing view distance to 5, from 10
[16:27:48] [Server thread/INFO]: Changing simulation distance to 12, from 0
[16:27:48] [Render thread/INFO]: World loading finished: ClientLevel screen: net.minecraft.client.gui.screens.LevelLoadingScreen@576d0b25
[16:27:48] [Render thread/WARN]: Requested post effect does not exist: minecraft:end_of_frame
[16:27:48] [Render thread/INFO]: Loaded 2 advancements
[16:27:48] [Render thread/INFO]: World loading finished: ClientLevel screen: net.minecraft.client.gui.screens.LevelLoadingScreen@576d0b25
[16:27:48] [Render thread/INFO]: World loading finished: ClientLevel screen: net.minecraft.client.gui.screens.LevelLoadingScreen@576d0b25
[16:27:48] [Render thread/INFO]: World loading finished: ClientLevel screen: net.minecraft.client.gui.screens.LevelLoadingScreen@576d0b25
[16:27:48] [Render thread/INFO]: World loading finished: ClientLevel screen: net.minecraft.client.gui.screens.LevelLoadingScreen@576d0b25
[16:27:48] [Render thread/INFO]: World loading finished: ClientLevel screen: net.minecraft.client.gui.screens.LevelLoadingScreen@576d0b25
[16:27:48] [Render thread/INFO]: World loading finished: ClientLevel screen: net.minecraft.client.gui.screens.LevelLoadingScreen@576d0b25
[16:27:48] [Render thread/INFO]: World loading finished: ClientLevel screen: net.minecraft.client.gui.screens.LevelLoadingScreen@576d0b25
[16:27:49] [Render thread/INFO]: World loading finished: ClientLevel screen: net.minecraft.client.gui.screens.LevelLoadingScreen@576d0b25
[16:27:49] [Render thread/INFO]: World loading finished: ClientLevel screen: net.minecraft.client.gui.screens.LevelLoadingScreen@576d0b25
[16:27:49] [Render thread/INFO]: World loading finished: ClientLevel screen: net.minecraft.client.gui.screens.LevelLoadingScreen@576d0b25
[16:27:49] [Render thread/INFO]: World loading finished: ClientLevel screen: net.minecraft.client.gui.screens.LevelLoadingScreen@576d0b25
[16:27:49] [Render thread/INFO]: World loading finished: ClientLevel screen: net.minecraft.client.gui.screens.LevelLoadingScreen@576d0b25
[16:27:49] [Render thread/INFO]: World loading finished: ClientLevel screen: net.minecraft.client.gui.screens.LevelLoadingScreen@576d0b25
[16:27:49] [Render thread/INFO]: World loading finished: ClientLevel screen: net.minecraft.client.gui.screens.LevelLoadingScreen@576d0b25
[16:27:49] [Render thread/INFO]: World loading finished: ClientLevel screen: null
[16:27:49] [Server thread/INFO]: System chat: 已将minecraft:overworld调至时间标记minecraft:day的时刻
[16:27:49] [Server thread/INFO]: System chat: 天气已设为晴天
[16:27:49] [Server thread/INFO]: System chat: 已在-8, 80, -8与8, 160, 8之间设置525个生物群系单元
[16:27:52] [Server thread/INFO]: System chat: 已在-8, 80, -8与8, 160, 8之间设置525个生物群系单元
[16:27:56] [Render thread/INFO]: Loaded 13 advancements
[16:27:57] [Server thread/INFO]: System chat: 已在-8, 80, -8与8, 160, 8之间设置525个生物群系单元
[16:28:01] [Render thread/INFO]: Loaded 14 advancements
[16:28:02] [Server thread/INFO]: System chat: 已在-8, 80, -8与8, 160, 8之间设置525个生物群系单元
[16:28:03] [Render thread/INFO]: Loaded 15 advancements
[16:28:03] [Server thread/INFO]: System chat: 已将Player164的游戏模式改为旁观模式
[16:28:03] [Render thread/INFO]: [System] [CHAT] 你的游戏模式已被更新为旁观模式
[16:28:03] [Server thread/INFO]: System chat: 已将Player164的游戏模式改为生存模式
[16:28:03] [Render thread/INFO]: [System] [CHAT] 你的游戏模式已被更新为生存模式
[16:28:03] [Server thread/INFO]: System chat: 已在-8, 80, -8与8, 160, 8之间设置525个生物群系单元
[16:28:03] [Server thread/INFO]: System chat: Player164被杀死了
[16:28:03] [Server thread/INFO]: System chat: 杀死了Player164
[16:28:03] [Render thread/INFO]: [System] [CHAT] Player164被杀死了
[16:28:03] [Server thread/INFO]: System chat: Player164取得了进度[勇往直下]
[16:28:03] [Render thread/INFO]: [System] [CHAT] Player164取得了进度[勇往直下]
[16:28:04] [Render thread/INFO]: Loaded 42 advancements
[16:28:04] [Server thread/INFO]: TemperatureGuest[embedded] logged in with entity id 102 at (0.0, 0.0, 0.0)
[16:28:04] [Server thread/INFO]: System chat: TemperatureGuest加入了游戏
[16:28:04] [Render thread/INFO]: [System] [CHAT] TemperatureGuest加入了游戏
[16:28:04] [Server thread/INFO]: Player164 lost connection: 连接中断
[16:28:04] [Server thread/INFO]: System chat: Player164退出了游戏
[16:28:04] [Server thread/INFO]: Stopping singleplayer server as player logged out
[16:28:04] [Server thread/INFO]: Stopping server
[16:28:04] [Server thread/INFO]: Saving players
[16:28:04] [Server thread/INFO]: Saving worlds
[16:28:04] [Server thread/INFO]: Saving chunks for level 'ServerLevel[新的世界]'/minecraft:overworld
[16:28:04] [Server thread/INFO]: Saving chunks for level 'ServerLevel[新的世界]'/minecraft:the_end
[16:28:04] [Server thread/INFO]: Saving chunks for level 'ServerLevel[新的世界]'/minecraft:the_nether
[16:28:04] [Render thread/INFO]: World loading finished: null screen: net.minecraft.client.gui.screens.GenericMessageScreen@42556f71
[16:28:04] [Worker-Main-9/INFO]: Loaded 1872 advancements
[16:28:04] [Render thread/INFO]: Applied 0 biome modifications to 0 of 67 new biomes in 137.8 μs
[16:28:04] [Server thread/INFO]: Starting integrated minecraft server version 26.3
[16:28:04] [Server thread/INFO]: Generating keypair
[16:28:04] [Server thread/INFO]: Loading 0 persistent chunks...
[16:28:04] [Server thread/INFO]: Saving chunks for level 'ServerLevel[新的世界]'/minecraft:overworld
[16:28:04] [Server thread/INFO]: Saving chunks for level 'ServerLevel[新的世界]'/minecraft:the_end
[16:28:04] [Server thread/INFO]: Saving chunks for level 'ServerLevel[新的世界]'/minecraft:the_nether
[16:28:04] [Render thread/INFO]: World loading finished: null screen: net.minecraft.client.gui.screens.LevelLoadingScreen@13493ba0
[16:28:04] [Render thread/INFO]: World loading finished: null screen: net.minecraft.client.gui.screens.LevelLoadingScreen@13493ba0
[16:28:04] [Render thread/INFO]: World loading finished: null screen: net.minecraft.client.gui.screens.LevelLoadingScreen@13493ba0
[16:28:04] [Render thread/INFO]: World loading finished: null screen: net.minecraft.client.gui.screens.LevelLoadingScreen@13493ba0
[16:28:04] [Server thread/INFO]: Loading 49 chunks for player spawn...
[16:28:04] [Server thread/INFO]: 准备生成区域中：16%
[16:28:04] [Render thread/INFO]: World loading finished: null screen: net.minecraft.client.gui.screens.LevelLoadingScreen@13493ba0
[16:28:05] [Render thread/INFO]: World loading finished: null screen: net.minecraft.client.gui.screens.LevelLoadingScreen@13493ba0
[16:28:05] [Render thread/INFO]: World loading finished: null screen: net.minecraft.client.gui.screens.LevelLoadingScreen@13493ba0
[16:28:05] [Server thread/INFO]: Time elapsed: 371 ms
[16:28:05] [Render thread/INFO]: World loading finished: null screen: net.minecraft.client.gui.screens.LevelLoadingScreen@13493ba0
[16:28:05] [Server thread/INFO]: Player164[local:E:1a5b0fcb] logged in with entity id 103 at (0.5, 120.0, 0.5)
[16:28:05] [Server thread/INFO]: System chat: Player164加入了游戏
[16:28:05] [Server thread/INFO]: Changing view distance to 5, from 10
[16:28:05] [Server thread/INFO]: Changing simulation distance to 12, from 0
[16:28:05] [Render thread/INFO]: World loading finished: ClientLevel screen: net.minecraft.client.gui.screens.LevelLoadingScreen@13493ba0
[16:28:05] [Render thread/INFO]: Loaded 42 advancements
[16:28:05] [Render thread/INFO]: World loading finished: ClientLevel screen: net.minecraft.client.gui.screens.LevelLoadingScreen@13493ba0
[16:28:05] [Render thread/INFO]: World loading finished: ClientLevel screen: net.minecraft.client.gui.screens.LevelLoadingScreen@13493ba0
[16:28:05] [Render thread/INFO]: World loading finished: ClientLevel screen: net.minecraft.client.gui.screens.LevelLoadingScreen@13493ba0
[16:28:05] [Render thread/INFO]: World loading finished: ClientLevel screen: net.minecraft.client.gui.screens.LevelLoadingScreen@13493ba0
[16:28:05] [Render thread/INFO]: World loading finished: ClientLevel screen: null
[16:28:06] [Render thread/INFO]: Loaded 42 advancements
[16:28:06] [Server thread/INFO]: Player164 lost connection: 连接中断
[16:28:06] [Server thread/INFO]: System chat: Player164退出了游戏
[16:28:06] [Server thread/INFO]: Stopping singleplayer server as player logged out
[16:28:06] [Server thread/INFO]: Stopping server
[16:28:06] [Server thread/INFO]: Saving players
[16:28:06] [Server thread/INFO]: Saving worlds
[16:28:06] [Server thread/INFO]: Saving chunks for level 'ServerLevel[新的世界]'/minecraft:overworld
[16:28:06] [Server thread/INFO]: Saving chunks for level 'ServerLevel[新的世界]'/minecraft:the_end
[16:28:06] [Server thread/INFO]: Saving chunks for level 'ServerLevel[新的世界]'/minecraft:the_nether
[16:28:06] [Render thread/INFO]: Reloading ResourceManager: vanilla, vanilla, fabric-advancement-api-v1, fabric-api, fabric-api-base, fabric-api-lookup-api-v1, fabric-biome-api-v1, fabric-block-api-v1, fabric-block-getter-api-v2, fabric-client-gametest-api-v1, fabric-command-api-v2, fabric-content-registries-v0, fabric-convention-tags-v2, fabric-crash-report-info-v1, fabric-creative-tab-api-v1, fabric-data-attachment-api-v1, fabric-data-generation-api-v1, fabric-debug-api-v1, fabric-dimensions-v1, fabric-entity-events-v1, fabric-events-interaction-v0, fabric-game-rule-api-v1, fabric-gametest-api-v1, fabric-item-api-v1, fabric-key-mapping-api-v1, fabric-lifecycle-events-v1, fabric-loot-api-v3, fabric-menu-api-v1, fabric-message-api-v1, fabric-model-loading-api-v1, fabric-networking-api-v1, fabric-object-builder-api-v1, fabric-particles-v1, fabric-permission-api-v1, fabric-recipe-api-v1, fabric-registry-sync-v0, fabric-renderer-api-v1, fabric-renderer-indigo, fabric-rendering-fluids-v1, fabric-rendering-v1, fabric-resource-conditions-api-v1, fabric-resource-loader-v0, fabric-resource-loader-v1, fabric-screen-api-v1, fabric-serialization-api-v1, fabric-sound-api-v1, fabric-tag-api-v1, fabric-transfer-api-v1, fabric-transitive-access-wideners-v1, fabricloader, wildcraft, wildcraft-test
[16:28:06] [Worker-Main-6/INFO]: Found unifont_all_no_pua-17.0.01.hex, loading
[16:28:06] [Worker-Main-1/INFO]: Found unifont_pua-17.0.01.hex, loading
[16:28:06] [Render thread/INFO]: Info log when linking program containing VERTEX minecraft:core/terrain, FRAGMENT minecraft:core/terrain. Log output: WARNING: Output of vertex shader '_interface_variable_01' not read by fragment shader
WARNING: Output of vertex shader '_interface_variable_00' not read by fragment shader
WARNING: Output of vertex shader '_interface_variable_04' not read by fragment shader

[16:28:06] [Render thread/INFO]: Info log when linking program containing VERTEX minecraft:core/rendertype_crumbling, FRAGMENT minecraft:core/rendertype_crumbling. Log output: WARNING: Output of vertex shader '_interface_variable_01' not read by fragment shader
WARNING: Output of vertex shader '_interface_variable_00' not read by fragment shader

[16:28:06] [Render thread/INFO]: Info log when linking program containing VERTEX minecraft:core/entity, FRAGMENT minecraft:core/entity. Log output: WARNING: Output of vertex shader '_interface_variable_01' not read by fragment shader
WARNING: Output of vertex shader '_interface_variable_00' not read by fragment shader

[16:28:06] [Render thread/INFO]: Info log when linking program containing VERTEX minecraft:core/rendertype_lines, FRAGMENT minecraft:core/rendertype_lines. Log output: WARNING: Output of vertex shader '_interface_variable_01' not read by fragment shader
WARNING: Output of vertex shader '_interface_variable_00' not read by fragment shader

[16:28:06] [Worker-Main-6/INFO]: Found unifont_jp_patch-17.0.01.hex, loading
[16:28:06] [Render thread/INFO]: Info log when linking program containing VERTEX minecraft:core/text, FRAGMENT minecraft:core/text. Log output: WARNING: Output of vertex shader '_interface_variable_01' not read by fragment shader
WARNING: Output of vertex shader '_interface_variable_00' not read by fragment shader

[16:28:06] [Render thread/INFO]: Info log when linking program containing VERTEX minecraft:core/terrain, FRAGMENT minecraft:core/terrain. Log output: WARNING: Output of vertex shader '_interface_variable_01' not read by fragment shader
WARNING: Output of vertex shader '_interface_variable_00' not read by fragment shader
WARNING: Output of vertex shader '_interface_variable_04' not read by fragment shader

[16:28:06] [Render thread/INFO]: Info log when linking program containing VERTEX minecraft:core/text, FRAGMENT minecraft:core/text. Log output: WARNING: Output of vertex shader '_interface_variable_01' not read by fragment shader
WARNING: Output of vertex shader '_interface_variable_00' not read by fragment shader

[16:28:06] [Render thread/INFO]: Info log when linking program containing VERTEX minecraft:core/entity, FRAGMENT minecraft:core/entity. Log output: WARNING: Output of vertex shader '_interface_variable_01' not read by fragment shader
WARNING: Output of vertex shader '_interface_variable_00' not read by fragment shader

[16:28:06] [Render thread/INFO]: Info log when linking program containing VERTEX minecraft:core/entity, FRAGMENT minecraft:core/entity. Log output: WARNING: Output of vertex shader '_interface_variable_01' not read by fragment shader
WARNING: Output of vertex shader '_interface_variable_00' not read by fragment shader

[16:28:06] [Render thread/INFO]: Info log when linking program containing VERTEX minecraft:core/block, FRAGMENT minecraft:core/block. Log output: WARNING: Output of vertex shader '_interface_variable_01' not read by fragment shader
WARNING: Output of vertex shader '_interface_variable_00' not read by fragment shader

[16:28:06] [Render thread/INFO]: Info log when linking program containing VERTEX minecraft:core/particle, FRAGMENT minecraft:core/particle. Log output: WARNING: Output of vertex shader '_interface_variable_01' not read by fragment shader
WARNING: Output of vertex shader '_interface_variable_00' not read by fragment shader

[16:28:06] [Render thread/INFO]: Info log when linking program containing VERTEX minecraft:core/rendertype_entity_shadow, FRAGMENT minecraft:core/rendertype_entity_shadow. Log output: WARNING: Output of vertex shader '_interface_variable_01' not read by fragment shader
WARNING: Output of vertex shader '_interface_variable_00' not read by fragment shader

[16:28:06] [Render thread/INFO]: Info log when linking program containing VERTEX minecraft:core/screenquad, FRAGMENT minecraft:core/oit_composite. Log output: WARNING: Output of vertex shader '_interface_variable_00' not read by fragment shader

[16:28:06] [Render thread/INFO]: Info log when linking program containing VERTEX minecraft:core/screenquad, FRAGMENT minecraft:core/integrate_depth. Log output: WARNING: Output of vertex shader '_interface_variable_00' not read by fragment shader

[16:28:06] [Render thread/INFO]: Info log when linking program containing VERTEX minecraft:core/entity, FRAGMENT minecraft:core/entity. Log output: WARNING: Output of vertex shader '_interface_variable_01' not read by fragment shader
WARNING: Output of vertex shader '_interface_variable_00' not read by fragment shader

[16:28:06] [Render thread/INFO]: Info log when linking program containing VERTEX minecraft:core/terrain, FRAGMENT minecraft:core/terrain. Log output: WARNING: Output of vertex shader '_interface_variable_01' not read by fragment shader
WARNING: Output of vertex shader '_interface_variable_00' not read by fragment shader
WARNING: Output of vertex shader '_interface_variable_04' not read by fragment shader

[16:28:06] [Render thread/INFO]: Info log when linking program containing VERTEX minecraft:core/animate_sprite, FRAGMENT minecraft:core/animate_sprite_blit. Log output: WARNING: Output of vertex shader '_interface_variable_00' not read by fragment shader

[16:28:06] [Render thread/INFO]: Info log when linking program containing VERTEX minecraft:core/entity, FRAGMENT minecraft:core/entity. Log output: WARNING: Output of vertex shader '_interface_variable_01' not read by fragment shader
WARNING: Output of vertex shader '_interface_variable_00' not read by fragment shader

[16:28:06] [Render thread/INFO]: Info log when linking program containing VERTEX minecraft:core/particle, FRAGMENT minecraft:core/particle. Log output: WARNING: Output of vertex shader '_interface_variable_01' not read by fragment shader
WARNING: Output of vertex shader '_interface_variable_00' not read by fragment shader

[16:28:06] [Render thread/INFO]: Info log when linking program containing VERTEX minecraft:core/entity, FRAGMENT minecraft:core/entity. Log output: WARNING: Output of vertex shader '_interface_variable_01' not read by fragment shader
WARNING: Output of vertex shader '_interface_variable_00' not read by fragment shader

[16:28:06] [Render thread/INFO]: Info log when linking program containing VERTEX minecraft:core/entity, FRAGMENT minecraft:core/entity. Log output: WARNING: Output of vertex shader '_interface_variable_01' not read by fragment shader
WARNING: Output of vertex shader '_interface_variable_00' not read by fragment shader

[16:28:06] [Render thread/INFO]: Info log when linking program containing VERTEX minecraft:core/screenquad, FRAGMENT minecraft:core/oit_depth_bounds_cull. Log output: WARNING: Output of vertex shader '_interface_variable_00' not read by fragment shader

[16:28:06] [Render thread/INFO]: Info log when linking program containing VERTEX minecraft:core/block, FRAGMENT minecraft:core/block. Log output: WARNING: Output of vertex shader '_interface_variable_01' not read by fragment shader
WARNING: Output of vertex shader '_interface_variable_00' not read by fragment shader

[16:28:06] [Render thread/INFO]: Info log when linking program containing VERTEX minecraft:core/clouds, FRAGMENT minecraft:core/clouds. Log output: WARNING: Output of vertex shader '_interface_variable_00' not read by fragment shader

[16:28:06] [Render thread/INFO]: Info log when linking program containing VERTEX minecraft:core/text, FRAGMENT minecraft:core/text. Log output: WARNING: Output of vertex shader '_interface_variable_01' not read by fragment shader
WARNING: Output of vertex shader '_interface_variable_00' not read by fragment shader

[16:28:06] [Render thread/INFO]: Info log when linking program containing VERTEX minecraft:core/text, FRAGMENT minecraft:core/text. Log output: WARNING: Output of vertex shader '_interface_variable_01' not read by fragment shader
WARNING: Output of vertex shader '_interface_variable_00' not read by fragment shader

[16:28:06] [Render thread/INFO]: Info log when linking program containing VERTEX minecraft:core/text, FRAGMENT minecraft:core/text. Log output: WARNING: Output of vertex shader '_interface_variable_01' not read by fragment shader
WARNING: Output of vertex shader '_interface_variable_00' not read by fragment shader

[16:28:06] [Render thread/INFO]: Info log when linking program containing VERTEX minecraft:core/entity, FRAGMENT minecraft:core/entity. Log output: WARNING: Output of vertex shader '_interface_variable_01' not read by fragment shader
WARNING: Output of vertex shader '_interface_variable_00' not read by fragment shader

[16:28:06] [Render thread/INFO]: Info log when linking program containing VERTEX minecraft:core/terrain, FRAGMENT minecraft:core/terrain. Log output: WARNING: Output of vertex shader '_interface_variable_01' not read by fragment shader
WARNING: Output of vertex shader '_interface_variable_00' not read by fragment shader
WARNING: Output of vertex shader '_interface_variable_04' not read by fragment shader

[16:28:06] [Render thread/INFO]: Info log when linking program containing VERTEX minecraft:core/text, FRAGMENT minecraft:core/text. Log output: WARNING: Output of vertex shader '_interface_variable_01' not read by fragment shader
WARNING: Output of vertex shader '_interface_variable_00' not read by fragment shader

[16:28:06] [Render thread/INFO]: Info log when linking program containing VERTEX minecraft:core/clouds, FRAGMENT minecraft:core/clouds. Log output: WARNING: Output of vertex shader '_interface_variable_00' not read by fragment shader

[16:28:06] [Render thread/INFO]: Info log when linking program containing VERTEX minecraft:core/rendertype_lines, FRAGMENT minecraft:core/rendertype_lines. Log output: WARNING: Output of vertex shader '_interface_variable_01' not read by fragment shader
WARNING: Output of vertex shader '_interface_variable_00' not read by fragment shader

[16:28:06] [Render thread/INFO]: Info log when linking program containing VERTEX minecraft:core/rendertype_entity_shadow, FRAGMENT minecraft:core/rendertype_entity_shadow. Log output: WARNING: Output of vertex shader '_interface_variable_01' not read by fragment shader
WARNING: Output of vertex shader '_interface_variable_00' not read by fragment shader

[16:28:06] [Render thread/INFO]: Info log when linking program containing VERTEX minecraft:core/entity, FRAGMENT minecraft:core/entity. Log output: WARNING: Output of vertex shader '_interface_variable_01' not read by fragment shader
WARNING: Output of vertex shader '_interface_variable_00' not read by fragment shader

[16:28:06] [Render thread/INFO]: Info log when linking program containing VERTEX minecraft:core/particle, FRAGMENT minecraft:core/particle. Log output: WARNING: Output of vertex shader '_interface_variable_01' not read by fragment shader
WARNING: Output of vertex shader '_interface_variable_00' not read by fragment shader

[16:28:06] [Render thread/INFO]: Info log when linking program containing VERTEX minecraft:core/text, FRAGMENT minecraft:core/text. Log output: WARNING: Output of vertex shader '_interface_variable_01' not read by fragment shader
WARNING: Output of vertex shader '_interface_variable_00' not read by fragment shader

[16:28:07] [Render thread/INFO]: Info log when linking program containing VERTEX minecraft:core/particle, FRAGMENT minecraft:core/particle. Log output: WARNING: Output of vertex shader '_interface_variable_01' not read by fragment shader
WARNING: Output of vertex shader '_interface_variable_00' not read by fragment shader

[16:28:07] [Render thread/INFO]: Info log when linking program containing VERTEX minecraft:core/entity, FRAGMENT minecraft:core/entity. Log output: WARNING: Output of vertex shader '_interface_variable_01' not read by fragment shader
WARNING: Output of vertex shader '_interface_variable_00' not read by fragment shader

[16:28:07] [Render thread/INFO]: Info log when linking program containing VERTEX minecraft:core/rendertype_crumbling, FRAGMENT minecraft:core/rendertype_crumbling. Log output: WARNING: Output of vertex shader '_interface_variable_01' not read by fragment shader
WARNING: Output of vertex shader '_interface_variable_00' not read by fragment shader

[16:28:07] [Render thread/INFO]: Info log when linking program containing VERTEX minecraft:core/entity, FRAGMENT minecraft:core/entity. Log output: WARNING: Output of vertex shader '_interface_variable_01' not read by fragment shader
WARNING: Output of vertex shader '_interface_variable_00' not read by fragment shader

[16:28:07] [Render thread/INFO]: Info log when linking program containing VERTEX minecraft:core/entity, FRAGMENT minecraft:core/entity. Log output: WARNING: Output of vertex shader '_interface_variable_01' not read by fragment shader
WARNING: Output of vertex shader '_interface_variable_00' not read by fragment shader

[16:28:07] [Render thread/INFO]: Info log when linking program containing VERTEX minecraft:core/text, FRAGMENT minecraft:core/text. Log output: WARNING: Output of vertex shader '_interface_variable_01' not read by fragment shader
WARNING: Output of vertex shader '_interface_variable_00' not read by fragment shader

[16:28:07] [Render thread/INFO]: OpenAL initialized on device Mac mini扬声器
[16:28:07] [Render thread/INFO]: Sound engine started
[16:28:07] [Render thread/INFO]: Created: 512x256x0 minecraft:textures/atlas/particles.png-atlas
[16:28:07] [Render thread/INFO]: Created: 256x128x0 minecraft:textures/atlas/celestials.png-atlas
[16:28:07] [Render thread/INFO]: Created: 128x128x0 minecraft:textures/atlas/decorated_pot.png-atlas
[16:28:07] [Render thread/INFO]: Created: 512x256x0 minecraft:textures/atlas/paintings.png-atlas
[16:28:07] [Render thread/INFO]: Created: 1024x512x0 minecraft:textures/atlas/shield_patterns.png-atlas
[16:28:07] [Render thread/INFO]: Created: 1024x512x0 minecraft:textures/atlas/banner_patterns.png-atlas
[16:28:07] [Render thread/INFO]: Created: 2048x2048x4 minecraft:textures/atlas/blocks.png-atlas
[16:28:07] [Render thread/INFO]: Created: 1024x512x0 minecraft:textures/atlas/items.png-atlas
[16:28:07] [Render thread/INFO]: Created: 1024x1024x0 minecraft:textures/atlas/gui.png-atlas
[16:28:07] [Render thread/INFO]: Created: 128x64x0 minecraft:textures/atlas/map_decorations.png-atlas
[16:28:07] [Render thread/INFO]: Created: 512x512x0 minecraft:textures/atlas/chest.png-atlas
[16:28:07] [Render thread/INFO]: Created: 512x512x0 minecraft:textures/atlas/shulker_boxes.png-atlas
[16:28:09] [Test thread/INFO]: [STDOUT]: WILDCRAFT P4A actual biome/water/heat, native powder snow/leather, smooth HUD, gliding/focus, local preference, spectator/death, owner-only sync, dimension and reload checks passed
[16:28:09] [Render thread/INFO]: Reloading ResourceManager: vanilla, vanilla, fabric-advancement-api-v1, fabric-api, fabric-api-base, fabric-api-lookup-api-v1, fabric-biome-api-v1, fabric-block-api-v1, fabric-block-getter-api-v2, fabric-client-gametest-api-v1, fabric-command-api-v2, fabric-content-registries-v0, fabric-convention-tags-v2, fabric-crash-report-info-v1, fabric-creative-tab-api-v1, fabric-data-attachment-api-v1, fabric-data-generation-api-v1, fabric-debug-api-v1, fabric-dimensions-v1, fabric-entity-events-v1, fabric-events-interaction-v0, fabric-game-rule-api-v1, fabric-gametest-api-v1, fabric-item-api-v1, fabric-key-mapping-api-v1, fabric-lifecycle-events-v1, fabric-loot-api-v3, fabric-menu-api-v1, fabric-message-api-v1, fabric-model-loading-api-v1, fabric-networking-api-v1, fabric-object-builder-api-v1, fabric-particles-v1, fabric-permission-api-v1, fabric-recipe-api-v1, fabric-registry-sync-v0, fabric-renderer-api-v1, fabric-renderer-indigo, fabric-rendering-fluids-v1, fabric-rendering-v1, fabric-resource-conditions-api-v1, fabric-resource-loader-v0, fabric-resource-loader-v1, fabric-screen-api-v1, fabric-serialization-api-v1, fabric-sound-api-v1, fabric-tag-api-v1, fabric-transfer-api-v1, fabric-transitive-access-wideners-v1, fabricloader, wildcraft, wildcraft-test
[16:28:09] [Worker-Main-2/INFO]: Found unifont_all_no_pua-17.0.01.hex, loading
[16:28:09] [Worker-Main-1/INFO]: Found unifont_pua-17.0.01.hex, loading
[16:28:09] [Render thread/INFO]: Info log when linking program containing VERTEX minecraft:core/terrain, FRAGMENT minecraft:core/terrain. Log output: WARNING: Output of vertex shader '_interface_variable_01' not read by fragment shader
WARNING: Output of vertex shader '_interface_variable_00' not read by fragment shader
WARNING: Output of vertex shader '_interface_variable_04' not read by fragment shader

[16:28:09] [Render thread/INFO]: Info log when linking program containing VERTEX minecraft:core/rendertype_crumbling, FRAGMENT minecraft:core/rendertype_crumbling. Log output: WARNING: Output of vertex shader '_interface_variable_01' not read by fragment shader
WARNING: Output of vertex shader '_interface_variable_00' not read by fragment shader

[16:28:09] [Render thread/INFO]: Info log when linking program containing VERTEX minecraft:core/entity, FRAGMENT minecraft:core/entity. Log output: WARNING: Output of vertex shader '_interface_variable_01' not read by fragment shader
WARNING: Output of vertex shader '_interface_variable_00' not read by fragment shader

[16:28:09] [Render thread/INFO]: Info log when linking program containing VERTEX minecraft:core/rendertype_lines, FRAGMENT minecraft:core/rendertype_lines. Log output: WARNING: Output of vertex shader '_interface_variable_01' not read by fragment shader
WARNING: Output of vertex shader '_interface_variable_00' not read by fragment shader

[16:28:09] [Worker-Main-2/INFO]: Found unifont_jp_patch-17.0.01.hex, loading
[16:28:09] [Render thread/INFO]: Info log when linking program containing VERTEX minecraft:core/text, FRAGMENT minecraft:core/text. Log output: WARNING: Output of vertex shader '_interface_variable_01' not read by fragment shader
WARNING: Output of vertex shader '_interface_variable_00' not read by fragment shader

[16:28:09] [Render thread/INFO]: Info log when linking program containing VERTEX minecraft:core/entity, FRAGMENT minecraft:core/entity. Log output: WARNING: Output of vertex shader '_interface_variable_01' not read by fragment shader
WARNING: Output of vertex shader '_interface_variable_00' not read by fragment shader

[16:28:09] [Render thread/INFO]: Info log when linking program containing VERTEX minecraft:core/terrain, FRAGMENT minecraft:core/terrain. Log output: WARNING: Output of vertex shader '_interface_variable_01' not read by fragment shader
WARNING: Output of vertex shader '_interface_variable_00' not read by fragment shader
WARNING: Output of vertex shader '_interface_variable_04' not read by fragment shader

[16:28:09] [Render thread/INFO]: Info log when linking program containing VERTEX minecraft:core/text, FRAGMENT minecraft:core/text. Log output: WARNING: Output of vertex shader '_interface_variable_01' not read by fragment shader
WARNING: Output of vertex shader '_interface_variable_00' not read by fragment shader

[16:28:09] [Render thread/INFO]: Info log when linking program containing VERTEX minecraft:core/entity, FRAGMENT minecraft:core/entity. Log output: WARNING: Output of vertex shader '_interface_variable_01' not read by fragment shader
WARNING: Output of vertex shader '_interface_variable_00' not read by fragment shader

[16:28:09] [Render thread/INFO]: Info log when linking program containing VERTEX minecraft:core/block, FRAGMENT minecraft:core/block. Log output: WARNING: Output of vertex shader '_interface_variable_01' not read by fragment shader
WARNING: Output of vertex shader '_interface_variable_00' not read by fragment shader

[16:28:09] [Render thread/INFO]: Info log when linking program containing VERTEX minecraft:core/particle, FRAGMENT minecraft:core/particle. Log output: WARNING: Output of vertex shader '_interface_variable_01' not read by fragment shader
WARNING: Output of vertex shader '_interface_variable_00' not read by fragment shader

[16:28:09] [Render thread/INFO]: Info log when linking program containing VERTEX minecraft:core/rendertype_entity_shadow, FRAGMENT minecraft:core/rendertype_entity_shadow. Log output: WARNING: Output of vertex shader '_interface_variable_01' not read by fragment shader
WARNING: Output of vertex shader '_interface_variable_00' not read by fragment shader

[16:28:09] [Render thread/INFO]: Info log when linking program containing VERTEX minecraft:core/screenquad, FRAGMENT minecraft:core/oit_composite. Log output: WARNING: Output of vertex shader '_interface_variable_00' not read by fragment shader

[16:28:09] [Render thread/INFO]: Info log when linking program containing VERTEX minecraft:core/screenquad, FRAGMENT minecraft:core/integrate_depth. Log output: WARNING: Output of vertex shader '_interface_variable_00' not read by fragment shader

[16:28:09] [Render thread/INFO]: Info log when linking program containing VERTEX minecraft:core/terrain, FRAGMENT minecraft:core/terrain. Log output: WARNING: Output of vertex shader '_interface_variable_01' not read by fragment shader
WARNING: Output of vertex shader '_interface_variable_00' not read by fragment shader
WARNING: Output of vertex shader '_interface_variable_04' not read by fragment shader

[16:28:09] [Render thread/INFO]: Info log when linking program containing VERTEX minecraft:core/entity, FRAGMENT minecraft:core/entity. Log output: WARNING: Output of vertex shader '_interface_variable_01' not read by fragment shader
WARNING: Output of vertex shader '_interface_variable_00' not read by fragment shader

[16:28:09] [Render thread/INFO]: Info log when linking program containing VERTEX minecraft:core/animate_sprite, FRAGMENT minecraft:core/animate_sprite_blit. Log output: WARNING: Output of vertex shader '_interface_variable_00' not read by fragment shader

[16:28:09] [Render thread/INFO]: Info log when linking program containing VERTEX minecraft:core/entity, FRAGMENT minecraft:core/entity. Log output: WARNING: Output of vertex shader '_interface_variable_01' not read by fragment shader
WARNING: Output of vertex shader '_interface_variable_00' not read by fragment shader

[16:28:09] [Render thread/INFO]: Info log when linking program containing VERTEX minecraft:core/entity, FRAGMENT minecraft:core/entity. Log output: WARNING: Output of vertex shader '_interface_variable_01' not read by fragment shader
WARNING: Output of vertex shader '_interface_variable_00' not read by fragment shader

[16:28:09] [Render thread/INFO]: Info log when linking program containing VERTEX minecraft:core/clouds, FRAGMENT minecraft:core/clouds. Log output: WARNING: Output of vertex shader '_interface_variable_00' not read by fragment shader

[16:28:10] [Render thread/INFO]: Info log when linking program containing VERTEX minecraft:core/entity, FRAGMENT minecraft:core/entity. Log output: WARNING: Output of vertex shader '_interface_variable_01' not read by fragment shader
WARNING: Output of vertex shader '_interface_variable_00' not read by fragment shader

[16:28:10] [Render thread/INFO]: Info log when linking program containing VERTEX minecraft:core/particle, FRAGMENT minecraft:core/particle. Log output: WARNING: Output of vertex shader '_interface_variable_01' not read by fragment shader
WARNING: Output of vertex shader '_interface_variable_00' not read by fragment shader

[16:28:10] [Render thread/INFO]: Info log when linking program containing VERTEX minecraft:core/screenquad, FRAGMENT minecraft:core/oit_depth_bounds_cull. Log output: WARNING: Output of vertex shader '_interface_variable_00' not read by fragment shader

[16:28:10] [Render thread/INFO]: Info log when linking program containing VERTEX minecraft:core/block, FRAGMENT minecraft:core/block. Log output: WARNING: Output of vertex shader '_interface_variable_01' not read by fragment shader
WARNING: Output of vertex shader '_interface_variable_00' not read by fragment shader

[16:28:10] [Render thread/INFO]: Info log when linking program containing VERTEX minecraft:core/text, FRAGMENT minecraft:core/text. Log output: WARNING: Output of vertex shader '_interface_variable_01' not read by fragment shader
WARNING: Output of vertex shader '_interface_variable_00' not read by fragment shader

[16:28:10] [Render thread/INFO]: Info log when linking program containing VERTEX minecraft:core/text, FRAGMENT minecraft:core/text. Log output: WARNING: Output of vertex shader '_interface_variable_01' not read by fragment shader
WARNING: Output of vertex shader '_interface_variable_00' not read by fragment shader

[16:28:10] [Render thread/INFO]: Info log when linking program containing VERTEX minecraft:core/text, FRAGMENT minecraft:core/text. Log output: WARNING: Output of vertex shader '_interface_variable_01' not read by fragment shader
WARNING: Output of vertex shader '_interface_variable_00' not read by fragment shader

[16:28:10] [Render thread/INFO]: Info log when linking program containing VERTEX minecraft:core/entity, FRAGMENT minecraft:core/entity. Log output: WARNING: Output of vertex shader '_interface_variable_01' not read by fragment shader
WARNING: Output of vertex shader '_interface_variable_00' not read by fragment shader

[16:28:10] [Render thread/INFO]: Info log when linking program containing VERTEX minecraft:core/terrain, FRAGMENT minecraft:core/terrain. Log output: WARNING: Output of vertex shader '_interface_variable_01' not read by fragment shader
WARNING: Output of vertex shader '_interface_variable_00' not read by fragment shader
WARNING: Output of vertex shader '_interface_variable_04' not read by fragment shader

[16:28:10] [Render thread/INFO]: Info log when linking program containing VERTEX minecraft:core/text, FRAGMENT minecraft:core/text. Log output: WARNING: Output of vertex shader '_interface_variable_01' not read by fragment shader
WARNING: Output of vertex shader '_interface_variable_00' not read by fragment shader

[16:28:10] [Render thread/INFO]: Info log when linking program containing VERTEX minecraft:core/clouds, FRAGMENT minecraft:core/clouds. Log output: WARNING: Output of vertex shader '_interface_variable_00' not read by fragment shader

[16:28:10] [Render thread/INFO]: Info log when linking program containing VERTEX minecraft:core/rendertype_lines, FRAGMENT minecraft:core/rendertype_lines. Log output: WARNING: Output of vertex shader '_interface_variable_01' not read by fragment shader
WARNING: Output of vertex shader '_interface_variable_00' not read by fragment shader

[16:28:10] [Render thread/INFO]: Info log when linking program containing VERTEX minecraft:core/rendertype_entity_shadow, FRAGMENT minecraft:core/rendertype_entity_shadow. Log output: WARNING: Output of vertex shader '_interface_variable_01' not read by fragment shader
WARNING: Output of vertex shader '_interface_variable_00' not read by fragment shader

[16:28:10] [Render thread/INFO]: Info log when linking program containing VERTEX minecraft:core/entity, FRAGMENT minecraft:core/entity. Log output: WARNING: Output of vertex shader '_interface_variable_01' not read by fragment shader
WARNING: Output of vertex shader '_interface_variable_00' not read by fragment shader

[16:28:10] [Render thread/INFO]: Info log when linking program containing VERTEX minecraft:core/particle, FRAGMENT minecraft:core/particle. Log output: WARNING: Output of vertex shader '_interface_variable_01' not read by fragment shader
WARNING: Output of vertex shader '_interface_variable_00' not read by fragment shader

[16:28:10] [Render thread/INFO]: Info log when linking program containing VERTEX minecraft:core/text, FRAGMENT minecraft:core/text. Log output: WARNING: Output of vertex shader '_interface_variable_01' not read by fragment shader
WARNING: Output of vertex shader '_interface_variable_00' not read by fragment shader

[16:28:10] [Render thread/INFO]: Info log when linking program containing VERTEX minecraft:core/entity, FRAGMENT minecraft:core/entity. Log output: WARNING: Output of vertex shader '_interface_variable_01' not read by fragment shader
WARNING: Output of vertex shader '_interface_variable_00' not read by fragment shader

[16:28:10] [Render thread/INFO]: Info log when linking program containing VERTEX minecraft:core/entity, FRAGMENT minecraft:core/entity. Log output: WARNING: Output of vertex shader '_interface_variable_01' not read by fragment shader
WARNING: Output of vertex shader '_interface_variable_00' not read by fragment shader

[16:28:10] [Render thread/INFO]: Info log when linking program containing VERTEX minecraft:core/rendertype_crumbling, FRAGMENT minecraft:core/rendertype_crumbling. Log output: WARNING: Output of vertex shader '_interface_variable_01' not read by fragment shader
WARNING: Output of vertex shader '_interface_variable_00' not read by fragment shader

[16:28:10] [Render thread/INFO]: Info log when linking program containing VERTEX minecraft:core/particle, FRAGMENT minecraft:core/particle. Log output: WARNING: Output of vertex shader '_interface_variable_01' not read by fragment shader
WARNING: Output of vertex shader '_interface_variable_00' not read by fragment shader

[16:28:10] [Render thread/INFO]: Info log when linking program containing VERTEX minecraft:core/text, FRAGMENT minecraft:core/text. Log output: WARNING: Output of vertex shader '_interface_variable_01' not read by fragment shader
WARNING: Output of vertex shader '_interface_variable_00' not read by fragment shader

[16:28:10] [Render thread/INFO]: Info log when linking program containing VERTEX minecraft:core/entity, FRAGMENT minecraft:core/entity. Log output: WARNING: Output of vertex shader '_interface_variable_01' not read by fragment shader
WARNING: Output of vertex shader '_interface_variable_00' not read by fragment shader

[16:28:10] [Render thread/INFO]: OpenAL initialized on device Mac mini扬声器
[16:28:10] [Render thread/INFO]: Sound engine started
[16:28:10] [Render thread/INFO]: Created: 512x256x0 minecraft:textures/atlas/particles.png-atlas
[16:28:10] [Render thread/INFO]: Created: 256x128x0 minecraft:textures/atlas/celestials.png-atlas
[16:28:10] [Render thread/INFO]: Created: 128x128x0 minecraft:textures/atlas/decorated_pot.png-atlas
[16:28:10] [Render thread/INFO]: Created: 512x256x0 minecraft:textures/atlas/paintings.png-atlas
[16:28:10] [Render thread/INFO]: Created: 1024x512x0 minecraft:textures/atlas/shield_patterns.png-atlas
[16:28:10] [Render thread/INFO]: Created: 1024x512x0 minecraft:textures/atlas/banner_patterns.png-atlas
[16:28:10] [Render thread/INFO]: Created: 2048x2048x4 minecraft:textures/atlas/blocks.png-atlas
[16:28:10] [Render thread/INFO]: Created: 1024x512x0 minecraft:textures/atlas/items.png-atlas
[16:28:10] [Render thread/INFO]: Created: 1024x1024x0 minecraft:textures/atlas/gui.png-atlas
[16:28:10] [Render thread/INFO]: Created: 128x64x0 minecraft:textures/atlas/map_decorations.png-atlas
[16:28:10] [Render thread/INFO]: Created: 512x512x0 minecraft:textures/atlas/chest.png-atlas
[16:28:10] [Render thread/INFO]: Created: 512x512x0 minecraft:textures/atlas/shulker_boxes.png-atlas
[16:28:12] [Worker-Main-6/INFO]: Loaded 1872 advancements
[16:28:12] [Render thread/INFO]: World loading finished: null screen: net.minecraft.client.gui.screens.GenericMessageScreen@5222288f
[16:28:12] [Render thread/INFO]: Applied 0 biome modifications to 0 of 67 new biomes in 196.9 μs
[16:28:12] [Server thread/INFO]: Starting integrated minecraft server version 26.3
[16:28:12] [Server thread/INFO]: Generating keypair
[16:28:12] [Server thread/INFO]: Selecting global world spawn...
[16:28:13] [Server thread/INFO]: Loading 0 persistent chunks...
[16:28:13] [Server thread/INFO]: 准备生成区域中：16%
[16:28:13] [Server thread/INFO]: Saving chunks for level 'ServerLevel[新的世界]'/minecraft:overworld
[16:28:13] [Server thread/INFO]: Saving chunks for level 'ServerLevel[新的世界]'/minecraft:the_end
[16:28:13] [Server thread/INFO]: Saving chunks for level 'ServerLevel[新的世界]'/minecraft:the_nether
[16:28:13] [Render thread/INFO]: World loading finished: null screen: net.minecraft.client.gui.screens.LevelLoadingScreen@21bb7580
[16:28:13] [Render thread/INFO]: World loading finished: null screen: net.minecraft.client.gui.screens.LevelLoadingScreen@21bb7580
[16:28:13] [Render thread/INFO]: World loading finished: null screen: net.minecraft.client.gui.screens.LevelLoadingScreen@21bb7580
[16:28:13] [Render thread/INFO]: World loading finished: null screen: net.minecraft.client.gui.screens.LevelLoadingScreen@21bb7580
[16:28:13] [Server thread/INFO]: Loading 48 chunks for player spawn...
[16:28:13] [Render thread/INFO]: World loading finished: null screen: net.minecraft.client.gui.screens.LevelLoadingScreen@21bb7580
[16:28:13] [Render thread/INFO]: World loading finished: null screen: net.minecraft.client.gui.screens.LevelLoadingScreen@21bb7580
[16:28:13] [Render thread/INFO]: World loading finished: null screen: net.minecraft.client.gui.screens.LevelLoadingScreen@21bb7580
[16:28:13] [Server thread/INFO]: Time elapsed: 404 ms
[16:28:13] [Render thread/INFO]: World loading finished: null screen: net.minecraft.client.gui.screens.LevelLoadingScreen@21bb7580
[16:28:13] [Server thread/INFO]: Player164[local:E:8a2228f1] logged in with entity id 104 at (0.5, -60.0, 0.5)
[16:28:13] [Server thread/INFO]: System chat: Player164加入了游戏
[16:28:13] [Server thread/INFO]: Changing view distance to 5, from 10
[16:28:13] [Server thread/INFO]: Changing simulation distance to 12, from 0
[16:28:13] [Render thread/INFO]: World loading finished: ClientLevel screen: net.minecraft.client.gui.screens.LevelLoadingScreen@21bb7580
[16:28:13] [Render thread/WARN]: Requested post effect does not exist: minecraft:end_of_frame
[16:28:13] [Render thread/INFO]: Loaded 2 advancements
[16:28:13] [Render thread/INFO]: World loading finished: ClientLevel screen: net.minecraft.client.gui.screens.LevelLoadingScreen@21bb7580
[16:28:13] [Render thread/INFO]: World loading finished: ClientLevel screen: net.minecraft.client.gui.screens.LevelLoadingScreen@21bb7580
[16:28:13] [Render thread/INFO]: World loading finished: ClientLevel screen: net.minecraft.client.gui.screens.LevelLoadingScreen@21bb7580
[16:28:13] [Render thread/INFO]: World loading finished: ClientLevel screen: net.minecraft.client.gui.screens.LevelLoadingScreen@21bb7580
[16:28:13] [Render thread/INFO]: World loading finished: ClientLevel screen: net.minecraft.client.gui.screens.LevelLoadingScreen@21bb7580
[16:28:13] [Render thread/INFO]: World loading finished: ClientLevel screen: net.minecraft.client.gui.screens.LevelLoadingScreen@21bb7580
[16:28:13] [Render thread/INFO]: World loading finished: ClientLevel screen: net.minecraft.client.gui.screens.LevelLoadingScreen@21bb7580
[16:28:13] [Render thread/INFO]: World loading finished: ClientLevel screen: net.minecraft.client.gui.screens.LevelLoadingScreen@21bb7580
[16:28:13] [Render thread/INFO]: World loading finished: ClientLevel screen: net.minecraft.client.gui.screens.LevelLoadingScreen@21bb7580
[16:28:14] [Render thread/INFO]: World loading finished: ClientLevel screen: net.minecraft.client.gui.screens.LevelLoadingScreen@21bb7580
[16:28:14] [Render thread/INFO]: World loading finished: ClientLevel screen: net.minecraft.client.gui.screens.LevelLoadingScreen@21bb7580
[16:28:14] [Render thread/INFO]: World loading finished: ClientLevel screen: net.minecraft.client.gui.screens.LevelLoadingScreen@21bb7580
[16:28:14] [Render thread/INFO]: World loading finished: ClientLevel screen: net.minecraft.client.gui.screens.LevelLoadingScreen@21bb7580
[16:28:14] [Render thread/INFO]: World loading finished: ClientLevel screen: net.minecraft.client.gui.screens.LevelLoadingScreen@21bb7580
[16:28:14] [Render thread/INFO]: World loading finished: ClientLevel screen: null
[16:28:21] [Render thread/INFO]: Loaded 25 advancements
[16:28:21] [Server thread/INFO]: Saving and pausing game...
[16:28:21] [Server thread/INFO]: Saving chunks for level 'ServerLevel[新的世界]'/minecraft:overworld
[16:28:21] [Server thread/INFO]: Saving chunks for level 'ServerLevel[新的世界]'/minecraft:the_end
[16:28:21] [Server thread/INFO]: Saving chunks for level 'ServerLevel[新的世界]'/minecraft:the_nether
[16:28:28] [Server thread/INFO]: [STDOUT]: P4B freeze probe pos=(0.5, 120.0, 0.5) freeze=14 powder=true can=true warm=MealEffects[schema=1, warmth=Effect[strength=2, millis=28049], cooling=Effect[strength=0, millis=0], recovery=Effect[strength=0, millis=0]]
[16:28:48] [Render thread/INFO]: Loaded 26 advancements
[16:28:51] [Render thread/INFO]: Loaded 27 advancements
[16:28:54] [Server thread/INFO]: System chat: Player164取得了进度[勇往直下]
[16:28:54] [Render thread/INFO]: [System] [CHAT] Player164取得了进度[勇往直下]
[16:28:54] [Server thread/INFO]: Player164 lost connection: 连接中断
[16:28:54] [Server thread/INFO]: System chat: Player164退出了游戏
[16:28:54] [Server thread/INFO]: Stopping singleplayer server as player logged out
[16:28:54] [Server thread/INFO]: Stopping server
[16:28:54] [Server thread/INFO]: Saving players
[16:28:54] [Server thread/INFO]: Saving worlds
[16:28:54] [Server thread/INFO]: Saving chunks for level 'ServerLevel[新的世界]'/minecraft:overworld
[16:28:54] [Server thread/INFO]: Saving chunks for level 'ServerLevel[新的世界]'/minecraft:the_end
[16:28:54] [Server thread/INFO]: Saving chunks for level 'ServerLevel[新的世界]'/minecraft:the_nether
[16:28:55] [Render thread/INFO]: World loading finished: null screen: net.minecraft.client.gui.screens.GenericMessageScreen@7dccb68d
[16:28:55] [Worker-Main-4/INFO]: Loaded 1872 advancements
[16:28:55] [Render thread/INFO]: Applied 0 biome modifications to 0 of 67 new biomes in 143.2 μs
[16:28:55] [Server thread/INFO]: Starting integrated minecraft server version 26.3
[16:28:55] [Server thread/INFO]: Generating keypair
[16:28:55] [Server thread/INFO]: Loading 0 persistent chunks...
[16:28:55] [Server thread/INFO]: Saving chunks for level 'ServerLevel[新的世界]'/minecraft:overworld
[16:28:55] [Server thread/INFO]: Saving chunks for level 'ServerLevel[新的世界]'/minecraft:the_end
[16:28:55] [Server thread/INFO]: Saving chunks for level 'ServerLevel[新的世界]'/minecraft:the_nether
[16:28:55] [Render thread/INFO]: World loading finished: null screen: net.minecraft.client.gui.screens.LevelLoadingScreen@585c24d2
[16:28:56] [Render thread/INFO]: World loading finished: null screen: net.minecraft.client.gui.screens.LevelLoadingScreen@585c24d2
[16:28:56] [Render thread/INFO]: World loading finished: null screen: net.minecraft.client.gui.screens.LevelLoadingScreen@585c24d2
[16:28:56] [Render thread/INFO]: World loading finished: null screen: net.minecraft.client.gui.screens.LevelLoadingScreen@585c24d2
[16:28:56] [Server thread/INFO]: Loading 49 chunks for player spawn...
[16:28:56] [Server thread/INFO]: 准备生成区域中：16%
[16:28:56] [Render thread/INFO]: World loading finished: null screen: net.minecraft.client.gui.screens.LevelLoadingScreen@585c24d2
[16:28:56] [Render thread/INFO]: World loading finished: null screen: net.minecraft.client.gui.screens.LevelLoadingScreen@585c24d2
[16:28:56] [Render thread/INFO]: World loading finished: null screen: net.minecraft.client.gui.screens.LevelLoadingScreen@585c24d2
[16:28:56] [Server thread/INFO]: Time elapsed: 372 ms
[16:28:56] [Render thread/INFO]: World loading finished: null screen: net.minecraft.client.gui.screens.LevelLoadingScreen@585c24d2
[16:28:56] [Server thread/INFO]: Player164[local:E:ee42f471] logged in with entity id 106 at (0.5, 120.0, 0.5)
[16:28:56] [Server thread/INFO]: System chat: Player164加入了游戏
[16:28:56] [Server thread/INFO]: Changing view distance to 5, from 10
[16:28:56] [Server thread/INFO]: Changing simulation distance to 12, from 0
[16:28:56] [Render thread/INFO]: World loading finished: ClientLevel screen: net.minecraft.client.gui.screens.LevelLoadingScreen@585c24d2
[16:28:56] [Render thread/INFO]: Loaded 54 advancements
[16:28:56] [Render thread/INFO]: World loading finished: ClientLevel screen: net.minecraft.client.gui.screens.LevelLoadingScreen@585c24d2
[16:28:56] [Render thread/INFO]: World loading finished: ClientLevel screen: net.minecraft.client.gui.screens.LevelLoadingScreen@585c24d2
[16:28:56] [Render thread/INFO]: World loading finished: ClientLevel screen: net.minecraft.client.gui.screens.LevelLoadingScreen@585c24d2
[16:28:56] [Render thread/INFO]: World loading finished: ClientLevel screen: net.minecraft.client.gui.screens.LevelLoadingScreen@585c24d2
[16:28:56] [Render thread/INFO]: World loading finished: ClientLevel screen: null
[16:28:57] [Render thread/INFO]: Loaded 54 advancements
[16:28:58] [Server thread/INFO]: System chat: Player164被杀死了
[16:28:58] [Server thread/INFO]: System chat: 杀死了Player164
[16:28:58] [Render thread/INFO]: [System] [CHAT] Player164被杀死了
[16:28:58] [Server thread/INFO]: Player164 lost connection: 连接中断
[16:28:58] [Server thread/INFO]: System chat: Player164退出了游戏
[16:28:58] [Server thread/INFO]: Stopping singleplayer server as player logged out
[16:28:58] [Server thread/INFO]: Stopping server
[16:28:58] [Server thread/INFO]: Saving players
[16:28:58] [Server thread/INFO]: Saving worlds
[16:28:58] [Server thread/INFO]: Saving chunks for level 'ServerLevel[新的世界]'/minecraft:overworld
[16:28:58] [Server thread/INFO]: Saving chunks for level 'ServerLevel[新的世界]'/minecraft:the_end
[16:28:58] [Server thread/INFO]: Saving chunks for level 'ServerLevel[新的世界]'/minecraft:the_nether
[16:28:58] [Render thread/INFO]: Reloading ResourceManager: vanilla, vanilla, fabric-advancement-api-v1, fabric-api, fabric-api-base, fabric-api-lookup-api-v1, fabric-biome-api-v1, fabric-block-api-v1, fabric-block-getter-api-v2, fabric-client-gametest-api-v1, fabric-command-api-v2, fabric-content-registries-v0, fabric-convention-tags-v2, fabric-crash-report-info-v1, fabric-creative-tab-api-v1, fabric-data-attachment-api-v1, fabric-data-generation-api-v1, fabric-debug-api-v1, fabric-dimensions-v1, fabric-entity-events-v1, fabric-events-interaction-v0, fabric-game-rule-api-v1, fabric-gametest-api-v1, fabric-item-api-v1, fabric-key-mapping-api-v1, fabric-lifecycle-events-v1, fabric-loot-api-v3, fabric-menu-api-v1, fabric-message-api-v1, fabric-model-loading-api-v1, fabric-networking-api-v1, fabric-object-builder-api-v1, fabric-particles-v1, fabric-permission-api-v1, fabric-recipe-api-v1, fabric-registry-sync-v0, fabric-renderer-api-v1, fabric-renderer-indigo, fabric-rendering-fluids-v1, fabric-rendering-v1, fabric-resource-conditions-api-v1, fabric-resource-loader-v0, fabric-resource-loader-v1, fabric-screen-api-v1, fabric-serialization-api-v1, fabric-sound-api-v1, fabric-tag-api-v1, fabric-transfer-api-v1, fabric-transitive-access-wideners-v1, fabricloader, wildcraft, wildcraft-test
[16:28:58] [Worker-Main-8/INFO]: Found unifont_pua-17.0.01.hex, loading
[16:28:58] [Worker-Main-1/INFO]: Found unifont_all_no_pua-17.0.01.hex, loading
[16:28:58] [Render thread/INFO]: Info log when linking program containing VERTEX minecraft:core/terrain, FRAGMENT minecraft:core/terrain. Log output: WARNING: Output of vertex shader '_interface_variable_01' not read by fragment shader
WARNING: Output of vertex shader '_interface_variable_00' not read by fragment shader
WARNING: Output of vertex shader '_interface_variable_04' not read by fragment shader

[16:28:58] [Render thread/INFO]: Info log when linking program containing VERTEX minecraft:core/entity, FRAGMENT minecraft:core/entity. Log output: WARNING: Output of vertex shader '_interface_variable_01' not read by fragment shader
WARNING: Output of vertex shader '_interface_variable_00' not read by fragment shader

[16:28:58] [Render thread/INFO]: Info log when linking program containing VERTEX minecraft:core/rendertype_crumbling, FRAGMENT minecraft:core/rendertype_crumbling. Log output: WARNING: Output of vertex shader '_interface_variable_01' not read by fragment shader
WARNING: Output of vertex shader '_interface_variable_00' not read by fragment shader

[16:28:58] [Render thread/INFO]: Info log when linking program containing VERTEX minecraft:core/rendertype_lines, FRAGMENT minecraft:core/rendertype_lines. Log output: WARNING: Output of vertex shader '_interface_variable_01' not read by fragment shader
WARNING: Output of vertex shader '_interface_variable_00' not read by fragment shader

[16:28:58] [Render thread/INFO]: Info log when linking program containing VERTEX minecraft:core/terrain, FRAGMENT minecraft:core/terrain. Log output: WARNING: Output of vertex shader '_interface_variable_01' not read by fragment shader
WARNING: Output of vertex shader '_interface_variable_00' not read by fragment shader
WARNING: Output of vertex shader '_interface_variable_04' not read by fragment shader

[16:28:58] [Render thread/INFO]: Info log when linking program containing VERTEX minecraft:core/text, FRAGMENT minecraft:core/text. Log output: WARNING: Output of vertex shader '_interface_variable_01' not read by fragment shader
WARNING: Output of vertex shader '_interface_variable_00' not read by fragment shader

[16:28:58] [Render thread/INFO]: Info log when linking program containing VERTEX minecraft:core/entity, FRAGMENT minecraft:core/entity. Log output: WARNING: Output of vertex shader '_interface_variable_01' not read by fragment shader
WARNING: Output of vertex shader '_interface_variable_00' not read by fragment shader

[16:28:58] [Render thread/INFO]: Info log when linking program containing VERTEX minecraft:core/text, FRAGMENT minecraft:core/text. Log output: WARNING: Output of vertex shader '_interface_variable_01' not read by fragment shader
WARNING: Output of vertex shader '_interface_variable_00' not read by fragment shader

[16:28:58] [Worker-Main-1/INFO]: Found unifont_jp_patch-17.0.01.hex, loading
[16:28:58] [Render thread/INFO]: Info log when linking program containing VERTEX minecraft:core/block, FRAGMENT minecraft:core/block. Log output: WARNING: Output of vertex shader '_interface_variable_01' not read by fragment shader
WARNING: Output of vertex shader '_interface_variable_00' not read by fragment shader

[16:28:58] [Render thread/INFO]: Info log when linking program containing VERTEX minecraft:core/entity, FRAGMENT minecraft:core/entity. Log output: WARNING: Output of vertex shader '_interface_variable_01' not read by fragment shader
WARNING: Output of vertex shader '_interface_variable_00' not read by fragment shader

[16:28:58] [Render thread/INFO]: Info log when linking program containing VERTEX minecraft:core/rendertype_entity_shadow, FRAGMENT minecraft:core/rendertype_entity_shadow. Log output: WARNING: Output of vertex shader '_interface_variable_01' not read by fragment shader
WARNING: Output of vertex shader '_interface_variable_00' not read by fragment shader

[16:28:58] [Render thread/INFO]: Info log when linking program containing VERTEX minecraft:core/particle, FRAGMENT minecraft:core/particle. Log output: WARNING: Output of vertex shader '_interface_variable_01' not read by fragment shader
WARNING: Output of vertex shader '_interface_variable_00' not read by fragment shader

[16:28:58] [Render thread/INFO]: Info log when linking program containing VERTEX minecraft:core/screenquad, FRAGMENT minecraft:core/oit_composite. Log output: WARNING: Output of vertex shader '_interface_variable_00' not read by fragment shader

[16:28:58] [Render thread/INFO]: Info log when linking program containing VERTEX minecraft:core/screenquad, FRAGMENT minecraft:core/integrate_depth. Log output: WARNING: Output of vertex shader '_interface_variable_00' not read by fragment shader

[16:28:58] [Render thread/INFO]: Info log when linking program containing VERTEX minecraft:core/terrain, FRAGMENT minecraft:core/terrain. Log output: WARNING: Output of vertex shader '_interface_variable_01' not read by fragment shader
WARNING: Output of vertex shader '_interface_variable_00' not read by fragment shader
WARNING: Output of vertex shader '_interface_variable_04' not read by fragment shader

[16:28:58] [Render thread/INFO]: Info log when linking program containing VERTEX minecraft:core/entity, FRAGMENT minecraft:core/entity. Log output: WARNING: Output of vertex shader '_interface_variable_01' not read by fragment shader
WARNING: Output of vertex shader '_interface_variable_00' not read by fragment shader

[16:28:58] [Render thread/INFO]: Info log when linking program containing VERTEX minecraft:core/animate_sprite, FRAGMENT minecraft:core/animate_sprite_blit. Log output: WARNING: Output of vertex shader '_interface_variable_00' not read by fragment shader

[16:28:58] [Render thread/INFO]: Info log when linking program containing VERTEX minecraft:core/entity, FRAGMENT minecraft:core/entity. Log output: WARNING: Output of vertex shader '_interface_variable_01' not read by fragment shader
WARNING: Output of vertex shader '_interface_variable_00' not read by fragment shader

[16:28:58] [Render thread/INFO]: Info log when linking program containing VERTEX minecraft:core/entity, FRAGMENT minecraft:core/entity. Log output: WARNING: Output of vertex shader '_interface_variable_01' not read by fragment shader
WARNING: Output of vertex shader '_interface_variable_00' not read by fragment shader

[16:28:58] [Render thread/INFO]: Info log when linking program containing VERTEX minecraft:core/clouds, FRAGMENT minecraft:core/clouds. Log output: WARNING: Output of vertex shader '_interface_variable_00' not read by fragment shader

[16:28:58] [Render thread/INFO]: Info log when linking program containing VERTEX minecraft:core/particle, FRAGMENT minecraft:core/particle. Log output: WARNING: Output of vertex shader '_interface_variable_01' not read by fragment shader
WARNING: Output of vertex shader '_interface_variable_00' not read by fragment shader

[16:28:58] [Render thread/INFO]: Info log when linking program containing VERTEX minecraft:core/entity, FRAGMENT minecraft:core/entity. Log output: WARNING: Output of vertex shader '_interface_variable_01' not read by fragment shader
WARNING: Output of vertex shader '_interface_variable_00' not read by fragment shader

[16:28:58] [Render thread/INFO]: Info log when linking program containing VERTEX minecraft:core/screenquad, FRAGMENT minecraft:core/oit_depth_bounds_cull. Log output: WARNING: Output of vertex shader '_interface_variable_00' not read by fragment shader

[16:28:58] [Render thread/INFO]: Info log when linking program containing VERTEX minecraft:core/block, FRAGMENT minecraft:core/block. Log output: WARNING: Output of vertex shader '_interface_variable_01' not read by fragment shader
WARNING: Output of vertex shader '_interface_variable_00' not read by fragment shader

[16:28:58] [Render thread/INFO]: Info log when linking program containing VERTEX minecraft:core/text, FRAGMENT minecraft:core/text. Log output: WARNING: Output of vertex shader '_interface_variable_01' not read by fragment shader
WARNING: Output of vertex shader '_interface_variable_00' not read by fragment shader

[16:28:58] [Render thread/INFO]: Info log when linking program containing VERTEX minecraft:core/text, FRAGMENT minecraft:core/text. Log output: WARNING: Output of vertex shader '_interface_variable_01' not read by fragment shader
WARNING: Output of vertex shader '_interface_variable_00' not read by fragment shader

[16:28:58] [Render thread/INFO]: Info log when linking program containing VERTEX minecraft:core/entity, FRAGMENT minecraft:core/entity. Log output: WARNING: Output of vertex shader '_interface_variable_01' not read by fragment shader
WARNING: Output of vertex shader '_interface_variable_00' not read by fragment shader

[16:28:58] [Render thread/INFO]: Info log when linking program containing VERTEX minecraft:core/text, FRAGMENT minecraft:core/text. Log output: WARNING: Output of vertex shader '_interface_variable_01' not read by fragment shader
WARNING: Output of vertex shader '_interface_variable_00' not read by fragment shader

[16:28:58] [Render thread/INFO]: Info log when linking program containing VERTEX minecraft:core/text, FRAGMENT minecraft:core/text. Log output: WARNING: Output of vertex shader '_interface_variable_01' not read by fragment shader
WARNING: Output of vertex shader '_interface_variable_00' not read by fragment shader

[16:28:58] [Render thread/INFO]: Info log when linking program containing VERTEX minecraft:core/terrain, FRAGMENT minecraft:core/terrain. Log output: WARNING: Output of vertex shader '_interface_variable_01' not read by fragment shader
WARNING: Output of vertex shader '_interface_variable_00' not read by fragment shader
WARNING: Output of vertex shader '_interface_variable_04' not read by fragment shader

[16:28:58] [Render thread/INFO]: Info log when linking program containing VERTEX minecraft:core/rendertype_lines, FRAGMENT minecraft:core/rendertype_lines. Log output: WARNING: Output of vertex shader '_interface_variable_01' not read by fragment shader
WARNING: Output of vertex shader '_interface_variable_00' not read by fragment shader

[16:28:58] [Render thread/INFO]: Info log when linking program containing VERTEX minecraft:core/clouds, FRAGMENT minecraft:core/clouds. Log output: WARNING: Output of vertex shader '_interface_variable_00' not read by fragment shader

[16:28:58] [Render thread/INFO]: Info log when linking program containing VERTEX minecraft:core/rendertype_entity_shadow, FRAGMENT minecraft:core/rendertype_entity_shadow. Log output: WARNING: Output of vertex shader '_interface_variable_01' not read by fragment shader
WARNING: Output of vertex shader '_interface_variable_00' not read by fragment shader

[16:28:58] [Render thread/INFO]: Info log when linking program containing VERTEX minecraft:core/entity, FRAGMENT minecraft:core/entity. Log output: WARNING: Output of vertex shader '_interface_variable_01' not read by fragment shader
WARNING: Output of vertex shader '_interface_variable_00' not read by fragment shader

[16:28:58] [Render thread/INFO]: Info log when linking program containing VERTEX minecraft:core/particle, FRAGMENT minecraft:core/particle. Log output: WARNING: Output of vertex shader '_interface_variable_01' not read by fragment shader
WARNING: Output of vertex shader '_interface_variable_00' not read by fragment shader

[16:28:58] [Render thread/INFO]: Info log when linking program containing VERTEX minecraft:core/entity, FRAGMENT minecraft:core/entity. Log output: WARNING: Output of vertex shader '_interface_variable_01' not read by fragment shader
WARNING: Output of vertex shader '_interface_variable_00' not read by fragment shader

[16:28:58] [Render thread/INFO]: Info log when linking program containing VERTEX minecraft:core/entity, FRAGMENT minecraft:core/entity. Log output: WARNING: Output of vertex shader '_interface_variable_01' not read by fragment shader
WARNING: Output of vertex shader '_interface_variable_00' not read by fragment shader

[16:28:58] [Render thread/INFO]: Info log when linking program containing VERTEX minecraft:core/text, FRAGMENT minecraft:core/text. Log output: WARNING: Output of vertex shader '_interface_variable_01' not read by fragment shader
WARNING: Output of vertex shader '_interface_variable_00' not read by fragment shader

[16:28:58] [Render thread/INFO]: Info log when linking program containing VERTEX minecraft:core/rendertype_crumbling, FRAGMENT minecraft:core/rendertype_crumbling. Log output: WARNING: Output of vertex shader '_interface_variable_01' not read by fragment shader
WARNING: Output of vertex shader '_interface_variable_00' not read by fragment shader

[16:28:58] [Render thread/INFO]: Info log when linking program containing VERTEX minecraft:core/particle, FRAGMENT minecraft:core/particle. Log output: WARNING: Output of vertex shader '_interface_variable_01' not read by fragment shader
WARNING: Output of vertex shader '_interface_variable_00' not read by fragment shader

[16:28:58] [Render thread/INFO]: Info log when linking program containing VERTEX minecraft:core/text, FRAGMENT minecraft:core/text. Log output: WARNING: Output of vertex shader '_interface_variable_01' not read by fragment shader
WARNING: Output of vertex shader '_interface_variable_00' not read by fragment shader

[16:28:58] [Render thread/INFO]: Info log when linking program containing VERTEX minecraft:core/entity, FRAGMENT minecraft:core/entity. Log output: WARNING: Output of vertex shader '_interface_variable_01' not read by fragment shader
WARNING: Output of vertex shader '_interface_variable_00' not read by fragment shader

[16:28:59] [Render thread/INFO]: OpenAL initialized on device Mac mini扬声器
[16:28:59] [Render thread/INFO]: Sound engine started
[16:28:59] [Render thread/INFO]: Created: 512x256x0 minecraft:textures/atlas/particles.png-atlas
[16:28:59] [Render thread/INFO]: Created: 256x128x0 minecraft:textures/atlas/celestials.png-atlas
[16:28:59] [Render thread/INFO]: Created: 128x128x0 minecraft:textures/atlas/decorated_pot.png-atlas
[16:28:59] [Render thread/INFO]: Created: 512x256x0 minecraft:textures/atlas/paintings.png-atlas
[16:28:59] [Render thread/INFO]: Created: 1024x512x0 minecraft:textures/atlas/shield_patterns.png-atlas
[16:28:59] [Render thread/INFO]: Created: 1024x512x0 minecraft:textures/atlas/banner_patterns.png-atlas
[16:28:59] [Render thread/INFO]: Created: 2048x2048x4 minecraft:textures/atlas/blocks.png-atlas
[16:28:59] [Render thread/INFO]: Created: 1024x512x0 minecraft:textures/atlas/items.png-atlas
[16:28:59] [Render thread/INFO]: Created: 1024x1024x0 minecraft:textures/atlas/gui.png-atlas
[16:28:59] [Render thread/INFO]: Created: 128x64x0 minecraft:textures/atlas/map_decorations.png-atlas
[16:28:59] [Render thread/INFO]: Created: 512x512x0 minecraft:textures/atlas/chest.png-atlas
[16:28:59] [Render thread/INFO]: Created: 512x512x0 minecraft:textures/atlas/shulker_boxes.png-atlas
[16:28:59] [Test thread/INFO]: [STDOUT]: WILDCRAFT P4B native pot/menu/consumption/bowl, real expiry, pause, finite freezing/leather/fire, focus, dimension/reload/death passed
[16:29:01] [Render thread/INFO]: Reloading ResourceManager: vanilla, vanilla, fabric-advancement-api-v1, fabric-api, fabric-api-base, fabric-api-lookup-api-v1, fabric-biome-api-v1, fabric-block-api-v1, fabric-block-getter-api-v2, fabric-client-gametest-api-v1, fabric-command-api-v2, fabric-content-registries-v0, fabric-convention-tags-v2, fabric-crash-report-info-v1, fabric-creative-tab-api-v1, fabric-data-attachment-api-v1, fabric-data-generation-api-v1, fabric-debug-api-v1, fabric-dimensions-v1, fabric-entity-events-v1, fabric-events-interaction-v0, fabric-game-rule-api-v1, fabric-gametest-api-v1, fabric-item-api-v1, fabric-key-mapping-api-v1, fabric-lifecycle-events-v1, fabric-loot-api-v3, fabric-menu-api-v1, fabric-message-api-v1, fabric-model-loading-api-v1, fabric-networking-api-v1, fabric-object-builder-api-v1, fabric-particles-v1, fabric-permission-api-v1, fabric-recipe-api-v1, fabric-registry-sync-v0, fabric-renderer-api-v1, fabric-renderer-indigo, fabric-rendering-fluids-v1, fabric-rendering-v1, fabric-resource-conditions-api-v1, fabric-resource-loader-v0, fabric-resource-loader-v1, fabric-screen-api-v1, fabric-serialization-api-v1, fabric-sound-api-v1, fabric-tag-api-v1, fabric-transfer-api-v1, fabric-transitive-access-wideners-v1, fabricloader, wildcraft, wildcraft-test
[16:29:01] [Worker-Main-1/INFO]: Found unifont_all_no_pua-17.0.01.hex, loading
[16:29:01] [Worker-Main-6/INFO]: Found unifont_pua-17.0.01.hex, loading
[16:29:01] [Render thread/INFO]: Info log when linking program containing VERTEX minecraft:core/terrain, FRAGMENT minecraft:core/terrain. Log output: WARNING: Output of vertex shader '_interface_variable_01' not read by fragment shader
WARNING: Output of vertex shader '_interface_variable_00' not read by fragment shader
WARNING: Output of vertex shader '_interface_variable_04' not read by fragment shader

[16:29:01] [Render thread/INFO]: Info log when linking program containing VERTEX minecraft:core/rendertype_crumbling, FRAGMENT minecraft:core/rendertype_crumbling. Log output: WARNING: Output of vertex shader '_interface_variable_01' not read by fragment shader
WARNING: Output of vertex shader '_interface_variable_00' not read by fragment shader

[16:29:01] [Render thread/INFO]: Info log when linking program containing VERTEX minecraft:core/entity, FRAGMENT minecraft:core/entity. Log output: WARNING: Output of vertex shader '_interface_variable_01' not read by fragment shader
WARNING: Output of vertex shader '_interface_variable_00' not read by fragment shader

[16:29:01] [Render thread/INFO]: Info log when linking program containing VERTEX minecraft:core/rendertype_lines, FRAGMENT minecraft:core/rendertype_lines. Log output: WARNING: Output of vertex shader '_interface_variable_01' not read by fragment shader
WARNING: Output of vertex shader '_interface_variable_00' not read by fragment shader

[16:29:01] [Worker-Main-1/INFO]: Found unifont_jp_patch-17.0.01.hex, loading
[16:29:01] [Render thread/INFO]: Info log when linking program containing VERTEX minecraft:core/text, FRAGMENT minecraft:core/text. Log output: WARNING: Output of vertex shader '_interface_variable_01' not read by fragment shader
WARNING: Output of vertex shader '_interface_variable_00' not read by fragment shader

[16:29:01] [Render thread/INFO]: Info log when linking program containing VERTEX minecraft:core/terrain, FRAGMENT minecraft:core/terrain. Log output: WARNING: Output of vertex shader '_interface_variable_01' not read by fragment shader
WARNING: Output of vertex shader '_interface_variable_00' not read by fragment shader
WARNING: Output of vertex shader '_interface_variable_04' not read by fragment shader

[16:29:01] [Render thread/INFO]: Info log when linking program containing VERTEX minecraft:core/entity, FRAGMENT minecraft:core/entity. Log output: WARNING: Output of vertex shader '_interface_variable_01' not read by fragment shader
WARNING: Output of vertex shader '_interface_variable_00' not read by fragment shader

[16:29:01] [Render thread/INFO]: Info log when linking program containing VERTEX minecraft:core/text, FRAGMENT minecraft:core/text. Log output: WARNING: Output of vertex shader '_interface_variable_01' not read by fragment shader
WARNING: Output of vertex shader '_interface_variable_00' not read by fragment shader

[16:29:01] [Render thread/INFO]: Info log when linking program containing VERTEX minecraft:core/entity, FRAGMENT minecraft:core/entity. Log output: WARNING: Output of vertex shader '_interface_variable_01' not read by fragment shader
WARNING: Output of vertex shader '_interface_variable_00' not read by fragment shader

[16:29:01] [Render thread/INFO]: Info log when linking program containing VERTEX minecraft:core/block, FRAGMENT minecraft:core/block. Log output: WARNING: Output of vertex shader '_interface_variable_01' not read by fragment shader
WARNING: Output of vertex shader '_interface_variable_00' not read by fragment shader

[16:29:01] [Render thread/INFO]: Info log when linking program containing VERTEX minecraft:core/particle, FRAGMENT minecraft:core/particle. Log output: WARNING: Output of vertex shader '_interface_variable_01' not read by fragment shader
WARNING: Output of vertex shader '_interface_variable_00' not read by fragment shader

[16:29:01] [Render thread/INFO]: Info log when linking program containing VERTEX minecraft:core/rendertype_entity_shadow, FRAGMENT minecraft:core/rendertype_entity_shadow. Log output: WARNING: Output of vertex shader '_interface_variable_01' not read by fragment shader
WARNING: Output of vertex shader '_interface_variable_00' not read by fragment shader

[16:29:01] [Render thread/INFO]: Info log when linking program containing VERTEX minecraft:core/screenquad, FRAGMENT minecraft:core/oit_composite. Log output: WARNING: Output of vertex shader '_interface_variable_00' not read by fragment shader

[16:29:01] [Render thread/INFO]: Info log when linking program containing VERTEX minecraft:core/screenquad, FRAGMENT minecraft:core/integrate_depth. Log output: WARNING: Output of vertex shader '_interface_variable_00' not read by fragment shader

[16:29:01] [Render thread/INFO]: Info log when linking program containing VERTEX minecraft:core/terrain, FRAGMENT minecraft:core/terrain. Log output: WARNING: Output of vertex shader '_interface_variable_01' not read by fragment shader
WARNING: Output of vertex shader '_interface_variable_00' not read by fragment shader
WARNING: Output of vertex shader '_interface_variable_04' not read by fragment shader

[16:29:01] [Render thread/INFO]: Info log when linking program containing VERTEX minecraft:core/entity, FRAGMENT minecraft:core/entity. Log output: WARNING: Output of vertex shader '_interface_variable_01' not read by fragment shader
WARNING: Output of vertex shader '_interface_variable_00' not read by fragment shader

[16:29:01] [Render thread/INFO]: Info log when linking program containing VERTEX minecraft:core/animate_sprite, FRAGMENT minecraft:core/animate_sprite_blit. Log output: WARNING: Output of vertex shader '_interface_variable_00' not read by fragment shader

[16:29:01] [Render thread/INFO]: Info log when linking program containing VERTEX minecraft:core/clouds, FRAGMENT minecraft:core/clouds. Log output: WARNING: Output of vertex shader '_interface_variable_00' not read by fragment shader

[16:29:01] [Render thread/INFO]: Info log when linking program containing VERTEX minecraft:core/entity, FRAGMENT minecraft:core/entity. Log output: WARNING: Output of vertex shader '_interface_variable_01' not read by fragment shader
WARNING: Output of vertex shader '_interface_variable_00' not read by fragment shader

[16:29:01] [Render thread/INFO]: Info log when linking program containing VERTEX minecraft:core/particle, FRAGMENT minecraft:core/particle. Log output: WARNING: Output of vertex shader '_interface_variable_01' not read by fragment shader
WARNING: Output of vertex shader '_interface_variable_00' not read by fragment shader

[16:29:01] [Render thread/INFO]: Info log when linking program containing VERTEX minecraft:core/entity, FRAGMENT minecraft:core/entity. Log output: WARNING: Output of vertex shader '_interface_variable_01' not read by fragment shader
WARNING: Output of vertex shader '_interface_variable_00' not read by fragment shader

[16:29:01] [Render thread/INFO]: Info log when linking program containing VERTEX minecraft:core/entity, FRAGMENT minecraft:core/entity. Log output: WARNING: Output of vertex shader '_interface_variable_01' not read by fragment shader
WARNING: Output of vertex shader '_interface_variable_00' not read by fragment shader

[16:29:01] [Render thread/INFO]: Info log when linking program containing VERTEX minecraft:core/screenquad, FRAGMENT minecraft:core/oit_depth_bounds_cull. Log output: WARNING: Output of vertex shader '_interface_variable_00' not read by fragment shader

[16:29:01] [Render thread/INFO]: Info log when linking program containing VERTEX minecraft:core/text, FRAGMENT minecraft:core/text. Log output: WARNING: Output of vertex shader '_interface_variable_01' not read by fragment shader
WARNING: Output of vertex shader '_interface_variable_00' not read by fragment shader

[16:29:01] [Render thread/INFO]: Info log when linking program containing VERTEX minecraft:core/text, FRAGMENT minecraft:core/text. Log output: WARNING: Output of vertex shader '_interface_variable_01' not read by fragment shader
WARNING: Output of vertex shader '_interface_variable_00' not read by fragment shader

[16:29:01] [Render thread/INFO]: Info log when linking program containing VERTEX minecraft:core/text, FRAGMENT minecraft:core/text. Log output: WARNING: Output of vertex shader '_interface_variable_01' not read by fragment shader
WARNING: Output of vertex shader '_interface_variable_00' not read by fragment shader

[16:29:01] [Render thread/INFO]: Info log when linking program containing VERTEX minecraft:core/entity, FRAGMENT minecraft:core/entity. Log output: WARNING: Output of vertex shader '_interface_variable_01' not read by fragment shader
WARNING: Output of vertex shader '_interface_variable_00' not read by fragment shader

[16:29:01] [Render thread/INFO]: Info log when linking program containing VERTEX minecraft:core/terrain, FRAGMENT minecraft:core/terrain. Log output: WARNING: Output of vertex shader '_interface_variable_01' not read by fragment shader
WARNING: Output of vertex shader '_interface_variable_00' not read by fragment shader
WARNING: Output of vertex shader '_interface_variable_04' not read by fragment shader

[16:29:01] [Render thread/INFO]: Info log when linking program containing VERTEX minecraft:core/block, FRAGMENT minecraft:core/block. Log output: WARNING: Output of vertex shader '_interface_variable_01' not read by fragment shader
WARNING: Output of vertex shader '_interface_variable_00' not read by fragment shader

[16:29:01] [Render thread/INFO]: Info log when linking program containing VERTEX minecraft:core/text, FRAGMENT minecraft:core/text. Log output: WARNING: Output of vertex shader '_interface_variable_01' not read by fragment shader
WARNING: Output of vertex shader '_interface_variable_00' not read by fragment shader

[16:29:01] [Render thread/INFO]: Info log when linking program containing VERTEX minecraft:core/clouds, FRAGMENT minecraft:core/clouds. Log output: WARNING: Output of vertex shader '_interface_variable_00' not read by fragment shader

[16:29:01] [Render thread/INFO]: Info log when linking program containing VERTEX minecraft:core/rendertype_lines, FRAGMENT minecraft:core/rendertype_lines. Log output: WARNING: Output of vertex shader '_interface_variable_01' not read by fragment shader
WARNING: Output of vertex shader '_interface_variable_00' not read by fragment shader

[16:29:01] [Render thread/INFO]: Info log when linking program containing VERTEX minecraft:core/rendertype_entity_shadow, FRAGMENT minecraft:core/rendertype_entity_shadow. Log output: WARNING: Output of vertex shader '_interface_variable_01' not read by fragment shader
WARNING: Output of vertex shader '_interface_variable_00' not read by fragment shader

[16:29:02] [Render thread/INFO]: Info log when linking program containing VERTEX minecraft:core/particle, FRAGMENT minecraft:core/particle. Log output: WARNING: Output of vertex shader '_interface_variable_01' not read by fragment shader
WARNING: Output of vertex shader '_interface_variable_00' not read by fragment shader

[16:29:02] [Render thread/INFO]: Info log when linking program containing VERTEX minecraft:core/entity, FRAGMENT minecraft:core/entity. Log output: WARNING: Output of vertex shader '_interface_variable_01' not read by fragment shader
WARNING: Output of vertex shader '_interface_variable_00' not read by fragment shader

[16:29:02] [Render thread/INFO]: Info log when linking program containing VERTEX minecraft:core/entity, FRAGMENT minecraft:core/entity. Log output: WARNING: Output of vertex shader '_interface_variable_01' not read by fragment shader
WARNING: Output of vertex shader '_interface_variable_00' not read by fragment shader

[16:29:02] [Render thread/INFO]: Info log when linking program containing VERTEX minecraft:core/rendertype_crumbling, FRAGMENT minecraft:core/rendertype_crumbling. Log output: WARNING: Output of vertex shader '_interface_variable_01' not read by fragment shader
WARNING: Output of vertex shader '_interface_variable_00' not read by fragment shader

[16:29:02] [Render thread/INFO]: Info log when linking program containing VERTEX minecraft:core/text, FRAGMENT minecraft:core/text. Log output: WARNING: Output of vertex shader '_interface_variable_01' not read by fragment shader
WARNING: Output of vertex shader '_interface_variable_00' not read by fragment shader

[16:29:02] [Render thread/INFO]: Info log when linking program containing VERTEX minecraft:core/entity, FRAGMENT minecraft:core/entity. Log output: WARNING: Output of vertex shader '_interface_variable_01' not read by fragment shader
WARNING: Output of vertex shader '_interface_variable_00' not read by fragment shader

[16:29:02] [Render thread/INFO]: Info log when linking program containing VERTEX minecraft:core/particle, FRAGMENT minecraft:core/particle. Log output: WARNING: Output of vertex shader '_interface_variable_01' not read by fragment shader
WARNING: Output of vertex shader '_interface_variable_00' not read by fragment shader

[16:29:02] [Render thread/INFO]: Info log when linking program containing VERTEX minecraft:core/text, FRAGMENT minecraft:core/text. Log output: WARNING: Output of vertex shader '_interface_variable_01' not read by fragment shader
WARNING: Output of vertex shader '_interface_variable_00' not read by fragment shader

[16:29:02] [Render thread/INFO]: Info log when linking program containing VERTEX minecraft:core/entity, FRAGMENT minecraft:core/entity. Log output: WARNING: Output of vertex shader '_interface_variable_01' not read by fragment shader
WARNING: Output of vertex shader '_interface_variable_00' not read by fragment shader

[16:29:02] [Render thread/INFO]: OpenAL initialized on device Mac mini扬声器
[16:29:02] [Render thread/INFO]: Sound engine started
[16:29:02] [Render thread/INFO]: Created: 512x256x0 minecraft:textures/atlas/particles.png-atlas
[16:29:02] [Render thread/INFO]: Created: 256x128x0 minecraft:textures/atlas/celestials.png-atlas
[16:29:02] [Render thread/INFO]: Created: 128x128x0 minecraft:textures/atlas/decorated_pot.png-atlas
[16:29:02] [Render thread/INFO]: Created: 512x256x0 minecraft:textures/atlas/paintings.png-atlas
[16:29:02] [Render thread/INFO]: Created: 1024x512x0 minecraft:textures/atlas/shield_patterns.png-atlas
[16:29:02] [Render thread/INFO]: Created: 1024x512x0 minecraft:textures/atlas/banner_patterns.png-atlas
[16:29:02] [Render thread/INFO]: Created: 2048x2048x4 minecraft:textures/atlas/blocks.png-atlas
[16:29:02] [Render thread/INFO]: Created: 1024x512x0 minecraft:textures/atlas/items.png-atlas
[16:29:02] [Render thread/INFO]: Created: 1024x1024x0 minecraft:textures/atlas/gui.png-atlas
[16:29:02] [Render thread/INFO]: Created: 128x64x0 minecraft:textures/atlas/map_decorations.png-atlas
[16:29:02] [Render thread/INFO]: Created: 512x512x0 minecraft:textures/atlas/chest.png-atlas
[16:29:02] [Render thread/INFO]: Created: 512x512x0 minecraft:textures/atlas/shulker_boxes.png-atlas
[16:29:04] [Worker-Main-5/INFO]: Loaded 1872 advancements
[16:29:04] [Render thread/INFO]: World loading finished: null screen: net.minecraft.client.gui.screens.GenericMessageScreen@36906081
[16:29:04] [Render thread/INFO]: Applied 0 biome modifications to 0 of 67 new biomes in 182.5 μs
[16:29:04] [Server thread/INFO]: Starting integrated minecraft server version 26.3
[16:29:04] [Server thread/INFO]: Generating keypair
[16:29:04] [Server thread/INFO]: Selecting global world spawn...
[16:29:04] [Server thread/INFO]: Loading 0 persistent chunks...
[16:29:04] [Server thread/INFO]: 准备生成区域中：16%
[16:29:04] [Server thread/INFO]: Saving chunks for level 'ServerLevel[新的世界]'/minecraft:overworld
[16:29:04] [Server thread/INFO]: Saving chunks for level 'ServerLevel[新的世界]'/minecraft:the_end
[16:29:04] [Server thread/INFO]: Saving chunks for level 'ServerLevel[新的世界]'/minecraft:the_nether
[16:29:04] [Render thread/INFO]: World loading finished: null screen: net.minecraft.client.gui.screens.LevelLoadingScreen@2f084ae7
[16:29:05] [Render thread/INFO]: World loading finished: null screen: net.minecraft.client.gui.screens.LevelLoadingScreen@2f084ae7
[16:29:05] [Render thread/INFO]: World loading finished: null screen: net.minecraft.client.gui.screens.LevelLoadingScreen@2f084ae7
[16:29:05] [Render thread/INFO]: World loading finished: null screen: net.minecraft.client.gui.screens.LevelLoadingScreen@2f084ae7
[16:29:05] [Server thread/INFO]: Loading 48 chunks for player spawn...
[16:29:05] [Render thread/INFO]: World loading finished: null screen: net.minecraft.client.gui.screens.LevelLoadingScreen@2f084ae7
[16:29:05] [Render thread/INFO]: World loading finished: null screen: net.minecraft.client.gui.screens.LevelLoadingScreen@2f084ae7
[16:29:05] [Server thread/INFO]: Time elapsed: 351 ms
[16:29:05] [Render thread/INFO]: World loading finished: null screen: net.minecraft.client.gui.screens.LevelLoadingScreen@2f084ae7
[16:29:05] [Server thread/INFO]: Player164[local:E:27e777b4] logged in with entity id 111 at (0.5, -60.0, 0.5)
[16:29:05] [Server thread/INFO]: System chat: Player164加入了游戏
[16:29:05] [Server thread/INFO]: Changing view distance to 5, from 10
[16:29:05] [Server thread/INFO]: Changing simulation distance to 12, from 0
[16:29:05] [Render thread/INFO]: World loading finished: ClientLevel screen: net.minecraft.client.gui.screens.LevelLoadingScreen@2f084ae7
[16:29:05] [Render thread/WARN]: Requested post effect does not exist: minecraft:end_of_frame
[16:29:05] [Render thread/INFO]: Loaded 2 advancements
[16:29:05] [Render thread/INFO]: World loading finished: ClientLevel screen: net.minecraft.client.gui.screens.LevelLoadingScreen@2f084ae7
[16:29:05] [Render thread/INFO]: World loading finished: ClientLevel screen: net.minecraft.client.gui.screens.LevelLoadingScreen@2f084ae7
[16:29:05] [Render thread/INFO]: World loading finished: ClientLevel screen: net.minecraft.client.gui.screens.LevelLoadingScreen@2f084ae7
[16:29:05] [Render thread/INFO]: World loading finished: ClientLevel screen: net.minecraft.client.gui.screens.LevelLoadingScreen@2f084ae7
[16:29:05] [Render thread/INFO]: World loading finished: ClientLevel screen: net.minecraft.client.gui.screens.LevelLoadingScreen@2f084ae7
[16:29:05] [Render thread/INFO]: World loading finished: ClientLevel screen: net.minecraft.client.gui.screens.LevelLoadingScreen@2f084ae7
[16:29:05] [Render thread/INFO]: World loading finished: ClientLevel screen: net.minecraft.client.gui.screens.LevelLoadingScreen@2f084ae7
[16:29:05] [Render thread/INFO]: World loading finished: ClientLevel screen: net.minecraft.client.gui.screens.LevelLoadingScreen@2f084ae7
[16:29:05] [Render thread/INFO]: World loading finished: ClientLevel screen: net.minecraft.client.gui.screens.LevelLoadingScreen@2f084ae7
[16:29:05] [Render thread/INFO]: World loading finished: ClientLevel screen: net.minecraft.client.gui.screens.LevelLoadingScreen@2f084ae7
[16:29:05] [Render thread/INFO]: World loading finished: ClientLevel screen: net.minecraft.client.gui.screens.LevelLoadingScreen@2f084ae7
[16:29:05] [Render thread/INFO]: World loading finished: ClientLevel screen: net.minecraft.client.gui.screens.LevelLoadingScreen@2f084ae7
[16:29:05] [Render thread/INFO]: World loading finished: ClientLevel screen: net.minecraft.client.gui.screens.LevelLoadingScreen@2f084ae7
[16:29:06] [Render thread/INFO]: World loading finished: ClientLevel screen: net.minecraft.client.gui.screens.LevelLoadingScreen@2f084ae7
[16:29:06] [Render thread/INFO]: World loading finished: ClientLevel screen: null
[16:29:06] [Render thread/INFO]: Loaded 3 advancements
[16:29:09] [Server thread/INFO]: Player164 lost connection: 连接中断
[16:29:09] [Server thread/INFO]: System chat: Player164退出了游戏
[16:29:09] [Server thread/INFO]: Stopping singleplayer server as player logged out
[16:29:09] [Server thread/INFO]: Stopping server
[16:29:09] [Server thread/INFO]: Saving players
[16:29:09] [Server thread/INFO]: Saving worlds
[16:29:09] [Server thread/INFO]: Saving chunks for level 'ServerLevel[新的世界]'/minecraft:overworld
[16:29:10] [Server thread/INFO]: Saving chunks for level 'ServerLevel[新的世界]'/minecraft:the_end
[16:29:10] [Server thread/INFO]: Saving chunks for level 'ServerLevel[新的世界]'/minecraft:the_nether
[16:29:10] [Render thread/INFO]: World loading finished: null screen: net.minecraft.client.gui.screens.GenericMessageScreen@c3038c7
[16:29:10] [Worker-Main-5/INFO]: Loaded 1872 advancements
[16:29:10] [Render thread/INFO]: Applied 0 biome modifications to 0 of 67 new biomes in 135.4 μs
[16:29:10] [Server thread/INFO]: Starting integrated minecraft server version 26.3
[16:29:10] [Server thread/INFO]: Generating keypair
[16:29:10] [Server thread/INFO]: Loading 0 persistent chunks...
[16:29:10] [Server thread/INFO]: Saving chunks for level 'ServerLevel[新的世界]'/minecraft:overworld
[16:29:10] [Server thread/INFO]: Saving chunks for level 'ServerLevel[新的世界]'/minecraft:the_end
[16:29:10] [Server thread/INFO]: Saving chunks for level 'ServerLevel[新的世界]'/minecraft:the_nether
[16:29:10] [Render thread/INFO]: World loading finished: null screen: net.minecraft.client.gui.screens.LevelLoadingScreen@186e98c0
[16:29:10] [Render thread/INFO]: World loading finished: null screen: net.minecraft.client.gui.screens.LevelLoadingScreen@186e98c0
[16:29:10] [Render thread/INFO]: World loading finished: null screen: net.minecraft.client.gui.screens.LevelLoadingScreen@186e98c0
[16:29:10] [Render thread/INFO]: World loading finished: null screen: net.minecraft.client.gui.screens.LevelLoadingScreen@186e98c0
[16:29:10] [Server thread/INFO]: Loading 49 chunks for player spawn...
[16:29:10] [Server thread/INFO]: 准备生成区域中：16%
[16:29:10] [Render thread/INFO]: World loading finished: null screen: net.minecraft.client.gui.screens.LevelLoadingScreen@186e98c0
[16:29:10] [Server thread/INFO]: Time elapsed: 269 ms
[16:29:10] [Render thread/INFO]: World loading finished: null screen: net.minecraft.client.gui.screens.LevelLoadingScreen@186e98c0
[16:29:10] [Server thread/INFO]: Player164[local:E:52c7af6f] logged in with entity id 112 at (0.5, 120.0, 0.5)
[16:29:10] [Server thread/INFO]: System chat: Player164加入了游戏
[16:29:10] [Server thread/INFO]: Changing view distance to 5, from 10
[16:29:10] [Server thread/INFO]: Changing simulation distance to 12, from 0
[16:29:10] [Render thread/INFO]: World loading finished: ClientLevel screen: net.minecraft.client.gui.screens.LevelLoadingScreen@186e98c0
[16:29:10] [Render thread/INFO]: Loaded 3 advancements
[16:29:10] [Render thread/INFO]: World loading finished: ClientLevel screen: net.minecraft.client.gui.screens.LevelLoadingScreen@186e98c0
[16:29:10] [Render thread/INFO]: World loading finished: ClientLevel screen: net.minecraft.client.gui.screens.LevelLoadingScreen@186e98c0
[16:29:10] [Render thread/INFO]: World loading finished: ClientLevel screen: net.minecraft.client.gui.screens.LevelLoadingScreen@186e98c0
[16:29:10] [Render thread/INFO]: World loading finished: ClientLevel screen: net.minecraft.client.gui.screens.LevelLoadingScreen@186e98c0
[16:29:10] [Render thread/INFO]: World loading finished: ClientLevel screen: null
[16:29:11] [Server thread/INFO]: Player164 lost connection: 连接中断
[16:29:11] [Server thread/INFO]: System chat: Player164退出了游戏
[16:29:11] [Server thread/INFO]: Stopping singleplayer server as player logged out
[16:29:11] [Server thread/INFO]: Stopping server
[16:29:11] [Server thread/INFO]: Saving players
[16:29:11] [Server thread/INFO]: Saving worlds
[16:29:11] [Server thread/INFO]: Saving chunks for level 'ServerLevel[新的世界]'/minecraft:overworld
[16:29:11] [Server thread/INFO]: Saving chunks for level 'ServerLevel[新的世界]'/minecraft:the_end
[16:29:11] [Server thread/INFO]: Saving chunks for level 'ServerLevel[新的世界]'/minecraft:the_nether
[16:29:11] [Render thread/INFO]: Reloading ResourceManager: vanilla, vanilla, fabric-advancement-api-v1, fabric-api, fabric-api-base, fabric-api-lookup-api-v1, fabric-biome-api-v1, fabric-block-api-v1, fabric-block-getter-api-v2, fabric-client-gametest-api-v1, fabric-command-api-v2, fabric-content-registries-v0, fabric-convention-tags-v2, fabric-crash-report-info-v1, fabric-creative-tab-api-v1, fabric-data-attachment-api-v1, fabric-data-generation-api-v1, fabric-debug-api-v1, fabric-dimensions-v1, fabric-entity-events-v1, fabric-events-interaction-v0, fabric-game-rule-api-v1, fabric-gametest-api-v1, fabric-item-api-v1, fabric-key-mapping-api-v1, fabric-lifecycle-events-v1, fabric-loot-api-v3, fabric-menu-api-v1, fabric-message-api-v1, fabric-model-loading-api-v1, fabric-networking-api-v1, fabric-object-builder-api-v1, fabric-particles-v1, fabric-permission-api-v1, fabric-recipe-api-v1, fabric-registry-sync-v0, fabric-renderer-api-v1, fabric-renderer-indigo, fabric-rendering-fluids-v1, fabric-rendering-v1, fabric-resource-conditions-api-v1, fabric-resource-loader-v0, fabric-resource-loader-v1, fabric-screen-api-v1, fabric-serialization-api-v1, fabric-sound-api-v1, fabric-tag-api-v1, fabric-transfer-api-v1, fabric-transitive-access-wideners-v1, fabricloader, wildcraft, wildcraft-test
[16:29:11] [Worker-Main-2/INFO]: Found unifont_all_no_pua-17.0.01.hex, loading
[16:29:11] [Worker-Main-4/INFO]: Found unifont_pua-17.0.01.hex, loading
[16:29:11] [Render thread/INFO]: Info log when linking program containing VERTEX minecraft:core/terrain, FRAGMENT minecraft:core/terrain. Log output: WARNING: Output of vertex shader '_interface_variable_01' not read by fragment shader
WARNING: Output of vertex shader '_interface_variable_00' not read by fragment shader
WARNING: Output of vertex shader '_interface_variable_04' not read by fragment shader

[16:29:11] [Render thread/INFO]: Info log when linking program containing VERTEX minecraft:core/rendertype_crumbling, FRAGMENT minecraft:core/rendertype_crumbling. Log output: WARNING: Output of vertex shader '_interface_variable_01' not read by fragment shader
WARNING: Output of vertex shader '_interface_variable_00' not read by fragment shader

[16:29:11] [Render thread/INFO]: Info log when linking program containing VERTEX minecraft:core/entity, FRAGMENT minecraft:core/entity. Log output: WARNING: Output of vertex shader '_interface_variable_01' not read by fragment shader
WARNING: Output of vertex shader '_interface_variable_00' not read by fragment shader

[16:29:11] [Render thread/INFO]: Info log when linking program containing VERTEX minecraft:core/rendertype_lines, FRAGMENT minecraft:core/rendertype_lines. Log output: WARNING: Output of vertex shader '_interface_variable_01' not read by fragment shader
WARNING: Output of vertex shader '_interface_variable_00' not read by fragment shader

[16:29:11] [Render thread/INFO]: Info log when linking program containing VERTEX minecraft:core/entity, FRAGMENT minecraft:core/entity. Log output: WARNING: Output of vertex shader '_interface_variable_01' not read by fragment shader
WARNING: Output of vertex shader '_interface_variable_00' not read by fragment shader

[16:29:11] [Worker-Main-2/INFO]: Found unifont_jp_patch-17.0.01.hex, loading
[16:29:11] [Render thread/INFO]: Info log when linking program containing VERTEX minecraft:core/terrain, FRAGMENT minecraft:core/terrain. Log output: WARNING: Output of vertex shader '_interface_variable_01' not read by fragment shader
WARNING: Output of vertex shader '_interface_variable_00' not read by fragment shader
WARNING: Output of vertex shader '_interface_variable_04' not read by fragment shader

[16:29:11] [Render thread/INFO]: Info log when linking program containing VERTEX minecraft:core/text, FRAGMENT minecraft:core/text. Log output: WARNING: Output of vertex shader '_interface_variable_01' not read by fragment shader
WARNING: Output of vertex shader '_interface_variable_00' not read by fragment shader

[16:29:11] [Render thread/INFO]: Info log when linking program containing VERTEX minecraft:core/text, FRAGMENT minecraft:core/text. Log output: WARNING: Output of vertex shader '_interface_variable_01' not read by fragment shader
WARNING: Output of vertex shader '_interface_variable_00' not read by fragment shader

[16:29:12] [Render thread/INFO]: Info log when linking program containing VERTEX minecraft:core/entity, FRAGMENT minecraft:core/entity. Log output: WARNING: Output of vertex shader '_interface_variable_01' not read by fragment shader
WARNING: Output of vertex shader '_interface_variable_00' not read by fragment shader

[16:29:12] [Render thread/INFO]: Info log when linking program containing VERTEX minecraft:core/block, FRAGMENT minecraft:core/block. Log output: WARNING: Output of vertex shader '_interface_variable_01' not read by fragment shader
WARNING: Output of vertex shader '_interface_variable_00' not read by fragment shader

[16:29:12] [Render thread/INFO]: Info log when linking program containing VERTEX minecraft:core/particle, FRAGMENT minecraft:core/particle. Log output: WARNING: Output of vertex shader '_interface_variable_01' not read by fragment shader
WARNING: Output of vertex shader '_interface_variable_00' not read by fragment shader

[16:29:12] [Render thread/INFO]: Info log when linking program containing VERTEX minecraft:core/rendertype_entity_shadow, FRAGMENT minecraft:core/rendertype_entity_shadow. Log output: WARNING: Output of vertex shader '_interface_variable_01' not read by fragment shader
WARNING: Output of vertex shader '_interface_variable_00' not read by fragment shader

[16:29:12] [Render thread/INFO]: Info log when linking program containing VERTEX minecraft:core/screenquad, FRAGMENT minecraft:core/oit_composite. Log output: WARNING: Output of vertex shader '_interface_variable_00' not read by fragment shader

[16:29:12] [Render thread/INFO]: Info log when linking program containing VERTEX minecraft:core/screenquad, FRAGMENT minecraft:core/integrate_depth. Log output: WARNING: Output of vertex shader '_interface_variable_00' not read by fragment shader

[16:29:12] [Render thread/INFO]: Info log when linking program containing VERTEX minecraft:core/entity, FRAGMENT minecraft:core/entity. Log output: WARNING: Output of vertex shader '_interface_variable_01' not read by fragment shader
WARNING: Output of vertex shader '_interface_variable_00' not read by fragment shader

[16:29:12] [Render thread/INFO]: Info log when linking program containing VERTEX minecraft:core/animate_sprite, FRAGMENT minecraft:core/animate_sprite_blit. Log output: WARNING: Output of vertex shader '_interface_variable_00' not read by fragment shader

[16:29:12] [Render thread/INFO]: Info log when linking program containing VERTEX minecraft:core/terrain, FRAGMENT minecraft:core/terrain. Log output: WARNING: Output of vertex shader '_interface_variable_01' not read by fragment shader
WARNING: Output of vertex shader '_interface_variable_00' not read by fragment shader
WARNING: Output of vertex shader '_interface_variable_04' not read by fragment shader

[16:29:12] [Render thread/INFO]: Info log when linking program containing VERTEX minecraft:core/entity, FRAGMENT minecraft:core/entity. Log output: WARNING: Output of vertex shader '_interface_variable_01' not read by fragment shader
WARNING: Output of vertex shader '_interface_variable_00' not read by fragment shader

[16:29:12] [Render thread/INFO]: Info log when linking program containing VERTEX minecraft:core/clouds, FRAGMENT minecraft:core/clouds. Log output: WARNING: Output of vertex shader '_interface_variable_00' not read by fragment shader

[16:29:12] [Render thread/INFO]: Info log when linking program containing VERTEX minecraft:core/particle, FRAGMENT minecraft:core/particle. Log output: WARNING: Output of vertex shader '_interface_variable_01' not read by fragment shader
WARNING: Output of vertex shader '_interface_variable_00' not read by fragment shader

[16:29:12] [Render thread/INFO]: Info log when linking program containing VERTEX minecraft:core/entity, FRAGMENT minecraft:core/entity. Log output: WARNING: Output of vertex shader '_interface_variable_01' not read by fragment shader
WARNING: Output of vertex shader '_interface_variable_00' not read by fragment shader

[16:29:12] [Render thread/INFO]: Info log when linking program containing VERTEX minecraft:core/entity, FRAGMENT minecraft:core/entity. Log output: WARNING: Output of vertex shader '_interface_variable_01' not read by fragment shader
WARNING: Output of vertex shader '_interface_variable_00' not read by fragment shader

[16:29:12] [Render thread/INFO]: Info log when linking program containing VERTEX minecraft:core/screenquad, FRAGMENT minecraft:core/oit_depth_bounds_cull. Log output: WARNING: Output of vertex shader '_interface_variable_00' not read by fragment shader

[16:29:12] [Render thread/INFO]: Info log when linking program containing VERTEX minecraft:core/block, FRAGMENT minecraft:core/block. Log output: WARNING: Output of vertex shader '_interface_variable_01' not read by fragment shader
WARNING: Output of vertex shader '_interface_variable_00' not read by fragment shader

[16:29:12] [Render thread/INFO]: Info log when linking program containing VERTEX minecraft:core/text, FRAGMENT minecraft:core/text. Log output: WARNING: Output of vertex shader '_interface_variable_01' not read by fragment shader
WARNING: Output of vertex shader '_interface_variable_00' not read by fragment shader

[16:29:12] [Render thread/INFO]: Info log when linking program containing VERTEX minecraft:core/text, FRAGMENT minecraft:core/text. Log output: WARNING: Output of vertex shader '_interface_variable_01' not read by fragment shader
WARNING: Output of vertex shader '_interface_variable_00' not read by fragment shader

[16:29:12] [Render thread/INFO]: Info log when linking program containing VERTEX minecraft:core/text, FRAGMENT minecraft:core/text. Log output: WARNING: Output of vertex shader '_interface_variable_01' not read by fragment shader
WARNING: Output of vertex shader '_interface_variable_00' not read by fragment shader

[16:29:12] [Render thread/INFO]: Info log when linking program containing VERTEX minecraft:core/entity, FRAGMENT minecraft:core/entity. Log output: WARNING: Output of vertex shader '_interface_variable_01' not read by fragment shader
WARNING: Output of vertex shader '_interface_variable_00' not read by fragment shader

[16:29:12] [Render thread/INFO]: Info log when linking program containing VERTEX minecraft:core/terrain, FRAGMENT minecraft:core/terrain. Log output: WARNING: Output of vertex shader '_interface_variable_01' not read by fragment shader
WARNING: Output of vertex shader '_interface_variable_00' not read by fragment shader
WARNING: Output of vertex shader '_interface_variable_04' not read by fragment shader

[16:29:12] [Render thread/INFO]: Info log when linking program containing VERTEX minecraft:core/text, FRAGMENT minecraft:core/text. Log output: WARNING: Output of vertex shader '_interface_variable_01' not read by fragment shader
WARNING: Output of vertex shader '_interface_variable_00' not read by fragment shader

[16:29:12] [Render thread/INFO]: Info log when linking program containing VERTEX minecraft:core/rendertype_lines, FRAGMENT minecraft:core/rendertype_lines. Log output: WARNING: Output of vertex shader '_interface_variable_01' not read by fragment shader
WARNING: Output of vertex shader '_interface_variable_00' not read by fragment shader

[16:29:12] [Render thread/INFO]: Info log when linking program containing VERTEX minecraft:core/clouds, FRAGMENT minecraft:core/clouds. Log output: WARNING: Output of vertex shader '_interface_variable_00' not read by fragment shader

[16:29:12] [Render thread/INFO]: Info log when linking program containing VERTEX minecraft:core/rendertype_entity_shadow, FRAGMENT minecraft:core/rendertype_entity_shadow. Log output: WARNING: Output of vertex shader '_interface_variable_01' not read by fragment shader
WARNING: Output of vertex shader '_interface_variable_00' not read by fragment shader

[16:29:12] [Render thread/INFO]: Info log when linking program containing VERTEX minecraft:core/entity, FRAGMENT minecraft:core/entity. Log output: WARNING: Output of vertex shader '_interface_variable_01' not read by fragment shader
WARNING: Output of vertex shader '_interface_variable_00' not read by fragment shader

[16:29:12] [Render thread/INFO]: Info log when linking program containing VERTEX minecraft:core/particle, FRAGMENT minecraft:core/particle. Log output: WARNING: Output of vertex shader '_interface_variable_01' not read by fragment shader
WARNING: Output of vertex shader '_interface_variable_00' not read by fragment shader

[16:29:12] [Render thread/INFO]: Info log when linking program containing VERTEX minecraft:core/entity, FRAGMENT minecraft:core/entity. Log output: WARNING: Output of vertex shader '_interface_variable_01' not read by fragment shader
WARNING: Output of vertex shader '_interface_variable_00' not read by fragment shader

[16:29:12] [Render thread/INFO]: Info log when linking program containing VERTEX minecraft:core/entity, FRAGMENT minecraft:core/entity. Log output: WARNING: Output of vertex shader '_interface_variable_01' not read by fragment shader
WARNING: Output of vertex shader '_interface_variable_00' not read by fragment shader

[16:29:12] [Render thread/INFO]: Info log when linking program containing VERTEX minecraft:core/text, FRAGMENT minecraft:core/text. Log output: WARNING: Output of vertex shader '_interface_variable_01' not read by fragment shader
WARNING: Output of vertex shader '_interface_variable_00' not read by fragment shader

[16:29:12] [Render thread/INFO]: Info log when linking program containing VERTEX minecraft:core/rendertype_crumbling, FRAGMENT minecraft:core/rendertype_crumbling. Log output: WARNING: Output of vertex shader '_interface_variable_01' not read by fragment shader
WARNING: Output of vertex shader '_interface_variable_00' not read by fragment shader

[16:29:12] [Render thread/INFO]: Info log when linking program containing VERTEX minecraft:core/particle, FRAGMENT minecraft:core/particle. Log output: WARNING: Output of vertex shader '_interface_variable_01' not read by fragment shader
WARNING: Output of vertex shader '_interface_variable_00' not read by fragment shader

[16:29:12] [Render thread/INFO]: Info log when linking program containing VERTEX minecraft:core/entity, FRAGMENT minecraft:core/entity. Log output: WARNING: Output of vertex shader '_interface_variable_01' not read by fragment shader
WARNING: Output of vertex shader '_interface_variable_00' not read by fragment shader

[16:29:12] [Render thread/INFO]: Info log when linking program containing VERTEX minecraft:core/text, FRAGMENT minecraft:core/text. Log output: WARNING: Output of vertex shader '_interface_variable_01' not read by fragment shader
WARNING: Output of vertex shader '_interface_variable_00' not read by fragment shader

[16:29:12] [Render thread/INFO]: OpenAL initialized on device Mac mini扬声器
[16:29:12] [Render thread/INFO]: Sound engine started
[16:29:12] [Render thread/INFO]: Created: 512x256x0 minecraft:textures/atlas/particles.png-atlas
[16:29:12] [Render thread/INFO]: Created: 256x128x0 minecraft:textures/atlas/celestials.png-atlas
[16:29:12] [Render thread/INFO]: Created: 128x128x0 minecraft:textures/atlas/decorated_pot.png-atlas
[16:29:12] [Render thread/INFO]: Created: 512x256x0 minecraft:textures/atlas/paintings.png-atlas
[16:29:12] [Render thread/INFO]: Created: 1024x512x0 minecraft:textures/atlas/shield_patterns.png-atlas
[16:29:12] [Render thread/INFO]: Created: 1024x512x0 minecraft:textures/atlas/banner_patterns.png-atlas
[16:29:12] [Render thread/INFO]: Created: 2048x2048x4 minecraft:textures/atlas/blocks.png-atlas
[16:29:12] [Render thread/INFO]: Created: 1024x512x0 minecraft:textures/atlas/items.png-atlas
[16:29:12] [Render thread/INFO]: Created: 1024x1024x0 minecraft:textures/atlas/gui.png-atlas
[16:29:12] [Render thread/INFO]: Created: 128x64x0 minecraft:textures/atlas/map_decorations.png-atlas
[16:29:12] [Render thread/INFO]: Created: 512x512x0 minecraft:textures/atlas/chest.png-atlas
[16:29:12] [Render thread/INFO]: Created: 512x512x0 minecraft:textures/atlas/shulker_boxes.png-atlas
[16:29:12] [Test thread/INFO]: [STDOUT]: WILDCRAFT P5 native signal/carried-source rejection, charging/full UI, extracted finite cost, transfer/save/reload passed
[16:29:13] [Worker-Main-8/INFO]: Loaded 1872 advancements
[16:29:13] [Render thread/INFO]: World loading finished: null screen: net.minecraft.client.gui.screens.GenericMessageScreen@4154bfbe
[16:29:13] [Render thread/INFO]: Applied 0 biome modifications to 0 of 67 new biomes in 171.5 μs
[16:29:13] [Server thread/INFO]: Starting integrated minecraft server version 26.3
[16:29:13] [Server thread/INFO]: Generating keypair
[16:29:13] [Server thread/INFO]: Selecting global world spawn...
[16:29:13] [Server thread/INFO]: Loading 0 persistent chunks...
[16:29:13] [Server thread/INFO]: Preparing spawn area: 16%
[16:29:13] [Server thread/INFO]: Saving chunks for level 'ServerLevel[New World]'/minecraft:overworld
[16:29:13] [Server thread/INFO]: Saving chunks for level 'ServerLevel[New World]'/minecraft:the_end
[16:29:13] [Server thread/INFO]: Saving chunks for level 'ServerLevel[New World]'/minecraft:the_nether
[16:29:13] [Render thread/INFO]: World loading finished: null screen: net.minecraft.client.gui.screens.LevelLoadingScreen@26962b39
[16:29:13] [Render thread/INFO]: World loading finished: null screen: net.minecraft.client.gui.screens.LevelLoadingScreen@26962b39
[16:29:13] [Render thread/INFO]: World loading finished: null screen: net.minecraft.client.gui.screens.LevelLoadingScreen@26962b39
[16:29:13] [Render thread/INFO]: World loading finished: null screen: net.minecraft.client.gui.screens.LevelLoadingScreen@26962b39
[16:29:13] [Render thread/INFO]: World loading finished: null screen: net.minecraft.client.gui.screens.LevelLoadingScreen@26962b39
[16:29:13] [Render thread/INFO]: World loading finished: null screen: net.minecraft.client.gui.screens.LevelLoadingScreen@26962b39
[16:29:13] [Render thread/INFO]: World loading finished: null screen: net.minecraft.client.gui.screens.LevelLoadingScreen@26962b39
[16:29:13] [Render thread/INFO]: World loading finished: null screen: net.minecraft.client.gui.screens.LevelLoadingScreen@26962b39
[16:29:13] [Render thread/INFO]: World loading finished: null screen: net.minecraft.client.gui.screens.LevelLoadingScreen@26962b39
[16:29:13] [Render thread/INFO]: World loading finished: null screen: net.minecraft.client.gui.screens.LevelLoadingScreen@26962b39
[16:29:13] [Render thread/INFO]: World loading finished: null screen: net.minecraft.client.gui.screens.LevelLoadingScreen@26962b39
[16:29:13] [Render thread/INFO]: World loading finished: null screen: net.minecraft.client.gui.screens.LevelLoadingScreen@26962b39
[16:29:13] [Render thread/INFO]: World loading finished: null screen: net.minecraft.client.gui.screens.LevelLoadingScreen@26962b39
[16:29:13] [Render thread/INFO]: World loading finished: null screen: net.minecraft.client.gui.screens.LevelLoadingScreen@26962b39
[16:29:13] [Render thread/INFO]: World loading finished: null screen: net.minecraft.client.gui.screens.LevelLoadingScreen@26962b39
[16:29:14] [Render thread/INFO]: World loading finished: null screen: net.minecraft.client.gui.screens.LevelLoadingScreen@26962b39
[16:29:14] [Render thread/INFO]: World loading finished: null screen: net.minecraft.client.gui.screens.LevelLoadingScreen@26962b39
[16:29:14] [Render thread/INFO]: World loading finished: null screen: net.minecraft.client.gui.screens.LevelLoadingScreen@26962b39
[16:29:14] [Render thread/INFO]: World loading finished: null screen: net.minecraft.client.gui.screens.LevelLoadingScreen@26962b39
[16:29:14] [Render thread/INFO]: World loading finished: null screen: net.minecraft.client.gui.screens.LevelLoadingScreen@26962b39
[16:29:14] [Render thread/INFO]: World loading finished: null screen: net.minecraft.client.gui.screens.LevelLoadingScreen@26962b39
[16:29:14] [Render thread/INFO]: World loading finished: null screen: net.minecraft.client.gui.screens.LevelLoadingScreen@26962b39
[16:29:14] [Render thread/INFO]: World loading finished: null screen: net.minecraft.client.gui.screens.LevelLoadingScreen@26962b39
[16:29:14] [Render thread/INFO]: World loading finished: null screen: net.minecraft.client.gui.screens.LevelLoadingScreen@26962b39
[16:29:14] [Render thread/INFO]: World loading finished: null screen: net.minecraft.client.gui.screens.LevelLoadingScreen@26962b39
[16:29:14] [Render thread/INFO]: World loading finished: null screen: net.minecraft.client.gui.screens.LevelLoadingScreen@26962b39
[16:29:14] [Render thread/INFO]: World loading finished: null screen: net.minecraft.client.gui.screens.LevelLoadingScreen@26962b39
[16:29:14] [Render thread/INFO]: World loading finished: null screen: net.minecraft.client.gui.screens.LevelLoadingScreen@26962b39
[16:29:14] [Render thread/INFO]: World loading finished: null screen: net.minecraft.client.gui.screens.LevelLoadingScreen@26962b39
[16:29:14] [Render thread/INFO]: World loading finished: null screen: net.minecraft.client.gui.screens.LevelLoadingScreen@26962b39
[16:29:14] [Render thread/INFO]: World loading finished: null screen: net.minecraft.client.gui.screens.LevelLoadingScreen@26962b39
[16:29:14] [Render thread/INFO]: World loading finished: null screen: net.minecraft.client.gui.screens.LevelLoadingScreen@26962b39
[16:29:14] [Render thread/INFO]: World loading finished: null screen: net.minecraft.client.gui.screens.LevelLoadingScreen@26962b39
[16:29:14] [Render thread/INFO]: World loading finished: null screen: net.minecraft.client.gui.screens.LevelLoadingScreen@26962b39
[16:29:14] [Render thread/INFO]: World loading finished: null screen: net.minecraft.client.gui.screens.LevelLoadingScreen@26962b39
[16:29:15] [Render thread/INFO]: World loading finished: null screen: net.minecraft.client.gui.screens.LevelLoadingScreen@26962b39
[16:29:15] [Render thread/INFO]: World loading finished: null screen: net.minecraft.client.gui.screens.LevelLoadingScreen@26962b39
[16:29:15] [Render thread/INFO]: World loading finished: null screen: net.minecraft.client.gui.screens.LevelLoadingScreen@26962b39
[16:29:15] [Server thread/INFO]: Loading 48 chunks for player spawn...
[16:29:15] [Server thread/INFO]: Preparing spawn area: 16%
[16:29:15] [Render thread/INFO]: World loading finished: null screen: net.minecraft.client.gui.screens.LevelLoadingScreen@26962b39
[16:29:15] [Server thread/INFO]: Preparing spawn area: 58%
[16:29:15] [Render thread/INFO]: World loading finished: null screen: net.minecraft.client.gui.screens.LevelLoadingScreen@26962b39
[16:29:15] [Server thread/INFO]: Preparing spawn area: 100%
[16:29:15] [Server thread/INFO]: Time elapsed: 2063 ms
[16:29:15] [Render thread/INFO]: World loading finished: null screen: net.minecraft.client.gui.screens.LevelLoadingScreen@26962b39
[16:29:15] [Server thread/INFO]: Player164[local:E:41fa04f6] logged in with entity id 113 at (0.5, -60.0, 0.5)
[16:29:15] [Server thread/INFO]: System chat: Player164 joined the game
[16:29:15] [Server thread/INFO]: Changing view distance to 5, from 10
[16:29:15] [Server thread/INFO]: Changing simulation distance to 12, from 0
[16:29:15] [Render thread/INFO]: World loading finished: ClientLevel screen: net.minecraft.client.gui.screens.LevelLoadingScreen@26962b39
[16:29:15] [Render thread/WARN]: Requested post effect does not exist: minecraft:end_of_frame
[16:29:15] [Render thread/INFO]: Loaded 2 advancements
[16:29:15] [Render thread/INFO]: World loading finished: ClientLevel screen: net.minecraft.client.gui.screens.LevelLoadingScreen@26962b39
[16:29:15] [Render thread/INFO]: World loading finished: ClientLevel screen: net.minecraft.client.gui.screens.LevelLoadingScreen@26962b39
[16:29:15] [Render thread/INFO]: World loading finished: ClientLevel screen: net.minecraft.client.gui.screens.LevelLoadingScreen@26962b39
[16:29:15] [Render thread/INFO]: World loading finished: ClientLevel screen: net.minecraft.client.gui.screens.LevelLoadingScreen@26962b39
[16:29:15] [Render thread/INFO]: World loading finished: ClientLevel screen: net.minecraft.client.gui.screens.LevelLoadingScreen@26962b39
[16:29:15] [Render thread/INFO]: World loading finished: ClientLevel screen: net.minecraft.client.gui.screens.LevelLoadingScreen@26962b39
[16:29:15] [Render thread/INFO]: World loading finished: ClientLevel screen: net.minecraft.client.gui.screens.LevelLoadingScreen@26962b39
[16:29:15] [Render thread/INFO]: World loading finished: ClientLevel screen: net.minecraft.client.gui.screens.LevelLoadingScreen@26962b39
[16:29:15] [Render thread/INFO]: World loading finished: ClientLevel screen: net.minecraft.client.gui.screens.LevelLoadingScreen@26962b39
[16:29:15] [Render thread/INFO]: World loading finished: ClientLevel screen: net.minecraft.client.gui.screens.LevelLoadingScreen@26962b39
[16:29:15] [Render thread/INFO]: World loading finished: ClientLevel screen: net.minecraft.client.gui.screens.LevelLoadingScreen@26962b39
[16:29:15] [Render thread/INFO]: World loading finished: ClientLevel screen: net.minecraft.client.gui.screens.LevelLoadingScreen@26962b39
[16:29:15] [Render thread/INFO]: World loading finished: ClientLevel screen: net.minecraft.client.gui.screens.LevelLoadingScreen@26962b39
[16:29:16] [Render thread/INFO]: World loading finished: ClientLevel screen: net.minecraft.client.gui.screens.LevelLoadingScreen@26962b39
[16:29:16] [Render thread/INFO]: World loading finished: ClientLevel screen: null
[16:29:21] [Server thread/INFO]: Player164 lost connection: Disconnected
[16:29:21] [Server thread/INFO]: System chat: Player164 left the game
[16:29:21] [Server thread/INFO]: Stopping singleplayer server as player logged out
[16:29:21] [Server thread/INFO]: Stopping server
[16:29:21] [Server thread/INFO]: Saving players
[16:29:21] [Server thread/INFO]: Saving worlds
[16:29:21] [Server thread/INFO]: Saving chunks for level 'ServerLevel[New World]'/minecraft:overworld
[16:29:21] [Server thread/INFO]: Saving chunks for level 'ServerLevel[New World]'/minecraft:the_end
[16:29:21] [Server thread/INFO]: Saving chunks for level 'ServerLevel[New World]'/minecraft:the_nether
[16:29:21] [Render thread/INFO]: World loading finished: null screen: net.minecraft.client.gui.screens.GenericMessageScreen@21abfff
[16:29:21] [Worker-Main-1/INFO]: Loaded 1872 advancements
[16:29:21] [Render thread/INFO]: Applied 0 biome modifications to 0 of 67 new biomes in 141.8 μs
[16:29:21] [Server thread/INFO]: Starting integrated minecraft server version 26.3
[16:29:21] [Server thread/INFO]: Generating keypair
[16:29:21] [Server thread/INFO]: Loading 0 persistent chunks...
[16:29:21] [Server thread/INFO]: Saving chunks for level 'ServerLevel[New World]'/minecraft:overworld
[16:29:21] [Server thread/INFO]: Saving chunks for level 'ServerLevel[New World]'/minecraft:the_end
[16:29:21] [Server thread/INFO]: Saving chunks for level 'ServerLevel[New World]'/minecraft:the_nether
[16:29:21] [Render thread/INFO]: World loading finished: null screen: net.minecraft.client.gui.screens.LevelLoadingScreen@326de25
[16:29:21] [Render thread/INFO]: World loading finished: null screen: net.minecraft.client.gui.screens.LevelLoadingScreen@326de25
[16:29:21] [Render thread/INFO]: World loading finished: null screen: net.minecraft.client.gui.screens.LevelLoadingScreen@326de25
[16:29:22] [Render thread/INFO]: World loading finished: null screen: net.minecraft.client.gui.screens.LevelLoadingScreen@326de25
[16:29:22] [Server thread/INFO]: Loading 49 chunks for player spawn...
[16:29:22] [Server thread/INFO]: Preparing spawn area: 16%
[16:29:22] [Render thread/INFO]: World loading finished: null screen: net.minecraft.client.gui.screens.LevelLoadingScreen@326de25
[16:29:22] [Server thread/INFO]: Time elapsed: 272 ms
[16:29:22] [Render thread/INFO]: World loading finished: null screen: net.minecraft.client.gui.screens.LevelLoadingScreen@326de25
[16:29:22] [Server thread/INFO]: Player164[local:E:c4dbf21e] logged in with entity id 116 at (24.384138742728673, 120.0, 0.5)
[16:29:22] [Server thread/INFO]: System chat: Player164 joined the game
[16:29:22] [Server thread/INFO]: Changing view distance to 5, from 10
[16:29:22] [Server thread/INFO]: Changing simulation distance to 12, from 0
[16:29:22] [Render thread/INFO]: World loading finished: ClientLevel screen: net.minecraft.client.gui.screens.LevelLoadingScreen@326de25
[16:29:22] [Render thread/INFO]: Loaded 2 advancements
[16:29:22] [Render thread/INFO]: World loading finished: ClientLevel screen: net.minecraft.client.gui.screens.LevelLoadingScreen@326de25
[16:29:22] [Render thread/INFO]: World loading finished: ClientLevel screen: net.minecraft.client.gui.screens.LevelLoadingScreen@326de25
[16:29:22] [Render thread/INFO]: World loading finished: ClientLevel screen: net.minecraft.client.gui.screens.LevelLoadingScreen@326de25
[16:29:22] [Render thread/INFO]: World loading finished: ClientLevel screen: net.minecraft.client.gui.screens.LevelLoadingScreen@326de25
[16:29:22] [Render thread/INFO]: World loading finished: ClientLevel screen: null
[16:29:22] [Server thread/INFO]: Player164 lost connection: Disconnected
[16:29:22] [Server thread/INFO]: System chat: Player164 left the game
[16:29:22] [Server thread/INFO]: Stopping singleplayer server as player logged out
[16:29:23] [Server thread/INFO]: Stopping server
[16:29:23] [Server thread/INFO]: Saving players
[16:29:23] [Server thread/INFO]: Saving worlds
[16:29:23] [Server thread/INFO]: Saving chunks for level 'ServerLevel[New World]'/minecraft:overworld
[16:29:23] [Server thread/INFO]: Saving chunks for level 'ServerLevel[New World]'/minecraft:the_end
[16:29:23] [Server thread/INFO]: Saving chunks for level 'ServerLevel[New World]'/minecraft:the_nether
[16:29:23] [Worker-Main-1/INFO]: Loaded 1872 advancements
[16:29:23] [Render thread/INFO]: World loading finished: null screen: net.minecraft.client.gui.screens.GenericMessageScreen@7a69685e
[16:29:23] [Render thread/INFO]: Applied 0 biome modifications to 0 of 67 new biomes in 178.7 μs
[16:29:23] [Server thread/INFO]: Starting integrated minecraft server version 26.3
[16:29:23] [Server thread/INFO]: Generating keypair
[16:29:23] [Server thread/INFO]: Selecting global world spawn...
[16:29:23] [Server thread/INFO]: Loading 0 persistent chunks...
[16:29:23] [Server thread/INFO]: Preparing spawn area: 16%
[16:29:23] [Server thread/INFO]: Saving chunks for level 'ServerLevel[New World]'/minecraft:overworld
[16:29:23] [Server thread/INFO]: Saving chunks for level 'ServerLevel[New World]'/minecraft:the_end
[16:29:23] [Server thread/INFO]: Saving chunks for level 'ServerLevel[New World]'/minecraft:the_nether
[16:29:23] [Render thread/INFO]: World loading finished: null screen: net.minecraft.client.gui.screens.LevelLoadingScreen@6569cbc9
[16:29:23] [Render thread/INFO]: World loading finished: null screen: net.minecraft.client.gui.screens.LevelLoadingScreen@6569cbc9
[16:29:23] [Render thread/INFO]: World loading finished: null screen: net.minecraft.client.gui.screens.LevelLoadingScreen@6569cbc9
[16:29:23] [Render thread/INFO]: World loading finished: null screen: net.minecraft.client.gui.screens.LevelLoadingScreen@6569cbc9
[16:29:23] [Server thread/INFO]: Loading 48 chunks for player spawn...
[16:29:23] [Render thread/INFO]: World loading finished: null screen: net.minecraft.client.gui.screens.LevelLoadingScreen@6569cbc9
[16:29:23] [Render thread/INFO]: World loading finished: null screen: net.minecraft.client.gui.screens.LevelLoadingScreen@6569cbc9
[16:29:23] [Server thread/INFO]: Time elapsed: 374 ms
[16:29:23] [Render thread/INFO]: World loading finished: null screen: net.minecraft.client.gui.screens.LevelLoadingScreen@6569cbc9
[16:29:23] [Server thread/INFO]: Player164[local:E:4954a40c] logged in with entity id 117 at (0.5, -60.0, 0.5)
[16:29:23] [Server thread/INFO]: System chat: Player164 joined the game
[16:29:23] [Server thread/INFO]: Changing view distance to 5, from 10
[16:29:23] [Server thread/INFO]: Changing simulation distance to 12, from 0
[16:29:23] [Render thread/INFO]: World loading finished: ClientLevel screen: net.minecraft.client.gui.screens.LevelLoadingScreen@6569cbc9
[16:29:23] [Render thread/INFO]: Loaded 2 advancements
[16:29:23] [Render thread/INFO]: World loading finished: ClientLevel screen: net.minecraft.client.gui.screens.LevelLoadingScreen@6569cbc9
[16:29:23] [Render thread/INFO]: World loading finished: ClientLevel screen: net.minecraft.client.gui.screens.LevelLoadingScreen@6569cbc9
[16:29:23] [Render thread/INFO]: World loading finished: ClientLevel screen: net.minecraft.client.gui.screens.LevelLoadingScreen@6569cbc9
[16:29:24] [Render thread/INFO]: World loading finished: ClientLevel screen: net.minecraft.client.gui.screens.LevelLoadingScreen@6569cbc9
[16:29:24] [Render thread/INFO]: World loading finished: ClientLevel screen: net.minecraft.client.gui.screens.LevelLoadingScreen@6569cbc9
[16:29:24] [Render thread/INFO]: World loading finished: ClientLevel screen: net.minecraft.client.gui.screens.LevelLoadingScreen@6569cbc9
[16:29:24] [Render thread/INFO]: World loading finished: ClientLevel screen: net.minecraft.client.gui.screens.LevelLoadingScreen@6569cbc9
[16:29:24] [Render thread/INFO]: World loading finished: ClientLevel screen: net.minecraft.client.gui.screens.LevelLoadingScreen@6569cbc9
[16:29:24] [Render thread/INFO]: World loading finished: ClientLevel screen: net.minecraft.client.gui.screens.LevelLoadingScreen@6569cbc9
[16:29:24] [Render thread/INFO]: World loading finished: ClientLevel screen: net.minecraft.client.gui.screens.LevelLoadingScreen@6569cbc9
[16:29:24] [Render thread/INFO]: World loading finished: ClientLevel screen: net.minecraft.client.gui.screens.LevelLoadingScreen@6569cbc9
[16:29:24] [Render thread/INFO]: World loading finished: ClientLevel screen: net.minecraft.client.gui.screens.LevelLoadingScreen@6569cbc9
[16:29:24] [Render thread/INFO]: World loading finished: ClientLevel screen: net.minecraft.client.gui.screens.LevelLoadingScreen@6569cbc9
[16:29:24] [Render thread/INFO]: World loading finished: ClientLevel screen: net.minecraft.client.gui.screens.LevelLoadingScreen@6569cbc9
[16:29:24] [Render thread/INFO]: World loading finished: ClientLevel screen: null
[16:29:30] [Server thread/INFO]: Player164 lost connection: Disconnected
[16:29:30] [Server thread/INFO]: System chat: Player164 left the game
[16:29:30] [Server thread/INFO]: Stopping singleplayer server as player logged out
[16:29:30] [Server thread/INFO]: Stopping server
[16:29:30] [Server thread/INFO]: Saving players
[16:29:30] [Server thread/INFO]: Saving worlds
[16:29:30] [Server thread/INFO]: Saving chunks for level 'ServerLevel[New World]'/minecraft:overworld
[16:29:30] [Server thread/INFO]: Saving chunks for level 'ServerLevel[New World]'/minecraft:the_end
[16:29:30] [Server thread/INFO]: Saving chunks for level 'ServerLevel[New World]'/minecraft:the_nether
[16:29:31] [Render thread/INFO]: World loading finished: null screen: net.minecraft.client.gui.screens.GenericMessageScreen@15fe6b60
[16:29:31] [Worker-Main-7/INFO]: Loaded 1872 advancements
[16:29:31] [Render thread/INFO]: Applied 0 biome modifications to 0 of 67 new biomes in 169.8 μs
[16:29:31] [Server thread/INFO]: Starting integrated minecraft server version 26.3
[16:29:31] [Server thread/INFO]: Generating keypair
[16:29:31] [Server thread/INFO]: Loading 0 persistent chunks...
[16:29:31] [Server thread/INFO]: Saving chunks for level 'ServerLevel[New World]'/minecraft:overworld
[16:29:31] [Server thread/INFO]: Saving chunks for level 'ServerLevel[New World]'/minecraft:the_end
[16:29:31] [Server thread/INFO]: Saving chunks for level 'ServerLevel[New World]'/minecraft:the_nether
[16:29:31] [Render thread/INFO]: World loading finished: null screen: net.minecraft.client.gui.screens.LevelLoadingScreen@1a12567e
[16:29:31] [Render thread/INFO]: World loading finished: null screen: net.minecraft.client.gui.screens.LevelLoadingScreen@1a12567e
[16:29:31] [Render thread/INFO]: World loading finished: null screen: net.minecraft.client.gui.screens.LevelLoadingScreen@1a12567e
[16:29:31] [Render thread/INFO]: World loading finished: null screen: net.minecraft.client.gui.screens.LevelLoadingScreen@1a12567e
[16:29:31] [Server thread/INFO]: Loading 49 chunks for player spawn...
[16:29:31] [Server thread/INFO]: Preparing spawn area: 16%
[16:29:31] [Render thread/INFO]: World loading finished: null screen: net.minecraft.client.gui.screens.LevelLoadingScreen@1a12567e
[16:29:31] [Server thread/INFO]: Time elapsed: 271 ms
[16:29:31] [Render thread/INFO]: World loading finished: null screen: net.minecraft.client.gui.screens.LevelLoadingScreen@1a12567e
[16:29:31] [Server thread/INFO]: Player164[local:E:08af9ab5] logged in with entity id 120 at (0.1814479884802054, 120.64999997615814, 4.481682162885208)
[16:29:31] [Server thread/INFO]: System chat: Player164 joined the game
[16:29:31] [Server thread/INFO]: Changing view distance to 5, from 10
[16:29:31] [Server thread/INFO]: Changing simulation distance to 12, from 0
[16:29:31] [Render thread/INFO]: World loading finished: ClientLevel screen: net.minecraft.client.gui.screens.LevelLoadingScreen@1a12567e
[16:29:31] [Render thread/INFO]: Loaded 2 advancements
[16:29:31] [Render thread/INFO]: World loading finished: ClientLevel screen: net.minecraft.client.gui.screens.LevelLoadingScreen@1a12567e
[16:29:31] [Render thread/INFO]: World loading finished: ClientLevel screen: net.minecraft.client.gui.screens.LevelLoadingScreen@1a12567e
[16:29:31] [Render thread/INFO]: World loading finished: ClientLevel screen: net.minecraft.client.gui.screens.LevelLoadingScreen@1a12567e
[16:29:31] [Render thread/INFO]: World loading finished: ClientLevel screen: net.minecraft.client.gui.screens.LevelLoadingScreen@1a12567e
[16:29:31] [Render thread/INFO]: World loading finished: ClientLevel screen: null
[16:29:32] [Render thread/INFO]: Loaded 21 advancements
[16:29:38] [Server thread/INFO]: Player164 lost connection: Disconnected
[16:29:38] [Server thread/INFO]: System chat: Player164 left the game
[16:29:38] [Server thread/INFO]: Stopping singleplayer server as player logged out
[16:29:38] [Server thread/INFO]: Stopping server
[16:29:38] [Server thread/INFO]: Saving players
[16:29:38] [Server thread/INFO]: Saving worlds
[16:29:38] [Server thread/INFO]: Saving chunks for level 'ServerLevel[New World]'/minecraft:overworld
[16:29:38] [Server thread/INFO]: Saving chunks for level 'ServerLevel[New World]'/minecraft:the_end
[16:29:38] [Server thread/INFO]: Saving chunks for level 'ServerLevel[New World]'/minecraft:the_nether
[16:29:38] [Test thread/INFO]: [STDOUT]: WILDCRAFT P6 native placement, snap preview, actual clicks/replay, malformed intent, riding/steering/R, disk reload and native recovery passed
[16:29:38] [Test thread/INFO]: [STDOUT]: WILDCRAFT P6 core tracking/model, native passenger, finite motion across chunk, real world save/reload and API recovery passed; input is a separate check
[16:29:39] [Worker-Main-5/INFO]: Loaded 1872 advancements
[16:29:39] [Render thread/INFO]: World loading finished: null screen: net.minecraft.client.gui.screens.GenericMessageScreen@6a86b3e7
[16:29:39] [Render thread/INFO]: Applied 0 biome modifications to 0 of 67 new biomes in 184.8 μs
[16:29:39] [Server thread/INFO]: Starting integrated minecraft server version 26.3
[16:29:39] [Server thread/INFO]: Generating keypair
[16:29:39] [Server thread/INFO]: Selecting global world spawn...
[16:29:39] [Server thread/INFO]: Loading 0 persistent chunks...
[16:29:39] [Server thread/INFO]: Preparing spawn area: 16%
[16:29:39] [Server thread/INFO]: Saving chunks for level 'ServerLevel[New World]'/minecraft:overworld
[16:29:39] [Server thread/INFO]: Saving chunks for level 'ServerLevel[New World]'/minecraft:the_end
[16:29:39] [Server thread/INFO]: Saving chunks for level 'ServerLevel[New World]'/minecraft:the_nether
[16:29:39] [Render thread/INFO]: World loading finished: null screen: net.minecraft.client.gui.screens.LevelLoadingScreen@42a7542a
[16:29:39] [Render thread/INFO]: World loading finished: null screen: net.minecraft.client.gui.screens.LevelLoadingScreen@42a7542a
[16:29:39] [Render thread/INFO]: World loading finished: null screen: net.minecraft.client.gui.screens.LevelLoadingScreen@42a7542a
[16:29:39] [Render thread/INFO]: World loading finished: null screen: net.minecraft.client.gui.screens.LevelLoadingScreen@42a7542a
[16:29:39] [Server thread/INFO]: Loading 48 chunks for player spawn...
[16:29:39] [Render thread/INFO]: World loading finished: null screen: net.minecraft.client.gui.screens.LevelLoadingScreen@42a7542a
[16:29:39] [Render thread/INFO]: World loading finished: null screen: net.minecraft.client.gui.screens.LevelLoadingScreen@42a7542a
[16:29:39] [Server thread/INFO]: Time elapsed: 366 ms
[16:29:39] [Render thread/INFO]: World loading finished: null screen: net.minecraft.client.gui.screens.LevelLoadingScreen@42a7542a
[16:29:39] [Server thread/INFO]: Player164[local:E:d2db1fc0] logged in with entity id 121 at (0.5, -60.0, 0.5)
[16:29:39] [Server thread/INFO]: System chat: Player164 joined the game
[16:29:39] [Server thread/INFO]: Changing view distance to 5, from 10
[16:29:39] [Server thread/INFO]: Changing simulation distance to 12, from 0
[16:29:39] [Render thread/INFO]: World loading finished: ClientLevel screen: net.minecraft.client.gui.screens.LevelLoadingScreen@42a7542a
[16:29:39] [Render thread/INFO]: Loaded 2 advancements
[16:29:39] [Render thread/INFO]: World loading finished: ClientLevel screen: net.minecraft.client.gui.screens.LevelLoadingScreen@42a7542a
[16:29:39] [Render thread/INFO]: World loading finished: ClientLevel screen: net.minecraft.client.gui.screens.LevelLoadingScreen@42a7542a
[16:29:39] [Render thread/INFO]: World loading finished: ClientLevel screen: net.minecraft.client.gui.screens.LevelLoadingScreen@42a7542a
[16:29:39] [Render thread/INFO]: World loading finished: ClientLevel screen: net.minecraft.client.gui.screens.LevelLoadingScreen@42a7542a
[16:29:39] [Render thread/INFO]: World loading finished: ClientLevel screen: net.minecraft.client.gui.screens.LevelLoadingScreen@42a7542a
[16:29:39] [Render thread/INFO]: World loading finished: ClientLevel screen: net.minecraft.client.gui.screens.LevelLoadingScreen@42a7542a
[16:29:39] [Render thread/INFO]: World loading finished: ClientLevel screen: net.minecraft.client.gui.screens.LevelLoadingScreen@42a7542a
[16:29:40] [Render thread/INFO]: World loading finished: ClientLevel screen: net.minecraft.client.gui.screens.LevelLoadingScreen@42a7542a
[16:29:40] [Render thread/INFO]: World loading finished: ClientLevel screen: net.minecraft.client.gui.screens.LevelLoadingScreen@42a7542a
[16:29:40] [Render thread/INFO]: World loading finished: ClientLevel screen: net.minecraft.client.gui.screens.LevelLoadingScreen@42a7542a
[16:29:40] [Render thread/INFO]: World loading finished: ClientLevel screen: net.minecraft.client.gui.screens.LevelLoadingScreen@42a7542a
[16:29:40] [Render thread/INFO]: World loading finished: ClientLevel screen: net.minecraft.client.gui.screens.LevelLoadingScreen@42a7542a
[16:29:40] [Render thread/INFO]: World loading finished: ClientLevel screen: net.minecraft.client.gui.screens.LevelLoadingScreen@42a7542a
[16:29:40] [Render thread/INFO]: World loading finished: ClientLevel screen: net.minecraft.client.gui.screens.LevelLoadingScreen@42a7542a
[16:29:40] [Render thread/INFO]: World loading finished: ClientLevel screen: null
[16:29:48] [Server thread/INFO]: Player164 lost connection: Disconnected
[16:29:48] [Server thread/INFO]: System chat: Player164 left the game
[16:29:48] [Server thread/INFO]: Stopping singleplayer server as player logged out
[16:29:48] [Server thread/INFO]: Stopping server
[16:29:48] [Server thread/INFO]: Saving players
[16:29:48] [Server thread/INFO]: Saving worlds
[16:29:48] [Server thread/INFO]: Saving chunks for level 'ServerLevel[New World]'/minecraft:overworld
[16:29:48] [Server thread/INFO]: Saving chunks for level 'ServerLevel[New World]'/minecraft:the_end
[16:29:48] [Server thread/INFO]: Saving chunks for level 'ServerLevel[New World]'/minecraft:the_nether
[16:29:48] [Render thread/INFO]: World loading finished: null screen: net.minecraft.client.gui.screens.GenericMessageScreen@2957f631
[16:29:48] [Worker-Main-6/INFO]: Loaded 1872 advancements
[16:29:48] [Render thread/INFO]: Applied 0 biome modifications to 0 of 67 new biomes in 130.4 μs
[16:29:48] [Server thread/INFO]: Starting integrated minecraft server version 26.3
[16:29:48] [Server thread/INFO]: Generating keypair
[16:29:48] [Server thread/INFO]: Loading 0 persistent chunks...
[16:29:48] [Server thread/INFO]: Saving chunks for level 'ServerLevel[New World]'/minecraft:overworld
[16:29:48] [Server thread/INFO]: Saving chunks for level 'ServerLevel[New World]'/minecraft:the_end
[16:29:48] [Server thread/INFO]: Saving chunks for level 'ServerLevel[New World]'/minecraft:the_nether
[16:29:48] [Render thread/INFO]: World loading finished: null screen: net.minecraft.client.gui.screens.LevelLoadingScreen@4531c3b0
[16:29:48] [Render thread/INFO]: World loading finished: null screen: net.minecraft.client.gui.screens.LevelLoadingScreen@4531c3b0
[16:29:48] [Render thread/INFO]: World loading finished: null screen: net.minecraft.client.gui.screens.LevelLoadingScreen@4531c3b0
[16:29:48] [Server thread/INFO]: Loading 49 chunks for player spawn...
[16:29:48] [Server thread/INFO]: Preparing spawn area: 16%
[16:29:48] [Render thread/INFO]: World loading finished: null screen: net.minecraft.client.gui.screens.LevelLoadingScreen@4531c3b0
[16:29:48] [Server thread/INFO]: Time elapsed: 218 ms
[16:29:48] [Render thread/INFO]: World loading finished: null screen: net.minecraft.client.gui.screens.LevelLoadingScreen@4531c3b0
[16:29:48] [Server thread/INFO]: Player164[local:E:95c80d0c] logged in with entity id 124 at (0.5, 120.64999997615814, 8.699999988079071)
[16:29:48] [Server thread/INFO]: System chat: Player164 joined the game
[16:29:48] [Server thread/INFO]: Changing view distance to 5, from 10
[16:29:48] [Server thread/INFO]: Changing simulation distance to 12, from 0
[16:29:48] [Render thread/INFO]: World loading finished: ClientLevel screen: net.minecraft.client.gui.screens.LevelLoadingScreen@4531c3b0
[16:29:48] [Render thread/INFO]: Loaded 2 advancements
[16:29:48] [Render thread/INFO]: World loading finished: ClientLevel screen: net.minecraft.client.gui.screens.LevelLoadingScreen@4531c3b0
[16:29:48] [Render thread/INFO]: World loading finished: ClientLevel screen: net.minecraft.client.gui.screens.LevelLoadingScreen@4531c3b0
[16:29:49] [Render thread/INFO]: World loading finished: ClientLevel screen: net.minecraft.client.gui.screens.LevelLoadingScreen@4531c3b0
[16:29:49] [Render thread/INFO]: World loading finished: ClientLevel screen: net.minecraft.client.gui.screens.LevelLoadingScreen@4531c3b0
[16:29:49] [Render thread/INFO]: World loading finished: ClientLevel screen: null
[16:29:50] [Server thread/INFO]: Player164 lost connection: Disconnected
[16:29:50] [Server thread/INFO]: System chat: Player164 left the game
[16:29:50] [Server thread/INFO]: Stopping singleplayer server as player logged out
[16:29:50] [Server thread/INFO]: Stopping server
[16:29:50] [Server thread/INFO]: Saving players
[16:29:50] [Server thread/INFO]: Saving worlds
[16:29:50] [Server thread/INFO]: Saving chunks for level 'ServerLevel[New World]'/minecraft:overworld
[16:29:51] [Server thread/INFO]: Saving chunks for level 'ServerLevel[New World]'/minecraft:the_end
[16:29:51] [Server thread/INFO]: Saving chunks for level 'ServerLevel[New World]'/minecraft:the_nether
[16:29:51] [Worker-Main-1/INFO]: Loaded 1872 advancements
[16:29:51] [Render thread/INFO]: World loading finished: null screen: net.minecraft.client.gui.screens.GenericMessageScreen@68b432c6
[16:29:51] [Render thread/INFO]: Applied 0 biome modifications to 0 of 67 new biomes in 125.4 μs
[16:29:51] [Server thread/INFO]: Starting integrated minecraft server version 26.3
[16:29:51] [Server thread/INFO]: Generating keypair
[16:29:51] [Server thread/INFO]: Selecting global world spawn...
[16:29:51] [Server thread/INFO]: Loading 0 persistent chunks...
[16:29:51] [Server thread/INFO]: Preparing spawn area: 16%
[16:29:51] [Server thread/INFO]: Saving chunks for level 'ServerLevel[New World]'/minecraft:overworld
[16:29:51] [Server thread/INFO]: Saving chunks for level 'ServerLevel[New World]'/minecraft:the_end
[16:29:51] [Server thread/INFO]: Saving chunks for level 'ServerLevel[New World]'/minecraft:the_nether
[16:29:51] [Render thread/INFO]: World loading finished: null screen: net.minecraft.client.gui.screens.LevelLoadingScreen@55dadc57
[16:29:51] [Render thread/INFO]: World loading finished: null screen: net.minecraft.client.gui.screens.LevelLoadingScreen@55dadc57
[16:29:51] [Render thread/INFO]: World loading finished: null screen: net.minecraft.client.gui.screens.LevelLoadingScreen@55dadc57
[16:29:51] [Server thread/INFO]: Loading 48 chunks for player spawn...
[16:29:51] [Render thread/INFO]: World loading finished: null screen: net.minecraft.client.gui.screens.LevelLoadingScreen@55dadc57
[16:29:51] [Render thread/INFO]: World loading finished: null screen: net.minecraft.client.gui.screens.LevelLoadingScreen@55dadc57
[16:29:51] [Server thread/INFO]: Time elapsed: 305 ms
[16:29:51] [Render thread/INFO]: World loading finished: null screen: net.minecraft.client.gui.screens.LevelLoadingScreen@55dadc57
[16:29:51] [Server thread/INFO]: Player164[local:E:1ba5aad8] logged in with entity id 125 at (0.5, -60.0, 0.5)
[16:29:51] [Server thread/INFO]: System chat: Player164 joined the game
[16:29:51] [Server thread/INFO]: Changing view distance to 5, from 10
[16:29:51] [Server thread/INFO]: Changing simulation distance to 12, from 0
[16:29:51] [Render thread/INFO]: World loading finished: ClientLevel screen: net.minecraft.client.gui.screens.LevelLoadingScreen@55dadc57
[16:29:51] [Render thread/INFO]: Loaded 2 advancements
[16:29:51] [Render thread/INFO]: World loading finished: ClientLevel screen: net.minecraft.client.gui.screens.LevelLoadingScreen@55dadc57
[16:29:51] [Render thread/INFO]: World loading finished: ClientLevel screen: net.minecraft.client.gui.screens.LevelLoadingScreen@55dadc57
[16:29:51] [Render thread/INFO]: World loading finished: ClientLevel screen: net.minecraft.client.gui.screens.LevelLoadingScreen@55dadc57
[16:29:51] [Render thread/INFO]: World loading finished: ClientLevel screen: net.minecraft.client.gui.screens.LevelLoadingScreen@55dadc57
[16:29:51] [Render thread/INFO]: World loading finished: ClientLevel screen: net.minecraft.client.gui.screens.LevelLoadingScreen@55dadc57
[16:29:51] [Render thread/INFO]: World loading finished: ClientLevel screen: net.minecraft.client.gui.screens.LevelLoadingScreen@55dadc57
[16:29:52] [Render thread/INFO]: World loading finished: ClientLevel screen: net.minecraft.client.gui.screens.LevelLoadingScreen@55dadc57
[16:29:52] [Render thread/INFO]: World loading finished: ClientLevel screen: net.minecraft.client.gui.screens.LevelLoadingScreen@55dadc57
[16:29:52] [Render thread/INFO]: World loading finished: ClientLevel screen: net.minecraft.client.gui.screens.LevelLoadingScreen@55dadc57
[16:29:52] [Render thread/INFO]: World loading finished: ClientLevel screen: net.minecraft.client.gui.screens.LevelLoadingScreen@55dadc57
[16:29:52] [Render thread/INFO]: World loading finished: ClientLevel screen: net.minecraft.client.gui.screens.LevelLoadingScreen@55dadc57
[16:29:52] [Render thread/INFO]: World loading finished: ClientLevel screen: net.minecraft.client.gui.screens.LevelLoadingScreen@55dadc57
[16:29:52] [Render thread/INFO]: World loading finished: ClientLevel screen: net.minecraft.client.gui.screens.LevelLoadingScreen@55dadc57
[16:29:52] [Render thread/INFO]: World loading finished: ClientLevel screen: net.minecraft.client.gui.screens.LevelLoadingScreen@55dadc57
[16:29:52] [Render thread/INFO]: World loading finished: ClientLevel screen: null
[16:30:03] [Server thread/INFO]: Player164 lost connection: Disconnected
[16:30:03] [Server thread/INFO]: System chat: Player164 left the game
[16:30:03] [Server thread/INFO]: Stopping singleplayer server as player logged out
[16:30:03] [Server thread/INFO]: Stopping server
[16:30:03] [Server thread/INFO]: Saving players
[16:30:03] [Server thread/INFO]: Saving worlds
[16:30:03] [Server thread/INFO]: Saving chunks for level 'ServerLevel[New World]'/minecraft:overworld
[16:30:03] [Server thread/INFO]: Saving chunks for level 'ServerLevel[New World]'/minecraft:the_end
[16:30:03] [Server thread/INFO]: Saving chunks for level 'ServerLevel[New World]'/minecraft:the_nether
[16:30:03] [Render thread/INFO]: World loading finished: null screen: net.minecraft.client.gui.screens.GenericMessageScreen@4de68cb9
[16:30:03] [Worker-Main-8/INFO]: Loaded 1872 advancements
[16:30:03] [Render thread/INFO]: Applied 0 biome modifications to 0 of 67 new biomes in 152.8 μs
[16:30:03] [Server thread/INFO]: Starting integrated minecraft server version 26.3
[16:30:03] [Server thread/INFO]: Generating keypair
[16:30:03] [Server thread/INFO]: Loading 0 persistent chunks...
[16:30:03] [Server thread/INFO]: Saving chunks for level 'ServerLevel[New World]'/minecraft:overworld
[16:30:03] [Server thread/INFO]: Saving chunks for level 'ServerLevel[New World]'/minecraft:the_end
[16:30:03] [Server thread/INFO]: Saving chunks for level 'ServerLevel[New World]'/minecraft:the_nether
[16:30:03] [Render thread/INFO]: World loading finished: null screen: net.minecraft.client.gui.screens.LevelLoadingScreen@55e294c7
[16:30:03] [Render thread/INFO]: World loading finished: null screen: net.minecraft.client.gui.screens.LevelLoadingScreen@55e294c7
[16:30:03] [Render thread/INFO]: World loading finished: null screen: net.minecraft.client.gui.screens.LevelLoadingScreen@55e294c7
[16:30:03] [Render thread/INFO]: World loading finished: null screen: net.minecraft.client.gui.screens.LevelLoadingScreen@55e294c7
[16:30:03] [Server thread/INFO]: Loading 49 chunks for player spawn...
[16:30:03] [Server thread/INFO]: Preparing spawn area: 16%
[16:30:04] [Render thread/INFO]: World loading finished: null screen: net.minecraft.client.gui.screens.LevelLoadingScreen@55e294c7
[16:30:04] [Server thread/INFO]: Time elapsed: 265 ms
[16:30:04] [Render thread/INFO]: World loading finished: null screen: net.minecraft.client.gui.screens.LevelLoadingScreen@55e294c7
[16:30:04] [Server thread/INFO]: Player164[local:E:477e03a3] logged in with entity id 128 at (0.5, 120.0, 1.2000000000000002)
[16:30:04] [Server thread/INFO]: System chat: Player164 joined the game
[16:30:04] [Server thread/INFO]: Changing view distance to 5, from 10
[16:30:04] [Server thread/INFO]: Changing simulation distance to 12, from 0
[16:30:04] [Render thread/INFO]: World loading finished: ClientLevel screen: net.minecraft.client.gui.screens.LevelLoadingScreen@55e294c7
[16:30:04] [Render thread/INFO]: Loaded 2 advancements
[16:30:04] [Render thread/INFO]: World loading finished: ClientLevel screen: net.minecraft.client.gui.screens.LevelLoadingScreen@55e294c7
[16:30:04] [Render thread/INFO]: World loading finished: ClientLevel screen: net.minecraft.client.gui.screens.LevelLoadingScreen@55e294c7
[16:30:04] [Render thread/INFO]: World loading finished: ClientLevel screen: net.minecraft.client.gui.screens.LevelLoadingScreen@55e294c7
[16:30:04] [Render thread/INFO]: World loading finished: ClientLevel screen: net.minecraft.client.gui.screens.LevelLoadingScreen@55e294c7
[16:30:04] [Render thread/INFO]: World loading finished: ClientLevel screen: null
[16:30:12] [Server thread/INFO]: Player164 lost connection: Disconnected
[16:30:12] [Server thread/INFO]: System chat: Player164 left the game
[16:30:12] [Server thread/INFO]: Stopping singleplayer server as player logged out
[16:30:12] [Server thread/INFO]: Stopping server
[16:30:12] [Server thread/INFO]: Saving players
[16:30:12] [Server thread/INFO]: Saving worlds
[16:30:12] [Server thread/INFO]: Saving chunks for level 'ServerLevel[New World]'/minecraft:overworld
[16:30:12] [Server thread/INFO]: Saving chunks for level 'ServerLevel[New World]'/minecraft:the_end
[16:30:12] [Server thread/INFO]: Saving chunks for level 'ServerLevel[New World]'/minecraft:the_nether
[16:30:12] [Test thread/INFO]: [STDOUT]: WILDCRAFT P7 actual native bottom spring/rocket/stabilizer/float install, finite spring launch, irreversible burning, disk reload, named casing recovery, spent rejection and loaded passive water float passed
[16:30:12] [Test thread/INFO]: [STDOUT]: WILDCRAFT P7 wing/wheel actual input, preview, W/S driving, one-block step/tall wall, idle cost, real disk reload and loaded passive glide passed
[16:30:12] [Render thread/INFO]: Reloading ResourceManager: vanilla, vanilla, fabric-advancement-api-v1, fabric-api, fabric-api-base, fabric-api-lookup-api-v1, fabric-biome-api-v1, fabric-block-api-v1, fabric-block-getter-api-v2, fabric-client-gametest-api-v1, fabric-command-api-v2, fabric-content-registries-v0, fabric-convention-tags-v2, fabric-crash-report-info-v1, fabric-creative-tab-api-v1, fabric-data-attachment-api-v1, fabric-data-generation-api-v1, fabric-debug-api-v1, fabric-dimensions-v1, fabric-entity-events-v1, fabric-events-interaction-v0, fabric-game-rule-api-v1, fabric-gametest-api-v1, fabric-item-api-v1, fabric-key-mapping-api-v1, fabric-lifecycle-events-v1, fabric-loot-api-v3, fabric-menu-api-v1, fabric-message-api-v1, fabric-model-loading-api-v1, fabric-networking-api-v1, fabric-object-builder-api-v1, fabric-particles-v1, fabric-permission-api-v1, fabric-recipe-api-v1, fabric-registry-sync-v0, fabric-renderer-api-v1, fabric-renderer-indigo, fabric-rendering-fluids-v1, fabric-rendering-v1, fabric-resource-conditions-api-v1, fabric-resource-loader-v0, fabric-resource-loader-v1, fabric-screen-api-v1, fabric-serialization-api-v1, fabric-sound-api-v1, fabric-tag-api-v1, fabric-transfer-api-v1, fabric-transitive-access-wideners-v1, fabricloader, wildcraft, wildcraft-test
[16:30:12] [Worker-Main-3/INFO]: Found unifont_all_no_pua-17.0.01.hex, loading
[16:30:12] [Worker-Main-7/INFO]: Found unifont_pua-17.0.01.hex, loading
[16:30:12] [Render thread/INFO]: Info log when linking program containing VERTEX minecraft:core/terrain, FRAGMENT minecraft:core/terrain. Log output: WARNING: Output of vertex shader '_interface_variable_01' not read by fragment shader
WARNING: Output of vertex shader '_interface_variable_00' not read by fragment shader
WARNING: Output of vertex shader '_interface_variable_04' not read by fragment shader

[16:30:12] [Render thread/INFO]: Info log when linking program containing VERTEX minecraft:core/entity, FRAGMENT minecraft:core/entity. Log output: WARNING: Output of vertex shader '_interface_variable_01' not read by fragment shader
WARNING: Output of vertex shader '_interface_variable_00' not read by fragment shader

[16:30:12] [Render thread/INFO]: Info log when linking program containing VERTEX minecraft:core/rendertype_lines, FRAGMENT minecraft:core/rendertype_lines. Log output: WARNING: Output of vertex shader '_interface_variable_01' not read by fragment shader
WARNING: Output of vertex shader '_interface_variable_00' not read by fragment shader

[16:30:12] [Render thread/INFO]: Info log when linking program containing VERTEX minecraft:core/rendertype_crumbling, FRAGMENT minecraft:core/rendertype_crumbling. Log output: WARNING: Output of vertex shader '_interface_variable_01' not read by fragment shader
WARNING: Output of vertex shader '_interface_variable_00' not read by fragment shader

[16:30:12] [Worker-Main-3/INFO]: Found unifont_jp_patch-17.0.01.hex, loading
[16:30:12] [Render thread/INFO]: Info log when linking program containing VERTEX minecraft:core/entity, FRAGMENT minecraft:core/entity. Log output: WARNING: Output of vertex shader '_interface_variable_01' not read by fragment shader
WARNING: Output of vertex shader '_interface_variable_00' not read by fragment shader

[16:30:12] [Render thread/INFO]: Info log when linking program containing VERTEX minecraft:core/text, FRAGMENT minecraft:core/text. Log output: WARNING: Output of vertex shader '_interface_variable_01' not read by fragment shader
WARNING: Output of vertex shader '_interface_variable_00' not read by fragment shader

[16:30:12] [Render thread/INFO]: Info log when linking program containing VERTEX minecraft:core/text, FRAGMENT minecraft:core/text. Log output: WARNING: Output of vertex shader '_interface_variable_01' not read by fragment shader
WARNING: Output of vertex shader '_interface_variable_00' not read by fragment shader

[16:30:12] [Render thread/INFO]: Info log when linking program containing VERTEX minecraft:core/block, FRAGMENT minecraft:core/block. Log output: WARNING: Output of vertex shader '_interface_variable_01' not read by fragment shader
WARNING: Output of vertex shader '_interface_variable_00' not read by fragment shader

[16:30:12] [Render thread/INFO]: Info log when linking program containing VERTEX minecraft:core/terrain, FRAGMENT minecraft:core/terrain. Log output: WARNING: Output of vertex shader '_interface_variable_01' not read by fragment shader
WARNING: Output of vertex shader '_interface_variable_00' not read by fragment shader
WARNING: Output of vertex shader '_interface_variable_04' not read by fragment shader

[16:30:12] [Render thread/INFO]: Info log when linking program containing VERTEX minecraft:core/particle, FRAGMENT minecraft:core/particle. Log output: WARNING: Output of vertex shader '_interface_variable_01' not read by fragment shader
WARNING: Output of vertex shader '_interface_variable_00' not read by fragment shader

[16:30:12] [Render thread/INFO]: Info log when linking program containing VERTEX minecraft:core/entity, FRAGMENT minecraft:core/entity. Log output: WARNING: Output of vertex shader '_interface_variable_01' not read by fragment shader
WARNING: Output of vertex shader '_interface_variable_00' not read by fragment shader

[16:30:12] [Render thread/INFO]: Info log when linking program containing VERTEX minecraft:core/rendertype_entity_shadow, FRAGMENT minecraft:core/rendertype_entity_shadow. Log output: WARNING: Output of vertex shader '_interface_variable_01' not read by fragment shader
WARNING: Output of vertex shader '_interface_variable_00' not read by fragment shader

[16:30:12] [Render thread/INFO]: Info log when linking program containing VERTEX minecraft:core/screenquad, FRAGMENT minecraft:core/oit_composite. Log output: WARNING: Output of vertex shader '_interface_variable_00' not read by fragment shader

[16:30:12] [Render thread/INFO]: Info log when linking program containing VERTEX minecraft:core/entity, FRAGMENT minecraft:core/entity. Log output: WARNING: Output of vertex shader '_interface_variable_01' not read by fragment shader
WARNING: Output of vertex shader '_interface_variable_00' not read by fragment shader

[16:30:12] [Render thread/INFO]: Info log when linking program containing VERTEX minecraft:core/terrain, FRAGMENT minecraft:core/terrain. Log output: WARNING: Output of vertex shader '_interface_variable_01' not read by fragment shader
WARNING: Output of vertex shader '_interface_variable_00' not read by fragment shader
WARNING: Output of vertex shader '_interface_variable_04' not read by fragment shader

[16:30:12] [Render thread/INFO]: Info log when linking program containing VERTEX minecraft:core/animate_sprite, FRAGMENT minecraft:core/animate_sprite_blit. Log output: WARNING: Output of vertex shader '_interface_variable_00' not read by fragment shader

[16:30:12] [Render thread/INFO]: Info log when linking program containing VERTEX minecraft:core/screenquad, FRAGMENT minecraft:core/integrate_depth. Log output: WARNING: Output of vertex shader '_interface_variable_00' not read by fragment shader

[16:30:12] [Render thread/INFO]: Info log when linking program containing VERTEX minecraft:core/entity, FRAGMENT minecraft:core/entity. Log output: WARNING: Output of vertex shader '_interface_variable_01' not read by fragment shader
WARNING: Output of vertex shader '_interface_variable_00' not read by fragment shader

[16:30:12] [Render thread/INFO]: Info log when linking program containing VERTEX minecraft:core/clouds, FRAGMENT minecraft:core/clouds. Log output: WARNING: Output of vertex shader '_interface_variable_00' not read by fragment shader

[16:30:12] [Render thread/INFO]: Info log when linking program containing VERTEX minecraft:core/entity, FRAGMENT minecraft:core/entity. Log output: WARNING: Output of vertex shader '_interface_variable_01' not read by fragment shader
WARNING: Output of vertex shader '_interface_variable_00' not read by fragment shader

[16:30:12] [Render thread/INFO]: Info log when linking program containing VERTEX minecraft:core/particle, FRAGMENT minecraft:core/particle. Log output: WARNING: Output of vertex shader '_interface_variable_01' not read by fragment shader
WARNING: Output of vertex shader '_interface_variable_00' not read by fragment shader

[16:30:12] [Render thread/INFO]: Info log when linking program containing VERTEX minecraft:core/entity, FRAGMENT minecraft:core/entity. Log output: WARNING: Output of vertex shader '_interface_variable_01' not read by fragment shader
WARNING: Output of vertex shader '_interface_variable_00' not read by fragment shader

[16:30:12] [Render thread/INFO]: Info log when linking program containing VERTEX minecraft:core/screenquad, FRAGMENT minecraft:core/oit_depth_bounds_cull. Log output: WARNING: Output of vertex shader '_interface_variable_00' not read by fragment shader

[16:30:12] [Render thread/INFO]: Info log when linking program containing VERTEX minecraft:core/block, FRAGMENT minecraft:core/block. Log output: WARNING: Output of vertex shader '_interface_variable_01' not read by fragment shader
WARNING: Output of vertex shader '_interface_variable_00' not read by fragment shader

[16:30:12] [Render thread/INFO]: Info log when linking program containing VERTEX minecraft:core/text, FRAGMENT minecraft:core/text. Log output: WARNING: Output of vertex shader '_interface_variable_01' not read by fragment shader
WARNING: Output of vertex shader '_interface_variable_00' not read by fragment shader

[16:30:12] [Render thread/INFO]: Info log when linking program containing VERTEX minecraft:core/text, FRAGMENT minecraft:core/text. Log output: WARNING: Output of vertex shader '_interface_variable_01' not read by fragment shader
WARNING: Output of vertex shader '_interface_variable_00' not read by fragment shader

[16:30:12] [Render thread/INFO]: Info log when linking program containing VERTEX minecraft:core/text, FRAGMENT minecraft:core/text. Log output: WARNING: Output of vertex shader '_interface_variable_01' not read by fragment shader
WARNING: Output of vertex shader '_interface_variable_00' not read by fragment shader

[16:30:12] [Render thread/INFO]: Info log when linking program containing VERTEX minecraft:core/text, FRAGMENT minecraft:core/text. Log output: WARNING: Output of vertex shader '_interface_variable_01' not read by fragment shader
WARNING: Output of vertex shader '_interface_variable_00' not read by fragment shader

[16:30:12] [Render thread/INFO]: Info log when linking program containing VERTEX minecraft:core/entity, FRAGMENT minecraft:core/entity. Log output: WARNING: Output of vertex shader '_interface_variable_01' not read by fragment shader
WARNING: Output of vertex shader '_interface_variable_00' not read by fragment shader

[16:30:12] [Render thread/INFO]: Info log when linking program containing VERTEX minecraft:core/clouds, FRAGMENT minecraft:core/clouds. Log output: WARNING: Output of vertex shader '_interface_variable_00' not read by fragment shader

[16:30:12] [Render thread/INFO]: Info log when linking program containing VERTEX minecraft:core/rendertype_lines, FRAGMENT minecraft:core/rendertype_lines. Log output: WARNING: Output of vertex shader '_interface_variable_01' not read by fragment shader
WARNING: Output of vertex shader '_interface_variable_00' not read by fragment shader

[16:30:12] [Render thread/INFO]: Info log when linking program containing VERTEX minecraft:core/rendertype_entity_shadow, FRAGMENT minecraft:core/rendertype_entity_shadow. Log output: WARNING: Output of vertex shader '_interface_variable_01' not read by fragment shader
WARNING: Output of vertex shader '_interface_variable_00' not read by fragment shader

[16:30:12] [Render thread/INFO]: Info log when linking program containing VERTEX minecraft:core/entity, FRAGMENT minecraft:core/entity. Log output: WARNING: Output of vertex shader '_interface_variable_01' not read by fragment shader
WARNING: Output of vertex shader '_interface_variable_00' not read by fragment shader

[16:30:12] [Render thread/INFO]: Info log when linking program containing VERTEX minecraft:core/terrain, FRAGMENT minecraft:core/terrain. Log output: WARNING: Output of vertex shader '_interface_variable_01' not read by fragment shader
WARNING: Output of vertex shader '_interface_variable_00' not read by fragment shader
WARNING: Output of vertex shader '_interface_variable_04' not read by fragment shader

[16:30:12] [Render thread/INFO]: Info log when linking program containing VERTEX minecraft:core/particle, FRAGMENT minecraft:core/particle. Log output: WARNING: Output of vertex shader '_interface_variable_01' not read by fragment shader
WARNING: Output of vertex shader '_interface_variable_00' not read by fragment shader

[16:30:12] [Render thread/INFO]: Info log when linking program containing VERTEX minecraft:core/entity, FRAGMENT minecraft:core/entity. Log output: WARNING: Output of vertex shader '_interface_variable_01' not read by fragment shader
WARNING: Output of vertex shader '_interface_variable_00' not read by fragment shader

[16:30:12] [Render thread/INFO]: Info log when linking program containing VERTEX minecraft:core/entity, FRAGMENT minecraft:core/entity. Log output: WARNING: Output of vertex shader '_interface_variable_01' not read by fragment shader
WARNING: Output of vertex shader '_interface_variable_00' not read by fragment shader

[16:30:12] [Render thread/INFO]: Info log when linking program containing VERTEX minecraft:core/text, FRAGMENT minecraft:core/text. Log output: WARNING: Output of vertex shader '_interface_variable_01' not read by fragment shader
WARNING: Output of vertex shader '_interface_variable_00' not read by fragment shader

[16:30:12] [Render thread/INFO]: Info log when linking program containing VERTEX minecraft:core/particle, FRAGMENT minecraft:core/particle. Log output: WARNING: Output of vertex shader '_interface_variable_01' not read by fragment shader
WARNING: Output of vertex shader '_interface_variable_00' not read by fragment shader

[16:30:12] [Render thread/INFO]: Info log when linking program containing VERTEX minecraft:core/entity, FRAGMENT minecraft:core/entity. Log output: WARNING: Output of vertex shader '_interface_variable_01' not read by fragment shader
WARNING: Output of vertex shader '_interface_variable_00' not read by fragment shader

[16:30:12] [Render thread/INFO]: Info log when linking program containing VERTEX minecraft:core/text, FRAGMENT minecraft:core/text. Log output: WARNING: Output of vertex shader '_interface_variable_01' not read by fragment shader
WARNING: Output of vertex shader '_interface_variable_00' not read by fragment shader

[16:30:12] [Render thread/INFO]: Info log when linking program containing VERTEX minecraft:core/rendertype_crumbling, FRAGMENT minecraft:core/rendertype_crumbling. Log output: WARNING: Output of vertex shader '_interface_variable_01' not read by fragment shader
WARNING: Output of vertex shader '_interface_variable_00' not read by fragment shader

[16:30:12] [Render thread/INFO]: OpenAL initialized on device Mac mini扬声器
[16:30:12] [Render thread/INFO]: Sound engine started
[16:30:12] [Render thread/INFO]: Created: 512x256x0 minecraft:textures/atlas/particles.png-atlas
[16:30:12] [Render thread/INFO]: Created: 256x128x0 minecraft:textures/atlas/celestials.png-atlas
[16:30:12] [Render thread/INFO]: Created: 128x128x0 minecraft:textures/atlas/decorated_pot.png-atlas
[16:30:12] [Render thread/INFO]: Created: 512x256x0 minecraft:textures/atlas/paintings.png-atlas
[16:30:12] [Render thread/INFO]: Created: 1024x512x0 minecraft:textures/atlas/shield_patterns.png-atlas
[16:30:12] [Render thread/INFO]: Created: 1024x512x0 minecraft:textures/atlas/banner_patterns.png-atlas
[16:30:12] [Render thread/INFO]: Created: 2048x2048x4 minecraft:textures/atlas/blocks.png-atlas
[16:30:12] [Render thread/INFO]: Created: 1024x512x0 minecraft:textures/atlas/items.png-atlas
[16:30:12] [Render thread/INFO]: Created: 1024x1024x0 minecraft:textures/atlas/gui.png-atlas
[16:30:12] [Render thread/INFO]: Created: 128x64x0 minecraft:textures/atlas/map_decorations.png-atlas
[16:30:12] [Render thread/INFO]: Created: 512x512x0 minecraft:textures/atlas/chest.png-atlas
[16:30:12] [Render thread/INFO]: Created: 512x512x0 minecraft:textures/atlas/shulker_boxes.png-atlas
[16:30:15] [Worker-Main-3/INFO]: Loaded 1872 advancements
[16:30:16] [Render thread/INFO]: World loading finished: null screen: net.minecraft.client.gui.screens.GenericMessageScreen@6153ef96
[16:30:16] [Render thread/INFO]: Applied 0 biome modifications to 0 of 67 new biomes in 187.0 μs
[16:30:16] [Server thread/INFO]: Starting integrated minecraft server version 26.3
[16:30:16] [Server thread/INFO]: Generating keypair
[16:30:16] [Server thread/INFO]: Selecting global world spawn...
[16:30:16] [Server thread/INFO]: Loading 0 persistent chunks...
[16:30:16] [Server thread/INFO]: 准备生成区域中：16%
[16:30:16] [Server thread/INFO]: Saving chunks for level 'ServerLevel[新的世界]'/minecraft:overworld
[16:30:16] [Server thread/INFO]: Saving chunks for level 'ServerLevel[新的世界]'/minecraft:the_end
[16:30:16] [Server thread/INFO]: Saving chunks for level 'ServerLevel[新的世界]'/minecraft:the_nether
[16:30:16] [Render thread/INFO]: World loading finished: null screen: net.minecraft.client.gui.screens.LevelLoadingScreen@452bb2c5
[16:30:16] [Render thread/INFO]: World loading finished: null screen: net.minecraft.client.gui.screens.LevelLoadingScreen@452bb2c5
[16:30:16] [Render thread/INFO]: World loading finished: null screen: net.minecraft.client.gui.screens.LevelLoadingScreen@452bb2c5
[16:30:16] [Render thread/INFO]: World loading finished: null screen: net.minecraft.client.gui.screens.LevelLoadingScreen@452bb2c5
[16:30:16] [Server thread/INFO]: Loading 48 chunks for player spawn...
[16:30:16] [Render thread/INFO]: World loading finished: null screen: net.minecraft.client.gui.screens.LevelLoadingScreen@452bb2c5
[16:30:16] [Render thread/INFO]: World loading finished: null screen: net.minecraft.client.gui.screens.LevelLoadingScreen@452bb2c5
[16:30:16] [Render thread/INFO]: World loading finished: null screen: net.minecraft.client.gui.screens.LevelLoadingScreen@452bb2c5
[16:30:16] [Server thread/INFO]: Time elapsed: 440 ms
[16:30:16] [Render thread/INFO]: World loading finished: null screen: net.minecraft.client.gui.screens.LevelLoadingScreen@452bb2c5
[16:30:16] [Server thread/INFO]: Player164[local:E:6bf0e4b1] logged in with entity id 129 at (0.5, -60.0, 0.5)
[16:30:16] [Server thread/INFO]: System chat: Player164加入了游戏
[16:30:16] [Server thread/INFO]: Changing view distance to 5, from 10
[16:30:16] [Server thread/INFO]: Changing simulation distance to 12, from 0
[16:30:16] [Render thread/INFO]: World loading finished: ClientLevel screen: net.minecraft.client.gui.screens.LevelLoadingScreen@452bb2c5
[16:30:16] [Render thread/WARN]: Requested post effect does not exist: minecraft:end_of_frame
[16:30:16] [Render thread/INFO]: Loaded 2 advancements
[16:30:16] [Render thread/INFO]: World loading finished: ClientLevel screen: net.minecraft.client.gui.screens.LevelLoadingScreen@452bb2c5
[16:30:16] [Render thread/INFO]: World loading finished: ClientLevel screen: net.minecraft.client.gui.screens.LevelLoadingScreen@452bb2c5
[16:30:16] [Render thread/INFO]: World loading finished: ClientLevel screen: net.minecraft.client.gui.screens.LevelLoadingScreen@452bb2c5
[16:30:16] [Render thread/INFO]: World loading finished: ClientLevel screen: net.minecraft.client.gui.screens.LevelLoadingScreen@452bb2c5
[16:30:17] [Render thread/INFO]: World loading finished: ClientLevel screen: net.minecraft.client.gui.screens.LevelLoadingScreen@452bb2c5
[16:30:17] [Render thread/INFO]: World loading finished: ClientLevel screen: net.minecraft.client.gui.screens.LevelLoadingScreen@452bb2c5
[16:30:17] [Render thread/INFO]: World loading finished: ClientLevel screen: net.minecraft.client.gui.screens.LevelLoadingScreen@452bb2c5
[16:30:17] [Render thread/INFO]: World loading finished: ClientLevel screen: net.minecraft.client.gui.screens.LevelLoadingScreen@452bb2c5
[16:30:17] [Render thread/INFO]: World loading finished: ClientLevel screen: net.minecraft.client.gui.screens.LevelLoadingScreen@452bb2c5
[16:30:17] [Render thread/INFO]: World loading finished: ClientLevel screen: net.minecraft.client.gui.screens.LevelLoadingScreen@452bb2c5
[16:30:17] [Render thread/INFO]: World loading finished: ClientLevel screen: net.minecraft.client.gui.screens.LevelLoadingScreen@452bb2c5
[16:30:17] [Render thread/INFO]: World loading finished: ClientLevel screen: net.minecraft.client.gui.screens.LevelLoadingScreen@452bb2c5
[16:30:17] [Render thread/INFO]: World loading finished: ClientLevel screen: net.minecraft.client.gui.screens.LevelLoadingScreen@452bb2c5
[16:30:17] [Render thread/INFO]: World loading finished: ClientLevel screen: net.minecraft.client.gui.screens.LevelLoadingScreen@452bb2c5
[16:30:17] [Render thread/INFO]: World loading finished: ClientLevel screen: net.minecraft.client.gui.screens.LevelLoadingScreen@452bb2c5
[16:30:17] [Render thread/INFO]: World loading finished: ClientLevel screen: null
[16:30:17] [Server thread/INFO]: System chat: Player164取得了进度[这不是铁镐么？]
[16:30:17] [Render thread/INFO]: [System] [CHAT] Player164取得了进度[这不是铁镐么？]
[16:30:17] [Render thread/INFO]: Loaded 42 advancements
[16:30:18] [Server thread/INFO]: Player164 lost connection: 连接中断
[16:30:18] [Server thread/INFO]: System chat: Player164退出了游戏
[16:30:18] [Server thread/INFO]: Stopping singleplayer server as player logged out
[16:30:18] [Server thread/INFO]: Stopping server
[16:30:18] [Server thread/INFO]: Saving players
[16:30:18] [Server thread/INFO]: Saving worlds
[16:30:18] [Server thread/INFO]: Saving chunks for level 'ServerLevel[新的世界]'/minecraft:overworld
[16:30:18] [Server thread/INFO]: Saving chunks for level 'ServerLevel[新的世界]'/minecraft:the_end
[16:30:18] [Server thread/INFO]: Saving chunks for level 'ServerLevel[新的世界]'/minecraft:the_nether
[16:30:18] [Render thread/INFO]: World loading finished: null screen: net.minecraft.client.gui.screens.GenericMessageScreen@2ed62b26
[16:30:19] [Worker-Main-7/INFO]: Loaded 1872 advancements
[16:30:19] [Render thread/INFO]: Applied 0 biome modifications to 0 of 67 new biomes in 171.3 μs
[16:30:19] [Server thread/INFO]: Starting integrated minecraft server version 26.3
[16:30:19] [Server thread/INFO]: Generating keypair
[16:30:19] [Server thread/INFO]: Loading 0 persistent chunks...
[16:30:19] [Server thread/INFO]: Saving chunks for level 'ServerLevel[新的世界]'/minecraft:overworld
[16:30:19] [Server thread/INFO]: Saving chunks for level 'ServerLevel[新的世界]'/minecraft:the_end
[16:30:19] [Server thread/INFO]: Saving chunks for level 'ServerLevel[新的世界]'/minecraft:the_nether
[16:30:19] [Render thread/INFO]: World loading finished: null screen: net.minecraft.client.gui.screens.LevelLoadingScreen@688e0187
[16:30:19] [Render thread/INFO]: World loading finished: null screen: net.minecraft.client.gui.screens.LevelLoadingScreen@688e0187
[16:30:19] [Render thread/INFO]: World loading finished: null screen: net.minecraft.client.gui.screens.LevelLoadingScreen@688e0187
[16:30:19] [Render thread/INFO]: World loading finished: null screen: net.minecraft.client.gui.screens.LevelLoadingScreen@688e0187
[16:30:19] [Server thread/INFO]: Loading 49 chunks for player spawn...
[16:30:19] [Server thread/INFO]: 准备生成区域中：16%
[16:30:19] [Render thread/INFO]: World loading finished: null screen: net.minecraft.client.gui.screens.LevelLoadingScreen@688e0187
[16:30:19] [Server thread/INFO]: Time elapsed: 282 ms
[16:30:19] [Render thread/INFO]: World loading finished: null screen: net.minecraft.client.gui.screens.LevelLoadingScreen@688e0187
[16:30:19] [Server thread/INFO]: Player164[local:E:52634f01] logged in with entity id 130 at (0.5, 120.0, 0.5)
[16:30:19] [Server thread/INFO]: System chat: Player164加入了游戏
[16:30:19] [Server thread/INFO]: Changing view distance to 5, from 10
[16:30:19] [Server thread/INFO]: Changing simulation distance to 12, from 0
[16:30:19] [Render thread/INFO]: World loading finished: null screen: net.minecraft.client.gui.screens.LevelLoadingScreen@688e0187
[16:30:19] [Render thread/INFO]: Loaded 42 advancements
[16:30:19] [Render thread/INFO]: World loading finished: ClientLevel screen: net.minecraft.client.gui.screens.LevelLoadingScreen@688e0187
[16:30:19] [Render thread/INFO]: World loading finished: ClientLevel screen: net.minecraft.client.gui.screens.LevelLoadingScreen@688e0187
[16:30:19] [Render thread/INFO]: World loading finished: ClientLevel screen: net.minecraft.client.gui.screens.LevelLoadingScreen@688e0187
[16:30:19] [Render thread/INFO]: World loading finished: ClientLevel screen: net.minecraft.client.gui.screens.LevelLoadingScreen@688e0187
[16:30:19] [Render thread/INFO]: World loading finished: ClientLevel screen: null
[16:30:25] [Render thread/INFO]: Loaded 61 advancements
[16:30:26] [Render thread/INFO]: Reloading ResourceManager: vanilla, vanilla, fabric-advancement-api-v1, fabric-api, fabric-api-base, fabric-api-lookup-api-v1, fabric-biome-api-v1, fabric-block-api-v1, fabric-block-getter-api-v2, fabric-client-gametest-api-v1, fabric-command-api-v2, fabric-content-registries-v0, fabric-convention-tags-v2, fabric-crash-report-info-v1, fabric-creative-tab-api-v1, fabric-data-attachment-api-v1, fabric-data-generation-api-v1, fabric-debug-api-v1, fabric-dimensions-v1, fabric-entity-events-v1, fabric-events-interaction-v0, fabric-game-rule-api-v1, fabric-gametest-api-v1, fabric-item-api-v1, fabric-key-mapping-api-v1, fabric-lifecycle-events-v1, fabric-loot-api-v3, fabric-menu-api-v1, fabric-message-api-v1, fabric-model-loading-api-v1, fabric-networking-api-v1, fabric-object-builder-api-v1, fabric-particles-v1, fabric-permission-api-v1, fabric-recipe-api-v1, fabric-registry-sync-v0, fabric-renderer-api-v1, fabric-renderer-indigo, fabric-rendering-fluids-v1, fabric-rendering-v1, fabric-resource-conditions-api-v1, fabric-resource-loader-v0, fabric-resource-loader-v1, fabric-screen-api-v1, fabric-serialization-api-v1, fabric-sound-api-v1, fabric-tag-api-v1, fabric-transfer-api-v1, fabric-transitive-access-wideners-v1, fabricloader, wildcraft, wildcraft-test
[16:30:26] [Worker-Main-2/INFO]: Found unifont_pua-17.0.01.hex, loading
[16:30:26] [Worker-Main-7/INFO]: Found unifont_all_no_pua-17.0.01.hex, loading
[16:30:26] [Server thread/INFO]: Saving and pausing game...
[16:30:26] [Server thread/INFO]: Saving chunks for level 'ServerLevel[新的世界]'/minecraft:overworld
[16:30:26] [Server thread/INFO]: Saving chunks for level 'ServerLevel[新的世界]'/minecraft:the_end
[16:30:26] [Server thread/INFO]: Saving chunks for level 'ServerLevel[新的世界]'/minecraft:the_nether
[16:30:26] [Render thread/INFO]: Info log when linking program containing VERTEX minecraft:core/terrain, FRAGMENT minecraft:core/terrain. Log output: WARNING: Output of vertex shader '_interface_variable_01' not read by fragment shader
WARNING: Output of vertex shader '_interface_variable_00' not read by fragment shader
WARNING: Output of vertex shader '_interface_variable_04' not read by fragment shader

[16:30:26] [Render thread/INFO]: Info log when linking program containing VERTEX minecraft:core/rendertype_crumbling, FRAGMENT minecraft:core/rendertype_crumbling. Log output: WARNING: Output of vertex shader '_interface_variable_01' not read by fragment shader
WARNING: Output of vertex shader '_interface_variable_00' not read by fragment shader

[16:30:26] [Render thread/INFO]: Info log when linking program containing VERTEX minecraft:core/entity, FRAGMENT minecraft:core/entity. Log output: WARNING: Output of vertex shader '_interface_variable_01' not read by fragment shader
WARNING: Output of vertex shader '_interface_variable_00' not read by fragment shader

[16:30:26] [Render thread/INFO]: Info log when linking program containing VERTEX minecraft:core/rendertype_lines, FRAGMENT minecraft:core/rendertype_lines. Log output: WARNING: Output of vertex shader '_interface_variable_01' not read by fragment shader
WARNING: Output of vertex shader '_interface_variable_00' not read by fragment shader

[16:30:26] [Worker-Main-7/INFO]: Found unifont_jp_patch-17.0.01.hex, loading
[16:30:26] [Render thread/INFO]: Info log when linking program containing VERTEX minecraft:core/entity, FRAGMENT minecraft:core/entity. Log output: WARNING: Output of vertex shader '_interface_variable_01' not read by fragment shader
WARNING: Output of vertex shader '_interface_variable_00' not read by fragment shader

[16:30:26] [Render thread/INFO]: Info log when linking program containing VERTEX minecraft:core/text, FRAGMENT minecraft:core/text. Log output: WARNING: Output of vertex shader '_interface_variable_01' not read by fragment shader
WARNING: Output of vertex shader '_interface_variable_00' not read by fragment shader

[16:30:26] [Render thread/INFO]: Info log when linking program containing VERTEX minecraft:core/terrain, FRAGMENT minecraft:core/terrain. Log output: WARNING: Output of vertex shader '_interface_variable_01' not read by fragment shader
WARNING: Output of vertex shader '_interface_variable_00' not read by fragment shader
WARNING: Output of vertex shader '_interface_variable_04' not read by fragment shader

[16:30:26] [Render thread/INFO]: Info log when linking program containing VERTEX minecraft:core/block, FRAGMENT minecraft:core/block. Log output: WARNING: Output of vertex shader '_interface_variable_01' not read by fragment shader
WARNING: Output of vertex shader '_interface_variable_00' not read by fragment shader

[16:30:26] [Render thread/INFO]: Info log when linking program containing VERTEX minecraft:core/entity, FRAGMENT minecraft:core/entity. Log output: WARNING: Output of vertex shader '_interface_variable_01' not read by fragment shader
WARNING: Output of vertex shader '_interface_variable_00' not read by fragment shader

[16:30:26] [Render thread/INFO]: Info log when linking program containing VERTEX minecraft:core/text, FRAGMENT minecraft:core/text. Log output: WARNING: Output of vertex shader '_interface_variable_01' not read by fragment shader
WARNING: Output of vertex shader '_interface_variable_00' not read by fragment shader

[16:30:26] [Render thread/INFO]: Info log when linking program containing VERTEX minecraft:core/particle, FRAGMENT minecraft:core/particle. Log output: WARNING: Output of vertex shader '_interface_variable_01' not read by fragment shader
WARNING: Output of vertex shader '_interface_variable_00' not read by fragment shader

[16:30:26] [Render thread/INFO]: Info log when linking program containing VERTEX minecraft:core/rendertype_entity_shadow, FRAGMENT minecraft:core/rendertype_entity_shadow. Log output: WARNING: Output of vertex shader '_interface_variable_01' not read by fragment shader
WARNING: Output of vertex shader '_interface_variable_00' not read by fragment shader

[16:30:26] [Render thread/INFO]: Info log when linking program containing VERTEX minecraft:core/screenquad, FRAGMENT minecraft:core/oit_composite. Log output: WARNING: Output of vertex shader '_interface_variable_00' not read by fragment shader

[16:30:26] [Render thread/INFO]: Info log when linking program containing VERTEX minecraft:core/entity, FRAGMENT minecraft:core/entity. Log output: WARNING: Output of vertex shader '_interface_variable_01' not read by fragment shader
WARNING: Output of vertex shader '_interface_variable_00' not read by fragment shader

[16:30:26] [Render thread/INFO]: Info log when linking program containing VERTEX minecraft:core/screenquad, FRAGMENT minecraft:core/integrate_depth. Log output: WARNING: Output of vertex shader '_interface_variable_00' not read by fragment shader

[16:30:26] [Render thread/INFO]: Info log when linking program containing VERTEX minecraft:core/terrain, FRAGMENT minecraft:core/terrain. Log output: WARNING: Output of vertex shader '_interface_variable_01' not read by fragment shader
WARNING: Output of vertex shader '_interface_variable_00' not read by fragment shader
WARNING: Output of vertex shader '_interface_variable_04' not read by fragment shader

[16:30:26] [Render thread/INFO]: Info log when linking program containing VERTEX minecraft:core/animate_sprite, FRAGMENT minecraft:core/animate_sprite_blit. Log output: WARNING: Output of vertex shader '_interface_variable_00' not read by fragment shader

[16:30:26] [Render thread/INFO]: Info log when linking program containing VERTEX minecraft:core/entity, FRAGMENT minecraft:core/entity. Log output: WARNING: Output of vertex shader '_interface_variable_01' not read by fragment shader
WARNING: Output of vertex shader '_interface_variable_00' not read by fragment shader

[16:30:26] [Render thread/INFO]: Info log when linking program containing VERTEX minecraft:core/entity, FRAGMENT minecraft:core/entity. Log output: WARNING: Output of vertex shader '_interface_variable_01' not read by fragment shader
WARNING: Output of vertex shader '_interface_variable_00' not read by fragment shader

[16:30:26] [Render thread/INFO]: Info log when linking program containing VERTEX minecraft:core/clouds, FRAGMENT minecraft:core/clouds. Log output: WARNING: Output of vertex shader '_interface_variable_00' not read by fragment shader

[16:30:26] [Render thread/INFO]: Info log when linking program containing VERTEX minecraft:core/particle, FRAGMENT minecraft:core/particle. Log output: WARNING: Output of vertex shader '_interface_variable_01' not read by fragment shader
WARNING: Output of vertex shader '_interface_variable_00' not read by fragment shader

[16:30:26] [Render thread/INFO]: Info log when linking program containing VERTEX minecraft:core/screenquad, FRAGMENT minecraft:core/oit_depth_bounds_cull. Log output: WARNING: Output of vertex shader '_interface_variable_00' not read by fragment shader

[16:30:26] [Render thread/INFO]: Info log when linking program containing VERTEX minecraft:core/block, FRAGMENT minecraft:core/block. Log output: WARNING: Output of vertex shader '_interface_variable_01' not read by fragment shader
WARNING: Output of vertex shader '_interface_variable_00' not read by fragment shader

[16:30:26] [Render thread/INFO]: Info log when linking program containing VERTEX minecraft:core/entity, FRAGMENT minecraft:core/entity. Log output: WARNING: Output of vertex shader '_interface_variable_01' not read by fragment shader
WARNING: Output of vertex shader '_interface_variable_00' not read by fragment shader

[16:30:26] [Render thread/INFO]: Info log when linking program containing VERTEX minecraft:core/text, FRAGMENT minecraft:core/text. Log output: WARNING: Output of vertex shader '_interface_variable_01' not read by fragment shader
WARNING: Output of vertex shader '_interface_variable_00' not read by fragment shader

[16:30:26] [Render thread/INFO]: Info log when linking program containing VERTEX minecraft:core/text, FRAGMENT minecraft:core/text. Log output: WARNING: Output of vertex shader '_interface_variable_01' not read by fragment shader
WARNING: Output of vertex shader '_interface_variable_00' not read by fragment shader

[16:30:26] [Render thread/INFO]: Info log when linking program containing VERTEX minecraft:core/terrain, FRAGMENT minecraft:core/terrain. Log output: WARNING: Output of vertex shader '_interface_variable_01' not read by fragment shader
WARNING: Output of vertex shader '_interface_variable_00' not read by fragment shader
WARNING: Output of vertex shader '_interface_variable_04' not read by fragment shader

[16:30:26] [Render thread/INFO]: Info log when linking program containing VERTEX minecraft:core/text, FRAGMENT minecraft:core/text. Log output: WARNING: Output of vertex shader '_interface_variable_01' not read by fragment shader
WARNING: Output of vertex shader '_interface_variable_00' not read by fragment shader

[16:30:26] [Render thread/INFO]: Info log when linking program containing VERTEX minecraft:core/clouds, FRAGMENT minecraft:core/clouds. Log output: WARNING: Output of vertex shader '_interface_variable_00' not read by fragment shader

[16:30:26] [Render thread/INFO]: Info log when linking program containing VERTEX minecraft:core/entity, FRAGMENT minecraft:core/entity. Log output: WARNING: Output of vertex shader '_interface_variable_01' not read by fragment shader
WARNING: Output of vertex shader '_interface_variable_00' not read by fragment shader

[16:30:26] [Render thread/INFO]: Info log when linking program containing VERTEX minecraft:core/rendertype_entity_shadow, FRAGMENT minecraft:core/rendertype_entity_shadow. Log output: WARNING: Output of vertex shader '_interface_variable_01' not read by fragment shader
WARNING: Output of vertex shader '_interface_variable_00' not read by fragment shader

[16:30:26] [Render thread/INFO]: Info log when linking program containing VERTEX minecraft:core/rendertype_lines, FRAGMENT minecraft:core/rendertype_lines. Log output: WARNING: Output of vertex shader '_interface_variable_01' not read by fragment shader
WARNING: Output of vertex shader '_interface_variable_00' not read by fragment shader

[16:30:26] [Render thread/INFO]: Info log when linking program containing VERTEX minecraft:core/particle, FRAGMENT minecraft:core/particle. Log output: WARNING: Output of vertex shader '_interface_variable_01' not read by fragment shader
WARNING: Output of vertex shader '_interface_variable_00' not read by fragment shader

[16:30:26] [Render thread/INFO]: Info log when linking program containing VERTEX minecraft:core/entity, FRAGMENT minecraft:core/entity. Log output: WARNING: Output of vertex shader '_interface_variable_01' not read by fragment shader
WARNING: Output of vertex shader '_interface_variable_00' not read by fragment shader

[16:30:26] [Render thread/INFO]: Info log when linking program containing VERTEX minecraft:core/text, FRAGMENT minecraft:core/text. Log output: WARNING: Output of vertex shader '_interface_variable_01' not read by fragment shader
WARNING: Output of vertex shader '_interface_variable_00' not read by fragment shader

[16:30:26] [Render thread/INFO]: Info log when linking program containing VERTEX minecraft:core/entity, FRAGMENT minecraft:core/entity. Log output: WARNING: Output of vertex shader '_interface_variable_01' not read by fragment shader
WARNING: Output of vertex shader '_interface_variable_00' not read by fragment shader

[16:30:26] [Render thread/INFO]: Info log when linking program containing VERTEX minecraft:core/rendertype_crumbling, FRAGMENT minecraft:core/rendertype_crumbling. Log output: WARNING: Output of vertex shader '_interface_variable_01' not read by fragment shader
WARNING: Output of vertex shader '_interface_variable_00' not read by fragment shader

[16:30:26] [Render thread/INFO]: Info log when linking program containing VERTEX minecraft:core/text, FRAGMENT minecraft:core/text. Log output: WARNING: Output of vertex shader '_interface_variable_01' not read by fragment shader
WARNING: Output of vertex shader '_interface_variable_00' not read by fragment shader

[16:30:26] [Render thread/INFO]: Info log when linking program containing VERTEX minecraft:core/particle, FRAGMENT minecraft:core/particle. Log output: WARNING: Output of vertex shader '_interface_variable_01' not read by fragment shader
WARNING: Output of vertex shader '_interface_variable_00' not read by fragment shader

[16:30:27] [Render thread/INFO]: Info log when linking program containing VERTEX minecraft:core/text, FRAGMENT minecraft:core/text. Log output: WARNING: Output of vertex shader '_interface_variable_01' not read by fragment shader
WARNING: Output of vertex shader '_interface_variable_00' not read by fragment shader

[16:30:27] [Render thread/INFO]: Info log when linking program containing VERTEX minecraft:core/entity, FRAGMENT minecraft:core/entity. Log output: WARNING: Output of vertex shader '_interface_variable_01' not read by fragment shader
WARNING: Output of vertex shader '_interface_variable_00' not read by fragment shader

[16:30:27] [Render thread/INFO]: Info log when linking program containing VERTEX minecraft:core/entity, FRAGMENT minecraft:core/entity. Log output: WARNING: Output of vertex shader '_interface_variable_01' not read by fragment shader
WARNING: Output of vertex shader '_interface_variable_00' not read by fragment shader

[16:30:27] [Render thread/INFO]: OpenAL initialized on device Mac mini扬声器
[16:30:27] [Render thread/INFO]: Sound engine started
[16:30:27] [Render thread/INFO]: Created: 512x256x0 minecraft:textures/atlas/particles.png-atlas
[16:30:27] [Render thread/INFO]: Created: 256x128x0 minecraft:textures/atlas/celestials.png-atlas
[16:30:27] [Render thread/INFO]: Created: 128x128x0 minecraft:textures/atlas/decorated_pot.png-atlas
[16:30:27] [Render thread/INFO]: Created: 512x256x0 minecraft:textures/atlas/paintings.png-atlas
[16:30:27] [Render thread/INFO]: Created: 1024x512x0 minecraft:textures/atlas/shield_patterns.png-atlas
[16:30:27] [Render thread/INFO]: Created: 1024x512x0 minecraft:textures/atlas/banner_patterns.png-atlas
[16:30:27] [Render thread/INFO]: Created: 2048x2048x4 minecraft:textures/atlas/blocks.png-atlas
[16:30:27] [Render thread/INFO]: Created: 1024x512x0 minecraft:textures/atlas/items.png-atlas
[16:30:27] [Render thread/INFO]: Created: 1024x1024x0 minecraft:textures/atlas/gui.png-atlas
[16:30:27] [Render thread/INFO]: Created: 128x64x0 minecraft:textures/atlas/map_decorations.png-atlas
[16:30:27] [Render thread/INFO]: Created: 512x512x0 minecraft:textures/atlas/chest.png-atlas
[16:30:27] [Render thread/INFO]: Created: 512x512x0 minecraft:textures/atlas/shulker_boxes.png-atlas
[16:30:27] [Render thread/WARN]: Requested post effect does not exist: minecraft:end_of_frame
[16:30:29] [Server thread/INFO]: Player164 lost connection: Disconnected
[16:30:29] [Server thread/INFO]: System chat: Player164 left the game
[16:30:29] [Server thread/INFO]: Stopping singleplayer server as player logged out
[16:30:29] [Server thread/INFO]: Stopping server
[16:30:29] [Server thread/INFO]: Saving players
[16:30:29] [Server thread/INFO]: Saving worlds
[16:30:29] [Server thread/INFO]: Saving chunks for level 'ServerLevel[新的世界]'/minecraft:overworld
[16:30:29] [Server thread/INFO]: Saving chunks for level 'ServerLevel[新的世界]'/minecraft:the_end
[16:30:29] [Server thread/INFO]: Saving chunks for level 'ServerLevel[新的世界]'/minecraft:the_nether
[16:30:30] [Render thread/INFO]: Reloading ResourceManager: vanilla, vanilla, fabric-advancement-api-v1, fabric-api, fabric-api-base, fabric-api-lookup-api-v1, fabric-biome-api-v1, fabric-block-api-v1, fabric-block-getter-api-v2, fabric-client-gametest-api-v1, fabric-command-api-v2, fabric-content-registries-v0, fabric-convention-tags-v2, fabric-crash-report-info-v1, fabric-creative-tab-api-v1, fabric-data-attachment-api-v1, fabric-data-generation-api-v1, fabric-debug-api-v1, fabric-dimensions-v1, fabric-entity-events-v1, fabric-events-interaction-v0, fabric-game-rule-api-v1, fabric-gametest-api-v1, fabric-item-api-v1, fabric-key-mapping-api-v1, fabric-lifecycle-events-v1, fabric-loot-api-v3, fabric-menu-api-v1, fabric-message-api-v1, fabric-model-loading-api-v1, fabric-networking-api-v1, fabric-object-builder-api-v1, fabric-particles-v1, fabric-permission-api-v1, fabric-recipe-api-v1, fabric-registry-sync-v0, fabric-renderer-api-v1, fabric-renderer-indigo, fabric-rendering-fluids-v1, fabric-rendering-v1, fabric-resource-conditions-api-v1, fabric-resource-loader-v0, fabric-resource-loader-v1, fabric-screen-api-v1, fabric-serialization-api-v1, fabric-sound-api-v1, fabric-tag-api-v1, fabric-transfer-api-v1, fabric-transitive-access-wideners-v1, fabricloader, wildcraft, wildcraft-test
[16:30:30] [Worker-Main-3/INFO]: Found unifont_pua-17.0.01.hex, loading
[16:30:30] [Worker-Main-7/INFO]: Found unifont_all_no_pua-17.0.01.hex, loading
[16:30:30] [Render thread/INFO]: Info log when linking program containing VERTEX minecraft:core/rendertype_crumbling, FRAGMENT minecraft:core/rendertype_crumbling. Log output: WARNING: Output of vertex shader '_interface_variable_01' not read by fragment shader
WARNING: Output of vertex shader '_interface_variable_00' not read by fragment shader

[16:30:30] [Render thread/INFO]: Info log when linking program containing VERTEX minecraft:core/entity, FRAGMENT minecraft:core/entity. Log output: WARNING: Output of vertex shader '_interface_variable_01' not read by fragment shader
WARNING: Output of vertex shader '_interface_variable_00' not read by fragment shader

[16:30:30] [Render thread/INFO]: Info log when linking program containing VERTEX minecraft:core/terrain, FRAGMENT minecraft:core/terrain. Log output: WARNING: Output of vertex shader '_interface_variable_01' not read by fragment shader
WARNING: Output of vertex shader '_interface_variable_00' not read by fragment shader
WARNING: Output of vertex shader '_interface_variable_04' not read by fragment shader

[16:30:30] [Render thread/INFO]: Info log when linking program containing VERTEX minecraft:core/rendertype_lines, FRAGMENT minecraft:core/rendertype_lines. Log output: WARNING: Output of vertex shader '_interface_variable_01' not read by fragment shader
WARNING: Output of vertex shader '_interface_variable_00' not read by fragment shader

[16:30:30] [Render thread/INFO]: Info log when linking program containing VERTEX minecraft:core/terrain, FRAGMENT minecraft:core/terrain. Log output: WARNING: Output of vertex shader '_interface_variable_01' not read by fragment shader
WARNING: Output of vertex shader '_interface_variable_00' not read by fragment shader
WARNING: Output of vertex shader '_interface_variable_04' not read by fragment shader

[16:30:30] [Worker-Main-7/INFO]: Found unifont_jp_patch-17.0.01.hex, loading
[16:30:30] [Render thread/INFO]: Info log when linking program containing VERTEX minecraft:core/text, FRAGMENT minecraft:core/text. Log output: WARNING: Output of vertex shader '_interface_variable_01' not read by fragment shader
WARNING: Output of vertex shader '_interface_variable_00' not read by fragment shader

[16:30:30] [Render thread/INFO]: Info log when linking program containing VERTEX minecraft:core/text, FRAGMENT minecraft:core/text. Log output: WARNING: Output of vertex shader '_interface_variable_01' not read by fragment shader
WARNING: Output of vertex shader '_interface_variable_00' not read by fragment shader

[16:30:30] [Render thread/INFO]: Info log when linking program containing VERTEX minecraft:core/entity, FRAGMENT minecraft:core/entity. Log output: WARNING: Output of vertex shader '_interface_variable_01' not read by fragment shader
WARNING: Output of vertex shader '_interface_variable_00' not read by fragment shader

[16:30:30] [Render thread/INFO]: Info log when linking program containing VERTEX minecraft:core/block, FRAGMENT minecraft:core/block. Log output: WARNING: Output of vertex shader '_interface_variable_01' not read by fragment shader
WARNING: Output of vertex shader '_interface_variable_00' not read by fragment shader

[16:30:30] [Render thread/INFO]: Info log when linking program containing VERTEX minecraft:core/entity, FRAGMENT minecraft:core/entity. Log output: WARNING: Output of vertex shader '_interface_variable_01' not read by fragment shader
WARNING: Output of vertex shader '_interface_variable_00' not read by fragment shader

[16:30:30] [Render thread/INFO]: Info log when linking program containing VERTEX minecraft:core/rendertype_entity_shadow, FRAGMENT minecraft:core/rendertype_entity_shadow. Log output: WARNING: Output of vertex shader '_interface_variable_01' not read by fragment shader
WARNING: Output of vertex shader '_interface_variable_00' not read by fragment shader

[16:30:30] [Render thread/INFO]: Info log when linking program containing VERTEX minecraft:core/particle, FRAGMENT minecraft:core/particle. Log output: WARNING: Output of vertex shader '_interface_variable_01' not read by fragment shader
WARNING: Output of vertex shader '_interface_variable_00' not read by fragment shader

[16:30:30] [Render thread/INFO]: Info log when linking program containing VERTEX minecraft:core/screenquad, FRAGMENT minecraft:core/oit_composite. Log output: WARNING: Output of vertex shader '_interface_variable_00' not read by fragment shader

[16:30:30] [Render thread/INFO]: Info log when linking program containing VERTEX minecraft:core/screenquad, FRAGMENT minecraft:core/integrate_depth. Log output: WARNING: Output of vertex shader '_interface_variable_00' not read by fragment shader

[16:30:30] [Render thread/INFO]: Info log when linking program containing VERTEX minecraft:core/entity, FRAGMENT minecraft:core/entity. Log output: WARNING: Output of vertex shader '_interface_variable_01' not read by fragment shader
WARNING: Output of vertex shader '_interface_variable_00' not read by fragment shader

[16:30:30] [Render thread/INFO]: Info log when linking program containing VERTEX minecraft:core/terrain, FRAGMENT minecraft:core/terrain. Log output: WARNING: Output of vertex shader '_interface_variable_01' not read by fragment shader
WARNING: Output of vertex shader '_interface_variable_00' not read by fragment shader
WARNING: Output of vertex shader '_interface_variable_04' not read by fragment shader

[16:30:30] [Render thread/INFO]: Info log when linking program containing VERTEX minecraft:core/animate_sprite, FRAGMENT minecraft:core/animate_sprite_blit. Log output: WARNING: Output of vertex shader '_interface_variable_00' not read by fragment shader

[16:30:30] [Render thread/INFO]: Info log when linking program containing VERTEX minecraft:core/entity, FRAGMENT minecraft:core/entity. Log output: WARNING: Output of vertex shader '_interface_variable_01' not read by fragment shader
WARNING: Output of vertex shader '_interface_variable_00' not read by fragment shader

[16:30:30] [Render thread/INFO]: Info log when linking program containing VERTEX minecraft:core/entity, FRAGMENT minecraft:core/entity. Log output: WARNING: Output of vertex shader '_interface_variable_01' not read by fragment shader
WARNING: Output of vertex shader '_interface_variable_00' not read by fragment shader

[16:30:30] [Render thread/INFO]: Info log when linking program containing VERTEX minecraft:core/particle, FRAGMENT minecraft:core/particle. Log output: WARNING: Output of vertex shader '_interface_variable_01' not read by fragment shader
WARNING: Output of vertex shader '_interface_variable_00' not read by fragment shader

[16:30:30] [Render thread/INFO]: Info log when linking program containing VERTEX minecraft:core/entity, FRAGMENT minecraft:core/entity. Log output: WARNING: Output of vertex shader '_interface_variable_01' not read by fragment shader
WARNING: Output of vertex shader '_interface_variable_00' not read by fragment shader

[16:30:30] [Render thread/INFO]: Info log when linking program containing VERTEX minecraft:core/clouds, FRAGMENT minecraft:core/clouds. Log output: WARNING: Output of vertex shader '_interface_variable_00' not read by fragment shader

[16:30:30] [Render thread/INFO]: Info log when linking program containing VERTEX minecraft:core/block, FRAGMENT minecraft:core/block. Log output: WARNING: Output of vertex shader '_interface_variable_01' not read by fragment shader
WARNING: Output of vertex shader '_interface_variable_00' not read by fragment shader

[16:30:30] [Render thread/INFO]: Info log when linking program containing VERTEX minecraft:core/screenquad, FRAGMENT minecraft:core/oit_depth_bounds_cull. Log output: WARNING: Output of vertex shader '_interface_variable_00' not read by fragment shader

[16:30:30] [Render thread/INFO]: Info log when linking program containing VERTEX minecraft:core/text, FRAGMENT minecraft:core/text. Log output: WARNING: Output of vertex shader '_interface_variable_01' not read by fragment shader
WARNING: Output of vertex shader '_interface_variable_00' not read by fragment shader

[16:30:30] [Render thread/INFO]: Info log when linking program containing VERTEX minecraft:core/text, FRAGMENT minecraft:core/text. Log output: WARNING: Output of vertex shader '_interface_variable_01' not read by fragment shader
WARNING: Output of vertex shader '_interface_variable_00' not read by fragment shader

[16:30:30] [Render thread/INFO]: Info log when linking program containing VERTEX minecraft:core/text, FRAGMENT minecraft:core/text. Log output: WARNING: Output of vertex shader '_interface_variable_01' not read by fragment shader
WARNING: Output of vertex shader '_interface_variable_00' not read by fragment shader

[16:30:30] [Render thread/INFO]: Info log when linking program containing VERTEX minecraft:core/entity, FRAGMENT minecraft:core/entity. Log output: WARNING: Output of vertex shader '_interface_variable_01' not read by fragment shader
WARNING: Output of vertex shader '_interface_variable_00' not read by fragment shader

[16:30:30] [Render thread/INFO]: Info log when linking program containing VERTEX minecraft:core/terrain, FRAGMENT minecraft:core/terrain. Log output: WARNING: Output of vertex shader '_interface_variable_01' not read by fragment shader
WARNING: Output of vertex shader '_interface_variable_00' not read by fragment shader
WARNING: Output of vertex shader '_interface_variable_04' not read by fragment shader

[16:30:30] [Render thread/INFO]: Info log when linking program containing VERTEX minecraft:core/text, FRAGMENT minecraft:core/text. Log output: WARNING: Output of vertex shader '_interface_variable_01' not read by fragment shader
WARNING: Output of vertex shader '_interface_variable_00' not read by fragment shader

[16:30:30] [Render thread/INFO]: Info log when linking program containing VERTEX minecraft:core/clouds, FRAGMENT minecraft:core/clouds. Log output: WARNING: Output of vertex shader '_interface_variable_00' not read by fragment shader

[16:30:30] [Render thread/INFO]: Info log when linking program containing VERTEX minecraft:core/rendertype_lines, FRAGMENT minecraft:core/rendertype_lines. Log output: WARNING: Output of vertex shader '_interface_variable_01' not read by fragment shader
WARNING: Output of vertex shader '_interface_variable_00' not read by fragment shader

[16:30:30] [Render thread/INFO]: Info log when linking program containing VERTEX minecraft:core/rendertype_entity_shadow, FRAGMENT minecraft:core/rendertype_entity_shadow. Log output: WARNING: Output of vertex shader '_interface_variable_01' not read by fragment shader
WARNING: Output of vertex shader '_interface_variable_00' not read by fragment shader

[16:30:30] [Render thread/INFO]: Info log when linking program containing VERTEX minecraft:core/entity, FRAGMENT minecraft:core/entity. Log output: WARNING: Output of vertex shader '_interface_variable_01' not read by fragment shader
WARNING: Output of vertex shader '_interface_variable_00' not read by fragment shader

[16:30:30] [Render thread/INFO]: Info log when linking program containing VERTEX minecraft:core/particle, FRAGMENT minecraft:core/particle. Log output: WARNING: Output of vertex shader '_interface_variable_01' not read by fragment shader
WARNING: Output of vertex shader '_interface_variable_00' not read by fragment shader

[16:30:30] [Render thread/INFO]: Info log when linking program containing VERTEX minecraft:core/text, FRAGMENT minecraft:core/text. Log output: WARNING: Output of vertex shader '_interface_variable_01' not read by fragment shader
WARNING: Output of vertex shader '_interface_variable_00' not read by fragment shader

[16:30:30] [Render thread/INFO]: Info log when linking program containing VERTEX minecraft:core/entity, FRAGMENT minecraft:core/entity. Log output: WARNING: Output of vertex shader '_interface_variable_01' not read by fragment shader
WARNING: Output of vertex shader '_interface_variable_00' not read by fragment shader

[16:30:30] [Render thread/INFO]: Info log when linking program containing VERTEX minecraft:core/entity, FRAGMENT minecraft:core/entity. Log output: WARNING: Output of vertex shader '_interface_variable_01' not read by fragment shader
WARNING: Output of vertex shader '_interface_variable_00' not read by fragment shader

[16:30:30] [Render thread/INFO]: Info log when linking program containing VERTEX minecraft:core/particle, FRAGMENT minecraft:core/particle. Log output: WARNING: Output of vertex shader '_interface_variable_01' not read by fragment shader
WARNING: Output of vertex shader '_interface_variable_00' not read by fragment shader

[16:30:30] [Render thread/INFO]: Info log when linking program containing VERTEX minecraft:core/rendertype_crumbling, FRAGMENT minecraft:core/rendertype_crumbling. Log output: WARNING: Output of vertex shader '_interface_variable_01' not read by fragment shader
WARNING: Output of vertex shader '_interface_variable_00' not read by fragment shader

[16:30:30] [Render thread/INFO]: Info log when linking program containing VERTEX minecraft:core/entity, FRAGMENT minecraft:core/entity. Log output: WARNING: Output of vertex shader '_interface_variable_01' not read by fragment shader
WARNING: Output of vertex shader '_interface_variable_00' not read by fragment shader

[16:30:30] [Render thread/INFO]: Info log when linking program containing VERTEX minecraft:core/text, FRAGMENT minecraft:core/text. Log output: WARNING: Output of vertex shader '_interface_variable_01' not read by fragment shader
WARNING: Output of vertex shader '_interface_variable_00' not read by fragment shader

[16:30:30] [Render thread/INFO]: OpenAL initialized on device Mac mini扬声器
[16:30:30] [Render thread/INFO]: Sound engine started
[16:30:30] [Render thread/INFO]: Created: 512x256x0 minecraft:textures/atlas/particles.png-atlas
[16:30:30] [Render thread/INFO]: Created: 256x128x0 minecraft:textures/atlas/celestials.png-atlas
[16:30:30] [Render thread/INFO]: Created: 128x128x0 minecraft:textures/atlas/decorated_pot.png-atlas
[16:30:30] [Render thread/INFO]: Created: 512x256x0 minecraft:textures/atlas/paintings.png-atlas
[16:30:30] [Render thread/INFO]: Created: 1024x512x0 minecraft:textures/atlas/shield_patterns.png-atlas
[16:30:30] [Render thread/INFO]: Created: 1024x512x0 minecraft:textures/atlas/banner_patterns.png-atlas
[16:30:30] [Render thread/INFO]: Created: 2048x2048x4 minecraft:textures/atlas/blocks.png-atlas
[16:30:30] [Render thread/INFO]: Created: 1024x512x0 minecraft:textures/atlas/items.png-atlas
[16:30:30] [Render thread/INFO]: Created: 1024x1024x0 minecraft:textures/atlas/gui.png-atlas
[16:30:30] [Render thread/INFO]: Created: 128x64x0 minecraft:textures/atlas/map_decorations.png-atlas
[16:30:30] [Render thread/INFO]: Created: 512x512x0 minecraft:textures/atlas/chest.png-atlas
[16:30:30] [Render thread/INFO]: Created: 512x512x0 minecraft:textures/atlas/shulker_boxes.png-atlas
[16:30:31] [Test thread/INFO]: [STDOUT]: WILDCRAFT P8 native placement/input/button replay, real disk paid job, actual mining/single carried loot/replacement, same output, full inventory and single collection passed
[16:30:31] [Worker-Main-3/INFO]: Loaded 1872 advancements
[16:30:31] [Render thread/INFO]: World loading finished: null screen: net.minecraft.client.gui.screens.GenericMessageScreen@417cc725
[16:30:31] [Render thread/INFO]: Applied 0 biome modifications to 0 of 67 new biomes in 175.2 μs
[16:30:31] [Server thread/INFO]: Starting integrated minecraft server version 26.3
[16:30:31] [Server thread/INFO]: Generating keypair
[16:30:31] [Server thread/INFO]: Selecting global world spawn...
[16:30:31] [Server thread/INFO]: Loading 0 persistent chunks...
[16:30:31] [Server thread/INFO]: Preparing spawn area: 16%
[16:30:31] [Server thread/INFO]: Saving chunks for level 'ServerLevel[New World]'/minecraft:overworld
[16:30:31] [Server thread/INFO]: Saving chunks for level 'ServerLevel[New World]'/minecraft:the_end
[16:30:31] [Server thread/INFO]: Saving chunks for level 'ServerLevel[New World]'/minecraft:the_nether
[16:30:31] [Render thread/INFO]: World loading finished: null screen: net.minecraft.client.gui.screens.LevelLoadingScreen@5614d66a
[16:30:31] [Render thread/INFO]: World loading finished: null screen: net.minecraft.client.gui.screens.LevelLoadingScreen@5614d66a
[16:30:31] [Render thread/INFO]: World loading finished: null screen: net.minecraft.client.gui.screens.LevelLoadingScreen@5614d66a
[16:30:31] [Render thread/INFO]: World loading finished: null screen: net.minecraft.client.gui.screens.LevelLoadingScreen@5614d66a
[16:30:31] [Render thread/INFO]: World loading finished: null screen: net.minecraft.client.gui.screens.LevelLoadingScreen@5614d66a
[16:30:32] [Render thread/INFO]: World loading finished: null screen: net.minecraft.client.gui.screens.LevelLoadingScreen@5614d66a
[16:30:32] [Render thread/INFO]: World loading finished: null screen: net.minecraft.client.gui.screens.LevelLoadingScreen@5614d66a
[16:30:32] [Render thread/INFO]: World loading finished: null screen: net.minecraft.client.gui.screens.LevelLoadingScreen@5614d66a
[16:30:32] [Render thread/INFO]: World loading finished: null screen: net.minecraft.client.gui.screens.LevelLoadingScreen@5614d66a
[16:30:32] [Render thread/INFO]: World loading finished: null screen: net.minecraft.client.gui.screens.LevelLoadingScreen@5614d66a
[16:30:32] [Render thread/INFO]: World loading finished: null screen: net.minecraft.client.gui.screens.LevelLoadingScreen@5614d66a
[16:30:32] [Render thread/INFO]: World loading finished: null screen: net.minecraft.client.gui.screens.LevelLoadingScreen@5614d66a
[16:30:32] [Render thread/INFO]: World loading finished: null screen: net.minecraft.client.gui.screens.LevelLoadingScreen@5614d66a
[16:30:32] [Render thread/INFO]: World loading finished: null screen: net.minecraft.client.gui.screens.LevelLoadingScreen@5614d66a
[16:30:32] [Render thread/INFO]: World loading finished: null screen: net.minecraft.client.gui.screens.LevelLoadingScreen@5614d66a
[16:30:32] [Render thread/INFO]: World loading finished: null screen: net.minecraft.client.gui.screens.LevelLoadingScreen@5614d66a
[16:30:32] [Render thread/INFO]: World loading finished: null screen: net.minecraft.client.gui.screens.LevelLoadingScreen@5614d66a
[16:30:32] [Render thread/INFO]: World loading finished: null screen: net.minecraft.client.gui.screens.LevelLoadingScreen@5614d66a
[16:30:32] [Render thread/INFO]: World loading finished: null screen: net.minecraft.client.gui.screens.LevelLoadingScreen@5614d66a
[16:30:32] [Render thread/INFO]: World loading finished: null screen: net.minecraft.client.gui.screens.LevelLoadingScreen@5614d66a
[16:30:32] [Render thread/INFO]: World loading finished: null screen: net.minecraft.client.gui.screens.LevelLoadingScreen@5614d66a
[16:30:32] [Render thread/INFO]: World loading finished: null screen: net.minecraft.client.gui.screens.LevelLoadingScreen@5614d66a
[16:30:32] [Render thread/INFO]: World loading finished: null screen: net.minecraft.client.gui.screens.LevelLoadingScreen@5614d66a
[16:30:32] [Render thread/INFO]: World loading finished: null screen: net.minecraft.client.gui.screens.LevelLoadingScreen@5614d66a
[16:30:32] [Render thread/INFO]: World loading finished: null screen: net.minecraft.client.gui.screens.LevelLoadingScreen@5614d66a
[16:30:33] [Render thread/INFO]: World loading finished: null screen: net.minecraft.client.gui.screens.LevelLoadingScreen@5614d66a
[16:30:33] [Render thread/INFO]: World loading finished: null screen: net.minecraft.client.gui.screens.LevelLoadingScreen@5614d66a
[16:30:33] [Render thread/INFO]: World loading finished: null screen: net.minecraft.client.gui.screens.LevelLoadingScreen@5614d66a
[16:30:33] [Render thread/INFO]: World loading finished: null screen: net.minecraft.client.gui.screens.LevelLoadingScreen@5614d66a
[16:30:33] [Render thread/INFO]: World loading finished: null screen: net.minecraft.client.gui.screens.LevelLoadingScreen@5614d66a
[16:30:33] [Render thread/INFO]: World loading finished: null screen: net.minecraft.client.gui.screens.LevelLoadingScreen@5614d66a
[16:30:33] [Render thread/INFO]: World loading finished: null screen: net.minecraft.client.gui.screens.LevelLoadingScreen@5614d66a
[16:30:33] [Render thread/INFO]: World loading finished: null screen: net.minecraft.client.gui.screens.LevelLoadingScreen@5614d66a
[16:30:33] [Render thread/INFO]: World loading finished: null screen: net.minecraft.client.gui.screens.LevelLoadingScreen@5614d66a
[16:30:33] [Server thread/INFO]: Loading 48 chunks for player spawn...
[16:30:33] [Server thread/INFO]: Preparing spawn area: 16%
[16:30:33] [Render thread/INFO]: World loading finished: null screen: net.minecraft.client.gui.screens.LevelLoadingScreen@5614d66a
[16:30:33] [Server thread/INFO]: Preparing spawn area: 16%
[16:30:33] [Render thread/INFO]: World loading finished: null screen: net.minecraft.client.gui.screens.LevelLoadingScreen@5614d66a
[16:30:33] [Server thread/INFO]: Preparing spawn area: 58%
[16:30:33] [Render thread/INFO]: World loading finished: null screen: net.minecraft.client.gui.screens.LevelLoadingScreen@5614d66a
[16:30:33] [Render thread/INFO]: World loading finished: null screen: net.minecraft.client.gui.screens.LevelLoadingScreen@5614d66a
[16:30:33] [Server thread/INFO]: Preparing spawn area: 100%
[16:30:33] [Server thread/INFO]: Time elapsed: 2027 ms
[16:30:33] [Render thread/INFO]: World loading finished: null screen: net.minecraft.client.gui.screens.LevelLoadingScreen@5614d66a
[16:30:33] [Server thread/INFO]: Player164[local:E:3f0e8e2b] logged in with entity id 132 at (0.5, -60.0, 0.5)
[16:30:33] [Server thread/INFO]: System chat: Player164 joined the game
[16:30:33] [Server thread/INFO]: Changing view distance to 5, from 10
[16:30:33] [Server thread/INFO]: Changing simulation distance to 12, from 0
[16:30:33] [Render thread/INFO]: World loading finished: null screen: net.minecraft.client.gui.screens.LevelLoadingScreen@5614d66a
[16:30:33] [Render thread/INFO]: Loaded 2 advancements
[16:30:33] [Render thread/INFO]: World loading finished: ClientLevel screen: net.minecraft.client.gui.screens.LevelLoadingScreen@5614d66a
[16:30:33] [Render thread/WARN]: Requested post effect does not exist: minecraft:end_of_frame
[16:30:33] [Render thread/INFO]: World loading finished: ClientLevel screen: net.minecraft.client.gui.screens.LevelLoadingScreen@5614d66a
[16:30:33] [Render thread/INFO]: World loading finished: ClientLevel screen: net.minecraft.client.gui.screens.LevelLoadingScreen@5614d66a
[16:30:33] [Render thread/INFO]: World loading finished: ClientLevel screen: net.minecraft.client.gui.screens.LevelLoadingScreen@5614d66a
[16:30:33] [Render thread/INFO]: World loading finished: ClientLevel screen: net.minecraft.client.gui.screens.LevelLoadingScreen@5614d66a
[16:30:34] [Render thread/INFO]: World loading finished: ClientLevel screen: net.minecraft.client.gui.screens.LevelLoadingScreen@5614d66a
[16:30:34] [Render thread/INFO]: World loading finished: ClientLevel screen: net.minecraft.client.gui.screens.LevelLoadingScreen@5614d66a
[16:30:34] [Render thread/INFO]: World loading finished: ClientLevel screen: net.minecraft.client.gui.screens.LevelLoadingScreen@5614d66a
[16:30:34] [Render thread/INFO]: World loading finished: ClientLevel screen: net.minecraft.client.gui.screens.LevelLoadingScreen@5614d66a
[16:30:34] [Render thread/INFO]: World loading finished: ClientLevel screen: net.minecraft.client.gui.screens.LevelLoadingScreen@5614d66a
[16:30:34] [Render thread/INFO]: World loading finished: ClientLevel screen: net.minecraft.client.gui.screens.LevelLoadingScreen@5614d66a
[16:30:34] [Render thread/INFO]: World loading finished: ClientLevel screen: net.minecraft.client.gui.screens.LevelLoadingScreen@5614d66a
[16:30:34] [Render thread/INFO]: World loading finished: ClientLevel screen: net.minecraft.client.gui.screens.LevelLoadingScreen@5614d66a
[16:30:34] [Render thread/INFO]: World loading finished: ClientLevel screen: net.minecraft.client.gui.screens.LevelLoadingScreen@5614d66a
[16:30:34] [Render thread/INFO]: World loading finished: ClientLevel screen: net.minecraft.client.gui.screens.LevelLoadingScreen@5614d66a
[16:30:34] [Render thread/INFO]: World loading finished: ClientLevel screen: net.minecraft.client.gui.screens.LevelLoadingScreen@5614d66a
[16:30:34] [Render thread/INFO]: World loading finished: ClientLevel screen: null
[16:30:35] [Render thread/INFO]: Loaded 21 advancements
[16:30:38] [Server thread/INFO]: Player164 lost connection: Disconnected
[16:30:38] [Server thread/INFO]: System chat: Player164 left the game
[16:30:38] [Server thread/INFO]: Stopping singleplayer server as player logged out
[16:30:38] [Server thread/INFO]: Stopping server
[16:30:38] [Server thread/INFO]: Saving players
[16:30:38] [Server thread/INFO]: Saving worlds
[16:30:38] [Server thread/INFO]: Saving chunks for level 'ServerLevel[New World]'/minecraft:overworld
[16:30:39] [Server thread/INFO]: Saving chunks for level 'ServerLevel[New World]'/minecraft:the_end
[16:30:39] [Server thread/INFO]: Saving chunks for level 'ServerLevel[New World]'/minecraft:the_nether
[16:30:39] [Render thread/INFO]: World loading finished: null screen: net.minecraft.client.gui.screens.GenericMessageScreen@4d052718
[16:30:39] [Worker-Main-7/INFO]: Loaded 1872 advancements
[16:30:39] [Render thread/INFO]: Applied 0 biome modifications to 0 of 67 new biomes in 454.3 μs
[16:30:39] [Server thread/INFO]: Starting integrated minecraft server version 26.3
[16:30:39] [Server thread/INFO]: Generating keypair
[16:30:39] [Server thread/INFO]: Loading 0 persistent chunks...
[16:30:39] [Server thread/INFO]: Preparing spawn area: 16%
[16:30:39] [Server thread/INFO]: Saving chunks for level 'ServerLevel[New World]'/minecraft:overworld
[16:30:39] [Server thread/INFO]: Saving chunks for level 'ServerLevel[New World]'/minecraft:the_end
[16:30:39] [Server thread/INFO]: Saving chunks for level 'ServerLevel[New World]'/minecraft:the_nether
[16:30:39] [Render thread/INFO]: World loading finished: null screen: net.minecraft.client.gui.screens.LevelLoadingScreen@454dc9d6
[16:30:39] [Render thread/INFO]: World loading finished: null screen: net.minecraft.client.gui.screens.LevelLoadingScreen@454dc9d6
[16:30:39] [Render thread/INFO]: World loading finished: null screen: net.minecraft.client.gui.screens.LevelLoadingScreen@454dc9d6
[16:30:39] [Render thread/INFO]: World loading finished: null screen: net.minecraft.client.gui.screens.LevelLoadingScreen@454dc9d6
[16:30:39] [Server thread/INFO]: Loading 49 chunks for player spawn...
[16:30:39] [Render thread/INFO]: World loading finished: null screen: net.minecraft.client.gui.screens.LevelLoadingScreen@454dc9d6
[16:30:39] [Server thread/INFO]: Time elapsed: 279 ms
[16:30:39] [Render thread/INFO]: World loading finished: null screen: net.minecraft.client.gui.screens.LevelLoadingScreen@454dc9d6
[16:30:39] [Server thread/INFO]: Player164[local:E:480e9523] logged in with entity id 135 at (0.5, 120.0, 0.5)
[16:30:39] [Server thread/INFO]: System chat: Player164 joined the game
[16:30:39] [Server thread/INFO]: Changing view distance to 5, from 10
[16:30:39] [Server thread/INFO]: Changing simulation distance to 12, from 0
[16:30:39] [Render thread/INFO]: World loading finished: ClientLevel screen: net.minecraft.client.gui.screens.LevelLoadingScreen@454dc9d6
[16:30:39] [Render thread/INFO]: Loaded 21 advancements
[16:30:40] [Render thread/INFO]: World loading finished: ClientLevel screen: net.minecraft.client.gui.screens.LevelLoadingScreen@454dc9d6
[16:30:40] [Render thread/INFO]: World loading finished: ClientLevel screen: net.minecraft.client.gui.screens.LevelLoadingScreen@454dc9d6
[16:30:40] [Render thread/INFO]: World loading finished: ClientLevel screen: net.minecraft.client.gui.screens.LevelLoadingScreen@454dc9d6
[16:30:40] [Render thread/INFO]: World loading finished: ClientLevel screen: null
[16:30:41] [Render thread/INFO]: Loaded 40 advancements
[16:30:45] [Render thread/INFO]: Loaded 43 advancements
[16:30:47] [Server thread/INFO]: System chat: Player164 has made the advancement [Take Aim]
[16:30:47] [Render thread/INFO]: [System] [CHAT] Player164 has made the advancement [Take Aim]
[16:30:47] [Render thread/INFO]: Loaded 48 advancements
[16:30:48] [Server thread/INFO]: Player164 lost connection: Disconnected
[16:30:48] [Server thread/INFO]: System chat: Player164 left the game
[16:30:48] [Server thread/INFO]: Stopping singleplayer server as player logged out
[16:30:48] [Server thread/INFO]: Stopping server
[16:30:48] [Server thread/INFO]: Saving players
[16:30:48] [Server thread/INFO]: Saving worlds
[16:30:48] [Server thread/INFO]: Saving chunks for level 'ServerLevel[New World]'/minecraft:overworld
[16:30:48] [Server thread/INFO]: Saving chunks for level 'ServerLevel[New World]'/minecraft:the_end
[16:30:48] [Server thread/INFO]: Saving chunks for level 'ServerLevel[New World]'/minecraft:the_nether
[16:30:48] [Test thread/INFO]: [STDOUT]: WILDCRAFT P9 native V/sneak split, replay, private projection, actual attack/back, native chest hash transaction, disk reload, full inventory, worn material, drop/pickup and Infinity arrow once passed
[16:30:48] [Render thread/INFO]: Stopping!

[Incubating] Problems report is available at: file:///Volumes/%E4%BB%95%E4%BA%8B/Wildcraft/%E5%BC%80%E5%8F%91%E7%8E%AF%E5%A2%83/cache/builds/f51c43e6462c/reports/problems/problems-report.html

BUILD SUCCESSFUL in 5m 49s
15 actionable tasks: 6 executed, 9 up-to-date
