
> Configure project :
Fabric Loom: 1.18.2

> Task :deleteGameTestRunDir
> Task :acceptGameTestEula
> Task :acceptPackagedClientTestEula UP-TO-DATE
> Task :downloadAssets UP-TO-DATE
> Task :compileJava UP-TO-DATE
> Task :processResources UP-TO-DATE
> Task :classes UP-TO-DATE
> Task :compileClientJava UP-TO-DATE
> Task :processClientResources UP-TO-DATE
> Task :clientClasses UP-TO-DATE
> Task :compileGametestJava UP-TO-DATE
> Task :processGametestResources UP-TO-DATE
> Task :gametestClasses UP-TO-DATE
> Task :gameTestJar UP-TO-DATE
> Task :processIncludeJars UP-TO-DATE
> Task :jar UP-TO-DATE

> Task :runPackagedClientTest
[15:32:17] [main/INFO]: Loading Minecraft 26.3 with Fabric Loader 0.19.5
[15:32:17] [main/INFO]: Mappings not present!
[15:32:17] [main/INFO]: Loading 53 mods:
	- fabric-advancement-api-v1 1.0.0+38c7a2d55d
	- fabric-api 0.161.0+26.3
	- fabric-api-base 2.0.6+fcdff87f5d
	- fabric-api-lookup-api-v1 2.0.24+3434d6d95d
	- fabric-biome-api-v1 20.0.9+74ed1ea55d
	- fabric-block-api-v1 3.1.0+0ae6f9115d
	- fabric-block-getter-api-v2 2.0.9+3434d6d95d
	- fabric-client-gametest-api-v1 6.0.7+4be74c3f5d
	- fabric-command-api-v2 3.1.2+fcdff87f5d
	- fabric-content-registries-v0 15.0.4+74ed1ea55d
	- fabric-convention-tags-v2 4.10.3+6b5b47fd5d
	- fabric-crash-report-info-v1 1.0.7+fcdff87f5d
	- fabric-creative-tab-api-v1 5.0.21+fcdff87f5d
	- fabric-data-attachment-api-v1 2.2.30+3434d6d95d
	- fabric-data-generation-api-v1 27.2.4+427eab975d
	- fabric-debug-api-v1 1.0.4+3434d6d95d
	- fabric-dimensions-v1 5.1.19+47f74c985d
	- fabric-entity-events-v1 6.0.4+3434d6d95d
	- fabric-events-interaction-v0 5.3.6+3434d6d95d
	- fabric-game-rule-api-v1 4.0.10+3434d6d95d
	- fabric-gametest-api-v1 4.0.32+3434d6d95d
	- fabric-item-api-v1 14.7.0+cf6bc2db5d
	- fabric-key-mapping-api-v1 2.0.8+3434d6d95d
	- fabric-lifecycle-events-v1 4.1.9+ffef5f675d
	- fabric-loot-api-v3 4.0.8+4068fd645d
	- fabric-menu-api-v1 2.0.27+ed66f0a35d
	- fabric-message-api-v1 7.0.10+3434d6d95d
	- fabric-model-loading-api-v1 8.0.35+fcdff87f5d
	- fabric-networking-api-v1 6.3.8+fcdff87f5d
	- fabric-object-builder-api-v1 24.1.9+3434d6d95d
	- fabric-particles-v1 5.0.24+3434d6d95d
	- fabric-permission-api-v1 1.0.8+fcdff87f5d
	- fabric-recipe-api-v1 10.0.8+fcdff87f5d
	- fabric-registry-sync-v0 8.0.1+fcdff87f5d
	- fabric-renderer-api-v1 17.0.15+79385d0b5d
	- fabric-renderer-indigo 9.1.23+b9d63e335d
	- fabric-rendering-fluids-v1 6.0.6+3434d6d95d
	- fabric-rendering-v1 27.0.14+901a437c5d
	- fabric-resource-conditions-api-v1 6.1.5+3434d6d95d
	- fabric-resource-loader-v0 3.3.26+4fc5413f5d
	- fabric-resource-loader-v1 3.0.4+fcdff87f5d
	- fabric-screen-api-v1 5.2.4+48607d035d
	- fabric-serialization-api-v1 2.0.7+74ed1ea55d
	- fabric-sound-api-v1 2.0.7+3434d6d95d
	- fabric-tag-api-v1 2.1.10+fcdff87f5d
	- fabric-transfer-api-v1 8.0.25+fcdff87f5d
	- fabric-transitive-access-wideners-v1 8.1.16+52268a0e5d
	- fabricloader 0.19.5
	   \-- mixinextras 0.5.5
	- java 25
	- minecraft 26.3
	- wildcraft 0.1.0-dev.13
	- wildcraft-test 1.0.0
[15:32:17] [main/INFO]: SpongePowered MIXIN Subsystem Version=0.8.7 Source=file:/Volumes/%e4%bb%95%e4%ba%8b/Wildcraft/%e5%bc%80%e5%8f%91%e7%8e%af%e5%a2%83/cache/gradle/caches/modules-2/files-2.1/net.fabricmc/sponge-mixin/0.17.4+mixin.0.8.7/5f66cc9f59b8efaa942155a3d5a30599bf6640dd/sponge-mixin-0.17.4+mixin.0.8.7.jar Service=Knot/Fabric Env=CLIENT
WARNING: A restricted method in java.lang.System has been called
WARNING: java.lang.System::load has been called by org.lwjgl.system.Library$$Lambda/0x000007fc0129fd20 in an unnamed module (file:/Volumes/%E4%BB%95%E4%BA%8B/Wildcraft/%E5%BC%80%E5%8F%91%E7%8E%AF%E5%A2%83/cache/gradle/caches/modules-2/files-2.1/org.lwjgl/lwjgl/3.4.3/7ab5265a73d8a959ed62332d546536ae6be2f0d5/lwjgl-3.4.3.jar)
WARNING: Use --enable-native-access=ALL-UNNAMED to avoid a warning for callers in this module
WARNING: Restricted methods will be blocked in a future release unless native access is enabled

WARNING: A terminally deprecated method in sun.misc.Unsafe has been called
WARNING: sun.misc.Unsafe::objectFieldOffset has been called by org.lwjgl.system.MemoryBackendUnsafeLegacy (file:/Volumes/%E4%BB%95%E4%BA%8B/Wildcraft/%E5%BC%80%E5%8F%91%E7%8E%AF%E5%A2%83/cache/gradle/caches/modules-2/files-2.1/org.lwjgl/lwjgl/3.4.3/7ab5265a73d8a959ed62332d546536ae6be2f0d5/lwjgl-3.4.3.jar)
WARNING: Please consider reporting this to the maintainers of class org.lwjgl.system.MemoryBackendUnsafeLegacy
WARNING: sun.misc.Unsafe::objectFieldOffset will be removed in a future release
[15:32:18] [main/INFO]: Initializing MixinExtras via com.llamalad7.mixinextras.service.MixinExtrasServiceImpl(version=0.5.5).
[15:32:19] [Datafixer Bootstrap #0/INFO]: 307 Datafixer optimizations took 238 milliseconds
[15:32:20] [main/WARN]: Unable to parse version 27.0 to a codename.
[15:32:23] [Render thread/INFO]: Environment: Environment[discoveryUrl=https://discovery.minecraftservices.com/minecraft/client, name=PROD]
[15:32:23] [Render thread/INFO]: Setting user: Player235
[15:32:23] [Render thread/INFO]: Wildcraft P8 initialization complete; fabrication, mechanics, energy, cooking, temperature and traversal registered.
[15:32:23] [Render thread/INFO]: [Indigo] Registering Indigo renderer!
[15:32:24] [Render thread/INFO]: Wildcraft core art v1 client initialization complete; HUD, authored poses, traversal and equipment layers registered.
[15:32:24] [Render thread/ERROR]: Illegal option value 0 for Anisotropic Filtering
[15:32:24] [Render thread/INFO]: Backend library: LWJGL version 3.4.3-snapshot
[15:32:24] [Render thread/INFO]: SDL [SYSTEM]: App name: Minecraft
[15:32:24] [Render thread/INFO]: SDL [SYSTEM]: App version: 26.3
[15:32:24] [Render thread/INFO]: SDL [SYSTEM]: App ID: com.mojang.minecraft
[15:32:24] [Render thread/INFO]: SDL [SYSTEM]: SDL revision: SDL-3.4.14-62f10da
[15:32:24] [Render thread/WARN]: Device [Apple M4] supports all extensions from FeatureSet [Vulkan Portability Subset], making required
[15:32:24] [Render thread/INFO]: Using graphics backend OpenGL, using drivers: 4.1 Metal - 91.7
[15:32:24] [Render thread/INFO]: Using graphics device: Apple M4 (Apple)
[15:32:24] [Render thread/INFO]: Using graphics device extensions: GL_ARB_draw_indirect, GL_EXT_texture_filter_anisotropic
[15:32:24] [Render thread/INFO]: Created window using SDL video driver: cocoa
[15:32:26] [Download-2/ERROR]: Failed to fetch user properties
com.mojang.authlib.exceptions.InvalidCredentialsException: Status: 401
	at knot//com.mojang.authlib.exceptions.MinecraftClientHttpException.toAuthenticationException(MinecraftClientHttpException.java:70)
	at knot//com.mojang.authlib.services.MinecraftServicesUserApiService.fetchProperties(MinecraftServicesUserApiService.java:168)
	at knot//net.minecraft.client.Minecraft.lambda$new$1(Minecraft.java:451)
	at java.base/java.util.concurrent.CompletableFuture$AsyncSupply.run(CompletableFuture.java:1789)
	at java.base/java.util.concurrent.ThreadPoolExecutor.runWorker(ThreadPoolExecutor.java:1090)
	at java.base/java.util.concurrent.ThreadPoolExecutor$Worker.run(ThreadPoolExecutor.java:614)
	at java.base/java.lang.Thread.run(Thread.java:1474)
Caused by: MinecraftClientHttpException[type=HTTP_ERROR, status=401, response=ErrorResponse[path=/player/attributes, error=null, errorMessage=null, details=null]]
	at knot//com.mojang.authlib.minecraft.client.MinecraftClient.buildHttpException(MinecraftClient.java:170)
	at knot//com.mojang.authlib.minecraft.client.MinecraftClient.readServiceResponse(MinecraftClient.java:147)
	at knot//com.mojang.authlib.minecraft.client.MinecraftClient.getWithEtag(MinecraftClient.java:81)
	at knot//com.mojang.authlib.minecraft.client.MinecraftClient.get(MinecraftClient.java:65)
	at knot//com.mojang.authlib.services.MinecraftServicesUserApiService.fetchProperties(MinecraftServicesUserApiService.java:118)
	... 5 more
[15:32:26] [Render thread/INFO]: Reloading ResourceManager: vanilla, vanilla, fabric-advancement-api-v1, fabric-api, fabric-api-base, fabric-api-lookup-api-v1, fabric-biome-api-v1, fabric-block-api-v1, fabric-block-getter-api-v2, fabric-client-gametest-api-v1, fabric-command-api-v2, fabric-content-registries-v0, fabric-convention-tags-v2, fabric-crash-report-info-v1, fabric-creative-tab-api-v1, fabric-data-attachment-api-v1, fabric-data-generation-api-v1, fabric-debug-api-v1, fabric-dimensions-v1, fabric-entity-events-v1, fabric-events-interaction-v0, fabric-game-rule-api-v1, fabric-gametest-api-v1, fabric-item-api-v1, fabric-key-mapping-api-v1, fabric-lifecycle-events-v1, fabric-loot-api-v3, fabric-menu-api-v1, fabric-message-api-v1, fabric-model-loading-api-v1, fabric-networking-api-v1, fabric-object-builder-api-v1, fabric-particles-v1, fabric-permission-api-v1, fabric-recipe-api-v1, fabric-registry-sync-v0, fabric-renderer-api-v1, fabric-renderer-indigo, fabric-rendering-fluids-v1, fabric-rendering-v1, fabric-resource-conditions-api-v1, fabric-resource-loader-v0, fabric-resource-loader-v1, fabric-screen-api-v1, fabric-serialization-api-v1, fabric-sound-api-v1, fabric-tag-api-v1, fabric-transfer-api-v1, fabric-transitive-access-wideners-v1, fabricloader, wildcraft, wildcraft-test
UNSUPPORTED (log once): gldCopyBufferSubData: NEEDS IMPLEMENTATION
[15:32:27] [Worker-Main-1/INFO]: Found unifont_all_no_pua-17.0.01.hex, loading
[15:32:27] [Worker-Main-2/INFO]: Found unifont_pua-17.0.01.hex, loading
[15:32:27] [Worker-Main-9/INFO]: Found unifont_jp_patch-17.0.01.hex, loading
[15:32:27] [Render thread/INFO]: Info log when linking program containing VERTEX minecraft:core/terrain, FRAGMENT minecraft:core/terrain. Log output: WARNING: Output of vertex shader '_interface_variable_01' not read by fragment shader
WARNING: Output of vertex shader '_interface_variable_00' not read by fragment shader
WARNING: Output of vertex shader '_interface_variable_04' not read by fragment shader

[15:32:27] [Render thread/INFO]: Info log when linking program containing VERTEX minecraft:core/rendertype_crumbling, FRAGMENT minecraft:core/rendertype_crumbling. Log output: WARNING: Output of vertex shader '_interface_variable_01' not read by fragment shader
WARNING: Output of vertex shader '_interface_variable_00' not read by fragment shader

[15:32:27] [Render thread/INFO]: Info log when linking program containing VERTEX minecraft:core/rendertype_lines, FRAGMENT minecraft:core/rendertype_lines. Log output: WARNING: Output of vertex shader '_interface_variable_01' not read by fragment shader
WARNING: Output of vertex shader '_interface_variable_00' not read by fragment shader

[15:32:27] [Render thread/INFO]: Info log when linking program containing VERTEX minecraft:core/entity, FRAGMENT minecraft:core/entity. Log output: WARNING: Output of vertex shader '_interface_variable_01' not read by fragment shader
WARNING: Output of vertex shader '_interface_variable_00' not read by fragment shader

[15:32:27] [Render thread/INFO]: Info log when linking program containing VERTEX minecraft:core/terrain, FRAGMENT minecraft:core/terrain. Log output: WARNING: Output of vertex shader '_interface_variable_01' not read by fragment shader
WARNING: Output of vertex shader '_interface_variable_00' not read by fragment shader
WARNING: Output of vertex shader '_interface_variable_04' not read by fragment shader

[15:32:27] [Download-2/INFO]: Could not authorize you against Realms server: java.lang.RuntimeException: Failed to parse into SignedJWT: FabricMC
[15:32:27] [Download-2/ERROR]: Failed to fetch Realms feature flags
com.mojang.realmsclient.exception.RealmsServiceException: Realms authentication error with message 'java.lang.RuntimeException: Failed to parse into SignedJWT: FabricMC'
	at knot//com.mojang.realmsclient.client.RealmsClient.execute(RealmsClient.java:625)
	at knot//com.mojang.realmsclient.client.RealmsClient.fetchFeatureFlags(RealmsClient.java:204)
	at java.base/java.util.concurrent.CompletableFuture$AsyncSupply.run(CompletableFuture.java:1789)
	at java.base/java.util.concurrent.ThreadPoolExecutor.runWorker(ThreadPoolExecutor.java:1090)
	at java.base/java.util.concurrent.ThreadPoolExecutor$Worker.run(ThreadPoolExecutor.java:614)
	at java.base/java.lang.Thread.run(Thread.java:1474)
[15:32:27] [Render thread/INFO]: Info log when linking program containing VERTEX minecraft:core/entity, FRAGMENT minecraft:core/entity. Log output: WARNING: Output of vertex shader '_interface_variable_01' not read by fragment shader
WARNING: Output of vertex shader '_interface_variable_00' not read by fragment shader

[15:32:27] [Render thread/INFO]: Info log when linking program containing VERTEX minecraft:core/text, FRAGMENT minecraft:core/text. Log output: WARNING: Output of vertex shader '_interface_variable_01' not read by fragment shader
WARNING: Output of vertex shader '_interface_variable_00' not read by fragment shader

[15:32:27] [Render thread/INFO]: Info log when linking program containing VERTEX minecraft:core/entity, FRAGMENT minecraft:core/entity. Log output: WARNING: Output of vertex shader '_interface_variable_01' not read by fragment shader
WARNING: Output of vertex shader '_interface_variable_00' not read by fragment shader

[15:32:27] [Render thread/INFO]: Info log when linking program containing VERTEX minecraft:core/block, FRAGMENT minecraft:core/block. Log output: WARNING: Output of vertex shader '_interface_variable_01' not read by fragment shader
WARNING: Output of vertex shader '_interface_variable_00' not read by fragment shader

[15:32:27] [Render thread/INFO]: Info log when linking program containing VERTEX minecraft:core/text, FRAGMENT minecraft:core/text. Log output: WARNING: Output of vertex shader '_interface_variable_01' not read by fragment shader
WARNING: Output of vertex shader '_interface_variable_00' not read by fragment shader

[15:32:27] [Render thread/INFO]: Info log when linking program containing VERTEX minecraft:core/particle, FRAGMENT minecraft:core/particle. Log output: WARNING: Output of vertex shader '_interface_variable_01' not read by fragment shader
WARNING: Output of vertex shader '_interface_variable_00' not read by fragment shader

[15:32:27] [Render thread/INFO]: Info log when linking program containing VERTEX minecraft:core/rendertype_entity_shadow, FRAGMENT minecraft:core/rendertype_entity_shadow. Log output: WARNING: Output of vertex shader '_interface_variable_01' not read by fragment shader
WARNING: Output of vertex shader '_interface_variable_00' not read by fragment shader

[15:32:27] [Render thread/INFO]: Info log when linking program containing VERTEX minecraft:core/screenquad, FRAGMENT minecraft:core/oit_composite. Log output: WARNING: Output of vertex shader '_interface_variable_00' not read by fragment shader

[15:32:27] [Render thread/INFO]: Info log when linking program containing VERTEX minecraft:core/screenquad, FRAGMENT minecraft:core/integrate_depth. Log output: WARNING: Output of vertex shader '_interface_variable_00' not read by fragment shader

[15:32:27] [Render thread/INFO]: Info log when linking program containing VERTEX minecraft:core/entity, FRAGMENT minecraft:core/entity. Log output: WARNING: Output of vertex shader '_interface_variable_01' not read by fragment shader
WARNING: Output of vertex shader '_interface_variable_00' not read by fragment shader

[15:32:27] [Render thread/INFO]: Info log when linking program containing VERTEX minecraft:core/terrain, FRAGMENT minecraft:core/terrain. Log output: WARNING: Output of vertex shader '_interface_variable_01' not read by fragment shader
WARNING: Output of vertex shader '_interface_variable_00' not read by fragment shader
WARNING: Output of vertex shader '_interface_variable_04' not read by fragment shader

[15:32:27] [Render thread/INFO]: Info log when linking program containing VERTEX minecraft:core/animate_sprite, FRAGMENT minecraft:core/animate_sprite_blit. Log output: WARNING: Output of vertex shader '_interface_variable_00' not read by fragment shader

[15:32:27] [Render thread/INFO]: Info log when linking program containing VERTEX minecraft:core/entity, FRAGMENT minecraft:core/entity. Log output: WARNING: Output of vertex shader '_interface_variable_01' not read by fragment shader
WARNING: Output of vertex shader '_interface_variable_00' not read by fragment shader

[15:32:27] [Render thread/INFO]: Info log when linking program containing VERTEX minecraft:core/entity, FRAGMENT minecraft:core/entity. Log output: WARNING: Output of vertex shader '_interface_variable_01' not read by fragment shader
WARNING: Output of vertex shader '_interface_variable_00' not read by fragment shader

[15:32:27] [Render thread/INFO]: Info log when linking program containing VERTEX minecraft:core/particle, FRAGMENT minecraft:core/particle. Log output: WARNING: Output of vertex shader '_interface_variable_01' not read by fragment shader
WARNING: Output of vertex shader '_interface_variable_00' not read by fragment shader

[15:32:27] [Render thread/INFO]: Info log when linking program containing VERTEX minecraft:core/entity, FRAGMENT minecraft:core/entity. Log output: WARNING: Output of vertex shader '_interface_variable_01' not read by fragment shader
WARNING: Output of vertex shader '_interface_variable_00' not read by fragment shader

[15:32:27] [Render thread/INFO]: Info log when linking program containing VERTEX minecraft:core/screenquad, FRAGMENT minecraft:core/oit_depth_bounds_cull. Log output: WARNING: Output of vertex shader '_interface_variable_00' not read by fragment shader

[15:32:27] [Render thread/INFO]: Info log when linking program containing VERTEX minecraft:core/clouds, FRAGMENT minecraft:core/clouds. Log output: WARNING: Output of vertex shader '_interface_variable_00' not read by fragment shader

[15:32:27] [Render thread/INFO]: Info log when linking program containing VERTEX minecraft:core/text, FRAGMENT minecraft:core/text. Log output: WARNING: Output of vertex shader '_interface_variable_01' not read by fragment shader
WARNING: Output of vertex shader '_interface_variable_00' not read by fragment shader

[15:32:27] [Render thread/INFO]: Info log when linking program containing VERTEX minecraft:core/text, FRAGMENT minecraft:core/text. Log output: WARNING: Output of vertex shader '_interface_variable_01' not read by fragment shader
WARNING: Output of vertex shader '_interface_variable_00' not read by fragment shader

[15:32:27] [Render thread/INFO]: Info log when linking program containing VERTEX minecraft:core/text, FRAGMENT minecraft:core/text. Log output: WARNING: Output of vertex shader '_interface_variable_01' not read by fragment shader
WARNING: Output of vertex shader '_interface_variable_00' not read by fragment shader

[15:32:27] [Render thread/INFO]: Info log when linking program containing VERTEX minecraft:core/entity, FRAGMENT minecraft:core/entity. Log output: WARNING: Output of vertex shader '_interface_variable_01' not read by fragment shader
WARNING: Output of vertex shader '_interface_variable_00' not read by fragment shader

[15:32:27] [Render thread/INFO]: Info log when linking program containing VERTEX minecraft:core/text, FRAGMENT minecraft:core/text. Log output: WARNING: Output of vertex shader '_interface_variable_01' not read by fragment shader
WARNING: Output of vertex shader '_interface_variable_00' not read by fragment shader

[15:32:27] [Render thread/INFO]: Info log when linking program containing VERTEX minecraft:core/block, FRAGMENT minecraft:core/block. Log output: WARNING: Output of vertex shader '_interface_variable_01' not read by fragment shader
WARNING: Output of vertex shader '_interface_variable_00' not read by fragment shader

[15:32:27] [Render thread/INFO]: Info log when linking program containing VERTEX minecraft:core/terrain, FRAGMENT minecraft:core/terrain. Log output: WARNING: Output of vertex shader '_interface_variable_01' not read by fragment shader
WARNING: Output of vertex shader '_interface_variable_00' not read by fragment shader
WARNING: Output of vertex shader '_interface_variable_04' not read by fragment shader

[15:32:27] [Render thread/INFO]: Info log when linking program containing VERTEX minecraft:core/rendertype_lines, FRAGMENT minecraft:core/rendertype_lines. Log output: WARNING: Output of vertex shader '_interface_variable_01' not read by fragment shader
WARNING: Output of vertex shader '_interface_variable_00' not read by fragment shader

[15:32:27] [Render thread/INFO]: Info log when linking program containing VERTEX minecraft:core/rendertype_entity_shadow, FRAGMENT minecraft:core/rendertype_entity_shadow. Log output: WARNING: Output of vertex shader '_interface_variable_01' not read by fragment shader
WARNING: Output of vertex shader '_interface_variable_00' not read by fragment shader

[15:32:27] [Render thread/INFO]: Info log when linking program containing VERTEX minecraft:core/entity, FRAGMENT minecraft:core/entity. Log output: WARNING: Output of vertex shader '_interface_variable_01' not read by fragment shader
WARNING: Output of vertex shader '_interface_variable_00' not read by fragment shader

[15:32:27] [Render thread/INFO]: Info log when linking program containing VERTEX minecraft:core/particle, FRAGMENT minecraft:core/particle. Log output: WARNING: Output of vertex shader '_interface_variable_01' not read by fragment shader
WARNING: Output of vertex shader '_interface_variable_00' not read by fragment shader

[15:32:27] [Render thread/INFO]: Info log when linking program containing VERTEX minecraft:core/clouds, FRAGMENT minecraft:core/clouds. Log output: WARNING: Output of vertex shader '_interface_variable_00' not read by fragment shader

[15:32:27] [Render thread/INFO]: Info log when linking program containing VERTEX minecraft:core/entity, FRAGMENT minecraft:core/entity. Log output: WARNING: Output of vertex shader '_interface_variable_01' not read by fragment shader
WARNING: Output of vertex shader '_interface_variable_00' not read by fragment shader

[15:32:27] [Render thread/INFO]: Info log when linking program containing VERTEX minecraft:core/text, FRAGMENT minecraft:core/text. Log output: WARNING: Output of vertex shader '_interface_variable_01' not read by fragment shader
WARNING: Output of vertex shader '_interface_variable_00' not read by fragment shader

[15:32:27] [Render thread/INFO]: Info log when linking program containing VERTEX minecraft:core/entity, FRAGMENT minecraft:core/entity. Log output: WARNING: Output of vertex shader '_interface_variable_01' not read by fragment shader
WARNING: Output of vertex shader '_interface_variable_00' not read by fragment shader

[15:32:27] [Render thread/INFO]: Info log when linking program containing VERTEX minecraft:core/particle, FRAGMENT minecraft:core/particle. Log output: WARNING: Output of vertex shader '_interface_variable_01' not read by fragment shader
WARNING: Output of vertex shader '_interface_variable_00' not read by fragment shader

[15:32:27] [Render thread/INFO]: Info log when linking program containing VERTEX minecraft:core/rendertype_crumbling, FRAGMENT minecraft:core/rendertype_crumbling. Log output: WARNING: Output of vertex shader '_interface_variable_01' not read by fragment shader
WARNING: Output of vertex shader '_interface_variable_00' not read by fragment shader

[15:32:27] [Render thread/INFO]: Info log when linking program containing VERTEX minecraft:core/entity, FRAGMENT minecraft:core/entity. Log output: WARNING: Output of vertex shader '_interface_variable_01' not read by fragment shader
WARNING: Output of vertex shader '_interface_variable_00' not read by fragment shader

[15:32:27] [Render thread/INFO]: Info log when linking program containing VERTEX minecraft:core/text, FRAGMENT minecraft:core/text. Log output: WARNING: Output of vertex shader '_interface_variable_01' not read by fragment shader
WARNING: Output of vertex shader '_interface_variable_00' not read by fragment shader

[15:32:28] [Render thread/INFO]: OpenAL initialized on device Mac mini扬声器
[15:32:28] [Render thread/INFO]: Sound engine started
[15:32:28] [Render thread/INFO]: Created: 512x256x0 minecraft:textures/atlas/particles.png-atlas
[15:32:28] [Render thread/INFO]: Created: 256x128x0 minecraft:textures/atlas/celestials.png-atlas
[15:32:28] [Render thread/INFO]: Created: 128x128x0 minecraft:textures/atlas/decorated_pot.png-atlas
[15:32:28] [Render thread/INFO]: Created: 512x256x0 minecraft:textures/atlas/paintings.png-atlas
[15:32:28] [Render thread/INFO]: Created: 1024x512x0 minecraft:textures/atlas/shield_patterns.png-atlas
[15:32:28] [Render thread/INFO]: Created: 1024x512x0 minecraft:textures/atlas/banner_patterns.png-atlas
[15:32:28] [Render thread/INFO]: Created: 2048x2048x4 minecraft:textures/atlas/blocks.png-atlas
[15:32:28] [Render thread/INFO]: Created: 1024x512x0 minecraft:textures/atlas/items.png-atlas
[15:32:28] [Render thread/INFO]: Created: 1024x1024x0 minecraft:textures/atlas/gui.png-atlas
[15:32:28] [Render thread/INFO]: Created: 128x64x0 minecraft:textures/atlas/map_decorations.png-atlas
[15:32:28] [Render thread/INFO]: Created: 512x512x0 minecraft:textures/atlas/chest.png-atlas
[15:32:28] [Render thread/INFO]: Created: 512x512x0 minecraft:textures/atlas/shulker_boxes.png-atlas
[15:32:29] [Download-2/INFO]: Could not authorize you against Realms server: java.lang.RuntimeException: Failed to parse into SignedJWT: FabricMC
[15:32:29] [Download-2/ERROR]: Couldn't connect to realms
com.mojang.realmsclient.exception.RealmsServiceException: Realms authentication error with message 'java.lang.RuntimeException: Failed to parse into SignedJWT: FabricMC'
	at knot//com.mojang.realmsclient.client.RealmsClient.execute(RealmsClient.java:625)
	at knot//com.mojang.realmsclient.client.RealmsClient.clientCompatible(RealmsClient.java:354)
	at knot//com.mojang.realmsclient.RealmsAvailability.lambda$check$0(RealmsAvailability.java:48)
	at java.base/java.util.concurrent.CompletableFuture$AsyncSupply.run(CompletableFuture.java:1789)
	at java.base/java.util.concurrent.ThreadPoolExecutor.runWorker(ThreadPoolExecutor.java:1090)
	at java.base/java.util.concurrent.ThreadPoolExecutor$Worker.run(ThreadPoolExecutor.java:614)
	at java.base/java.lang.Thread.run(Thread.java:1474)
[15:32:31] [Worker-Main-2/INFO]: Loaded 1872 advancements
[15:32:31] [Render thread/INFO]: World loading finished: null screen: net.minecraft.client.gui.screens.GenericMessageScreen@33bfc770
[15:32:31] [Render thread/INFO]: Applied 0 biome modifications to 0 of 67 new biomes in 640.5 μs
[15:32:31] [Server thread/INFO]: Starting integrated minecraft server version 26.3
[15:32:31] [Server thread/INFO]: Generating keypair
[15:32:31] [Server thread/INFO]: Selecting global world spawn...
[15:32:31] [Server thread/INFO]: Loading 0 persistent chunks...
[15:32:31] [Server thread/INFO]: Preparing spawn area: 16%
[15:32:31] [Server thread/INFO]: Saving chunks for level 'ServerLevel[New World]'/minecraft:overworld
[15:32:31] [Server thread/INFO]: Saving chunks for level 'ServerLevel[New World]'/minecraft:the_end
[15:32:31] [Server thread/INFO]: Saving chunks for level 'ServerLevel[New World]'/minecraft:the_nether
[15:32:31] [Render thread/INFO]: World loading finished: null screen: net.minecraft.client.gui.screens.LevelLoadingScreen@68d6fe0
[15:32:31] [Render thread/INFO]: World loading finished: null screen: net.minecraft.client.gui.screens.LevelLoadingScreen@68d6fe0
[15:32:32] [Render thread/INFO]: World loading finished: null screen: net.minecraft.client.gui.screens.LevelLoadingScreen@68d6fe0
[15:32:32] [Render thread/INFO]: World loading finished: null screen: net.minecraft.client.gui.screens.LevelLoadingScreen@68d6fe0
[15:32:32] [Render thread/INFO]: World loading finished: null screen: net.minecraft.client.gui.screens.LevelLoadingScreen@68d6fe0
[15:32:32] [Render thread/INFO]: World loading finished: null screen: net.minecraft.client.gui.screens.LevelLoadingScreen@68d6fe0
[15:32:32] [Server thread/INFO]: Loading 48 chunks for player spawn...
[15:32:32] [Server thread/INFO]: Preparing spawn area: 16%
[15:32:32] [Render thread/INFO]: World loading finished: null screen: net.minecraft.client.gui.screens.LevelLoadingScreen@68d6fe0
[15:32:32] [Render thread/INFO]: World loading finished: null screen: net.minecraft.client.gui.screens.LevelLoadingScreen@68d6fe0
[15:32:32] [Render thread/INFO]: World loading finished: null screen: net.minecraft.client.gui.screens.LevelLoadingScreen@68d6fe0
[15:32:32] [Render thread/INFO]: World loading finished: null screen: net.minecraft.client.gui.screens.LevelLoadingScreen@68d6fe0
[15:32:32] [Render thread/INFO]: World loading finished: null screen: net.minecraft.client.gui.screens.LevelLoadingScreen@68d6fe0
[15:32:32] [Server thread/INFO]: Time elapsed: 782 ms
[15:32:32] [Render thread/INFO]: World loading finished: null screen: net.minecraft.client.gui.screens.LevelLoadingScreen@68d6fe0
[15:32:32] [Server thread/INFO]: Player235[local:E:a7abba90] logged in with entity id 1 at (0.5, -60.0, 0.5)
[15:32:32] [Server thread/INFO]: System chat: Player235 joined the game
[15:32:32] [Server thread/INFO]: Changing view distance to 5, from 10
[15:32:32] [Server thread/INFO]: Changing simulation distance to 12, from 0
[15:32:32] [Render thread/INFO]: World loading finished: null screen: net.minecraft.client.gui.screens.LevelLoadingScreen@68d6fe0
[15:32:32] [Render thread/INFO]: Loaded 2 advancements
[15:32:32] [Render thread/INFO]: World loading finished: ClientLevel screen: net.minecraft.client.gui.screens.LevelLoadingScreen@68d6fe0
[15:32:32] [Render thread/WARN]: Requested post effect does not exist: minecraft:end_of_frame
[15:32:32] [Render thread/INFO]: Resizing Dynamic Transforms UBO, capacity limit of 2 reached during a single frame. New capacity will be 4.
[15:32:32] [Render thread/INFO]: World loading finished: ClientLevel screen: net.minecraft.client.gui.screens.LevelLoadingScreen@68d6fe0
[15:32:32] [Render thread/INFO]: Resizing Dynamic Transforms UBO, capacity limit of 4 reached during a single frame. New capacity will be 8.
[15:32:32] [Render thread/INFO]: Resizing Dynamic Transforms UBO, capacity limit of 8 reached during a single frame. New capacity will be 16.
[15:32:32] [Render thread/INFO]: World loading finished: ClientLevel screen: net.minecraft.client.gui.screens.LevelLoadingScreen@68d6fe0
[15:32:32] [Render thread/INFO]: World loading finished: ClientLevel screen: net.minecraft.client.gui.screens.LevelLoadingScreen@68d6fe0
[15:32:32] [Render thread/INFO]: World loading finished: ClientLevel screen: net.minecraft.client.gui.screens.LevelLoadingScreen@68d6fe0
[15:32:32] [Render thread/INFO]: Resizing Chunk Sections UBO, capacity limit of 2 reached during a single frame. New capacity will be 8.
[15:32:32] [Render thread/INFO]: World loading finished: ClientLevel screen: net.minecraft.client.gui.screens.LevelLoadingScreen@68d6fe0
[15:32:32] [Render thread/INFO]: World loading finished: ClientLevel screen: net.minecraft.client.gui.screens.LevelLoadingScreen@68d6fe0
[15:32:32] [Render thread/INFO]: World loading finished: ClientLevel screen: net.minecraft.client.gui.screens.LevelLoadingScreen@68d6fe0
[15:32:33] [Render thread/INFO]: World loading finished: ClientLevel screen: net.minecraft.client.gui.screens.LevelLoadingScreen@68d6fe0
[15:32:33] [Render thread/INFO]: Resizing Chunk Sections UBO, capacity limit of 8 reached during a single frame. New capacity will be 16.
[15:32:33] [Render thread/INFO]: World loading finished: ClientLevel screen: net.minecraft.client.gui.screens.LevelLoadingScreen@68d6fe0
[15:32:33] [Render thread/INFO]: World loading finished: ClientLevel screen: net.minecraft.client.gui.screens.LevelLoadingScreen@68d6fe0
[15:32:33] [Render thread/INFO]: World loading finished: ClientLevel screen: net.minecraft.client.gui.screens.LevelLoadingScreen@68d6fe0
[15:32:33] [Render thread/INFO]: World loading finished: ClientLevel screen: net.minecraft.client.gui.screens.LevelLoadingScreen@68d6fe0
[15:32:33] [Render thread/INFO]: World loading finished: ClientLevel screen: net.minecraft.client.gui.screens.LevelLoadingScreen@68d6fe0
[15:32:33] [Render thread/INFO]: World loading finished: ClientLevel screen: net.minecraft.client.gui.screens.LevelLoadingScreen@68d6fe0
[15:32:33] [Render thread/INFO]: World loading finished: ClientLevel screen: null
[15:32:33] [Render thread/INFO]: Resizing Chunk Sections UBO, capacity limit of 16 reached during a single frame. New capacity will be 32.
[15:32:34] [Render thread/INFO]: Resizing Chunk Sections UBO, capacity limit of 32 reached during a single frame. New capacity will be 64.
[15:32:34] [Server thread/INFO]: System chat: Set Player235's game mode to Creative Mode
[15:32:34] [Server thread/INFO]: System chat: Set minecraft:overworld to time marker minecraft:day
[15:32:34] [Server thread/INFO]: System chat: Gave 2 [Wildcraft Test Core] to Player235
[15:32:34] [Render thread/INFO]: [System] [CHAT] Your game mode has been updated to Creative Mode
[15:32:35] [Render thread/INFO]: Resizing Chunk Sections UBO, capacity limit of 64 reached during a single frame. New capacity will be 128.
[15:32:35] [Render thread/INFO]: Resizing Dynamic Transforms UBO, capacity limit of 16 reached during a single frame. New capacity will be 32.
[15:32:35] [Server thread/INFO]: Player235 lost connection: Disconnected
[15:32:35] [Server thread/INFO]: System chat: Player235 left the game
[15:32:35] [Server thread/INFO]: Stopping singleplayer server as player logged out
[15:32:35] [Server thread/INFO]: Stopping server
[15:32:35] [Server thread/INFO]: Saving players
[15:32:35] [Server thread/INFO]: Saving worlds
[15:32:35] [Server thread/INFO]: Saving chunks for level 'ServerLevel[New World]'/minecraft:overworld
[15:32:35] [Server thread/INFO]: Saving chunks for level 'ServerLevel[New World]'/minecraft:the_end
[15:32:35] [Server thread/INFO]: Saving chunks for level 'ServerLevel[New World]'/minecraft:the_nether
[15:32:35] [Render thread/INFO]: World loading finished: null screen: net.minecraft.client.gui.screens.GenericMessageScreen@6bb5327d
[15:32:35] [Worker-Main-2/INFO]: Loaded 1872 advancements
[15:32:36] [Render thread/INFO]: Applied 0 biome modifications to 0 of 67 new biomes in 208.4 μs
[15:32:36] [Server thread/INFO]: Starting integrated minecraft server version 26.3
[15:32:36] [Server thread/INFO]: Generating keypair
[15:32:36] [Server thread/INFO]: Loading 0 persistent chunks...
[15:32:36] [Server thread/INFO]: Saving chunks for level 'ServerLevel[New World]'/minecraft:overworld
[15:32:36] [Server thread/INFO]: Saving chunks for level 'ServerLevel[New World]'/minecraft:the_end
[15:32:36] [Server thread/INFO]: Saving chunks for level 'ServerLevel[New World]'/minecraft:the_nether
[15:32:36] [Render thread/INFO]: World loading finished: null screen: net.minecraft.client.gui.screens.LevelLoadingScreen@5681a53c
[15:32:36] [Render thread/INFO]: World loading finished: null screen: net.minecraft.client.gui.screens.LevelLoadingScreen@5681a53c
[15:32:36] [Render thread/INFO]: World loading finished: null screen: net.minecraft.client.gui.screens.LevelLoadingScreen@5681a53c
[15:32:36] [Render thread/INFO]: World loading finished: null screen: net.minecraft.client.gui.screens.LevelLoadingScreen@5681a53c
[15:32:36] [Server thread/INFO]: Loading 49 chunks for player spawn...
[15:32:36] [Server thread/INFO]: Preparing spawn area: 16%
[15:32:36] [Render thread/INFO]: World loading finished: null screen: net.minecraft.client.gui.screens.LevelLoadingScreen@5681a53c
[15:32:36] [Render thread/INFO]: World loading finished: null screen: net.minecraft.client.gui.screens.LevelLoadingScreen@5681a53c
[15:32:36] [Server thread/INFO]: Time elapsed: 327 ms
[15:32:36] [Render thread/INFO]: World loading finished: null screen: net.minecraft.client.gui.screens.LevelLoadingScreen@5681a53c
[15:32:36] [Server thread/INFO]: Player235[local:E:9c12c30f] logged in with entity id 3 at (0.5, -60.0, 0.5)
[15:32:36] [Server thread/INFO]: System chat: Player235 joined the game
[15:32:36] [Server thread/INFO]: Changing view distance to 5, from 10
[15:32:36] [Server thread/INFO]: Changing simulation distance to 12, from 0
[15:32:36] [Render thread/INFO]: World loading finished: null screen: net.minecraft.client.gui.screens.LevelLoadingScreen@5681a53c
[15:32:36] [Render thread/INFO]: Loaded 2 advancements
[15:32:36] [Render thread/INFO]: World loading finished: ClientLevel screen: net.minecraft.client.gui.screens.LevelLoadingScreen@5681a53c
[15:32:36] [Render thread/INFO]: World loading finished: ClientLevel screen: net.minecraft.client.gui.screens.LevelLoadingScreen@5681a53c
[15:32:36] [Render thread/INFO]: World loading finished: ClientLevel screen: net.minecraft.client.gui.screens.LevelLoadingScreen@5681a53c
[15:32:36] [Render thread/INFO]: World loading finished: ClientLevel screen: net.minecraft.client.gui.screens.LevelLoadingScreen@5681a53c
[15:32:36] [Render thread/INFO]: World loading finished: ClientLevel screen: null
[15:32:37] [Server thread/INFO]: Player235 lost connection: Disconnected
[15:32:37] [Server thread/INFO]: System chat: Player235 left the game
[15:32:37] [Server thread/INFO]: Stopping singleplayer server as player logged out
[15:32:37] [Server thread/INFO]: Stopping server
[15:32:37] [Server thread/INFO]: Saving players
[15:32:37] [Server thread/INFO]: Saving worlds
[15:32:37] [Server thread/INFO]: Saving chunks for level 'ServerLevel[New World]'/minecraft:overworld
[15:32:37] [Server thread/INFO]: Saving chunks for level 'ServerLevel[New World]'/minecraft:the_end
[15:32:37] [Server thread/INFO]: Saving chunks for level 'ServerLevel[New World]'/minecraft:the_nether
[15:32:38] [Worker-Main-4/INFO]: Loaded 1872 advancements
[15:32:38] [Thread-2/WARN]: Unable to parse version 27.0 to a codename.
[15:32:38] [Thread-2/INFO]: Environment: Environment[discoveryUrl=https://discovery.minecraftservices.com/minecraft/client, name=PROD]
[15:32:38] [Worker-Main-4/INFO]: Loaded 1872 advancements
[15:32:38] [Thread-2/INFO]: Applied 0 biome modifications to 0 of 67 new biomes in 158.7 μs
[15:32:38] [Server thread/INFO]: Starting minecraft server version 26.3
[15:32:38] [Server thread/INFO]: Loading properties
[15:32:38] [Server thread/INFO]: Default game type: CREATIVE
[15:32:38] [Server thread/INFO]: Generating keypair
[15:32:38] [Server thread/INFO]: Starting Minecraft server on 127.0.0.1:53823
[15:32:39] [Server thread/WARN]: **** SERVER IS RUNNING IN OFFLINE/INSECURE MODE!
[15:32:39] [Server thread/WARN]: The server will make no attempt to authenticate usernames. Beware.
[15:32:39] [Server thread/WARN]: While this makes the game possible to play without internet access, it also opens up the ability for hackers to connect with any username they choose.
[15:32:39] [Server thread/WARN]: To change this, set "online-mode" to "true" in the server.properties file.
[15:32:39] [Server thread/INFO]: Preparing level "world"
[15:32:39] [Server thread/INFO]: Selecting global world spawn...
[15:32:39] [Server thread/INFO]: Loading 0 persistent chunks...
[15:32:39] [Server thread/INFO]: Preparing spawn area: 100%
[15:32:39] [Server thread/INFO]: Time elapsed: 55 ms
[15:32:39] [Server thread/INFO]: Done (0.056s)! For help, type "help"
[15:32:39] [Server thread/INFO]: Saving chunks for level 'ServerLevel[New World]'/minecraft:overworld
[15:32:39] [Server thread/INFO]: Saving chunks for level 'ServerLevel[New World]'/minecraft:the_end
[15:32:39] [Server thread/INFO]: Saving chunks for level 'ServerLevel[New World]'/minecraft:the_nether
[15:32:39] [Render thread/INFO]: Connecting to localhost, 53823
[15:32:39] [Render thread/INFO]: World loading finished: null screen: net.minecraft.client.gui.screens.ConnectScreen@1c374775
[15:32:39] [Render thread/INFO]: World loading finished: null screen: net.minecraft.client.gui.screens.ConnectScreen@1c374775
[15:32:39] [Render thread/INFO]: World loading finished: null screen: net.minecraft.client.gui.screens.ConnectScreen@1c374775
[15:32:39] [Render thread/INFO]: World loading finished: null screen: net.minecraft.client.gui.screens.ConnectScreen@1c374775
[15:32:39] [Render thread/INFO]: World loading finished: null screen: net.minecraft.client.gui.screens.ConnectScreen@1c374775
[15:32:39] [Render thread/INFO]: World loading finished: null screen: net.minecraft.client.gui.screens.ConnectScreen@1c374775
[15:32:39] [Render thread/INFO]: World loading finished: null screen: net.minecraft.client.gui.screens.ConnectScreen@1c374775
[15:32:39] [Render thread/INFO]: World loading finished: null screen: net.minecraft.client.gui.screens.ConnectScreen@1c374775
[15:32:39] [Render thread/INFO]: World loading finished: null screen: net.minecraft.client.gui.screens.ConnectScreen@1c374775
[15:32:39] [Render thread/INFO]: World loading finished: null screen: net.minecraft.client.gui.screens.ConnectScreen@1c374775
[15:32:40] [Render thread/INFO]: World loading finished: null screen: net.minecraft.client.gui.screens.ConnectScreen@1c374775
[15:32:40] [Render thread/INFO]: World loading finished: null screen: net.minecraft.client.gui.screens.ConnectScreen@1c374775
[15:32:40] [Render thread/INFO]: World loading finished: null screen: net.minecraft.client.gui.screens.ConnectScreen@1c374775
[15:32:40] [Render thread/INFO]: World loading finished: null screen: net.minecraft.client.gui.screens.ConnectScreen@1c374775
[15:32:40] [Render thread/INFO]: World loading finished: null screen: net.minecraft.client.gui.screens.ConnectScreen@1c374775
[15:32:40] [Render thread/INFO]: World loading finished: null screen: net.minecraft.client.gui.screens.ConnectScreen@1c374775
[15:32:40] [Render thread/INFO]: World loading finished: null screen: net.minecraft.client.gui.screens.ConnectScreen@1c374775
[15:32:40] [Render thread/INFO]: World loading finished: null screen: net.minecraft.client.gui.screens.ConnectScreen@1c374775
[15:32:40] [Render thread/INFO]: World loading finished: null screen: net.minecraft.client.gui.screens.ConnectScreen@1c374775
[15:32:40] [Render thread/INFO]: World loading finished: null screen: net.minecraft.client.gui.screens.ConnectScreen@1c374775
[15:32:40] [Render thread/INFO]: World loading finished: null screen: net.minecraft.client.gui.screens.ConnectScreen@1c374775
[15:32:40] [Render thread/INFO]: World loading finished: null screen: net.minecraft.client.gui.screens.ConnectScreen@1c374775
[15:32:40] [Render thread/INFO]: World loading finished: null screen: net.minecraft.client.gui.screens.ConnectScreen@1c374775
[15:32:40] [Render thread/INFO]: World loading finished: null screen: net.minecraft.client.gui.screens.ConnectScreen@1c374775
[15:32:40] [Render thread/INFO]: World loading finished: null screen: net.minecraft.client.gui.screens.ConnectScreen@1c374775
[15:32:40] [Render thread/INFO]: World loading finished: null screen: net.minecraft.client.gui.screens.ConnectScreen@1c374775
[15:32:40] [Render thread/INFO]: World loading finished: null screen: net.minecraft.client.gui.screens.ConnectScreen@1c374775
[15:32:40] [Render thread/INFO]: World loading finished: null screen: net.minecraft.client.gui.screens.ConnectScreen@1c374775
[15:32:40] [Render thread/INFO]: World loading finished: null screen: net.minecraft.client.gui.screens.ConnectScreen@1c374775
[15:32:40] [Render thread/INFO]: World loading finished: null screen: net.minecraft.client.gui.screens.ConnectScreen@1c374775
[15:32:41] [Render thread/INFO]: World loading finished: null screen: net.minecraft.client.gui.screens.ConnectScreen@1c374775
[15:32:41] [Render thread/INFO]: World loading finished: null screen: net.minecraft.client.gui.screens.ConnectScreen@1c374775
[15:32:41] [Render thread/INFO]: World loading finished: null screen: net.minecraft.client.gui.screens.ConnectScreen@1c374775
[15:32:41] [Render thread/INFO]: World loading finished: null screen: net.minecraft.client.gui.screens.ConnectScreen@1c374775
[15:32:41] [Render thread/INFO]: World loading finished: null screen: net.minecraft.client.gui.screens.ConnectScreen@1c374775
[15:32:41] [Render thread/INFO]: World loading finished: null screen: net.minecraft.client.gui.screens.ConnectScreen@1c374775
[15:32:41] [Render thread/INFO]: World loading finished: null screen: net.minecraft.client.gui.screens.ConnectScreen@1c374775
[15:32:41] [Render thread/INFO]: World loading finished: null screen: net.minecraft.client.gui.screens.ConnectScreen@1c374775
[15:32:41] [Render thread/INFO]: World loading finished: null screen: net.minecraft.client.gui.screens.ConnectScreen@1c374775
[15:32:41] [Render thread/INFO]: World loading finished: null screen: net.minecraft.client.gui.screens.ConnectScreen@1c374775
[15:32:41] [Render thread/INFO]: World loading finished: null screen: net.minecraft.client.gui.screens.ConnectScreen@1c374775
[15:32:41] [Render thread/INFO]: World loading finished: null screen: net.minecraft.client.gui.screens.ConnectScreen@1c374775
[15:32:41] [Render thread/INFO]: World loading finished: null screen: net.minecraft.client.gui.screens.ConnectScreen@1c374775
[15:32:41] [Render thread/INFO]: World loading finished: null screen: net.minecraft.client.gui.screens.ConnectScreen@1c374775
[15:32:41] [Render thread/INFO]: World loading finished: null screen: net.minecraft.client.gui.screens.ConnectScreen@1c374775
[15:32:41] [Render thread/INFO]: World loading finished: null screen: net.minecraft.client.gui.screens.ConnectScreen@1c374775
[15:32:41] [Render thread/INFO]: World loading finished: null screen: net.minecraft.client.gui.screens.ConnectScreen@1c374775
[15:32:41] [Render thread/INFO]: World loading finished: null screen: net.minecraft.client.gui.screens.ConnectScreen@1c374775
[15:32:41] [Render thread/INFO]: World loading finished: null screen: net.minecraft.client.gui.screens.ConnectScreen@1c374775
[15:32:42] [Render thread/INFO]: World loading finished: null screen: net.minecraft.client.gui.screens.ConnectScreen@1c374775
[15:32:42] [Render thread/INFO]: World loading finished: null screen: net.minecraft.client.gui.screens.ConnectScreen@1c374775
[15:32:42] [Render thread/INFO]: World loading finished: null screen: net.minecraft.client.gui.screens.ConnectScreen@1c374775
[15:32:42] [Render thread/INFO]: World loading finished: null screen: net.minecraft.client.gui.screens.ConnectScreen@1c374775
[15:32:42] [Render thread/INFO]: World loading finished: null screen: net.minecraft.client.gui.screens.ConnectScreen@1c374775
[15:32:42] [Render thread/INFO]: World loading finished: null screen: net.minecraft.client.gui.screens.ConnectScreen@1c374775
[15:32:42] [Render thread/INFO]: World loading finished: null screen: net.minecraft.client.gui.screens.ConnectScreen@1c374775
[15:32:42] [Render thread/INFO]: World loading finished: null screen: net.minecraft.client.gui.screens.ConnectScreen@1c374775
[15:32:42] [Render thread/INFO]: World loading finished: null screen: net.minecraft.client.gui.screens.ConnectScreen@1c374775
[15:32:42] [Render thread/INFO]: World loading finished: null screen: net.minecraft.client.gui.screens.ConnectScreen@1c374775
[15:32:42] [Render thread/INFO]: World loading finished: null screen: net.minecraft.client.gui.screens.ConnectScreen@1c374775
[15:32:42] [Render thread/INFO]: World loading finished: null screen: net.minecraft.client.gui.screens.ConnectScreen@1c374775
[15:32:42] [Render thread/INFO]: World loading finished: null screen: net.minecraft.client.gui.screens.ConnectScreen@1c374775
[15:32:42] [Render thread/INFO]: World loading finished: null screen: net.minecraft.client.gui.screens.ConnectScreen@1c374775
[15:32:42] [Render thread/INFO]: World loading finished: null screen: net.minecraft.client.gui.screens.ConnectScreen@1c374775
[15:32:42] [Render thread/INFO]: World loading finished: null screen: net.minecraft.client.gui.screens.ConnectScreen@1c374775
[15:32:42] [Render thread/INFO]: World loading finished: null screen: net.minecraft.client.gui.screens.ConnectScreen@1c374775
[15:32:42] [Render thread/INFO]: World loading finished: null screen: net.minecraft.client.gui.screens.ConnectScreen@1c374775
[15:32:42] [Render thread/INFO]: World loading finished: null screen: net.minecraft.client.gui.screens.ConnectScreen@1c374775
[15:32:42] [Render thread/INFO]: World loading finished: null screen: net.minecraft.client.gui.screens.ConnectScreen@1c374775
[15:32:43] [Render thread/INFO]: World loading finished: null screen: net.minecraft.client.gui.screens.ConnectScreen@1c374775
[15:32:43] [Render thread/INFO]: World loading finished: null screen: net.minecraft.client.gui.screens.ConnectScreen@1c374775
[15:32:43] [Render thread/INFO]: World loading finished: null screen: net.minecraft.client.gui.screens.ConnectScreen@1c374775
[15:32:43] [Render thread/INFO]: World loading finished: null screen: net.minecraft.client.gui.screens.ConnectScreen@1c374775
[15:32:43] [Render thread/INFO]: World loading finished: null screen: net.minecraft.client.gui.screens.ConnectScreen@1c374775
[15:32:43] [Render thread/INFO]: World loading finished: null screen: net.minecraft.client.gui.screens.ConnectScreen@1c374775
[15:32:43] [Render thread/INFO]: World loading finished: null screen: net.minecraft.client.gui.screens.ConnectScreen@1c374775
[15:32:43] [Render thread/INFO]: World loading finished: null screen: net.minecraft.client.gui.screens.ConnectScreen@1c374775
[15:32:43] [Render thread/INFO]: World loading finished: null screen: net.minecraft.client.gui.screens.ConnectScreen@1c374775
[15:32:43] [Render thread/INFO]: World loading finished: null screen: net.minecraft.client.gui.screens.ConnectScreen@1c374775
[15:32:43] [Render thread/INFO]: World loading finished: null screen: net.minecraft.client.gui.screens.ConnectScreen@1c374775
[15:32:43] [Render thread/INFO]: World loading finished: null screen: net.minecraft.client.gui.screens.ConnectScreen@1c374775
[15:32:43] [Render thread/INFO]: World loading finished: null screen: net.minecraft.client.gui.screens.ConnectScreen@1c374775
[15:32:43] [Render thread/INFO]: World loading finished: null screen: net.minecraft.client.gui.screens.ConnectScreen@1c374775
[15:32:43] [Render thread/INFO]: World loading finished: null screen: net.minecraft.client.gui.screens.ConnectScreen@1c374775
[15:32:43] [Render thread/INFO]: World loading finished: null screen: net.minecraft.client.gui.screens.ConnectScreen@1c374775
[15:32:43] [Render thread/INFO]: World loading finished: null screen: net.minecraft.client.gui.screens.ConnectScreen@1c374775
[15:32:43] [Render thread/INFO]: World loading finished: null screen: net.minecraft.client.gui.screens.ConnectScreen@1c374775
[15:32:43] [Render thread/INFO]: World loading finished: null screen: net.minecraft.client.gui.screens.ConnectScreen@1c374775
[15:32:43] [Render thread/INFO]: World loading finished: null screen: net.minecraft.client.gui.screens.ConnectScreen@1c374775
[15:32:44] [Render thread/INFO]: World loading finished: null screen: net.minecraft.client.gui.screens.ConnectScreen@1c374775
[15:32:44] [Render thread/INFO]: World loading finished: null screen: net.minecraft.client.gui.screens.ConnectScreen@1c374775
[15:32:44] [Render thread/INFO]: World loading finished: null screen: net.minecraft.client.gui.screens.ConnectScreen@1c374775
[15:32:44] [Render thread/INFO]: World loading finished: null screen: net.minecraft.client.gui.screens.ConnectScreen@1c374775
[15:32:44] [Render thread/INFO]: World loading finished: null screen: net.minecraft.client.gui.screens.ConnectScreen@1c374775
[15:32:44] [Render thread/INFO]: World loading finished: null screen: net.minecraft.client.gui.screens.ConnectScreen@1c374775
[15:32:44] [Render thread/INFO]: World loading finished: null screen: net.minecraft.client.gui.screens.ConnectScreen@1c374775
[15:32:44] [Render thread/INFO]: World loading finished: null screen: net.minecraft.client.gui.screens.ConnectScreen@1c374775
[15:32:44] [Render thread/INFO]: World loading finished: null screen: net.minecraft.client.gui.screens.ConnectScreen@1c374775
[15:32:44] [Render thread/INFO]: World loading finished: null screen: net.minecraft.client.gui.screens.ConnectScreen@1c374775
[15:32:44] [Render thread/INFO]: World loading finished: null screen: net.minecraft.client.gui.screens.ConnectScreen@1c374775
[15:32:44] [Render thread/INFO]: World loading finished: null screen: net.minecraft.client.gui.screens.ConnectScreen@1c374775
[15:32:44] [Render thread/INFO]: World loading finished: null screen: net.minecraft.client.gui.screens.ConnectScreen@1c374775
[15:32:44] [Render thread/INFO]: World loading finished: null screen: net.minecraft.client.gui.screens.ConnectScreen@1c374775
[15:32:44] [Render thread/INFO]: World loading finished: null screen: net.minecraft.client.gui.screens.ConnectScreen@1c374775
[15:32:44] [Render thread/INFO]: World loading finished: null screen: net.minecraft.client.gui.screens.ConnectScreen@1c374775
[15:32:44] [Render thread/INFO]: World loading finished: null screen: net.minecraft.client.gui.screens.ConnectScreen@1c374775
[15:32:44] [Render thread/INFO]: World loading finished: null screen: net.minecraft.client.gui.screens.ConnectScreen@1c374775
[15:32:44] [Render thread/INFO]: World loading finished: null screen: net.minecraft.client.gui.screens.ConnectScreen@1c374775
[15:32:44] [Render thread/INFO]: World loading finished: null screen: net.minecraft.client.gui.screens.ConnectScreen@1c374775
[15:32:45] [Render thread/INFO]: World loading finished: null screen: net.minecraft.client.gui.screens.ConnectScreen@1c374775
[15:32:45] [Server thread/INFO]: Player235[/127.0.0.1:53994] logged in with entity id 4 at (0.5, -60.0, 0.5)
[15:32:45] [Server thread/INFO]: System chat: Player235 joined the game
[15:32:45] [Render thread/INFO]: Loaded 2 advancements
[15:32:45] [Render thread/INFO]: World loading finished: ClientLevel screen: net.minecraft.client.gui.screens.LevelLoadingScreen@6c5477a5
[15:32:45] [Render thread/INFO]: World loading finished: ClientLevel screen: net.minecraft.client.gui.screens.LevelLoadingScreen@6c5477a5
[15:32:45] [Render thread/INFO]: World loading finished: ClientLevel screen: null
[15:32:48] [Server thread/INFO]: System chat: Gave 2 [Wildcraft Test Core] to Player235
[15:32:48] [Server thread/INFO]: Player235 lost connection: Disconnected
[15:32:48] [Server thread/INFO]: System chat: Player235 left the game
[15:32:48] [Server thread/INFO]: Stopping server
[15:32:48] [Server thread/INFO]: Saving players
[15:32:48] [Server thread/INFO]: Saving worlds
[15:32:48] [Server thread/INFO]: Saving chunks for level 'ServerLevel[New World]'/minecraft:overworld
[15:32:49] [Server thread/INFO]: Saving chunks for level 'ServerLevel[New World]'/minecraft:the_end
[15:32:49] [Server thread/INFO]: Saving chunks for level 'ServerLevel[New World]'/minecraft:the_nether
[15:32:49] [Worker-Main-4/INFO]: Loaded 1872 advancements
[15:32:49] [Render thread/INFO]: World loading finished: null screen: net.minecraft.client.gui.screens.GenericMessageScreen@3944f5dc
[15:32:49] [Render thread/INFO]: Applied 0 biome modifications to 0 of 67 new biomes in 318.8 μs
[15:32:49] [Server thread/INFO]: Starting integrated minecraft server version 26.3
[15:32:49] [Server thread/INFO]: Generating keypair
[15:32:49] [Server thread/INFO]: Selecting global world spawn...
[15:32:49] [Server thread/INFO]: Loading 0 persistent chunks...
[15:32:49] [Server thread/INFO]: Preparing spawn area: 16%
[15:32:49] [Server thread/INFO]: Saving chunks for level 'ServerLevel[New World]'/minecraft:overworld
[15:32:49] [Server thread/INFO]: Saving chunks for level 'ServerLevel[New World]'/minecraft:the_end
[15:32:49] [Server thread/INFO]: Saving chunks for level 'ServerLevel[New World]'/minecraft:the_nether
[15:32:49] [Render thread/INFO]: World loading finished: null screen: net.minecraft.client.gui.screens.LevelLoadingScreen@4d370c32
[15:32:49] [Render thread/INFO]: World loading finished: null screen: net.minecraft.client.gui.screens.LevelLoadingScreen@4d370c32
[15:32:49] [Render thread/INFO]: World loading finished: null screen: net.minecraft.client.gui.screens.LevelLoadingScreen@4d370c32
[15:32:49] [Render thread/INFO]: World loading finished: null screen: net.minecraft.client.gui.screens.LevelLoadingScreen@4d370c32
[15:32:49] [Server thread/INFO]: Loading 48 chunks for player spawn...
[15:32:50] [Render thread/INFO]: World loading finished: null screen: net.minecraft.client.gui.screens.LevelLoadingScreen@4d370c32
[15:32:50] [Render thread/INFO]: World loading finished: null screen: net.minecraft.client.gui.screens.LevelLoadingScreen@4d370c32
[15:32:50] [Render thread/INFO]: World loading finished: null screen: net.minecraft.client.gui.screens.LevelLoadingScreen@4d370c32
[15:32:50] [Server thread/INFO]: Time elapsed: 458 ms
[15:32:50] [Render thread/INFO]: World loading finished: null screen: net.minecraft.client.gui.screens.LevelLoadingScreen@4d370c32
[15:32:50] [Server thread/INFO]: Player235[local:E:b590e8a3] logged in with entity id 6 at (0.5, -60.0, 0.5)
[15:32:50] [Server thread/INFO]: System chat: Player235 joined the game
[15:32:50] [Server thread/INFO]: Changing view distance to 5, from 10
[15:32:50] [Server thread/INFO]: Changing simulation distance to 12, from 0
[15:32:50] [Render thread/INFO]: World loading finished: ClientLevel screen: net.minecraft.client.gui.screens.LevelLoadingScreen@4d370c32
[15:32:50] [Render thread/INFO]: Loaded 2 advancements
[15:32:50] [Render thread/INFO]: World loading finished: ClientLevel screen: net.minecraft.client.gui.screens.LevelLoadingScreen@4d370c32
[15:32:50] [Render thread/INFO]: World loading finished: ClientLevel screen: net.minecraft.client.gui.screens.LevelLoadingScreen@4d370c32
[15:32:50] [Render thread/INFO]: World loading finished: ClientLevel screen: net.minecraft.client.gui.screens.LevelLoadingScreen@4d370c32
[15:32:50] [Render thread/INFO]: World loading finished: ClientLevel screen: net.minecraft.client.gui.screens.LevelLoadingScreen@4d370c32
[15:32:50] [Render thread/INFO]: World loading finished: ClientLevel screen: net.minecraft.client.gui.screens.LevelLoadingScreen@4d370c32
[15:32:50] [Render thread/INFO]: World loading finished: ClientLevel screen: net.minecraft.client.gui.screens.LevelLoadingScreen@4d370c32
[15:32:50] [Render thread/INFO]: World loading finished: ClientLevel screen: net.minecraft.client.gui.screens.LevelLoadingScreen@4d370c32
[15:32:50] [Render thread/INFO]: World loading finished: ClientLevel screen: net.minecraft.client.gui.screens.LevelLoadingScreen@4d370c32
[15:32:50] [Render thread/INFO]: World loading finished: ClientLevel screen: net.minecraft.client.gui.screens.LevelLoadingScreen@4d370c32
[15:32:50] [Render thread/INFO]: World loading finished: ClientLevel screen: net.minecraft.client.gui.screens.LevelLoadingScreen@4d370c32
[15:32:50] [Render thread/INFO]: World loading finished: ClientLevel screen: net.minecraft.client.gui.screens.LevelLoadingScreen@4d370c32
[15:32:50] [Render thread/INFO]: World loading finished: ClientLevel screen: net.minecraft.client.gui.screens.LevelLoadingScreen@4d370c32
[15:32:50] [Render thread/INFO]: World loading finished: ClientLevel screen: net.minecraft.client.gui.screens.LevelLoadingScreen@4d370c32
[15:32:50] [Render thread/INFO]: World loading finished: ClientLevel screen: net.minecraft.client.gui.screens.LevelLoadingScreen@4d370c32
[15:32:50] [Render thread/INFO]: World loading finished: ClientLevel screen: null
[15:32:51] [Server thread/INFO]: Player235 lost connection: Disconnected
[15:32:51] [Server thread/INFO]: System chat: Player235 left the game
[15:32:51] [Server thread/INFO]: Stopping singleplayer server as player logged out
[15:32:51] [Server thread/INFO]: Stopping server
[15:32:51] [Server thread/INFO]: Saving players
[15:32:51] [Server thread/INFO]: Saving worlds
[15:32:51] [Server thread/INFO]: Saving chunks for level 'ServerLevel[New World]'/minecraft:overworld
[15:32:52] [Server thread/INFO]: Saving chunks for level 'ServerLevel[New World]'/minecraft:the_end
[15:32:52] [Server thread/INFO]: Saving chunks for level 'ServerLevel[New World]'/minecraft:the_nether
[15:32:52] [Render thread/INFO]: World loading finished: null screen: net.minecraft.client.gui.screens.GenericMessageScreen@2766350e
[15:32:52] [Worker-Main-4/INFO]: Loaded 1872 advancements
[15:32:52] [Render thread/INFO]: Applied 0 biome modifications to 0 of 67 new biomes in 349.0 μs
[15:32:52] [Server thread/INFO]: Starting integrated minecraft server version 26.3
[15:32:52] [Server thread/INFO]: Generating keypair
[15:32:52] [Server thread/INFO]: Loading 0 persistent chunks...
[15:32:52] [Server thread/INFO]: Saving chunks for level 'ServerLevel[New World]'/minecraft:overworld
[15:32:52] [Server thread/INFO]: Saving chunks for level 'ServerLevel[New World]'/minecraft:the_end
[15:32:52] [Server thread/INFO]: Saving chunks for level 'ServerLevel[New World]'/minecraft:the_nether
[15:32:52] [Render thread/INFO]: World loading finished: null screen: net.minecraft.client.gui.screens.LevelLoadingScreen@2e063fa1
[15:32:52] [Render thread/INFO]: World loading finished: null screen: net.minecraft.client.gui.screens.LevelLoadingScreen@2e063fa1
[15:32:52] [Render thread/INFO]: World loading finished: null screen: net.minecraft.client.gui.screens.LevelLoadingScreen@2e063fa1
[15:32:52] [Render thread/INFO]: World loading finished: null screen: net.minecraft.client.gui.screens.LevelLoadingScreen@2e063fa1
[15:32:52] [Server thread/INFO]: Loading 49 chunks for player spawn...
[15:32:52] [Server thread/INFO]: Preparing spawn area: 16%
[15:32:52] [Render thread/INFO]: World loading finished: null screen: net.minecraft.client.gui.screens.LevelLoadingScreen@2e063fa1
[15:32:52] [Server thread/INFO]: Time elapsed: 272 ms
[15:32:52] [Render thread/INFO]: World loading finished: null screen: net.minecraft.client.gui.screens.LevelLoadingScreen@2e063fa1
[15:32:52] [Server thread/INFO]: Player235[local:E:f81ee94a] logged in with entity id 11 at (0.5, -60.0, 0.5)
[15:32:52] [Server thread/INFO]: System chat: Player235 joined the game
[15:32:52] [Server thread/INFO]: Changing view distance to 5, from 10
[15:32:52] [Server thread/INFO]: Changing simulation distance to 12, from 0
[15:32:53] [Render thread/INFO]: World loading finished: null screen: net.minecraft.client.gui.screens.LevelLoadingScreen@2e063fa1
[15:32:53] [Render thread/INFO]: Loaded 2 advancements
[15:32:53] [Render thread/INFO]: World loading finished: ClientLevel screen: net.minecraft.client.gui.screens.LevelLoadingScreen@2e063fa1
[15:32:53] [Render thread/INFO]: World loading finished: ClientLevel screen: net.minecraft.client.gui.screens.LevelLoadingScreen@2e063fa1
[15:32:53] [Render thread/INFO]: World loading finished: ClientLevel screen: net.minecraft.client.gui.screens.LevelLoadingScreen@2e063fa1
[15:32:53] [Render thread/INFO]: World loading finished: ClientLevel screen: net.minecraft.client.gui.screens.LevelLoadingScreen@2e063fa1
[15:32:53] [Render thread/INFO]: World loading finished: ClientLevel screen: null
[15:32:53] [Server thread/INFO]: Player235 lost connection: Disconnected
[15:32:53] [Server thread/INFO]: System chat: Player235 left the game
[15:32:53] [Server thread/INFO]: Stopping singleplayer server as player logged out
[15:32:53] [Server thread/INFO]: Stopping server
[15:32:53] [Server thread/INFO]: Saving players
[15:32:53] [Server thread/INFO]: Saving worlds
[15:32:53] [Server thread/INFO]: Saving chunks for level 'ServerLevel[New World]'/minecraft:overworld
[15:32:53] [Server thread/INFO]: Saving chunks for level 'ServerLevel[New World]'/minecraft:the_end
[15:32:53] [Server thread/INFO]: Saving chunks for level 'ServerLevel[New World]'/minecraft:the_nether
[15:32:53] [Test thread/INFO]: [STDOUT]: WILDCRAFT R0 real cross-chunk/save/reload/container/drop checks passed
[15:32:53] [Worker-Main-9/INFO]: Loaded 1872 advancements
[15:32:53] [Render thread/INFO]: World loading finished: null screen: net.minecraft.client.gui.screens.GenericMessageScreen@68525503
[15:32:53] [Render thread/INFO]: Applied 0 biome modifications to 0 of 67 new biomes in 203.1 μs
[15:32:53] [Server thread/INFO]: Starting integrated minecraft server version 26.3
[15:32:53] [Server thread/INFO]: Generating keypair
[15:32:53] [Server thread/INFO]: Selecting global world spawn...
[15:32:53] [Server thread/INFO]: Loading 0 persistent chunks...
[15:32:53] [Server thread/INFO]: Preparing spawn area: 16%
[15:32:53] [Server thread/INFO]: Saving chunks for level 'ServerLevel[New World]'/minecraft:overworld
[15:32:53] [Server thread/INFO]: Saving chunks for level 'ServerLevel[New World]'/minecraft:the_end
[15:32:53] [Server thread/INFO]: Saving chunks for level 'ServerLevel[New World]'/minecraft:the_nether
[15:32:53] [Render thread/INFO]: World loading finished: null screen: net.minecraft.client.gui.screens.LevelLoadingScreen@4c30fa0d
[15:32:54] [Render thread/INFO]: World loading finished: null screen: net.minecraft.client.gui.screens.LevelLoadingScreen@4c30fa0d
[15:32:54] [Render thread/INFO]: World loading finished: null screen: net.minecraft.client.gui.screens.LevelLoadingScreen@4c30fa0d
[15:32:54] [Render thread/INFO]: World loading finished: null screen: net.minecraft.client.gui.screens.LevelLoadingScreen@4c30fa0d
[15:32:54] [Render thread/INFO]: World loading finished: null screen: net.minecraft.client.gui.screens.LevelLoadingScreen@4c30fa0d
[15:32:54] [Server thread/INFO]: Loading 48 chunks for player spawn...
[15:32:54] [Render thread/INFO]: World loading finished: null screen: net.minecraft.client.gui.screens.LevelLoadingScreen@4c30fa0d
[15:32:54] [Render thread/INFO]: World loading finished: null screen: net.minecraft.client.gui.screens.LevelLoadingScreen@4c30fa0d
[15:32:54] [Render thread/INFO]: World loading finished: null screen: net.minecraft.client.gui.screens.LevelLoadingScreen@4c30fa0d
[15:32:54] [Server thread/INFO]: Preparing spawn area: 100%
[15:32:54] [Server thread/INFO]: Time elapsed: 528 ms
[15:32:54] [Render thread/INFO]: World loading finished: null screen: net.minecraft.client.gui.screens.LevelLoadingScreen@4c30fa0d
[15:32:54] [Server thread/INFO]: Player235[local:E:46ae8a52] logged in with entity id 12 at (0.5, -60.0, 0.5)
[15:32:54] [Server thread/INFO]: System chat: Player235 joined the game
[15:32:54] [Server thread/INFO]: Changing view distance to 5, from 10
[15:32:54] [Server thread/INFO]: Changing simulation distance to 12, from 0
[15:32:54] [Render thread/INFO]: Loaded 2 advancements
[15:32:54] [Render thread/INFO]: World loading finished: ClientLevel screen: net.minecraft.client.gui.screens.LevelLoadingScreen@4c30fa0d
[15:32:54] [Render thread/INFO]: World loading finished: ClientLevel screen: net.minecraft.client.gui.screens.LevelLoadingScreen@4c30fa0d
[15:32:54] [Render thread/INFO]: World loading finished: ClientLevel screen: net.minecraft.client.gui.screens.LevelLoadingScreen@4c30fa0d
[15:32:54] [Render thread/INFO]: World loading finished: ClientLevel screen: net.minecraft.client.gui.screens.LevelLoadingScreen@4c30fa0d
[15:32:54] [Render thread/INFO]: World loading finished: ClientLevel screen: net.minecraft.client.gui.screens.LevelLoadingScreen@4c30fa0d
[15:32:54] [Render thread/INFO]: World loading finished: ClientLevel screen: net.minecraft.client.gui.screens.LevelLoadingScreen@4c30fa0d
[15:32:54] [Render thread/INFO]: World loading finished: ClientLevel screen: net.minecraft.client.gui.screens.LevelLoadingScreen@4c30fa0d
[15:32:54] [Render thread/INFO]: World loading finished: ClientLevel screen: net.minecraft.client.gui.screens.LevelLoadingScreen@4c30fa0d
[15:32:54] [Render thread/INFO]: World loading finished: ClientLevel screen: net.minecraft.client.gui.screens.LevelLoadingScreen@4c30fa0d
[15:32:54] [Render thread/INFO]: World loading finished: ClientLevel screen: net.minecraft.client.gui.screens.LevelLoadingScreen@4c30fa0d
[15:32:54] [Render thread/INFO]: World loading finished: ClientLevel screen: net.minecraft.client.gui.screens.LevelLoadingScreen@4c30fa0d
[15:32:54] [Render thread/INFO]: World loading finished: ClientLevel screen: net.minecraft.client.gui.screens.LevelLoadingScreen@4c30fa0d
[15:32:55] [Render thread/INFO]: World loading finished: ClientLevel screen: net.minecraft.client.gui.screens.LevelLoadingScreen@4c30fa0d
[15:32:55] [Render thread/INFO]: World loading finished: ClientLevel screen: null
[15:32:55] [Server thread/INFO]: System chat: Set 15 experience levels on Player235
[15:32:55] [Server thread/INFO]: System chat: Set 30 experience levels on Player235
[15:32:55] [Server thread/INFO]: System chat: Set 5 experience levels on Player235
[15:32:55] [Server thread/INFO]: System chat: Stamina refilled
[15:32:55] [Server thread/INFO]: System chat: Consumed 118.0 stamina
[15:32:55] [Render thread/INFO]: Reloading ResourceManager: vanilla, vanilla, fabric-advancement-api-v1, fabric-api, fabric-api-base, fabric-api-lookup-api-v1, fabric-biome-api-v1, fabric-block-api-v1, fabric-block-getter-api-v2, fabric-client-gametest-api-v1, fabric-command-api-v2, fabric-content-registries-v0, fabric-convention-tags-v2, fabric-crash-report-info-v1, fabric-creative-tab-api-v1, fabric-data-attachment-api-v1, fabric-data-generation-api-v1, fabric-debug-api-v1, fabric-dimensions-v1, fabric-entity-events-v1, fabric-events-interaction-v0, fabric-game-rule-api-v1, fabric-gametest-api-v1, fabric-item-api-v1, fabric-key-mapping-api-v1, fabric-lifecycle-events-v1, fabric-loot-api-v3, fabric-menu-api-v1, fabric-message-api-v1, fabric-model-loading-api-v1, fabric-networking-api-v1, fabric-object-builder-api-v1, fabric-particles-v1, fabric-permission-api-v1, fabric-recipe-api-v1, fabric-registry-sync-v0, fabric-renderer-api-v1, fabric-renderer-indigo, fabric-rendering-fluids-v1, fabric-rendering-v1, fabric-resource-conditions-api-v1, fabric-resource-loader-v0, fabric-resource-loader-v1, fabric-screen-api-v1, fabric-serialization-api-v1, fabric-sound-api-v1, fabric-tag-api-v1, fabric-transfer-api-v1, fabric-transitive-access-wideners-v1, fabricloader, wildcraft, wildcraft-test
[15:32:55] [Worker-Main-9/INFO]: Found unifont_all_no_pua-17.0.01.hex, loading
[15:32:55] [Server thread/INFO]: Saving and pausing game...
[15:32:55] [Server thread/INFO]: Saving chunks for level 'ServerLevel[New World]'/minecraft:overworld
[15:32:55] [Worker-Main-6/INFO]: Found unifont_pua-17.0.01.hex, loading
[15:32:55] [Server thread/INFO]: Saving chunks for level 'ServerLevel[New World]'/minecraft:the_end
[15:32:55] [Server thread/INFO]: Saving chunks for level 'ServerLevel[New World]'/minecraft:the_nether
[15:32:55] [Render thread/INFO]: Info log when linking program containing VERTEX minecraft:core/terrain, FRAGMENT minecraft:core/terrain. Log output: WARNING: Output of vertex shader '_interface_variable_01' not read by fragment shader
WARNING: Output of vertex shader '_interface_variable_00' not read by fragment shader
WARNING: Output of vertex shader '_interface_variable_04' not read by fragment shader

[15:32:55] [Render thread/INFO]: Info log when linking program containing VERTEX minecraft:core/rendertype_crumbling, FRAGMENT minecraft:core/rendertype_crumbling. Log output: WARNING: Output of vertex shader '_interface_variable_01' not read by fragment shader
WARNING: Output of vertex shader '_interface_variable_00' not read by fragment shader

[15:32:55] [Worker-Main-9/INFO]: Found unifont_jp_patch-17.0.01.hex, loading
[15:32:55] [Render thread/INFO]: Info log when linking program containing VERTEX minecraft:core/rendertype_lines, FRAGMENT minecraft:core/rendertype_lines. Log output: WARNING: Output of vertex shader '_interface_variable_01' not read by fragment shader
WARNING: Output of vertex shader '_interface_variable_00' not read by fragment shader

[15:32:55] [Render thread/INFO]: Info log when linking program containing VERTEX minecraft:core/entity, FRAGMENT minecraft:core/entity. Log output: WARNING: Output of vertex shader '_interface_variable_01' not read by fragment shader
WARNING: Output of vertex shader '_interface_variable_00' not read by fragment shader

[15:32:55] [Render thread/INFO]: Info log when linking program containing VERTEX minecraft:core/terrain, FRAGMENT minecraft:core/terrain. Log output: WARNING: Output of vertex shader '_interface_variable_01' not read by fragment shader
WARNING: Output of vertex shader '_interface_variable_00' not read by fragment shader
WARNING: Output of vertex shader '_interface_variable_04' not read by fragment shader

[15:32:55] [Render thread/INFO]: Info log when linking program containing VERTEX minecraft:core/entity, FRAGMENT minecraft:core/entity. Log output: WARNING: Output of vertex shader '_interface_variable_01' not read by fragment shader
WARNING: Output of vertex shader '_interface_variable_00' not read by fragment shader

[15:32:55] [Render thread/INFO]: Info log when linking program containing VERTEX minecraft:core/text, FRAGMENT minecraft:core/text. Log output: WARNING: Output of vertex shader '_interface_variable_01' not read by fragment shader
WARNING: Output of vertex shader '_interface_variable_00' not read by fragment shader

[15:32:55] [Render thread/INFO]: Info log when linking program containing VERTEX minecraft:core/text, FRAGMENT minecraft:core/text. Log output: WARNING: Output of vertex shader '_interface_variable_01' not read by fragment shader
WARNING: Output of vertex shader '_interface_variable_00' not read by fragment shader

[15:32:55] [Render thread/INFO]: Info log when linking program containing VERTEX minecraft:core/entity, FRAGMENT minecraft:core/entity. Log output: WARNING: Output of vertex shader '_interface_variable_01' not read by fragment shader
WARNING: Output of vertex shader '_interface_variable_00' not read by fragment shader

[15:32:55] [Render thread/INFO]: Info log when linking program containing VERTEX minecraft:core/block, FRAGMENT minecraft:core/block. Log output: WARNING: Output of vertex shader '_interface_variable_01' not read by fragment shader
WARNING: Output of vertex shader '_interface_variable_00' not read by fragment shader

[15:32:55] [Render thread/INFO]: Info log when linking program containing VERTEX minecraft:core/particle, FRAGMENT minecraft:core/particle. Log output: WARNING: Output of vertex shader '_interface_variable_01' not read by fragment shader
WARNING: Output of vertex shader '_interface_variable_00' not read by fragment shader

[15:32:55] [Render thread/INFO]: Info log when linking program containing VERTEX minecraft:core/rendertype_entity_shadow, FRAGMENT minecraft:core/rendertype_entity_shadow. Log output: WARNING: Output of vertex shader '_interface_variable_01' not read by fragment shader
WARNING: Output of vertex shader '_interface_variable_00' not read by fragment shader

[15:32:55] [Render thread/INFO]: Info log when linking program containing VERTEX minecraft:core/screenquad, FRAGMENT minecraft:core/integrate_depth. Log output: WARNING: Output of vertex shader '_interface_variable_00' not read by fragment shader

[15:32:55] [Render thread/INFO]: Info log when linking program containing VERTEX minecraft:core/terrain, FRAGMENT minecraft:core/terrain. Log output: WARNING: Output of vertex shader '_interface_variable_01' not read by fragment shader
WARNING: Output of vertex shader '_interface_variable_00' not read by fragment shader
WARNING: Output of vertex shader '_interface_variable_04' not read by fragment shader

[15:32:55] [Render thread/INFO]: Info log when linking program containing VERTEX minecraft:core/screenquad, FRAGMENT minecraft:core/oit_composite. Log output: WARNING: Output of vertex shader '_interface_variable_00' not read by fragment shader

[15:32:55] [Render thread/INFO]: Info log when linking program containing VERTEX minecraft:core/entity, FRAGMENT minecraft:core/entity. Log output: WARNING: Output of vertex shader '_interface_variable_01' not read by fragment shader
WARNING: Output of vertex shader '_interface_variable_00' not read by fragment shader

[15:32:55] [Render thread/INFO]: Info log when linking program containing VERTEX minecraft:core/animate_sprite, FRAGMENT minecraft:core/animate_sprite_blit. Log output: WARNING: Output of vertex shader '_interface_variable_00' not read by fragment shader

[15:32:55] [Render thread/INFO]: Info log when linking program containing VERTEX minecraft:core/entity, FRAGMENT minecraft:core/entity. Log output: WARNING: Output of vertex shader '_interface_variable_01' not read by fragment shader
WARNING: Output of vertex shader '_interface_variable_00' not read by fragment shader

[15:32:55] [Render thread/INFO]: Info log when linking program containing VERTEX minecraft:core/entity, FRAGMENT minecraft:core/entity. Log output: WARNING: Output of vertex shader '_interface_variable_01' not read by fragment shader
WARNING: Output of vertex shader '_interface_variable_00' not read by fragment shader

[15:32:55] [Render thread/INFO]: Info log when linking program containing VERTEX minecraft:core/particle, FRAGMENT minecraft:core/particle. Log output: WARNING: Output of vertex shader '_interface_variable_01' not read by fragment shader
WARNING: Output of vertex shader '_interface_variable_00' not read by fragment shader

[15:32:55] [Render thread/INFO]: Info log when linking program containing VERTEX minecraft:core/entity, FRAGMENT minecraft:core/entity. Log output: WARNING: Output of vertex shader '_interface_variable_01' not read by fragment shader
WARNING: Output of vertex shader '_interface_variable_00' not read by fragment shader

[15:32:55] [Render thread/INFO]: Info log when linking program containing VERTEX minecraft:core/screenquad, FRAGMENT minecraft:core/oit_depth_bounds_cull. Log output: WARNING: Output of vertex shader '_interface_variable_00' not read by fragment shader

[15:32:55] [Render thread/INFO]: Info log when linking program containing VERTEX minecraft:core/block, FRAGMENT minecraft:core/block. Log output: WARNING: Output of vertex shader '_interface_variable_01' not read by fragment shader
WARNING: Output of vertex shader '_interface_variable_00' not read by fragment shader

[15:32:55] [Render thread/INFO]: Info log when linking program containing VERTEX minecraft:core/clouds, FRAGMENT minecraft:core/clouds. Log output: WARNING: Output of vertex shader '_interface_variable_00' not read by fragment shader

[15:32:55] [Render thread/INFO]: Info log when linking program containing VERTEX minecraft:core/text, FRAGMENT minecraft:core/text. Log output: WARNING: Output of vertex shader '_interface_variable_01' not read by fragment shader
WARNING: Output of vertex shader '_interface_variable_00' not read by fragment shader

[15:32:55] [Render thread/INFO]: Info log when linking program containing VERTEX minecraft:core/terrain, FRAGMENT minecraft:core/terrain. Log output: WARNING: Output of vertex shader '_interface_variable_01' not read by fragment shader
WARNING: Output of vertex shader '_interface_variable_00' not read by fragment shader
WARNING: Output of vertex shader '_interface_variable_04' not read by fragment shader

[15:32:55] [Render thread/INFO]: Info log when linking program containing VERTEX minecraft:core/text, FRAGMENT minecraft:core/text. Log output: WARNING: Output of vertex shader '_interface_variable_01' not read by fragment shader
WARNING: Output of vertex shader '_interface_variable_00' not read by fragment shader

[15:32:55] [Render thread/INFO]: Info log when linking program containing VERTEX minecraft:core/text, FRAGMENT minecraft:core/text. Log output: WARNING: Output of vertex shader '_interface_variable_01' not read by fragment shader
WARNING: Output of vertex shader '_interface_variable_00' not read by fragment shader

[15:32:55] [Render thread/INFO]: Info log when linking program containing VERTEX minecraft:core/text, FRAGMENT minecraft:core/text. Log output: WARNING: Output of vertex shader '_interface_variable_01' not read by fragment shader
WARNING: Output of vertex shader '_interface_variable_00' not read by fragment shader

[15:32:55] [Render thread/INFO]: Info log when linking program containing VERTEX minecraft:core/clouds, FRAGMENT minecraft:core/clouds. Log output: WARNING: Output of vertex shader '_interface_variable_00' not read by fragment shader

[15:32:55] [Render thread/INFO]: Info log when linking program containing VERTEX minecraft:core/rendertype_lines, FRAGMENT minecraft:core/rendertype_lines. Log output: WARNING: Output of vertex shader '_interface_variable_01' not read by fragment shader
WARNING: Output of vertex shader '_interface_variable_00' not read by fragment shader

[15:32:55] [Render thread/INFO]: Info log when linking program containing VERTEX minecraft:core/rendertype_entity_shadow, FRAGMENT minecraft:core/rendertype_entity_shadow. Log output: WARNING: Output of vertex shader '_interface_variable_01' not read by fragment shader
WARNING: Output of vertex shader '_interface_variable_00' not read by fragment shader

[15:32:55] [Render thread/INFO]: Info log when linking program containing VERTEX minecraft:core/entity, FRAGMENT minecraft:core/entity. Log output: WARNING: Output of vertex shader '_interface_variable_01' not read by fragment shader
WARNING: Output of vertex shader '_interface_variable_00' not read by fragment shader

[15:32:55] [Render thread/INFO]: Info log when linking program containing VERTEX minecraft:core/entity, FRAGMENT minecraft:core/entity. Log output: WARNING: Output of vertex shader '_interface_variable_01' not read by fragment shader
WARNING: Output of vertex shader '_interface_variable_00' not read by fragment shader

[15:32:55] [Render thread/INFO]: Info log when linking program containing VERTEX minecraft:core/particle, FRAGMENT minecraft:core/particle. Log output: WARNING: Output of vertex shader '_interface_variable_01' not read by fragment shader
WARNING: Output of vertex shader '_interface_variable_00' not read by fragment shader

[15:32:55] [Render thread/INFO]: Info log when linking program containing VERTEX minecraft:core/entity, FRAGMENT minecraft:core/entity. Log output: WARNING: Output of vertex shader '_interface_variable_01' not read by fragment shader
WARNING: Output of vertex shader '_interface_variable_00' not read by fragment shader

[15:32:55] [Render thread/INFO]: Info log when linking program containing VERTEX minecraft:core/text, FRAGMENT minecraft:core/text. Log output: WARNING: Output of vertex shader '_interface_variable_01' not read by fragment shader
WARNING: Output of vertex shader '_interface_variable_00' not read by fragment shader

[15:32:55] [Render thread/INFO]: Info log when linking program containing VERTEX minecraft:core/rendertype_crumbling, FRAGMENT minecraft:core/rendertype_crumbling. Log output: WARNING: Output of vertex shader '_interface_variable_01' not read by fragment shader
WARNING: Output of vertex shader '_interface_variable_00' not read by fragment shader

[15:32:55] [Render thread/INFO]: Info log when linking program containing VERTEX minecraft:core/particle, FRAGMENT minecraft:core/particle. Log output: WARNING: Output of vertex shader '_interface_variable_01' not read by fragment shader
WARNING: Output of vertex shader '_interface_variable_00' not read by fragment shader

[15:32:55] [Render thread/INFO]: Info log when linking program containing VERTEX minecraft:core/entity, FRAGMENT minecraft:core/entity. Log output: WARNING: Output of vertex shader '_interface_variable_01' not read by fragment shader
WARNING: Output of vertex shader '_interface_variable_00' not read by fragment shader

[15:32:55] [Render thread/INFO]: Info log when linking program containing VERTEX minecraft:core/text, FRAGMENT minecraft:core/text. Log output: WARNING: Output of vertex shader '_interface_variable_01' not read by fragment shader
WARNING: Output of vertex shader '_interface_variable_00' not read by fragment shader

[15:32:55] [Render thread/INFO]: Info log when linking program containing VERTEX minecraft:core/entity, FRAGMENT minecraft:core/entity. Log output: WARNING: Output of vertex shader '_interface_variable_01' not read by fragment shader
WARNING: Output of vertex shader '_interface_variable_00' not read by fragment shader

[15:32:56] [Render thread/INFO]: OpenAL initialized on device Mac mini扬声器
[15:32:56] [Render thread/INFO]: Sound engine started
[15:32:56] [Render thread/INFO]: Created: 512x256x0 minecraft:textures/atlas/particles.png-atlas
[15:32:56] [Render thread/INFO]: Created: 256x128x0 minecraft:textures/atlas/celestials.png-atlas
[15:32:56] [Render thread/INFO]: Created: 128x128x0 minecraft:textures/atlas/decorated_pot.png-atlas
[15:32:56] [Render thread/INFO]: Created: 512x256x0 minecraft:textures/atlas/paintings.png-atlas
[15:32:56] [Render thread/INFO]: Created: 1024x512x0 minecraft:textures/atlas/shield_patterns.png-atlas
[15:32:56] [Render thread/INFO]: Created: 1024x512x0 minecraft:textures/atlas/banner_patterns.png-atlas
[15:32:56] [Render thread/INFO]: Created: 2048x2048x4 minecraft:textures/atlas/blocks.png-atlas
[15:32:56] [Render thread/INFO]: Created: 1024x512x0 minecraft:textures/atlas/items.png-atlas
[15:32:56] [Render thread/INFO]: Created: 1024x1024x0 minecraft:textures/atlas/gui.png-atlas
[15:32:56] [Render thread/INFO]: Created: 128x64x0 minecraft:textures/atlas/map_decorations.png-atlas
[15:32:56] [Render thread/INFO]: Created: 512x512x0 minecraft:textures/atlas/chest.png-atlas
[15:32:56] [Render thread/INFO]: Created: 512x512x0 minecraft:textures/atlas/shulker_boxes.png-atlas
[15:32:56] [Render thread/WARN]: Requested post effect does not exist: minecraft:end_of_frame
[15:32:58] [Render thread/INFO]: Reloading ResourceManager: vanilla, vanilla, fabric-advancement-api-v1, fabric-api, fabric-api-base, fabric-api-lookup-api-v1, fabric-biome-api-v1, fabric-block-api-v1, fabric-block-getter-api-v2, fabric-client-gametest-api-v1, fabric-command-api-v2, fabric-content-registries-v0, fabric-convention-tags-v2, fabric-crash-report-info-v1, fabric-creative-tab-api-v1, fabric-data-attachment-api-v1, fabric-data-generation-api-v1, fabric-debug-api-v1, fabric-dimensions-v1, fabric-entity-events-v1, fabric-events-interaction-v0, fabric-game-rule-api-v1, fabric-gametest-api-v1, fabric-item-api-v1, fabric-key-mapping-api-v1, fabric-lifecycle-events-v1, fabric-loot-api-v3, fabric-menu-api-v1, fabric-message-api-v1, fabric-model-loading-api-v1, fabric-networking-api-v1, fabric-object-builder-api-v1, fabric-particles-v1, fabric-permission-api-v1, fabric-recipe-api-v1, fabric-registry-sync-v0, fabric-renderer-api-v1, fabric-renderer-indigo, fabric-rendering-fluids-v1, fabric-rendering-v1, fabric-resource-conditions-api-v1, fabric-resource-loader-v0, fabric-resource-loader-v1, fabric-screen-api-v1, fabric-serialization-api-v1, fabric-sound-api-v1, fabric-tag-api-v1, fabric-transfer-api-v1, fabric-transitive-access-wideners-v1, fabricloader, wildcraft, wildcraft-test
[15:32:58] [Server thread/INFO]: Saving and pausing game...
[15:32:58] [Worker-Main-7/INFO]: Found unifont_pua-17.0.01.hex, loading
[15:32:58] [Worker-Main-8/INFO]: Found unifont_all_no_pua-17.0.01.hex, loading
[15:32:58] [Server thread/INFO]: Saving chunks for level 'ServerLevel[New World]'/minecraft:overworld
[15:32:58] [Server thread/INFO]: Saving chunks for level 'ServerLevel[New World]'/minecraft:the_end
[15:32:58] [Server thread/INFO]: Saving chunks for level 'ServerLevel[New World]'/minecraft:the_nether
[15:32:58] [Render thread/INFO]: Info log when linking program containing VERTEX minecraft:core/terrain, FRAGMENT minecraft:core/terrain. Log output: WARNING: Output of vertex shader '_interface_variable_01' not read by fragment shader
WARNING: Output of vertex shader '_interface_variable_00' not read by fragment shader
WARNING: Output of vertex shader '_interface_variable_04' not read by fragment shader

[15:32:58] [Render thread/INFO]: Info log when linking program containing VERTEX minecraft:core/rendertype_crumbling, FRAGMENT minecraft:core/rendertype_crumbling. Log output: WARNING: Output of vertex shader '_interface_variable_01' not read by fragment shader
WARNING: Output of vertex shader '_interface_variable_00' not read by fragment shader

[15:32:58] [Render thread/INFO]: Info log when linking program containing VERTEX minecraft:core/entity, FRAGMENT minecraft:core/entity. Log output: WARNING: Output of vertex shader '_interface_variable_01' not read by fragment shader
WARNING: Output of vertex shader '_interface_variable_00' not read by fragment shader

[15:32:58] [Render thread/INFO]: Info log when linking program containing VERTEX minecraft:core/rendertype_lines, FRAGMENT minecraft:core/rendertype_lines. Log output: WARNING: Output of vertex shader '_interface_variable_01' not read by fragment shader
WARNING: Output of vertex shader '_interface_variable_00' not read by fragment shader

[15:32:58] [Render thread/INFO]: Info log when linking program containing VERTEX minecraft:core/terrain, FRAGMENT minecraft:core/terrain. Log output: WARNING: Output of vertex shader '_interface_variable_01' not read by fragment shader
WARNING: Output of vertex shader '_interface_variable_00' not read by fragment shader
WARNING: Output of vertex shader '_interface_variable_04' not read by fragment shader

[15:32:58] [Render thread/INFO]: Info log when linking program containing VERTEX minecraft:core/entity, FRAGMENT minecraft:core/entity. Log output: WARNING: Output of vertex shader '_interface_variable_01' not read by fragment shader
WARNING: Output of vertex shader '_interface_variable_00' not read by fragment shader

[15:32:58] [Render thread/INFO]: Info log when linking program containing VERTEX minecraft:core/text, FRAGMENT minecraft:core/text. Log output: WARNING: Output of vertex shader '_interface_variable_01' not read by fragment shader
WARNING: Output of vertex shader '_interface_variable_00' not read by fragment shader

[15:32:58] [Render thread/INFO]: Info log when linking program containing VERTEX minecraft:core/block, FRAGMENT minecraft:core/block. Log output: WARNING: Output of vertex shader '_interface_variable_01' not read by fragment shader
WARNING: Output of vertex shader '_interface_variable_00' not read by fragment shader

[15:32:58] [Render thread/INFO]: Info log when linking program containing VERTEX minecraft:core/entity, FRAGMENT minecraft:core/entity. Log output: WARNING: Output of vertex shader '_interface_variable_01' not read by fragment shader
WARNING: Output of vertex shader '_interface_variable_00' not read by fragment shader

[15:32:58] [Render thread/INFO]: Info log when linking program containing VERTEX minecraft:core/text, FRAGMENT minecraft:core/text. Log output: WARNING: Output of vertex shader '_interface_variable_01' not read by fragment shader
WARNING: Output of vertex shader '_interface_variable_00' not read by fragment shader

[15:32:58] [Worker-Main-8/INFO]: Found unifont_jp_patch-17.0.01.hex, loading
[15:32:58] [Render thread/INFO]: Info log when linking program containing VERTEX minecraft:core/particle, FRAGMENT minecraft:core/particle. Log output: WARNING: Output of vertex shader '_interface_variable_01' not read by fragment shader
WARNING: Output of vertex shader '_interface_variable_00' not read by fragment shader

[15:32:58] [Render thread/INFO]: Info log when linking program containing VERTEX minecraft:core/screenquad, FRAGMENT minecraft:core/oit_composite. Log output: WARNING: Output of vertex shader '_interface_variable_00' not read by fragment shader

[15:32:58] [Render thread/INFO]: Info log when linking program containing VERTEX minecraft:core/rendertype_entity_shadow, FRAGMENT minecraft:core/rendertype_entity_shadow. Log output: WARNING: Output of vertex shader '_interface_variable_01' not read by fragment shader
WARNING: Output of vertex shader '_interface_variable_00' not read by fragment shader

[15:32:58] [Render thread/INFO]: Info log when linking program containing VERTEX minecraft:core/entity, FRAGMENT minecraft:core/entity. Log output: WARNING: Output of vertex shader '_interface_variable_01' not read by fragment shader
WARNING: Output of vertex shader '_interface_variable_00' not read by fragment shader

[15:32:58] [Render thread/INFO]: Info log when linking program containing VERTEX minecraft:core/screenquad, FRAGMENT minecraft:core/integrate_depth. Log output: WARNING: Output of vertex shader '_interface_variable_00' not read by fragment shader

[15:32:58] [Render thread/INFO]: Info log when linking program containing VERTEX minecraft:core/terrain, FRAGMENT minecraft:core/terrain. Log output: WARNING: Output of vertex shader '_interface_variable_01' not read by fragment shader
WARNING: Output of vertex shader '_interface_variable_00' not read by fragment shader
WARNING: Output of vertex shader '_interface_variable_04' not read by fragment shader

[15:32:58] [Render thread/INFO]: Info log when linking program containing VERTEX minecraft:core/entity, FRAGMENT minecraft:core/entity. Log output: WARNING: Output of vertex shader '_interface_variable_01' not read by fragment shader
WARNING: Output of vertex shader '_interface_variable_00' not read by fragment shader

[15:32:58] [Render thread/INFO]: Info log when linking program containing VERTEX minecraft:core/clouds, FRAGMENT minecraft:core/clouds. Log output: WARNING: Output of vertex shader '_interface_variable_00' not read by fragment shader

[15:32:58] [Render thread/INFO]: Info log when linking program containing VERTEX minecraft:core/entity, FRAGMENT minecraft:core/entity. Log output: WARNING: Output of vertex shader '_interface_variable_01' not read by fragment shader
WARNING: Output of vertex shader '_interface_variable_00' not read by fragment shader

[15:32:58] [Render thread/INFO]: Info log when linking program containing VERTEX minecraft:core/animate_sprite, FRAGMENT minecraft:core/animate_sprite_blit. Log output: WARNING: Output of vertex shader '_interface_variable_00' not read by fragment shader

[15:32:58] [Render thread/INFO]: Info log when linking program containing VERTEX minecraft:core/entity, FRAGMENT minecraft:core/entity. Log output: WARNING: Output of vertex shader '_interface_variable_01' not read by fragment shader
WARNING: Output of vertex shader '_interface_variable_00' not read by fragment shader

[15:32:58] [Render thread/INFO]: Info log when linking program containing VERTEX minecraft:core/screenquad, FRAGMENT minecraft:core/oit_depth_bounds_cull. Log output: WARNING: Output of vertex shader '_interface_variable_00' not read by fragment shader

[15:32:58] [Render thread/INFO]: Info log when linking program containing VERTEX minecraft:core/particle, FRAGMENT minecraft:core/particle. Log output: WARNING: Output of vertex shader '_interface_variable_01' not read by fragment shader
WARNING: Output of vertex shader '_interface_variable_00' not read by fragment shader

[15:32:58] [Render thread/INFO]: Info log when linking program containing VERTEX minecraft:core/text, FRAGMENT minecraft:core/text. Log output: WARNING: Output of vertex shader '_interface_variable_01' not read by fragment shader
WARNING: Output of vertex shader '_interface_variable_00' not read by fragment shader

[15:32:58] [Render thread/INFO]: Info log when linking program containing VERTEX minecraft:core/text, FRAGMENT minecraft:core/text. Log output: WARNING: Output of vertex shader '_interface_variable_01' not read by fragment shader
WARNING: Output of vertex shader '_interface_variable_00' not read by fragment shader

[15:32:58] [Render thread/INFO]: Info log when linking program containing VERTEX minecraft:core/text, FRAGMENT minecraft:core/text. Log output: WARNING: Output of vertex shader '_interface_variable_01' not read by fragment shader
WARNING: Output of vertex shader '_interface_variable_00' not read by fragment shader

[15:32:58] [Render thread/INFO]: Info log when linking program containing VERTEX minecraft:core/block, FRAGMENT minecraft:core/block. Log output: WARNING: Output of vertex shader '_interface_variable_01' not read by fragment shader
WARNING: Output of vertex shader '_interface_variable_00' not read by fragment shader

[15:32:58] [Render thread/INFO]: Info log when linking program containing VERTEX minecraft:core/terrain, FRAGMENT minecraft:core/terrain. Log output: WARNING: Output of vertex shader '_interface_variable_01' not read by fragment shader
WARNING: Output of vertex shader '_interface_variable_00' not read by fragment shader
WARNING: Output of vertex shader '_interface_variable_04' not read by fragment shader

[15:32:58] [Render thread/INFO]: Info log when linking program containing VERTEX minecraft:core/text, FRAGMENT minecraft:core/text. Log output: WARNING: Output of vertex shader '_interface_variable_01' not read by fragment shader
WARNING: Output of vertex shader '_interface_variable_00' not read by fragment shader

[15:32:58] [Render thread/INFO]: Info log when linking program containing VERTEX minecraft:core/rendertype_lines, FRAGMENT minecraft:core/rendertype_lines. Log output: WARNING: Output of vertex shader '_interface_variable_01' not read by fragment shader
WARNING: Output of vertex shader '_interface_variable_00' not read by fragment shader

[15:32:58] [Render thread/INFO]: Info log when linking program containing VERTEX minecraft:core/clouds, FRAGMENT minecraft:core/clouds. Log output: WARNING: Output of vertex shader '_interface_variable_00' not read by fragment shader

[15:32:58] [Render thread/INFO]: Info log when linking program containing VERTEX minecraft:core/rendertype_entity_shadow, FRAGMENT minecraft:core/rendertype_entity_shadow. Log output: WARNING: Output of vertex shader '_interface_variable_01' not read by fragment shader
WARNING: Output of vertex shader '_interface_variable_00' not read by fragment shader

[15:32:58] [Render thread/INFO]: Info log when linking program containing VERTEX minecraft:core/particle, FRAGMENT minecraft:core/particle. Log output: WARNING: Output of vertex shader '_interface_variable_01' not read by fragment shader
WARNING: Output of vertex shader '_interface_variable_00' not read by fragment shader

[15:32:58] [Render thread/INFO]: Info log when linking program containing VERTEX minecraft:core/text, FRAGMENT minecraft:core/text. Log output: WARNING: Output of vertex shader '_interface_variable_01' not read by fragment shader
WARNING: Output of vertex shader '_interface_variable_00' not read by fragment shader

[15:32:58] [Render thread/INFO]: Info log when linking program containing VERTEX minecraft:core/rendertype_crumbling, FRAGMENT minecraft:core/rendertype_crumbling. Log output: WARNING: Output of vertex shader '_interface_variable_01' not read by fragment shader
WARNING: Output of vertex shader '_interface_variable_00' not read by fragment shader

[15:32:58] [Render thread/INFO]: Info log when linking program containing VERTEX minecraft:core/entity, FRAGMENT minecraft:core/entity. Log output: WARNING: Output of vertex shader '_interface_variable_01' not read by fragment shader
WARNING: Output of vertex shader '_interface_variable_00' not read by fragment shader

[15:32:58] [Render thread/INFO]: Info log when linking program containing VERTEX minecraft:core/entity, FRAGMENT minecraft:core/entity. Log output: WARNING: Output of vertex shader '_interface_variable_01' not read by fragment shader
WARNING: Output of vertex shader '_interface_variable_00' not read by fragment shader

[15:32:58] [Render thread/INFO]: Info log when linking program containing VERTEX minecraft:core/entity, FRAGMENT minecraft:core/entity. Log output: WARNING: Output of vertex shader '_interface_variable_01' not read by fragment shader
WARNING: Output of vertex shader '_interface_variable_00' not read by fragment shader

[15:32:58] [Render thread/INFO]: Info log when linking program containing VERTEX minecraft:core/entity, FRAGMENT minecraft:core/entity. Log output: WARNING: Output of vertex shader '_interface_variable_01' not read by fragment shader
WARNING: Output of vertex shader '_interface_variable_00' not read by fragment shader

[15:32:58] [Render thread/INFO]: Info log when linking program containing VERTEX minecraft:core/entity, FRAGMENT minecraft:core/entity. Log output: WARNING: Output of vertex shader '_interface_variable_01' not read by fragment shader
WARNING: Output of vertex shader '_interface_variable_00' not read by fragment shader

[15:32:58] [Render thread/INFO]: Info log when linking program containing VERTEX minecraft:core/particle, FRAGMENT minecraft:core/particle. Log output: WARNING: Output of vertex shader '_interface_variable_01' not read by fragment shader
WARNING: Output of vertex shader '_interface_variable_00' not read by fragment shader

[15:32:58] [Render thread/INFO]: Info log when linking program containing VERTEX minecraft:core/text, FRAGMENT minecraft:core/text. Log output: WARNING: Output of vertex shader '_interface_variable_01' not read by fragment shader
WARNING: Output of vertex shader '_interface_variable_00' not read by fragment shader

[15:32:59] [Render thread/INFO]: OpenAL initialized on device Mac mini扬声器
[15:32:59] [Render thread/INFO]: Sound engine started
[15:32:59] [Render thread/INFO]: Created: 512x256x0 minecraft:textures/atlas/particles.png-atlas
[15:32:59] [Render thread/INFO]: Created: 256x128x0 minecraft:textures/atlas/celestials.png-atlas
[15:32:59] [Render thread/INFO]: Created: 128x128x0 minecraft:textures/atlas/decorated_pot.png-atlas
[15:32:59] [Render thread/INFO]: Created: 512x256x0 minecraft:textures/atlas/paintings.png-atlas
[15:32:59] [Render thread/INFO]: Created: 1024x512x0 minecraft:textures/atlas/shield_patterns.png-atlas
[15:32:59] [Render thread/INFO]: Created: 1024x512x0 minecraft:textures/atlas/banner_patterns.png-atlas
[15:32:59] [Render thread/INFO]: Created: 2048x2048x4 minecraft:textures/atlas/blocks.png-atlas
[15:32:59] [Render thread/INFO]: Created: 1024x512x0 minecraft:textures/atlas/items.png-atlas
[15:32:59] [Render thread/INFO]: Created: 1024x1024x0 minecraft:textures/atlas/gui.png-atlas
[15:32:59] [Render thread/INFO]: Created: 128x64x0 minecraft:textures/atlas/map_decorations.png-atlas
[15:32:59] [Render thread/INFO]: Created: 512x512x0 minecraft:textures/atlas/chest.png-atlas
[15:32:59] [Render thread/INFO]: Created: 512x512x0 minecraft:textures/atlas/shulker_boxes.png-atlas
[15:32:59] [Render thread/WARN]: Requested post effect does not exist: minecraft:end_of_frame
[15:33:02] [Server thread/INFO]: Player235 lost connection: Disconnected
[15:33:02] [Server thread/INFO]: System chat: Player235 left the game
[15:33:02] [Server thread/INFO]: Stopping singleplayer server as player logged out
[15:33:02] [Server thread/INFO]: Stopping server
[15:33:02] [Server thread/INFO]: Saving players
[15:33:02] [Server thread/INFO]: Saving worlds
[15:33:02] [Server thread/INFO]: Saving chunks for level 'ServerLevel[New World]'/minecraft:overworld
[15:33:03] [Server thread/INFO]: Saving chunks for level 'ServerLevel[New World]'/minecraft:the_end
[15:33:03] [Server thread/INFO]: Saving chunks for level 'ServerLevel[New World]'/minecraft:the_nether
[15:33:03] [Render thread/INFO]: World loading finished: null screen: net.minecraft.client.gui.screens.GenericMessageScreen@309761a
[15:33:03] [Worker-Main-6/INFO]: Loaded 1872 advancements
[15:33:03] [Render thread/INFO]: Applied 0 biome modifications to 0 of 67 new biomes in 227.8 μs
[15:33:03] [Server thread/INFO]: Starting integrated minecraft server version 26.3
[15:33:03] [Server thread/INFO]: Generating keypair
[15:33:03] [Server thread/INFO]: Loading 0 persistent chunks...
[15:33:03] [Server thread/INFO]: Saving chunks for level 'ServerLevel[New World]'/minecraft:overworld
[15:33:03] [Server thread/INFO]: Saving chunks for level 'ServerLevel[New World]'/minecraft:the_end
[15:33:03] [Server thread/INFO]: Saving chunks for level 'ServerLevel[New World]'/minecraft:the_nether
[15:33:03] [Render thread/INFO]: World loading finished: null screen: net.minecraft.client.gui.screens.LevelLoadingScreen@56afe954
[15:33:03] [Render thread/INFO]: World loading finished: null screen: net.minecraft.client.gui.screens.LevelLoadingScreen@56afe954
[15:33:03] [Render thread/INFO]: World loading finished: null screen: net.minecraft.client.gui.screens.LevelLoadingScreen@56afe954
[15:33:03] [Render thread/INFO]: World loading finished: null screen: net.minecraft.client.gui.screens.LevelLoadingScreen@56afe954
[15:33:03] [Render thread/INFO]: World loading finished: null screen: net.minecraft.client.gui.screens.LevelLoadingScreen@56afe954
[15:33:03] [Server thread/INFO]: Loading 49 chunks for player spawn...
[15:33:03] [Server thread/INFO]: Preparing spawn area: 16%
[15:33:03] [Render thread/INFO]: World loading finished: null screen: net.minecraft.client.gui.screens.LevelLoadingScreen@56afe954
[15:33:03] [Render thread/INFO]: World loading finished: null screen: net.minecraft.client.gui.screens.LevelLoadingScreen@56afe954
[15:33:03] [Render thread/INFO]: World loading finished: null screen: net.minecraft.client.gui.screens.LevelLoadingScreen@56afe954
[15:33:03] [Render thread/INFO]: World loading finished: null screen: net.minecraft.client.gui.screens.LevelLoadingScreen@56afe954
[15:33:03] [Render thread/INFO]: World loading finished: null screen: net.minecraft.client.gui.screens.LevelLoadingScreen@56afe954
[15:33:03] [Server thread/INFO]: Preparing spawn area: 100%
[15:33:03] [Server thread/INFO]: Time elapsed: 524 ms
[15:33:04] [Render thread/INFO]: World loading finished: null screen: net.minecraft.client.gui.screens.LevelLoadingScreen@56afe954
[15:33:04] [Server thread/INFO]: Player235[local:E:ae12213e] logged in with entity id 13 at (0.5, -48.190513258107906, 0.5)
[15:33:04] [Server thread/INFO]: System chat: Player235 joined the game
[15:33:04] [Server thread/INFO]: Changing view distance to 5, from 10
[15:33:04] [Server thread/INFO]: Changing simulation distance to 12, from 0
[15:33:04] [Render thread/INFO]: World loading finished: ClientLevel screen: net.minecraft.client.gui.screens.LevelLoadingScreen@56afe954
[15:33:04] [Render thread/INFO]: Loaded 2 advancements
[15:33:04] [Render thread/INFO]: World loading finished: ClientLevel screen: net.minecraft.client.gui.screens.LevelLoadingScreen@56afe954
[15:33:04] [Render thread/INFO]: World loading finished: ClientLevel screen: null
[15:33:04] [Server thread/INFO]: System chat: Player235 has made the advancement [We Need to Go Deeper]
[15:33:04] [Render thread/INFO]: [System] [CHAT] Player235 has made the advancement [We Need to Go Deeper]
[15:33:05] [Render thread/INFO]: Loaded 29 advancements
[15:33:05] [Server thread/INFO]: System chat: Killed Player235
[15:33:10] [Server thread/INFO]: System chat: Player235 fell from a high place
[15:33:10] [Render thread/INFO]: [System] [CHAT] Player235 fell from a high place
[15:33:10] [Server thread/INFO]: System chat: Consumed 40.0 stamina
[15:33:13] [Server thread/INFO]: Player235 lost connection: Disconnected
[15:33:13] [Server thread/INFO]: System chat: Player235 left the game
[15:33:13] [Server thread/INFO]: Stopping singleplayer server as player logged out
[15:33:13] [Server thread/INFO]: Stopping server
[15:33:13] [Server thread/INFO]: Saving players
[15:33:13] [Server thread/INFO]: Saving worlds
[15:33:13] [Server thread/INFO]: Saving chunks for level 'ServerLevel[New World]'/minecraft:overworld
[15:33:13] [Server thread/INFO]: Saving chunks for level 'ServerLevel[New World]'/minecraft:the_end
[15:33:13] [Server thread/INFO]: Saving chunks for level 'ServerLevel[New World]'/minecraft:the_nether
[15:33:14] [Worker-Main-1/INFO]: Loaded 1872 advancements
[15:33:15] [Thread-3/WARN]: Unable to parse version 27.0 to a codename.
[15:33:15] [Thread-3/INFO]: Environment: Environment[discoveryUrl=https://discovery.minecraftservices.com/minecraft/client, name=PROD]
[15:33:16] [Worker-Main-1/INFO]: Loaded 1872 advancements
[15:33:16] [Thread-3/INFO]: Applied 0 biome modifications to 0 of 67 new biomes in 241.0 μs
[15:33:16] [Server thread/INFO]: Starting minecraft server version 26.3
[15:33:16] [Server thread/INFO]: Loading properties
[15:33:16] [Server thread/INFO]: Default game type: SURVIVAL
[15:33:16] [Server thread/INFO]: Generating keypair
[15:33:16] [Server thread/INFO]: Starting Minecraft server on 127.0.0.1:54821
[15:33:16] [Server thread/WARN]: **** SERVER IS RUNNING IN OFFLINE/INSECURE MODE!
[15:33:16] [Server thread/WARN]: The server will make no attempt to authenticate usernames. Beware.
[15:33:16] [Server thread/WARN]: While this makes the game possible to play without internet access, it also opens up the ability for hackers to connect with any username they choose.
[15:33:16] [Server thread/WARN]: To change this, set "online-mode" to "true" in the server.properties file.
[15:33:16] [Server thread/INFO]: Preparing level "world"
[15:33:16] [Server thread/INFO]: Selecting global world spawn...
[15:33:16] [Server thread/INFO]: Loading 0 persistent chunks...
[15:33:16] [Server thread/INFO]: Preparing spawn area: 100%
[15:33:16] [Server thread/INFO]: Time elapsed: 122 ms
[15:33:16] [Server thread/INFO]: Done (0.126s)! For help, type "help"
[15:33:16] [Server thread/INFO]: Saving chunks for level 'ServerLevel[New World]'/minecraft:overworld
[15:33:16] [Server thread/INFO]: Saving chunks for level 'ServerLevel[New World]'/minecraft:the_end
[15:33:16] [Server thread/INFO]: Saving chunks for level 'ServerLevel[New World]'/minecraft:the_nether
[15:33:16] [Render thread/INFO]: Connecting to localhost, 54821
[15:33:16] [Render thread/INFO]: World loading finished: null screen: net.minecraft.client.gui.screens.ConnectScreen@cddd7f3
[15:33:16] [Render thread/INFO]: World loading finished: null screen: net.minecraft.client.gui.screens.ConnectScreen@cddd7f3
[15:33:16] [Render thread/INFO]: World loading finished: null screen: net.minecraft.client.gui.screens.ConnectScreen@cddd7f3
[15:33:16] [Render thread/INFO]: World loading finished: null screen: net.minecraft.client.gui.screens.ConnectScreen@cddd7f3
[15:33:16] [Render thread/INFO]: World loading finished: null screen: net.minecraft.client.gui.screens.ConnectScreen@cddd7f3
[15:33:16] [Render thread/INFO]: World loading finished: null screen: net.minecraft.client.gui.screens.ConnectScreen@cddd7f3
[15:33:16] [Render thread/INFO]: World loading finished: null screen: net.minecraft.client.gui.screens.ConnectScreen@cddd7f3
[15:33:16] [Render thread/INFO]: World loading finished: null screen: net.minecraft.client.gui.screens.ConnectScreen@cddd7f3
[15:33:16] [Render thread/INFO]: World loading finished: null screen: net.minecraft.client.gui.screens.ConnectScreen@cddd7f3
[15:33:16] [Render thread/INFO]: World loading finished: null screen: net.minecraft.client.gui.screens.ConnectScreen@cddd7f3
[15:33:16] [Server thread/INFO]: Player235[/127.0.0.1:54943] logged in with entity id 18 at (0.5, -60.0, 0.5)
[15:33:16] [Server thread/INFO]: System chat: Player235 joined the game
[15:33:16] [Render thread/INFO]: Loaded 2 advancements
[15:33:16] [Render thread/INFO]: World loading finished: ClientLevel screen: net.minecraft.client.gui.screens.LevelLoadingScreen@22d068e6
[15:33:17] [Render thread/INFO]: World loading finished: ClientLevel screen: net.minecraft.client.gui.screens.LevelLoadingScreen@22d068e6
[15:33:17] [Render thread/INFO]: World loading finished: ClientLevel screen: null
[15:33:18] [Server thread/INFO]: System chat: Set 30 experience levels on Player235
[15:33:18] [Server thread/INFO]: System chat: Set 5 experience levels on Player235
[15:33:18] [Server thread/INFO]: System chat: Stamina refilled
[15:33:18] [Server thread/INFO]: System chat: Consumed 118.0 stamina
[15:33:18] [Server thread/INFO]: Player235 lost connection: Disconnected
[15:33:18] [Server thread/INFO]: System chat: Player235 left the game
[15:33:18] [Render thread/INFO]: Connecting to localhost, 54821
[15:33:18] [Render thread/INFO]: World loading finished: null screen: net.minecraft.client.gui.screens.ConnectScreen@771ccec4
[15:33:18] [Render thread/INFO]: World loading finished: null screen: net.minecraft.client.gui.screens.ConnectScreen@771ccec4
[15:33:18] [Render thread/INFO]: World loading finished: null screen: net.minecraft.client.gui.screens.ConnectScreen@771ccec4
[15:33:18] [Render thread/INFO]: World loading finished: null screen: net.minecraft.client.gui.screens.ConnectScreen@771ccec4
[15:33:18] [Server thread/INFO]: Player235[/127.0.0.1:54993] logged in with entity id 19 at (0.5, -48.0, 0.5)
[15:33:18] [Server thread/INFO]: System chat: Player235 joined the game
[15:33:18] [Render thread/INFO]: Loaded 2 advancements
[15:33:18] [Render thread/INFO]: World loading finished: ClientLevel screen: net.minecraft.client.gui.screens.LevelLoadingScreen@69995674
[15:33:18] [Render thread/INFO]: World loading finished: ClientLevel screen: null
[15:33:19] [Server thread/INFO]: Player235 lost connection: Disconnected
[15:33:19] [Server thread/INFO]: System chat: Player235 left the game
[15:33:19] [Server thread/INFO]: Stopping server
[15:33:19] [Server thread/INFO]: Saving players
[15:33:19] [Server thread/INFO]: Saving worlds
[15:33:19] [Server thread/INFO]: Saving chunks for level 'ServerLevel[New World]'/minecraft:overworld
[15:33:20] [Server thread/INFO]: Saving chunks for level 'ServerLevel[New World]'/minecraft:the_end
[15:33:20] [Server thread/INFO]: Saving chunks for level 'ServerLevel[New World]'/minecraft:the_nether
[15:33:20] [Test thread/INFO]: [STDOUT]: WILDCRAFT P1 real HUD/XP/save/restart/dimension/death/TCP reconnect checks passed
[15:33:20] [Worker-Main-3/INFO]: Loaded 1872 advancements
[15:33:20] [Render thread/INFO]: World loading finished: null screen: net.minecraft.client.gui.screens.GenericMessageScreen@2cd6ce7f
[15:33:20] [Render thread/INFO]: Applied 0 biome modifications to 0 of 67 new biomes in 179.9 μs
[15:33:20] [Server thread/INFO]: Starting integrated minecraft server version 26.3
[15:33:20] [Server thread/INFO]: Generating keypair
[15:33:20] [Server thread/INFO]: Selecting global world spawn...
[15:33:20] [Server thread/INFO]: Loading 0 persistent chunks...
[15:33:20] [Server thread/INFO]: Preparing spawn area: 16%
[15:33:20] [Server thread/INFO]: Saving chunks for level 'ServerLevel[New World]'/minecraft:overworld
[15:33:20] [Server thread/INFO]: Saving chunks for level 'ServerLevel[New World]'/minecraft:the_end
[15:33:20] [Server thread/INFO]: Saving chunks for level 'ServerLevel[New World]'/minecraft:the_nether
[15:33:20] [Render thread/INFO]: World loading finished: null screen: net.minecraft.client.gui.screens.LevelLoadingScreen@6a2e681c
[15:33:20] [Render thread/INFO]: World loading finished: null screen: net.minecraft.client.gui.screens.LevelLoadingScreen@6a2e681c
[15:33:20] [Render thread/INFO]: World loading finished: null screen: net.minecraft.client.gui.screens.LevelLoadingScreen@6a2e681c
[15:33:20] [Render thread/INFO]: World loading finished: null screen: net.minecraft.client.gui.screens.LevelLoadingScreen@6a2e681c
[15:33:20] [Server thread/INFO]: Loading 48 chunks for player spawn...
[15:33:20] [Render thread/INFO]: World loading finished: null screen: net.minecraft.client.gui.screens.LevelLoadingScreen@6a2e681c
[15:33:20] [Render thread/INFO]: World loading finished: null screen: net.minecraft.client.gui.screens.LevelLoadingScreen@6a2e681c
[15:33:20] [Server thread/INFO]: Time elapsed: 409 ms
[15:33:20] [Render thread/INFO]: World loading finished: null screen: net.minecraft.client.gui.screens.LevelLoadingScreen@6a2e681c
[15:33:20] [Server thread/INFO]: Player235[local:E:b36c1235] logged in with entity id 20 at (0.5, -60.0, 0.5)
[15:33:20] [Server thread/INFO]: System chat: Player235 joined the game
[15:33:20] [Server thread/INFO]: Changing view distance to 5, from 10
[15:33:20] [Server thread/INFO]: Changing simulation distance to 12, from 0
[15:33:20] [Render thread/INFO]: World loading finished: ClientLevel screen: net.minecraft.client.gui.screens.LevelLoadingScreen@6a2e681c
[15:33:20] [Render thread/INFO]: Loaded 2 advancements
[15:33:20] [Render thread/INFO]: World loading finished: ClientLevel screen: net.minecraft.client.gui.screens.LevelLoadingScreen@6a2e681c
[15:33:20] [Render thread/INFO]: World loading finished: ClientLevel screen: net.minecraft.client.gui.screens.LevelLoadingScreen@6a2e681c
[15:33:21] [Render thread/INFO]: World loading finished: ClientLevel screen: net.minecraft.client.gui.screens.LevelLoadingScreen@6a2e681c
[15:33:21] [Render thread/INFO]: World loading finished: ClientLevel screen: net.minecraft.client.gui.screens.LevelLoadingScreen@6a2e681c
[15:33:21] [Render thread/INFO]: World loading finished: ClientLevel screen: net.minecraft.client.gui.screens.LevelLoadingScreen@6a2e681c
[15:33:21] [Render thread/INFO]: World loading finished: ClientLevel screen: net.minecraft.client.gui.screens.LevelLoadingScreen@6a2e681c
[15:33:21] [Render thread/INFO]: World loading finished: ClientLevel screen: net.minecraft.client.gui.screens.LevelLoadingScreen@6a2e681c
[15:33:21] [Render thread/INFO]: World loading finished: ClientLevel screen: net.minecraft.client.gui.screens.LevelLoadingScreen@6a2e681c
[15:33:21] [Render thread/INFO]: World loading finished: ClientLevel screen: net.minecraft.client.gui.screens.LevelLoadingScreen@6a2e681c
[15:33:21] [Render thread/INFO]: World loading finished: ClientLevel screen: net.minecraft.client.gui.screens.LevelLoadingScreen@6a2e681c
[15:33:21] [Render thread/INFO]: World loading finished: ClientLevel screen: net.minecraft.client.gui.screens.LevelLoadingScreen@6a2e681c
[15:33:21] [Render thread/INFO]: World loading finished: ClientLevel screen: net.minecraft.client.gui.screens.LevelLoadingScreen@6a2e681c
[15:33:21] [Render thread/INFO]: World loading finished: ClientLevel screen: net.minecraft.client.gui.screens.LevelLoadingScreen@6a2e681c
[15:33:21] [Render thread/INFO]: World loading finished: ClientLevel screen: null
[15:33:21] [Server thread/INFO]: System chat: Set minecraft:overworld to time marker minecraft:day
[15:33:21] [Render thread/INFO]: Reloading ResourceManager: vanilla, vanilla, fabric-advancement-api-v1, fabric-api, fabric-api-base, fabric-api-lookup-api-v1, fabric-biome-api-v1, fabric-block-api-v1, fabric-block-getter-api-v2, fabric-client-gametest-api-v1, fabric-command-api-v2, fabric-content-registries-v0, fabric-convention-tags-v2, fabric-crash-report-info-v1, fabric-creative-tab-api-v1, fabric-data-attachment-api-v1, fabric-data-generation-api-v1, fabric-debug-api-v1, fabric-dimensions-v1, fabric-entity-events-v1, fabric-events-interaction-v0, fabric-game-rule-api-v1, fabric-gametest-api-v1, fabric-item-api-v1, fabric-key-mapping-api-v1, fabric-lifecycle-events-v1, fabric-loot-api-v3, fabric-menu-api-v1, fabric-message-api-v1, fabric-model-loading-api-v1, fabric-networking-api-v1, fabric-object-builder-api-v1, fabric-particles-v1, fabric-permission-api-v1, fabric-recipe-api-v1, fabric-registry-sync-v0, fabric-renderer-api-v1, fabric-renderer-indigo, fabric-rendering-fluids-v1, fabric-rendering-v1, fabric-resource-conditions-api-v1, fabric-resource-loader-v0, fabric-resource-loader-v1, fabric-screen-api-v1, fabric-serialization-api-v1, fabric-sound-api-v1, fabric-tag-api-v1, fabric-transfer-api-v1, fabric-transitive-access-wideners-v1, fabricloader, wildcraft, wildcraft-test
[15:33:21] [Worker-Main-5/INFO]: Found unifont_pua-17.0.01.hex, loading
[15:33:21] [Worker-Main-8/INFO]: Found unifont_all_no_pua-17.0.01.hex, loading
[15:33:21] [Server thread/INFO]: Saving and pausing game...
[15:33:21] [Server thread/INFO]: Saving chunks for level 'ServerLevel[New World]'/minecraft:overworld
[15:33:21] [Server thread/INFO]: Saving chunks for level 'ServerLevel[New World]'/minecraft:the_end
[15:33:21] [Server thread/INFO]: Saving chunks for level 'ServerLevel[New World]'/minecraft:the_nether
[15:33:21] [Render thread/INFO]: Info log when linking program containing VERTEX minecraft:core/terrain, FRAGMENT minecraft:core/terrain. Log output: WARNING: Output of vertex shader '_interface_variable_01' not read by fragment shader
WARNING: Output of vertex shader '_interface_variable_00' not read by fragment shader
WARNING: Output of vertex shader '_interface_variable_04' not read by fragment shader

[15:33:21] [Worker-Main-8/INFO]: Found unifont_jp_patch-17.0.01.hex, loading
[15:33:21] [Render thread/INFO]: Info log when linking program containing VERTEX minecraft:core/rendertype_crumbling, FRAGMENT minecraft:core/rendertype_crumbling. Log output: WARNING: Output of vertex shader '_interface_variable_01' not read by fragment shader
WARNING: Output of vertex shader '_interface_variable_00' not read by fragment shader

[15:33:21] [Render thread/INFO]: Info log when linking program containing VERTEX minecraft:core/entity, FRAGMENT minecraft:core/entity. Log output: WARNING: Output of vertex shader '_interface_variable_01' not read by fragment shader
WARNING: Output of vertex shader '_interface_variable_00' not read by fragment shader

[15:33:21] [Render thread/INFO]: Info log when linking program containing VERTEX minecraft:core/rendertype_lines, FRAGMENT minecraft:core/rendertype_lines. Log output: WARNING: Output of vertex shader '_interface_variable_01' not read by fragment shader
WARNING: Output of vertex shader '_interface_variable_00' not read by fragment shader

[15:33:21] [Render thread/INFO]: Info log when linking program containing VERTEX minecraft:core/terrain, FRAGMENT minecraft:core/terrain. Log output: WARNING: Output of vertex shader '_interface_variable_01' not read by fragment shader
WARNING: Output of vertex shader '_interface_variable_00' not read by fragment shader
WARNING: Output of vertex shader '_interface_variable_04' not read by fragment shader

[15:33:21] [Render thread/INFO]: Info log when linking program containing VERTEX minecraft:core/entity, FRAGMENT minecraft:core/entity. Log output: WARNING: Output of vertex shader '_interface_variable_01' not read by fragment shader
WARNING: Output of vertex shader '_interface_variable_00' not read by fragment shader

[15:33:21] [Render thread/INFO]: Info log when linking program containing VERTEX minecraft:core/text, FRAGMENT minecraft:core/text. Log output: WARNING: Output of vertex shader '_interface_variable_01' not read by fragment shader
WARNING: Output of vertex shader '_interface_variable_00' not read by fragment shader

[15:33:21] [Render thread/INFO]: Info log when linking program containing VERTEX minecraft:core/text, FRAGMENT minecraft:core/text. Log output: WARNING: Output of vertex shader '_interface_variable_01' not read by fragment shader
WARNING: Output of vertex shader '_interface_variable_00' not read by fragment shader

[15:33:21] [Render thread/INFO]: Info log when linking program containing VERTEX minecraft:core/block, FRAGMENT minecraft:core/block. Log output: WARNING: Output of vertex shader '_interface_variable_01' not read by fragment shader
WARNING: Output of vertex shader '_interface_variable_00' not read by fragment shader

[15:33:22] [Render thread/INFO]: Info log when linking program containing VERTEX minecraft:core/entity, FRAGMENT minecraft:core/entity. Log output: WARNING: Output of vertex shader '_interface_variable_01' not read by fragment shader
WARNING: Output of vertex shader '_interface_variable_00' not read by fragment shader

[15:33:22] [Render thread/INFO]: Info log when linking program containing VERTEX minecraft:core/particle, FRAGMENT minecraft:core/particle. Log output: WARNING: Output of vertex shader '_interface_variable_01' not read by fragment shader
WARNING: Output of vertex shader '_interface_variable_00' not read by fragment shader

[15:33:22] [Render thread/INFO]: Info log when linking program containing VERTEX minecraft:core/rendertype_entity_shadow, FRAGMENT minecraft:core/rendertype_entity_shadow. Log output: WARNING: Output of vertex shader '_interface_variable_01' not read by fragment shader
WARNING: Output of vertex shader '_interface_variable_00' not read by fragment shader

[15:33:22] [Render thread/INFO]: Info log when linking program containing VERTEX minecraft:core/screenquad, FRAGMENT minecraft:core/oit_composite. Log output: WARNING: Output of vertex shader '_interface_variable_00' not read by fragment shader

[15:33:22] [Render thread/INFO]: Info log when linking program containing VERTEX minecraft:core/entity, FRAGMENT minecraft:core/entity. Log output: WARNING: Output of vertex shader '_interface_variable_01' not read by fragment shader
WARNING: Output of vertex shader '_interface_variable_00' not read by fragment shader

[15:33:22] [Render thread/INFO]: Info log when linking program containing VERTEX minecraft:core/animate_sprite, FRAGMENT minecraft:core/animate_sprite_blit. Log output: WARNING: Output of vertex shader '_interface_variable_00' not read by fragment shader

[15:33:22] [Render thread/INFO]: Info log when linking program containing VERTEX minecraft:core/terrain, FRAGMENT minecraft:core/terrain. Log output: WARNING: Output of vertex shader '_interface_variable_01' not read by fragment shader
WARNING: Output of vertex shader '_interface_variable_00' not read by fragment shader
WARNING: Output of vertex shader '_interface_variable_04' not read by fragment shader

[15:33:22] [Render thread/INFO]: Info log when linking program containing VERTEX minecraft:core/entity, FRAGMENT minecraft:core/entity. Log output: WARNING: Output of vertex shader '_interface_variable_01' not read by fragment shader
WARNING: Output of vertex shader '_interface_variable_00' not read by fragment shader

[15:33:22] [Render thread/INFO]: Info log when linking program containing VERTEX minecraft:core/screenquad, FRAGMENT minecraft:core/integrate_depth. Log output: WARNING: Output of vertex shader '_interface_variable_00' not read by fragment shader

[15:33:22] [Render thread/INFO]: Info log when linking program containing VERTEX minecraft:core/entity, FRAGMENT minecraft:core/entity. Log output: WARNING: Output of vertex shader '_interface_variable_01' not read by fragment shader
WARNING: Output of vertex shader '_interface_variable_00' not read by fragment shader

[15:33:22] [Render thread/INFO]: Info log when linking program containing VERTEX minecraft:core/clouds, FRAGMENT minecraft:core/clouds. Log output: WARNING: Output of vertex shader '_interface_variable_00' not read by fragment shader

[15:33:22] [Render thread/INFO]: Info log when linking program containing VERTEX minecraft:core/entity, FRAGMENT minecraft:core/entity. Log output: WARNING: Output of vertex shader '_interface_variable_01' not read by fragment shader
WARNING: Output of vertex shader '_interface_variable_00' not read by fragment shader

[15:33:22] [Render thread/INFO]: Info log when linking program containing VERTEX minecraft:core/particle, FRAGMENT minecraft:core/particle. Log output: WARNING: Output of vertex shader '_interface_variable_01' not read by fragment shader
WARNING: Output of vertex shader '_interface_variable_00' not read by fragment shader

[15:33:22] [Render thread/INFO]: Info log when linking program containing VERTEX minecraft:core/screenquad, FRAGMENT minecraft:core/oit_depth_bounds_cull. Log output: WARNING: Output of vertex shader '_interface_variable_00' not read by fragment shader

[15:33:22] [Render thread/INFO]: Info log when linking program containing VERTEX minecraft:core/text, FRAGMENT minecraft:core/text. Log output: WARNING: Output of vertex shader '_interface_variable_01' not read by fragment shader
WARNING: Output of vertex shader '_interface_variable_00' not read by fragment shader

[15:33:22] [Render thread/INFO]: Info log when linking program containing VERTEX minecraft:core/entity, FRAGMENT minecraft:core/entity. Log output: WARNING: Output of vertex shader '_interface_variable_01' not read by fragment shader
WARNING: Output of vertex shader '_interface_variable_00' not read by fragment shader

[15:33:22] [Render thread/INFO]: Info log when linking program containing VERTEX minecraft:core/block, FRAGMENT minecraft:core/block. Log output: WARNING: Output of vertex shader '_interface_variable_01' not read by fragment shader
WARNING: Output of vertex shader '_interface_variable_00' not read by fragment shader

[15:33:22] [Render thread/INFO]: Info log when linking program containing VERTEX minecraft:core/text, FRAGMENT minecraft:core/text. Log output: WARNING: Output of vertex shader '_interface_variable_01' not read by fragment shader
WARNING: Output of vertex shader '_interface_variable_00' not read by fragment shader

[15:33:22] [Render thread/INFO]: Info log when linking program containing VERTEX minecraft:core/clouds, FRAGMENT minecraft:core/clouds. Log output: WARNING: Output of vertex shader '_interface_variable_00' not read by fragment shader

[15:33:22] [Render thread/INFO]: Info log when linking program containing VERTEX minecraft:core/rendertype_entity_shadow, FRAGMENT minecraft:core/rendertype_entity_shadow. Log output: WARNING: Output of vertex shader '_interface_variable_01' not read by fragment shader
WARNING: Output of vertex shader '_interface_variable_00' not read by fragment shader

[15:33:22] [Render thread/INFO]: Info log when linking program containing VERTEX minecraft:core/entity, FRAGMENT minecraft:core/entity. Log output: WARNING: Output of vertex shader '_interface_variable_01' not read by fragment shader
WARNING: Output of vertex shader '_interface_variable_00' not read by fragment shader

[15:33:22] [Render thread/INFO]: Info log when linking program containing VERTEX minecraft:core/terrain, FRAGMENT minecraft:core/terrain. Log output: WARNING: Output of vertex shader '_interface_variable_01' not read by fragment shader
WARNING: Output of vertex shader '_interface_variable_00' not read by fragment shader
WARNING: Output of vertex shader '_interface_variable_04' not read by fragment shader

[15:33:22] [Render thread/INFO]: Info log when linking program containing VERTEX minecraft:core/text, FRAGMENT minecraft:core/text. Log output: WARNING: Output of vertex shader '_interface_variable_01' not read by fragment shader
WARNING: Output of vertex shader '_interface_variable_00' not read by fragment shader

[15:33:22] [Render thread/INFO]: Info log when linking program containing VERTEX minecraft:core/rendertype_lines, FRAGMENT minecraft:core/rendertype_lines. Log output: WARNING: Output of vertex shader '_interface_variable_01' not read by fragment shader
WARNING: Output of vertex shader '_interface_variable_00' not read by fragment shader

[15:33:22] [Render thread/INFO]: Info log when linking program containing VERTEX minecraft:core/text, FRAGMENT minecraft:core/text. Log output: WARNING: Output of vertex shader '_interface_variable_01' not read by fragment shader
WARNING: Output of vertex shader '_interface_variable_00' not read by fragment shader

[15:33:22] [Render thread/INFO]: Info log when linking program containing VERTEX minecraft:core/particle, FRAGMENT minecraft:core/particle. Log output: WARNING: Output of vertex shader '_interface_variable_01' not read by fragment shader
WARNING: Output of vertex shader '_interface_variable_00' not read by fragment shader

[15:33:22] [Render thread/INFO]: Info log when linking program containing VERTEX minecraft:core/text, FRAGMENT minecraft:core/text. Log output: WARNING: Output of vertex shader '_interface_variable_01' not read by fragment shader
WARNING: Output of vertex shader '_interface_variable_00' not read by fragment shader

[15:33:22] [Render thread/INFO]: Info log when linking program containing VERTEX minecraft:core/entity, FRAGMENT minecraft:core/entity. Log output: WARNING: Output of vertex shader '_interface_variable_01' not read by fragment shader
WARNING: Output of vertex shader '_interface_variable_00' not read by fragment shader

[15:33:22] [Render thread/INFO]: Info log when linking program containing VERTEX minecraft:core/entity, FRAGMENT minecraft:core/entity. Log output: WARNING: Output of vertex shader '_interface_variable_01' not read by fragment shader
WARNING: Output of vertex shader '_interface_variable_00' not read by fragment shader

[15:33:22] [Render thread/INFO]: Info log when linking program containing VERTEX minecraft:core/rendertype_crumbling, FRAGMENT minecraft:core/rendertype_crumbling. Log output: WARNING: Output of vertex shader '_interface_variable_01' not read by fragment shader
WARNING: Output of vertex shader '_interface_variable_00' not read by fragment shader

[15:33:22] [Render thread/INFO]: Info log when linking program containing VERTEX minecraft:core/entity, FRAGMENT minecraft:core/entity. Log output: WARNING: Output of vertex shader '_interface_variable_01' not read by fragment shader
WARNING: Output of vertex shader '_interface_variable_00' not read by fragment shader

[15:33:22] [Render thread/INFO]: Info log when linking program containing VERTEX minecraft:core/text, FRAGMENT minecraft:core/text. Log output: WARNING: Output of vertex shader '_interface_variable_01' not read by fragment shader
WARNING: Output of vertex shader '_interface_variable_00' not read by fragment shader

[15:33:22] [Render thread/INFO]: Info log when linking program containing VERTEX minecraft:core/particle, FRAGMENT minecraft:core/particle. Log output: WARNING: Output of vertex shader '_interface_variable_01' not read by fragment shader
WARNING: Output of vertex shader '_interface_variable_00' not read by fragment shader

[15:33:23] [Render thread/INFO]: OpenAL initialized on device Mac mini扬声器
[15:33:23] [Render thread/INFO]: Sound engine started
[15:33:23] [Render thread/INFO]: Created: 512x256x0 minecraft:textures/atlas/particles.png-atlas
[15:33:23] [Render thread/INFO]: Created: 256x128x0 minecraft:textures/atlas/celestials.png-atlas
[15:33:23] [Render thread/INFO]: Created: 128x128x0 minecraft:textures/atlas/decorated_pot.png-atlas
[15:33:23] [Render thread/INFO]: Created: 512x256x0 minecraft:textures/atlas/paintings.png-atlas
[15:33:23] [Render thread/INFO]: Created: 1024x512x0 minecraft:textures/atlas/shield_patterns.png-atlas
[15:33:23] [Render thread/INFO]: Created: 1024x512x0 minecraft:textures/atlas/banner_patterns.png-atlas
[15:33:23] [Render thread/INFO]: Created: 2048x2048x4 minecraft:textures/atlas/blocks.png-atlas
[15:33:23] [Render thread/INFO]: Created: 1024x512x0 minecraft:textures/atlas/items.png-atlas
[15:33:23] [Render thread/INFO]: Created: 1024x1024x0 minecraft:textures/atlas/gui.png-atlas
[15:33:23] [Render thread/INFO]: Created: 128x64x0 minecraft:textures/atlas/map_decorations.png-atlas
[15:33:23] [Render thread/INFO]: Created: 512x512x0 minecraft:textures/atlas/chest.png-atlas
[15:33:23] [Render thread/INFO]: Created: 512x512x0 minecraft:textures/atlas/shulker_boxes.png-atlas
[15:33:23] [Render thread/WARN]: Requested post effect does not exist: minecraft:end_of_frame
[15:33:34] [Server thread/INFO]: System chat: 已将1.0伤害施加于Player235
[15:33:36] [Server thread/INFO]: System chat: Player235被杀死了
[15:33:36] [Server thread/INFO]: System chat: 杀死了Player235
[15:33:36] [Render thread/INFO]: [System] [CHAT] Player235被杀死了
[15:33:37] [Server thread/INFO]: System chat: Player235取得了进度[勇往直下]
[15:33:37] [Render thread/INFO]: [System] [CHAT] Player235取得了进度[勇往直下]
[15:33:37] [Render thread/INFO]: Loaded 29 advancements
[15:33:37] [Render thread/INFO]: Reloading ResourceManager: vanilla, vanilla, fabric-advancement-api-v1, fabric-api, fabric-api-base, fabric-api-lookup-api-v1, fabric-biome-api-v1, fabric-block-api-v1, fabric-block-getter-api-v2, fabric-client-gametest-api-v1, fabric-command-api-v2, fabric-content-registries-v0, fabric-convention-tags-v2, fabric-crash-report-info-v1, fabric-creative-tab-api-v1, fabric-data-attachment-api-v1, fabric-data-generation-api-v1, fabric-debug-api-v1, fabric-dimensions-v1, fabric-entity-events-v1, fabric-events-interaction-v0, fabric-game-rule-api-v1, fabric-gametest-api-v1, fabric-item-api-v1, fabric-key-mapping-api-v1, fabric-lifecycle-events-v1, fabric-loot-api-v3, fabric-menu-api-v1, fabric-message-api-v1, fabric-model-loading-api-v1, fabric-networking-api-v1, fabric-object-builder-api-v1, fabric-particles-v1, fabric-permission-api-v1, fabric-recipe-api-v1, fabric-registry-sync-v0, fabric-renderer-api-v1, fabric-renderer-indigo, fabric-rendering-fluids-v1, fabric-rendering-v1, fabric-resource-conditions-api-v1, fabric-resource-loader-v0, fabric-resource-loader-v1, fabric-screen-api-v1, fabric-serialization-api-v1, fabric-sound-api-v1, fabric-tag-api-v1, fabric-transfer-api-v1, fabric-transitive-access-wideners-v1, fabricloader, wildcraft, wildcraft-test
[15:33:37] [Worker-Main-9/INFO]: Found unifont_all_no_pua-17.0.01.hex, loading
[15:33:37] [Worker-Main-2/INFO]: Found unifont_pua-17.0.01.hex, loading
[15:33:37] [Server thread/INFO]: Saving and pausing game...
[15:33:37] [Server thread/INFO]: Saving chunks for level 'ServerLevel[New World]'/minecraft:overworld
[15:33:37] [Server thread/INFO]: Saving chunks for level 'ServerLevel[New World]'/minecraft:the_end
[15:33:37] [Server thread/INFO]: Saving chunks for level 'ServerLevel[New World]'/minecraft:the_nether
[15:33:37] [Render thread/INFO]: Info log when linking program containing VERTEX minecraft:core/terrain, FRAGMENT minecraft:core/terrain. Log output: WARNING: Output of vertex shader '_interface_variable_01' not read by fragment shader
WARNING: Output of vertex shader '_interface_variable_00' not read by fragment shader
WARNING: Output of vertex shader '_interface_variable_04' not read by fragment shader

[15:33:37] [Render thread/INFO]: Info log when linking program containing VERTEX minecraft:core/rendertype_crumbling, FRAGMENT minecraft:core/rendertype_crumbling. Log output: WARNING: Output of vertex shader '_interface_variable_01' not read by fragment shader
WARNING: Output of vertex shader '_interface_variable_00' not read by fragment shader

[15:33:37] [Render thread/INFO]: Info log when linking program containing VERTEX minecraft:core/entity, FRAGMENT minecraft:core/entity. Log output: WARNING: Output of vertex shader '_interface_variable_01' not read by fragment shader
WARNING: Output of vertex shader '_interface_variable_00' not read by fragment shader

[15:33:37] [Render thread/INFO]: Info log when linking program containing VERTEX minecraft:core/rendertype_lines, FRAGMENT minecraft:core/rendertype_lines. Log output: WARNING: Output of vertex shader '_interface_variable_01' not read by fragment shader
WARNING: Output of vertex shader '_interface_variable_00' not read by fragment shader

[15:33:37] [Render thread/INFO]: Info log when linking program containing VERTEX minecraft:core/entity, FRAGMENT minecraft:core/entity. Log output: WARNING: Output of vertex shader '_interface_variable_01' not read by fragment shader
WARNING: Output of vertex shader '_interface_variable_00' not read by fragment shader

[15:33:37] [Render thread/INFO]: Info log when linking program containing VERTEX minecraft:core/terrain, FRAGMENT minecraft:core/terrain. Log output: WARNING: Output of vertex shader '_interface_variable_01' not read by fragment shader
WARNING: Output of vertex shader '_interface_variable_00' not read by fragment shader
WARNING: Output of vertex shader '_interface_variable_04' not read by fragment shader

[15:33:37] [Render thread/INFO]: Info log when linking program containing VERTEX minecraft:core/text, FRAGMENT minecraft:core/text. Log output: WARNING: Output of vertex shader '_interface_variable_01' not read by fragment shader
WARNING: Output of vertex shader '_interface_variable_00' not read by fragment shader

[15:33:37] [Render thread/INFO]: Info log when linking program containing VERTEX minecraft:core/text, FRAGMENT minecraft:core/text. Log output: WARNING: Output of vertex shader '_interface_variable_01' not read by fragment shader
WARNING: Output of vertex shader '_interface_variable_00' not read by fragment shader

[15:33:37] [Worker-Main-9/INFO]: Found unifont_jp_patch-17.0.01.hex, loading
[15:33:37] [Render thread/INFO]: Info log when linking program containing VERTEX minecraft:core/block, FRAGMENT minecraft:core/block. Log output: WARNING: Output of vertex shader '_interface_variable_01' not read by fragment shader
WARNING: Output of vertex shader '_interface_variable_00' not read by fragment shader

[15:33:37] [Render thread/INFO]: Info log when linking program containing VERTEX minecraft:core/entity, FRAGMENT minecraft:core/entity. Log output: WARNING: Output of vertex shader '_interface_variable_01' not read by fragment shader
WARNING: Output of vertex shader '_interface_variable_00' not read by fragment shader

[15:33:37] [Render thread/INFO]: Info log when linking program containing VERTEX minecraft:core/particle, FRAGMENT minecraft:core/particle. Log output: WARNING: Output of vertex shader '_interface_variable_01' not read by fragment shader
WARNING: Output of vertex shader '_interface_variable_00' not read by fragment shader

[15:33:37] [Render thread/INFO]: Info log when linking program containing VERTEX minecraft:core/rendertype_entity_shadow, FRAGMENT minecraft:core/rendertype_entity_shadow. Log output: WARNING: Output of vertex shader '_interface_variable_01' not read by fragment shader
WARNING: Output of vertex shader '_interface_variable_00' not read by fragment shader

[15:33:37] [Render thread/INFO]: Info log when linking program containing VERTEX minecraft:core/screenquad, FRAGMENT minecraft:core/oit_composite. Log output: WARNING: Output of vertex shader '_interface_variable_00' not read by fragment shader

[15:33:37] [Render thread/INFO]: Info log when linking program containing VERTEX minecraft:core/screenquad, FRAGMENT minecraft:core/integrate_depth. Log output: WARNING: Output of vertex shader '_interface_variable_00' not read by fragment shader

[15:33:37] [Render thread/INFO]: Info log when linking program containing VERTEX minecraft:core/entity, FRAGMENT minecraft:core/entity. Log output: WARNING: Output of vertex shader '_interface_variable_01' not read by fragment shader
WARNING: Output of vertex shader '_interface_variable_00' not read by fragment shader

[15:33:37] [Render thread/INFO]: Info log when linking program containing VERTEX minecraft:core/animate_sprite, FRAGMENT minecraft:core/animate_sprite_blit. Log output: WARNING: Output of vertex shader '_interface_variable_00' not read by fragment shader

[15:33:37] [Render thread/INFO]: Info log when linking program containing VERTEX minecraft:core/entity, FRAGMENT minecraft:core/entity. Log output: WARNING: Output of vertex shader '_interface_variable_01' not read by fragment shader
WARNING: Output of vertex shader '_interface_variable_00' not read by fragment shader

[15:33:37] [Render thread/INFO]: Info log when linking program containing VERTEX minecraft:core/entity, FRAGMENT minecraft:core/entity. Log output: WARNING: Output of vertex shader '_interface_variable_01' not read by fragment shader
WARNING: Output of vertex shader '_interface_variable_00' not read by fragment shader

[15:33:37] [Render thread/INFO]: Info log when linking program containing VERTEX minecraft:core/clouds, FRAGMENT minecraft:core/clouds. Log output: WARNING: Output of vertex shader '_interface_variable_00' not read by fragment shader

[15:33:37] [Render thread/INFO]: Info log when linking program containing VERTEX minecraft:core/terrain, FRAGMENT minecraft:core/terrain. Log output: WARNING: Output of vertex shader '_interface_variable_01' not read by fragment shader
WARNING: Output of vertex shader '_interface_variable_00' not read by fragment shader
WARNING: Output of vertex shader '_interface_variable_04' not read by fragment shader

[15:33:37] [Render thread/INFO]: Info log when linking program containing VERTEX minecraft:core/particle, FRAGMENT minecraft:core/particle. Log output: WARNING: Output of vertex shader '_interface_variable_01' not read by fragment shader
WARNING: Output of vertex shader '_interface_variable_00' not read by fragment shader

[15:33:37] [Render thread/INFO]: Info log when linking program containing VERTEX minecraft:core/screenquad, FRAGMENT minecraft:core/oit_depth_bounds_cull. Log output: WARNING: Output of vertex shader '_interface_variable_00' not read by fragment shader

[15:33:37] [Render thread/INFO]: Info log when linking program containing VERTEX minecraft:core/block, FRAGMENT minecraft:core/block. Log output: WARNING: Output of vertex shader '_interface_variable_01' not read by fragment shader
WARNING: Output of vertex shader '_interface_variable_00' not read by fragment shader

[15:33:37] [Render thread/INFO]: Info log when linking program containing VERTEX minecraft:core/text, FRAGMENT minecraft:core/text. Log output: WARNING: Output of vertex shader '_interface_variable_01' not read by fragment shader
WARNING: Output of vertex shader '_interface_variable_00' not read by fragment shader

[15:33:37] [Render thread/INFO]: Info log when linking program containing VERTEX minecraft:core/text, FRAGMENT minecraft:core/text. Log output: WARNING: Output of vertex shader '_interface_variable_01' not read by fragment shader
WARNING: Output of vertex shader '_interface_variable_00' not read by fragment shader

[15:33:37] [Render thread/INFO]: Info log when linking program containing VERTEX minecraft:core/text, FRAGMENT minecraft:core/text. Log output: WARNING: Output of vertex shader '_interface_variable_01' not read by fragment shader
WARNING: Output of vertex shader '_interface_variable_00' not read by fragment shader

[15:33:37] [Render thread/INFO]: Info log when linking program containing VERTEX minecraft:core/terrain, FRAGMENT minecraft:core/terrain. Log output: WARNING: Output of vertex shader '_interface_variable_01' not read by fragment shader
WARNING: Output of vertex shader '_interface_variable_00' not read by fragment shader
WARNING: Output of vertex shader '_interface_variable_04' not read by fragment shader

[15:33:37] [Render thread/INFO]: Info log when linking program containing VERTEX minecraft:core/text, FRAGMENT minecraft:core/text. Log output: WARNING: Output of vertex shader '_interface_variable_01' not read by fragment shader
WARNING: Output of vertex shader '_interface_variable_00' not read by fragment shader

[15:33:37] [Render thread/INFO]: Info log when linking program containing VERTEX minecraft:core/entity, FRAGMENT minecraft:core/entity. Log output: WARNING: Output of vertex shader '_interface_variable_01' not read by fragment shader
WARNING: Output of vertex shader '_interface_variable_00' not read by fragment shader

[15:33:37] [Render thread/INFO]: Info log when linking program containing VERTEX minecraft:core/rendertype_lines, FRAGMENT minecraft:core/rendertype_lines. Log output: WARNING: Output of vertex shader '_interface_variable_01' not read by fragment shader
WARNING: Output of vertex shader '_interface_variable_00' not read by fragment shader

[15:33:37] [Render thread/INFO]: Info log when linking program containing VERTEX minecraft:core/clouds, FRAGMENT minecraft:core/clouds. Log output: WARNING: Output of vertex shader '_interface_variable_00' not read by fragment shader

[15:33:37] [Render thread/INFO]: Info log when linking program containing VERTEX minecraft:core/rendertype_entity_shadow, FRAGMENT minecraft:core/rendertype_entity_shadow. Log output: WARNING: Output of vertex shader '_interface_variable_01' not read by fragment shader
WARNING: Output of vertex shader '_interface_variable_00' not read by fragment shader

[15:33:37] [Render thread/INFO]: Info log when linking program containing VERTEX minecraft:core/entity, FRAGMENT minecraft:core/entity. Log output: WARNING: Output of vertex shader '_interface_variable_01' not read by fragment shader
WARNING: Output of vertex shader '_interface_variable_00' not read by fragment shader

[15:33:37] [Render thread/INFO]: Info log when linking program containing VERTEX minecraft:core/entity, FRAGMENT minecraft:core/entity. Log output: WARNING: Output of vertex shader '_interface_variable_01' not read by fragment shader
WARNING: Output of vertex shader '_interface_variable_00' not read by fragment shader

[15:33:37] [Render thread/INFO]: Info log when linking program containing VERTEX minecraft:core/particle, FRAGMENT minecraft:core/particle. Log output: WARNING: Output of vertex shader '_interface_variable_01' not read by fragment shader
WARNING: Output of vertex shader '_interface_variable_00' not read by fragment shader

[15:33:37] [Render thread/INFO]: Info log when linking program containing VERTEX minecraft:core/entity, FRAGMENT minecraft:core/entity. Log output: WARNING: Output of vertex shader '_interface_variable_01' not read by fragment shader
WARNING: Output of vertex shader '_interface_variable_00' not read by fragment shader

[15:33:37] [Render thread/INFO]: Info log when linking program containing VERTEX minecraft:core/entity, FRAGMENT minecraft:core/entity. Log output: WARNING: Output of vertex shader '_interface_variable_01' not read by fragment shader
WARNING: Output of vertex shader '_interface_variable_00' not read by fragment shader

[15:33:37] [Render thread/INFO]: Info log when linking program containing VERTEX minecraft:core/text, FRAGMENT minecraft:core/text. Log output: WARNING: Output of vertex shader '_interface_variable_01' not read by fragment shader
WARNING: Output of vertex shader '_interface_variable_00' not read by fragment shader

[15:33:37] [Render thread/INFO]: Info log when linking program containing VERTEX minecraft:core/rendertype_crumbling, FRAGMENT minecraft:core/rendertype_crumbling. Log output: WARNING: Output of vertex shader '_interface_variable_01' not read by fragment shader
WARNING: Output of vertex shader '_interface_variable_00' not read by fragment shader

[15:33:37] [Render thread/INFO]: Info log when linking program containing VERTEX minecraft:core/particle, FRAGMENT minecraft:core/particle. Log output: WARNING: Output of vertex shader '_interface_variable_01' not read by fragment shader
WARNING: Output of vertex shader '_interface_variable_00' not read by fragment shader

[15:33:37] [Render thread/INFO]: Info log when linking program containing VERTEX minecraft:core/entity, FRAGMENT minecraft:core/entity. Log output: WARNING: Output of vertex shader '_interface_variable_01' not read by fragment shader
WARNING: Output of vertex shader '_interface_variable_00' not read by fragment shader

[15:33:37] [Render thread/INFO]: Info log when linking program containing VERTEX minecraft:core/text, FRAGMENT minecraft:core/text. Log output: WARNING: Output of vertex shader '_interface_variable_01' not read by fragment shader
WARNING: Output of vertex shader '_interface_variable_00' not read by fragment shader

[15:33:37] [Render thread/INFO]: OpenAL initialized on device Mac mini扬声器
[15:33:37] [Render thread/INFO]: Sound engine started
[15:33:37] [Render thread/INFO]: Created: 512x256x0 minecraft:textures/atlas/particles.png-atlas
[15:33:37] [Render thread/INFO]: Created: 256x128x0 minecraft:textures/atlas/celestials.png-atlas
[15:33:37] [Render thread/INFO]: Created: 128x128x0 minecraft:textures/atlas/decorated_pot.png-atlas
[15:33:37] [Render thread/INFO]: Created: 512x256x0 minecraft:textures/atlas/paintings.png-atlas
[15:33:37] [Render thread/INFO]: Created: 1024x512x0 minecraft:textures/atlas/shield_patterns.png-atlas
[15:33:37] [Render thread/INFO]: Created: 1024x512x0 minecraft:textures/atlas/banner_patterns.png-atlas
[15:33:37] [Render thread/INFO]: Created: 2048x2048x4 minecraft:textures/atlas/blocks.png-atlas
[15:33:37] [Render thread/INFO]: Created: 1024x512x0 minecraft:textures/atlas/items.png-atlas
[15:33:37] [Render thread/INFO]: Created: 1024x1024x0 minecraft:textures/atlas/gui.png-atlas
[15:33:37] [Render thread/INFO]: Created: 128x64x0 minecraft:textures/atlas/map_decorations.png-atlas
[15:33:37] [Render thread/INFO]: Created: 512x512x0 minecraft:textures/atlas/chest.png-atlas
[15:33:37] [Render thread/INFO]: Created: 512x512x0 minecraft:textures/atlas/shulker_boxes.png-atlas
[15:33:37] [Render thread/WARN]: Requested post effect does not exist: minecraft:end_of_frame
[15:33:40] [Server thread/INFO]: Player235 lost connection: Disconnected
[15:33:40] [Server thread/INFO]: System chat: Player235 left the game
[15:33:40] [Server thread/INFO]: Stopping singleplayer server as player logged out
[15:33:40] [Server thread/INFO]: Stopping server
[15:33:40] [Server thread/INFO]: Saving players
[15:33:40] [Server thread/INFO]: Saving worlds
[15:33:40] [Server thread/INFO]: Saving chunks for level 'ServerLevel[New World]'/minecraft:overworld
[15:33:40] [Server thread/INFO]: Saving chunks for level 'ServerLevel[New World]'/minecraft:the_end
[15:33:40] [Server thread/INFO]: Saving chunks for level 'ServerLevel[New World]'/minecraft:the_nether
[15:33:41] [Worker-Main-7/INFO]: Loaded 1872 advancements
[15:33:41] [Thread-4/WARN]: Unable to parse version 27.0 to a codename.
[15:33:41] [Thread-4/INFO]: Environment: Environment[discoveryUrl=https://discovery.minecraftservices.com/minecraft/client, name=PROD]
[15:33:41] [Worker-Main-3/INFO]: Loaded 1872 advancements
[15:33:41] [Thread-4/INFO]: Applied 0 biome modifications to 0 of 67 new biomes in 136.6 μs
[15:33:41] [Server thread/INFO]: Starting minecraft server version 26.3
[15:33:41] [Server thread/INFO]: Loading properties
[15:33:41] [Server thread/INFO]: Default game type: SURVIVAL
[15:33:41] [Server thread/INFO]: Generating keypair
[15:33:41] [Server thread/INFO]: Starting Minecraft server on 127.0.0.1:55709
[15:33:41] [Server thread/WARN]: **** SERVER IS RUNNING IN OFFLINE/INSECURE MODE!
[15:33:41] [Server thread/WARN]: The server will make no attempt to authenticate usernames. Beware.
[15:33:41] [Server thread/WARN]: While this makes the game possible to play without internet access, it also opens up the ability for hackers to connect with any username they choose.
[15:33:41] [Server thread/WARN]: To change this, set "online-mode" to "true" in the server.properties file.
[15:33:41] [Server thread/INFO]: Preparing level "world"
[15:33:41] [Server thread/INFO]: Selecting global world spawn...
[15:33:41] [Server thread/INFO]: Loading 0 persistent chunks...
[15:33:41] [Server thread/INFO]: Preparing spawn area: 100%
[15:33:41] [Server thread/INFO]: Time elapsed: 37 ms
[15:33:41] [Server thread/INFO]: Done (0.038s)! For help, type "help"
[15:33:41] [Server thread/INFO]: Saving chunks for level 'ServerLevel[New World]'/minecraft:overworld
[15:33:41] [Server thread/INFO]: Saving chunks for level 'ServerLevel[New World]'/minecraft:the_end
[15:33:41] [Server thread/INFO]: Saving chunks for level 'ServerLevel[New World]'/minecraft:the_nether
[15:33:41] [Render thread/INFO]: Connecting to localhost, 55709
[15:33:41] [Render thread/INFO]: World loading finished: null screen: net.minecraft.client.gui.screens.ConnectScreen@245a956d
[15:33:41] [Render thread/INFO]: World loading finished: null screen: net.minecraft.client.gui.screens.ConnectScreen@245a956d
[15:33:41] [Render thread/INFO]: World loading finished: null screen: net.minecraft.client.gui.screens.ConnectScreen@245a956d
[15:33:41] [Render thread/INFO]: World loading finished: null screen: net.minecraft.client.gui.screens.ConnectScreen@245a956d
[15:33:41] [Render thread/INFO]: World loading finished: null screen: net.minecraft.client.gui.screens.ConnectScreen@245a956d
[15:33:41] [Render thread/INFO]: World loading finished: null screen: net.minecraft.client.gui.screens.ConnectScreen@245a956d
[15:33:41] [Render thread/INFO]: World loading finished: null screen: net.minecraft.client.gui.screens.ConnectScreen@245a956d
[15:33:41] [Render thread/INFO]: World loading finished: null screen: net.minecraft.client.gui.screens.ConnectScreen@245a956d
[15:33:41] [Render thread/INFO]: World loading finished: null screen: net.minecraft.client.gui.screens.ConnectScreen@245a956d
[15:33:41] [Server thread/INFO]: Player235[/127.0.0.1:55726] logged in with entity id 22 at (0.5, 71.0, 0.5)
[15:33:41] [Server thread/INFO]: System chat: Player235 joined the game
[15:33:41] [Render thread/INFO]: Loaded 2 advancements
[15:33:41] [Render thread/INFO]: World loading finished: ClientLevel screen: net.minecraft.client.gui.screens.LevelLoadingScreen@4c0ba66c
[15:33:42] [Render thread/INFO]: World loading finished: ClientLevel screen: net.minecraft.client.gui.screens.LevelLoadingScreen@4c0ba66c
[15:33:42] [Render thread/INFO]: World loading finished: ClientLevel screen: null
[15:33:48] [Server thread/INFO]: Player235 lost connection: Disconnected
[15:33:48] [Server thread/INFO]: System chat: Player235 left the game
[15:33:48] [Render thread/INFO]: Connecting to localhost, 55709
[15:33:48] [Render thread/INFO]: World loading finished: null screen: net.minecraft.client.gui.screens.ConnectScreen@27de02f4
[15:33:48] [Render thread/INFO]: World loading finished: null screen: net.minecraft.client.gui.screens.ConnectScreen@27de02f4
[15:33:48] [Render thread/INFO]: World loading finished: null screen: net.minecraft.client.gui.screens.ConnectScreen@27de02f4
[15:33:48] [Render thread/INFO]: World loading finished: null screen: net.minecraft.client.gui.screens.ConnectScreen@27de02f4
[15:33:48] [Render thread/INFO]: World loading finished: null screen: net.minecraft.client.gui.screens.ConnectScreen@27de02f4
[15:33:48] [Server thread/INFO]: Player235[/127.0.0.1:55927] logged in with entity id 23 at (1.7, 73.40000000000009, 0.5)
[15:33:48] [Server thread/INFO]: System chat: Player235 joined the game
[15:33:48] [Render thread/INFO]: Loaded 2 advancements
[15:33:48] [Render thread/INFO]: World loading finished: ClientLevel screen: net.minecraft.client.gui.screens.LevelLoadingScreen@55ac9b90
[15:33:48] [Render thread/INFO]: World loading finished: ClientLevel screen: net.minecraft.client.gui.screens.LevelLoadingScreen@55ac9b90
[15:33:49] [Render thread/INFO]: World loading finished: ClientLevel screen: net.minecraft.client.gui.screens.LevelLoadingScreen@55ac9b90
[15:33:49] [Render thread/INFO]: World loading finished: ClientLevel screen: null
[15:33:49] [Server thread/INFO]: Player235 lost connection: Disconnected
[15:33:49] [Server thread/INFO]: System chat: Player235 left the game
[15:33:49] [Server thread/INFO]: Stopping server
[15:33:49] [Server thread/INFO]: Saving players
[15:33:49] [Server thread/INFO]: Saving worlds
[15:33:49] [Server thread/INFO]: Saving chunks for level 'ServerLevel[New World]'/minecraft:overworld
[15:33:49] [Server thread/INFO]: Saving chunks for level 'ServerLevel[New World]'/minecraft:the_end
[15:33:49] [Server thread/INFO]: Saving chunks for level 'ServerLevel[New World]'/minecraft:the_nether
[15:33:49] [Test thread/INFO]: [STDOUT]: WILDCRAFT P2 real keys/hold/sideways/descent/ledge/inner-outer-corners/ceiling/damage/exhaustion/death/dimension/TCP reconnect checks passed
[15:33:50] [Worker-Main-8/INFO]: Loaded 1872 advancements
[15:33:50] [Render thread/INFO]: World loading finished: null screen: net.minecraft.client.gui.screens.GenericMessageScreen@75392421
[15:33:50] [Render thread/INFO]: Applied 0 biome modifications to 0 of 67 new biomes in 179.6 μs
[15:33:50] [Server thread/INFO]: Starting integrated minecraft server version 26.3
[15:33:50] [Server thread/INFO]: Generating keypair
[15:33:50] [Server thread/INFO]: Selecting global world spawn...
[15:33:50] [Server thread/INFO]: Loading 0 persistent chunks...
[15:33:50] [Server thread/INFO]: Preparing spawn area: 16%
[15:33:50] [Server thread/INFO]: Saving chunks for level 'ServerLevel[New World]'/minecraft:overworld
[15:33:50] [Server thread/INFO]: Saving chunks for level 'ServerLevel[New World]'/minecraft:the_end
[15:33:50] [Server thread/INFO]: Saving chunks for level 'ServerLevel[New World]'/minecraft:the_nether
[15:33:50] [Render thread/INFO]: World loading finished: null screen: net.minecraft.client.gui.screens.LevelLoadingScreen@66bbc336
[15:33:50] [Render thread/INFO]: World loading finished: null screen: net.minecraft.client.gui.screens.LevelLoadingScreen@66bbc336
[15:33:50] [Render thread/INFO]: World loading finished: null screen: net.minecraft.client.gui.screens.LevelLoadingScreen@66bbc336
[15:33:50] [Render thread/INFO]: World loading finished: null screen: net.minecraft.client.gui.screens.LevelLoadingScreen@66bbc336
[15:33:50] [Server thread/INFO]: Loading 48 chunks for player spawn...
[15:33:50] [Render thread/INFO]: World loading finished: null screen: net.minecraft.client.gui.screens.LevelLoadingScreen@66bbc336
[15:33:50] [Render thread/INFO]: World loading finished: null screen: net.minecraft.client.gui.screens.LevelLoadingScreen@66bbc336
[15:33:50] [Server thread/INFO]: Time elapsed: 379 ms
[15:33:50] [Render thread/INFO]: World loading finished: null screen: net.minecraft.client.gui.screens.LevelLoadingScreen@66bbc336
[15:33:50] [Server thread/INFO]: Player235[local:E:dfe81932] logged in with entity id 24 at (0.5, -60.0, 0.5)
[15:33:50] [Server thread/INFO]: System chat: Player235 joined the game
[15:33:50] [Server thread/INFO]: Changing view distance to 5, from 10
[15:33:50] [Server thread/INFO]: Changing simulation distance to 12, from 0
[15:33:50] [Render thread/INFO]: World loading finished: ClientLevel screen: net.minecraft.client.gui.screens.LevelLoadingScreen@66bbc336
[15:33:50] [Render thread/INFO]: Loaded 2 advancements
[15:33:50] [Render thread/INFO]: World loading finished: ClientLevel screen: net.minecraft.client.gui.screens.LevelLoadingScreen@66bbc336
[15:33:50] [Render thread/INFO]: World loading finished: ClientLevel screen: net.minecraft.client.gui.screens.LevelLoadingScreen@66bbc336
[15:33:50] [Render thread/INFO]: World loading finished: ClientLevel screen: net.minecraft.client.gui.screens.LevelLoadingScreen@66bbc336
[15:33:50] [Render thread/INFO]: World loading finished: ClientLevel screen: net.minecraft.client.gui.screens.LevelLoadingScreen@66bbc336
[15:33:50] [Render thread/INFO]: World loading finished: ClientLevel screen: net.minecraft.client.gui.screens.LevelLoadingScreen@66bbc336
[15:33:50] [Render thread/INFO]: World loading finished: ClientLevel screen: net.minecraft.client.gui.screens.LevelLoadingScreen@66bbc336
[15:33:50] [Render thread/INFO]: World loading finished: ClientLevel screen: net.minecraft.client.gui.screens.LevelLoadingScreen@66bbc336
[15:33:51] [Render thread/INFO]: World loading finished: ClientLevel screen: net.minecraft.client.gui.screens.LevelLoadingScreen@66bbc336
[15:33:51] [Render thread/INFO]: World loading finished: ClientLevel screen: net.minecraft.client.gui.screens.LevelLoadingScreen@66bbc336
[15:33:51] [Render thread/INFO]: World loading finished: ClientLevel screen: net.minecraft.client.gui.screens.LevelLoadingScreen@66bbc336
[15:33:51] [Render thread/INFO]: World loading finished: ClientLevel screen: net.minecraft.client.gui.screens.LevelLoadingScreen@66bbc336
[15:33:51] [Render thread/INFO]: World loading finished: ClientLevel screen: net.minecraft.client.gui.screens.LevelLoadingScreen@66bbc336
[15:33:51] [Render thread/INFO]: World loading finished: ClientLevel screen: net.minecraft.client.gui.screens.LevelLoadingScreen@66bbc336
[15:33:51] [Render thread/INFO]: World loading finished: ClientLevel screen: net.minecraft.client.gui.screens.LevelLoadingScreen@66bbc336
[15:33:51] [Render thread/INFO]: World loading finished: ClientLevel screen: net.minecraft.client.gui.screens.LevelLoadingScreen@66bbc336
[15:33:51] [Render thread/INFO]: World loading finished: ClientLevel screen: null
[15:33:51] [Server thread/INFO]: System chat: Set minecraft:overworld to time marker minecraft:day
[15:33:51] [Render thread/INFO]: Loaded 3 advancements
[15:33:52] [Render thread/INFO]: Reloading ResourceManager: vanilla, vanilla, fabric-advancement-api-v1, fabric-api, fabric-api-base, fabric-api-lookup-api-v1, fabric-biome-api-v1, fabric-block-api-v1, fabric-block-getter-api-v2, fabric-client-gametest-api-v1, fabric-command-api-v2, fabric-content-registries-v0, fabric-convention-tags-v2, fabric-crash-report-info-v1, fabric-creative-tab-api-v1, fabric-data-attachment-api-v1, fabric-data-generation-api-v1, fabric-debug-api-v1, fabric-dimensions-v1, fabric-entity-events-v1, fabric-events-interaction-v0, fabric-game-rule-api-v1, fabric-gametest-api-v1, fabric-item-api-v1, fabric-key-mapping-api-v1, fabric-lifecycle-events-v1, fabric-loot-api-v3, fabric-menu-api-v1, fabric-message-api-v1, fabric-model-loading-api-v1, fabric-networking-api-v1, fabric-object-builder-api-v1, fabric-particles-v1, fabric-permission-api-v1, fabric-recipe-api-v1, fabric-registry-sync-v0, fabric-renderer-api-v1, fabric-renderer-indigo, fabric-rendering-fluids-v1, fabric-rendering-v1, fabric-resource-conditions-api-v1, fabric-resource-loader-v0, fabric-resource-loader-v1, fabric-screen-api-v1, fabric-serialization-api-v1, fabric-sound-api-v1, fabric-tag-api-v1, fabric-transfer-api-v1, fabric-transitive-access-wideners-v1, fabricloader, wildcraft, wildcraft-test
[15:33:52] [Worker-Main-5/INFO]: Found unifont_all_no_pua-17.0.01.hex, loading
[15:33:52] [Worker-Main-7/INFO]: Found unifont_pua-17.0.01.hex, loading
[15:33:52] [Server thread/INFO]: Saving and pausing game...
[15:33:52] [Server thread/INFO]: Saving chunks for level 'ServerLevel[New World]'/minecraft:overworld
[15:33:52] [Server thread/INFO]: Saving chunks for level 'ServerLevel[New World]'/minecraft:the_end
[15:33:52] [Server thread/INFO]: Saving chunks for level 'ServerLevel[New World]'/minecraft:the_nether
[15:33:52] [Render thread/INFO]: Info log when linking program containing VERTEX minecraft:core/terrain, FRAGMENT minecraft:core/terrain. Log output: WARNING: Output of vertex shader '_interface_variable_01' not read by fragment shader
WARNING: Output of vertex shader '_interface_variable_00' not read by fragment shader
WARNING: Output of vertex shader '_interface_variable_04' not read by fragment shader

[15:33:52] [Render thread/INFO]: Info log when linking program containing VERTEX minecraft:core/rendertype_crumbling, FRAGMENT minecraft:core/rendertype_crumbling. Log output: WARNING: Output of vertex shader '_interface_variable_01' not read by fragment shader
WARNING: Output of vertex shader '_interface_variable_00' not read by fragment shader

[15:33:52] [Render thread/INFO]: Info log when linking program containing VERTEX minecraft:core/rendertype_lines, FRAGMENT minecraft:core/rendertype_lines. Log output: WARNING: Output of vertex shader '_interface_variable_01' not read by fragment shader
WARNING: Output of vertex shader '_interface_variable_00' not read by fragment shader

[15:33:52] [Worker-Main-5/INFO]: Found unifont_jp_patch-17.0.01.hex, loading
[15:33:52] [Render thread/INFO]: Info log when linking program containing VERTEX minecraft:core/entity, FRAGMENT minecraft:core/entity. Log output: WARNING: Output of vertex shader '_interface_variable_01' not read by fragment shader
WARNING: Output of vertex shader '_interface_variable_00' not read by fragment shader

[15:33:53] [Render thread/INFO]: Info log when linking program containing VERTEX minecraft:core/terrain, FRAGMENT minecraft:core/terrain. Log output: WARNING: Output of vertex shader '_interface_variable_01' not read by fragment shader
WARNING: Output of vertex shader '_interface_variable_00' not read by fragment shader
WARNING: Output of vertex shader '_interface_variable_04' not read by fragment shader

[15:33:53] [Render thread/INFO]: Info log when linking program containing VERTEX minecraft:core/entity, FRAGMENT minecraft:core/entity. Log output: WARNING: Output of vertex shader '_interface_variable_01' not read by fragment shader
WARNING: Output of vertex shader '_interface_variable_00' not read by fragment shader

[15:33:53] [Render thread/INFO]: Info log when linking program containing VERTEX minecraft:core/text, FRAGMENT minecraft:core/text. Log output: WARNING: Output of vertex shader '_interface_variable_01' not read by fragment shader
WARNING: Output of vertex shader '_interface_variable_00' not read by fragment shader

[15:33:53] [Render thread/INFO]: Info log when linking program containing VERTEX minecraft:core/text, FRAGMENT minecraft:core/text. Log output: WARNING: Output of vertex shader '_interface_variable_01' not read by fragment shader
WARNING: Output of vertex shader '_interface_variable_00' not read by fragment shader

[15:33:53] [Render thread/INFO]: Info log when linking program containing VERTEX minecraft:core/block, FRAGMENT minecraft:core/block. Log output: WARNING: Output of vertex shader '_interface_variable_01' not read by fragment shader
WARNING: Output of vertex shader '_interface_variable_00' not read by fragment shader

[15:33:53] [Render thread/INFO]: Info log when linking program containing VERTEX minecraft:core/entity, FRAGMENT minecraft:core/entity. Log output: WARNING: Output of vertex shader '_interface_variable_01' not read by fragment shader
WARNING: Output of vertex shader '_interface_variable_00' not read by fragment shader

[15:33:53] [Render thread/INFO]: Info log when linking program containing VERTEX minecraft:core/rendertype_entity_shadow, FRAGMENT minecraft:core/rendertype_entity_shadow. Log output: WARNING: Output of vertex shader '_interface_variable_01' not read by fragment shader
WARNING: Output of vertex shader '_interface_variable_00' not read by fragment shader

[15:33:53] [Render thread/INFO]: Info log when linking program containing VERTEX minecraft:core/particle, FRAGMENT minecraft:core/particle. Log output: WARNING: Output of vertex shader '_interface_variable_01' not read by fragment shader
WARNING: Output of vertex shader '_interface_variable_00' not read by fragment shader

[15:33:53] [Render thread/INFO]: Info log when linking program containing VERTEX minecraft:core/screenquad, FRAGMENT minecraft:core/oit_composite. Log output: WARNING: Output of vertex shader '_interface_variable_00' not read by fragment shader

[15:33:53] [Render thread/INFO]: Info log when linking program containing VERTEX minecraft:core/screenquad, FRAGMENT minecraft:core/integrate_depth. Log output: WARNING: Output of vertex shader '_interface_variable_00' not read by fragment shader

[15:33:53] [Render thread/INFO]: Info log when linking program containing VERTEX minecraft:core/terrain, FRAGMENT minecraft:core/terrain. Log output: WARNING: Output of vertex shader '_interface_variable_01' not read by fragment shader
WARNING: Output of vertex shader '_interface_variable_00' not read by fragment shader
WARNING: Output of vertex shader '_interface_variable_04' not read by fragment shader

[15:33:53] [Render thread/INFO]: Info log when linking program containing VERTEX minecraft:core/entity, FRAGMENT minecraft:core/entity. Log output: WARNING: Output of vertex shader '_interface_variable_01' not read by fragment shader
WARNING: Output of vertex shader '_interface_variable_00' not read by fragment shader

[15:33:53] [Render thread/INFO]: Info log when linking program containing VERTEX minecraft:core/animate_sprite, FRAGMENT minecraft:core/animate_sprite_blit. Log output: WARNING: Output of vertex shader '_interface_variable_00' not read by fragment shader

[15:33:53] [Render thread/INFO]: Info log when linking program containing VERTEX minecraft:core/entity, FRAGMENT minecraft:core/entity. Log output: WARNING: Output of vertex shader '_interface_variable_01' not read by fragment shader
WARNING: Output of vertex shader '_interface_variable_00' not read by fragment shader

[15:33:53] [Render thread/INFO]: Info log when linking program containing VERTEX minecraft:core/entity, FRAGMENT minecraft:core/entity. Log output: WARNING: Output of vertex shader '_interface_variable_01' not read by fragment shader
WARNING: Output of vertex shader '_interface_variable_00' not read by fragment shader

[15:33:53] [Render thread/INFO]: Info log when linking program containing VERTEX minecraft:core/clouds, FRAGMENT minecraft:core/clouds. Log output: WARNING: Output of vertex shader '_interface_variable_00' not read by fragment shader

[15:33:53] [Render thread/INFO]: Info log when linking program containing VERTEX minecraft:core/entity, FRAGMENT minecraft:core/entity. Log output: WARNING: Output of vertex shader '_interface_variable_01' not read by fragment shader
WARNING: Output of vertex shader '_interface_variable_00' not read by fragment shader

[15:33:53] [Render thread/INFO]: Info log when linking program containing VERTEX minecraft:core/particle, FRAGMENT minecraft:core/particle. Log output: WARNING: Output of vertex shader '_interface_variable_01' not read by fragment shader
WARNING: Output of vertex shader '_interface_variable_00' not read by fragment shader

[15:33:53] [Render thread/INFO]: Info log when linking program containing VERTEX minecraft:core/screenquad, FRAGMENT minecraft:core/oit_depth_bounds_cull. Log output: WARNING: Output of vertex shader '_interface_variable_00' not read by fragment shader

[15:33:53] [Render thread/INFO]: Info log when linking program containing VERTEX minecraft:core/block, FRAGMENT minecraft:core/block. Log output: WARNING: Output of vertex shader '_interface_variable_01' not read by fragment shader
WARNING: Output of vertex shader '_interface_variable_00' not read by fragment shader

[15:33:53] [Render thread/INFO]: Info log when linking program containing VERTEX minecraft:core/text, FRAGMENT minecraft:core/text. Log output: WARNING: Output of vertex shader '_interface_variable_01' not read by fragment shader
WARNING: Output of vertex shader '_interface_variable_00' not read by fragment shader

[15:33:53] [Render thread/INFO]: Info log when linking program containing VERTEX minecraft:core/text, FRAGMENT minecraft:core/text. Log output: WARNING: Output of vertex shader '_interface_variable_01' not read by fragment shader
WARNING: Output of vertex shader '_interface_variable_00' not read by fragment shader

[15:33:53] [Render thread/INFO]: Info log when linking program containing VERTEX minecraft:core/text, FRAGMENT minecraft:core/text. Log output: WARNING: Output of vertex shader '_interface_variable_01' not read by fragment shader
WARNING: Output of vertex shader '_interface_variable_00' not read by fragment shader

[15:33:53] [Render thread/INFO]: Info log when linking program containing VERTEX minecraft:core/terrain, FRAGMENT minecraft:core/terrain. Log output: WARNING: Output of vertex shader '_interface_variable_01' not read by fragment shader
WARNING: Output of vertex shader '_interface_variable_00' not read by fragment shader
WARNING: Output of vertex shader '_interface_variable_04' not read by fragment shader

[15:33:53] [Render thread/INFO]: Info log when linking program containing VERTEX minecraft:core/text, FRAGMENT minecraft:core/text. Log output: WARNING: Output of vertex shader '_interface_variable_01' not read by fragment shader
WARNING: Output of vertex shader '_interface_variable_00' not read by fragment shader

[15:33:53] [Render thread/INFO]: Info log when linking program containing VERTEX minecraft:core/rendertype_lines, FRAGMENT minecraft:core/rendertype_lines. Log output: WARNING: Output of vertex shader '_interface_variable_01' not read by fragment shader
WARNING: Output of vertex shader '_interface_variable_00' not read by fragment shader

[15:33:53] [Render thread/INFO]: Info log when linking program containing VERTEX minecraft:core/clouds, FRAGMENT minecraft:core/clouds. Log output: WARNING: Output of vertex shader '_interface_variable_00' not read by fragment shader

[15:33:53] [Render thread/INFO]: Info log when linking program containing VERTEX minecraft:core/entity, FRAGMENT minecraft:core/entity. Log output: WARNING: Output of vertex shader '_interface_variable_01' not read by fragment shader
WARNING: Output of vertex shader '_interface_variable_00' not read by fragment shader

[15:33:53] [Render thread/INFO]: Info log when linking program containing VERTEX minecraft:core/rendertype_entity_shadow, FRAGMENT minecraft:core/rendertype_entity_shadow. Log output: WARNING: Output of vertex shader '_interface_variable_01' not read by fragment shader
WARNING: Output of vertex shader '_interface_variable_00' not read by fragment shader

[15:33:53] [Render thread/INFO]: Info log when linking program containing VERTEX minecraft:core/entity, FRAGMENT minecraft:core/entity. Log output: WARNING: Output of vertex shader '_interface_variable_01' not read by fragment shader
WARNING: Output of vertex shader '_interface_variable_00' not read by fragment shader

[15:33:53] [Render thread/INFO]: Info log when linking program containing VERTEX minecraft:core/text, FRAGMENT minecraft:core/text. Log output: WARNING: Output of vertex shader '_interface_variable_01' not read by fragment shader
WARNING: Output of vertex shader '_interface_variable_00' not read by fragment shader

[15:33:53] [Render thread/INFO]: Info log when linking program containing VERTEX minecraft:core/entity, FRAGMENT minecraft:core/entity. Log output: WARNING: Output of vertex shader '_interface_variable_01' not read by fragment shader
WARNING: Output of vertex shader '_interface_variable_00' not read by fragment shader

[15:33:53] [Render thread/INFO]: Info log when linking program containing VERTEX minecraft:core/rendertype_crumbling, FRAGMENT minecraft:core/rendertype_crumbling. Log output: WARNING: Output of vertex shader '_interface_variable_01' not read by fragment shader
WARNING: Output of vertex shader '_interface_variable_00' not read by fragment shader

[15:33:53] [Render thread/INFO]: Info log when linking program containing VERTEX minecraft:core/particle, FRAGMENT minecraft:core/particle. Log output: WARNING: Output of vertex shader '_interface_variable_01' not read by fragment shader
WARNING: Output of vertex shader '_interface_variable_00' not read by fragment shader

[15:33:53] [Render thread/INFO]: Info log when linking program containing VERTEX minecraft:core/entity, FRAGMENT minecraft:core/entity. Log output: WARNING: Output of vertex shader '_interface_variable_01' not read by fragment shader
WARNING: Output of vertex shader '_interface_variable_00' not read by fragment shader

[15:33:53] [Render thread/INFO]: Info log when linking program containing VERTEX minecraft:core/particle, FRAGMENT minecraft:core/particle. Log output: WARNING: Output of vertex shader '_interface_variable_01' not read by fragment shader
WARNING: Output of vertex shader '_interface_variable_00' not read by fragment shader

[15:33:53] [Render thread/INFO]: Info log when linking program containing VERTEX minecraft:core/entity, FRAGMENT minecraft:core/entity. Log output: WARNING: Output of vertex shader '_interface_variable_01' not read by fragment shader
WARNING: Output of vertex shader '_interface_variable_00' not read by fragment shader

[15:33:53] [Render thread/INFO]: Info log when linking program containing VERTEX minecraft:core/text, FRAGMENT minecraft:core/text. Log output: WARNING: Output of vertex shader '_interface_variable_01' not read by fragment shader
WARNING: Output of vertex shader '_interface_variable_00' not read by fragment shader

[15:33:53] [Render thread/INFO]: OpenAL initialized on device Mac mini扬声器
[15:33:53] [Render thread/INFO]: Sound engine started
[15:33:53] [Render thread/INFO]: Created: 512x256x0 minecraft:textures/atlas/particles.png-atlas
[15:33:53] [Render thread/INFO]: Created: 256x128x0 minecraft:textures/atlas/celestials.png-atlas
[15:33:53] [Render thread/INFO]: Created: 128x128x0 minecraft:textures/atlas/decorated_pot.png-atlas
[15:33:53] [Render thread/INFO]: Created: 512x256x0 minecraft:textures/atlas/paintings.png-atlas
[15:33:53] [Render thread/INFO]: Created: 1024x512x0 minecraft:textures/atlas/shield_patterns.png-atlas
[15:33:53] [Render thread/INFO]: Created: 1024x512x0 minecraft:textures/atlas/banner_patterns.png-atlas
[15:33:53] [Render thread/INFO]: Created: 2048x2048x4 minecraft:textures/atlas/blocks.png-atlas
[15:33:53] [Render thread/INFO]: Created: 1024x512x0 minecraft:textures/atlas/items.png-atlas
[15:33:53] [Render thread/INFO]: Created: 1024x1024x0 minecraft:textures/atlas/gui.png-atlas
[15:33:53] [Render thread/INFO]: Created: 128x64x0 minecraft:textures/atlas/map_decorations.png-atlas
[15:33:53] [Render thread/INFO]: Created: 512x512x0 minecraft:textures/atlas/chest.png-atlas
[15:33:53] [Render thread/INFO]: Created: 512x512x0 minecraft:textures/atlas/shulker_boxes.png-atlas
[15:33:53] [Render thread/WARN]: Requested post effect does not exist: minecraft:end_of_frame
[15:33:56] [Server thread/INFO]: System chat: 已将Player235的游戏模式改为创造模式
[15:33:56] [Render thread/INFO]: [System] [CHAT] 你的游戏模式已被更新为创造模式
[15:33:56] [Server thread/INFO]: System chat: 已将Player235的游戏模式改为生存模式
[15:33:56] [Render thread/INFO]: [System] [CHAT] 你的游戏模式已被更新为生存模式
[15:34:05] [Server thread/INFO]: System chat: 已将1.0伤害施加于Player235
[15:34:08] [Server thread/INFO]: System chat: Player235取得了进度[勇往直下]
[15:34:08] [Render thread/INFO]: [System] [CHAT] Player235取得了进度[勇往直下]
[15:34:08] [Render thread/INFO]: Loaded 30 advancements
[15:34:08] [Server thread/INFO]: System chat: Player235被杀死了
[15:34:08] [Server thread/INFO]: System chat: 杀死了Player235
[15:34:08] [Render thread/INFO]: [System] [CHAT] Player235被杀死了
[15:34:08] [Server thread/INFO]: System chat: Player235被杀死了
[15:34:08] [Server thread/INFO]: System chat: 杀死了Player235
[15:34:08] [Render thread/INFO]: [System] [CHAT] Player235被杀死了
[15:34:09] [Server thread/INFO]: Player235 lost connection: 连接中断
[15:34:09] [Server thread/INFO]: System chat: Player235退出了游戏
[15:34:09] [Server thread/INFO]: Stopping singleplayer server as player logged out
[15:34:09] [Server thread/INFO]: Stopping server
[15:34:09] [Server thread/INFO]: Saving players
[15:34:09] [Server thread/INFO]: Saving worlds
[15:34:09] [Server thread/INFO]: Saving chunks for level 'ServerLevel[New World]'/minecraft:overworld
[15:34:09] [Server thread/INFO]: Saving chunks for level 'ServerLevel[New World]'/minecraft:the_end
[15:34:09] [Server thread/INFO]: Saving chunks for level 'ServerLevel[New World]'/minecraft:the_nether
[15:34:09] [Render thread/INFO]: World loading finished: null screen: net.minecraft.client.gui.screens.GenericMessageScreen@ffcf2
[15:34:09] [Worker-Main-6/INFO]: Loaded 1872 advancements
[15:34:09] [Render thread/INFO]: Applied 0 biome modifications to 0 of 67 new biomes in 176.1 μs
[15:34:09] [Server thread/INFO]: Starting integrated minecraft server version 26.3
[15:34:09] [Server thread/INFO]: Generating keypair
[15:34:09] [Server thread/INFO]: Loading 0 persistent chunks...
[15:34:09] [Server thread/INFO]: Saving chunks for level 'ServerLevel[New World]'/minecraft:overworld
[15:34:09] [Server thread/INFO]: Saving chunks for level 'ServerLevel[New World]'/minecraft:the_end
[15:34:09] [Server thread/INFO]: Saving chunks for level 'ServerLevel[New World]'/minecraft:the_nether
[15:34:10] [Render thread/INFO]: World loading finished: null screen: net.minecraft.client.gui.screens.LevelLoadingScreen@1b7982c1
[15:34:10] [Render thread/INFO]: World loading finished: null screen: net.minecraft.client.gui.screens.LevelLoadingScreen@1b7982c1
[15:34:10] [Render thread/INFO]: World loading finished: null screen: net.minecraft.client.gui.screens.LevelLoadingScreen@1b7982c1
[15:34:10] [Server thread/INFO]: Loading 49 chunks for player spawn...
[15:34:10] [Server thread/INFO]: 准备生成区域中：16%
[15:34:10] [Render thread/INFO]: World loading finished: null screen: net.minecraft.client.gui.screens.LevelLoadingScreen@1b7982c1
[15:34:10] [Server thread/INFO]: Time elapsed: 218 ms
[15:34:10] [Render thread/INFO]: World loading finished: null screen: net.minecraft.client.gui.screens.LevelLoadingScreen@1b7982c1
[15:34:10] [Server thread/INFO]: Player235[local:E:cda71519] logged in with entity id 36 at (0.5, 94.76159999847413, 0.8200000000000001)
[15:34:10] [Server thread/INFO]: System chat: Player235加入了游戏
[15:34:10] [Server thread/INFO]: Changing view distance to 5, from 10
[15:34:10] [Server thread/INFO]: Changing simulation distance to 12, from 0
[15:34:10] [Render thread/INFO]: World loading finished: ClientLevel screen: net.minecraft.client.gui.screens.LevelLoadingScreen@1b7982c1
[15:34:10] [Render thread/INFO]: Loaded 30 advancements
[15:34:10] [Render thread/INFO]: World loading finished: ClientLevel screen: net.minecraft.client.gui.screens.LevelLoadingScreen@1b7982c1
[15:34:10] [Render thread/INFO]: World loading finished: ClientLevel screen: net.minecraft.client.gui.screens.LevelLoadingScreen@1b7982c1
[15:34:10] [Render thread/INFO]: World loading finished: ClientLevel screen: null
[15:34:10] [Server thread/INFO]: Player235 lost connection: 连接中断
[15:34:10] [Server thread/INFO]: System chat: Player235退出了游戏
[15:34:10] [Server thread/INFO]: Stopping singleplayer server as player logged out
[15:34:10] [Server thread/INFO]: Stopping server
[15:34:10] [Server thread/INFO]: Saving players
[15:34:10] [Server thread/INFO]: Saving worlds
[15:34:10] [Server thread/INFO]: Saving chunks for level 'ServerLevel[New World]'/minecraft:overworld
[15:34:10] [Server thread/INFO]: Saving chunks for level 'ServerLevel[New World]'/minecraft:the_end
[15:34:10] [Server thread/INFO]: Saving chunks for level 'ServerLevel[New World]'/minecraft:the_nether
[15:34:10] [Render thread/INFO]: Reloading ResourceManager: vanilla, vanilla, fabric-advancement-api-v1, fabric-api, fabric-api-base, fabric-api-lookup-api-v1, fabric-biome-api-v1, fabric-block-api-v1, fabric-block-getter-api-v2, fabric-client-gametest-api-v1, fabric-command-api-v2, fabric-content-registries-v0, fabric-convention-tags-v2, fabric-crash-report-info-v1, fabric-creative-tab-api-v1, fabric-data-attachment-api-v1, fabric-data-generation-api-v1, fabric-debug-api-v1, fabric-dimensions-v1, fabric-entity-events-v1, fabric-events-interaction-v0, fabric-game-rule-api-v1, fabric-gametest-api-v1, fabric-item-api-v1, fabric-key-mapping-api-v1, fabric-lifecycle-events-v1, fabric-loot-api-v3, fabric-menu-api-v1, fabric-message-api-v1, fabric-model-loading-api-v1, fabric-networking-api-v1, fabric-object-builder-api-v1, fabric-particles-v1, fabric-permission-api-v1, fabric-recipe-api-v1, fabric-registry-sync-v0, fabric-renderer-api-v1, fabric-renderer-indigo, fabric-rendering-fluids-v1, fabric-rendering-v1, fabric-resource-conditions-api-v1, fabric-resource-loader-v0, fabric-resource-loader-v1, fabric-screen-api-v1, fabric-serialization-api-v1, fabric-sound-api-v1, fabric-tag-api-v1, fabric-transfer-api-v1, fabric-transitive-access-wideners-v1, fabricloader, wildcraft, wildcraft-test
[15:34:10] [Worker-Main-1/INFO]: Found unifont_pua-17.0.01.hex, loading
[15:34:10] [Worker-Main-5/INFO]: Found unifont_all_no_pua-17.0.01.hex, loading
[15:34:10] [Render thread/INFO]: Info log when linking program containing VERTEX minecraft:core/terrain, FRAGMENT minecraft:core/terrain. Log output: WARNING: Output of vertex shader '_interface_variable_01' not read by fragment shader
WARNING: Output of vertex shader '_interface_variable_00' not read by fragment shader
WARNING: Output of vertex shader '_interface_variable_04' not read by fragment shader

[15:34:10] [Render thread/INFO]: Info log when linking program containing VERTEX minecraft:core/rendertype_crumbling, FRAGMENT minecraft:core/rendertype_crumbling. Log output: WARNING: Output of vertex shader '_interface_variable_01' not read by fragment shader
WARNING: Output of vertex shader '_interface_variable_00' not read by fragment shader

[15:34:10] [Render thread/INFO]: Info log when linking program containing VERTEX minecraft:core/rendertype_lines, FRAGMENT minecraft:core/rendertype_lines. Log output: WARNING: Output of vertex shader '_interface_variable_01' not read by fragment shader
WARNING: Output of vertex shader '_interface_variable_00' not read by fragment shader

[15:34:11] [Render thread/INFO]: Info log when linking program containing VERTEX minecraft:core/entity, FRAGMENT minecraft:core/entity. Log output: WARNING: Output of vertex shader '_interface_variable_01' not read by fragment shader
WARNING: Output of vertex shader '_interface_variable_00' not read by fragment shader

[15:34:11] [Render thread/INFO]: Info log when linking program containing VERTEX minecraft:core/terrain, FRAGMENT minecraft:core/terrain. Log output: WARNING: Output of vertex shader '_interface_variable_01' not read by fragment shader
WARNING: Output of vertex shader '_interface_variable_00' not read by fragment shader
WARNING: Output of vertex shader '_interface_variable_04' not read by fragment shader

[15:34:11] [Render thread/INFO]: Info log when linking program containing VERTEX minecraft:core/entity, FRAGMENT minecraft:core/entity. Log output: WARNING: Output of vertex shader '_interface_variable_01' not read by fragment shader
WARNING: Output of vertex shader '_interface_variable_00' not read by fragment shader

[15:34:11] [Render thread/INFO]: Info log when linking program containing VERTEX minecraft:core/text, FRAGMENT minecraft:core/text. Log output: WARNING: Output of vertex shader '_interface_variable_01' not read by fragment shader
WARNING: Output of vertex shader '_interface_variable_00' not read by fragment shader

[15:34:11] [Worker-Main-5/INFO]: Found unifont_jp_patch-17.0.01.hex, loading
[15:34:11] [Render thread/INFO]: Info log when linking program containing VERTEX minecraft:core/text, FRAGMENT minecraft:core/text. Log output: WARNING: Output of vertex shader '_interface_variable_01' not read by fragment shader
WARNING: Output of vertex shader '_interface_variable_00' not read by fragment shader

[15:34:11] [Render thread/INFO]: Info log when linking program containing VERTEX minecraft:core/block, FRAGMENT minecraft:core/block. Log output: WARNING: Output of vertex shader '_interface_variable_01' not read by fragment shader
WARNING: Output of vertex shader '_interface_variable_00' not read by fragment shader

[15:34:11] [Render thread/INFO]: Info log when linking program containing VERTEX minecraft:core/entity, FRAGMENT minecraft:core/entity. Log output: WARNING: Output of vertex shader '_interface_variable_01' not read by fragment shader
WARNING: Output of vertex shader '_interface_variable_00' not read by fragment shader

[15:34:11] [Render thread/INFO]: Info log when linking program containing VERTEX minecraft:core/particle, FRAGMENT minecraft:core/particle. Log output: WARNING: Output of vertex shader '_interface_variable_01' not read by fragment shader
WARNING: Output of vertex shader '_interface_variable_00' not read by fragment shader

[15:34:11] [Render thread/INFO]: Info log when linking program containing VERTEX minecraft:core/rendertype_entity_shadow, FRAGMENT minecraft:core/rendertype_entity_shadow. Log output: WARNING: Output of vertex shader '_interface_variable_01' not read by fragment shader
WARNING: Output of vertex shader '_interface_variable_00' not read by fragment shader

[15:34:11] [Render thread/INFO]: Info log when linking program containing VERTEX minecraft:core/screenquad, FRAGMENT minecraft:core/oit_composite. Log output: WARNING: Output of vertex shader '_interface_variable_00' not read by fragment shader

[15:34:11] [Render thread/INFO]: Info log when linking program containing VERTEX minecraft:core/screenquad, FRAGMENT minecraft:core/integrate_depth. Log output: WARNING: Output of vertex shader '_interface_variable_00' not read by fragment shader

[15:34:11] [Render thread/INFO]: Info log when linking program containing VERTEX minecraft:core/entity, FRAGMENT minecraft:core/entity. Log output: WARNING: Output of vertex shader '_interface_variable_01' not read by fragment shader
WARNING: Output of vertex shader '_interface_variable_00' not read by fragment shader

[15:34:11] [Render thread/INFO]: Info log when linking program containing VERTEX minecraft:core/terrain, FRAGMENT minecraft:core/terrain. Log output: WARNING: Output of vertex shader '_interface_variable_01' not read by fragment shader
WARNING: Output of vertex shader '_interface_variable_00' not read by fragment shader
WARNING: Output of vertex shader '_interface_variable_04' not read by fragment shader

[15:34:11] [Render thread/INFO]: Info log when linking program containing VERTEX minecraft:core/animate_sprite, FRAGMENT minecraft:core/animate_sprite_blit. Log output: WARNING: Output of vertex shader '_interface_variable_00' not read by fragment shader

[15:34:11] [Render thread/INFO]: Info log when linking program containing VERTEX minecraft:core/entity, FRAGMENT minecraft:core/entity. Log output: WARNING: Output of vertex shader '_interface_variable_01' not read by fragment shader
WARNING: Output of vertex shader '_interface_variable_00' not read by fragment shader

[15:34:11] [Render thread/INFO]: Info log when linking program containing VERTEX minecraft:core/entity, FRAGMENT minecraft:core/entity. Log output: WARNING: Output of vertex shader '_interface_variable_01' not read by fragment shader
WARNING: Output of vertex shader '_interface_variable_00' not read by fragment shader

[15:34:11] [Render thread/INFO]: Info log when linking program containing VERTEX minecraft:core/clouds, FRAGMENT minecraft:core/clouds. Log output: WARNING: Output of vertex shader '_interface_variable_00' not read by fragment shader

[15:34:11] [Render thread/INFO]: Info log when linking program containing VERTEX minecraft:core/particle, FRAGMENT minecraft:core/particle. Log output: WARNING: Output of vertex shader '_interface_variable_01' not read by fragment shader
WARNING: Output of vertex shader '_interface_variable_00' not read by fragment shader

[15:34:11] [Render thread/INFO]: Info log when linking program containing VERTEX minecraft:core/block, FRAGMENT minecraft:core/block. Log output: WARNING: Output of vertex shader '_interface_variable_01' not read by fragment shader
WARNING: Output of vertex shader '_interface_variable_00' not read by fragment shader

[15:34:11] [Render thread/INFO]: Info log when linking program containing VERTEX minecraft:core/entity, FRAGMENT minecraft:core/entity. Log output: WARNING: Output of vertex shader '_interface_variable_01' not read by fragment shader
WARNING: Output of vertex shader '_interface_variable_00' not read by fragment shader

[15:34:11] [Render thread/INFO]: Info log when linking program containing VERTEX minecraft:core/screenquad, FRAGMENT minecraft:core/oit_depth_bounds_cull. Log output: WARNING: Output of vertex shader '_interface_variable_00' not read by fragment shader

[15:34:11] [Render thread/INFO]: Info log when linking program containing VERTEX minecraft:core/text, FRAGMENT minecraft:core/text. Log output: WARNING: Output of vertex shader '_interface_variable_01' not read by fragment shader
WARNING: Output of vertex shader '_interface_variable_00' not read by fragment shader

[15:34:11] [Render thread/INFO]: Info log when linking program containing VERTEX minecraft:core/text, FRAGMENT minecraft:core/text. Log output: WARNING: Output of vertex shader '_interface_variable_01' not read by fragment shader
WARNING: Output of vertex shader '_interface_variable_00' not read by fragment shader

[15:34:11] [Render thread/INFO]: Info log when linking program containing VERTEX minecraft:core/text, FRAGMENT minecraft:core/text. Log output: WARNING: Output of vertex shader '_interface_variable_01' not read by fragment shader
WARNING: Output of vertex shader '_interface_variable_00' not read by fragment shader

[15:34:11] [Render thread/INFO]: Info log when linking program containing VERTEX minecraft:core/entity, FRAGMENT minecraft:core/entity. Log output: WARNING: Output of vertex shader '_interface_variable_01' not read by fragment shader
WARNING: Output of vertex shader '_interface_variable_00' not read by fragment shader

[15:34:11] [Render thread/INFO]: Info log when linking program containing VERTEX minecraft:core/text, FRAGMENT minecraft:core/text. Log output: WARNING: Output of vertex shader '_interface_variable_01' not read by fragment shader
WARNING: Output of vertex shader '_interface_variable_00' not read by fragment shader

[15:34:11] [Render thread/INFO]: Info log when linking program containing VERTEX minecraft:core/terrain, FRAGMENT minecraft:core/terrain. Log output: WARNING: Output of vertex shader '_interface_variable_01' not read by fragment shader
WARNING: Output of vertex shader '_interface_variable_00' not read by fragment shader
WARNING: Output of vertex shader '_interface_variable_04' not read by fragment shader

[15:34:11] [Render thread/INFO]: Info log when linking program containing VERTEX minecraft:core/rendertype_lines, FRAGMENT minecraft:core/rendertype_lines. Log output: WARNING: Output of vertex shader '_interface_variable_01' not read by fragment shader
WARNING: Output of vertex shader '_interface_variable_00' not read by fragment shader

[15:34:11] [Render thread/INFO]: Info log when linking program containing VERTEX minecraft:core/rendertype_entity_shadow, FRAGMENT minecraft:core/rendertype_entity_shadow. Log output: WARNING: Output of vertex shader '_interface_variable_01' not read by fragment shader
WARNING: Output of vertex shader '_interface_variable_00' not read by fragment shader

[15:34:11] [Render thread/INFO]: Info log when linking program containing VERTEX minecraft:core/clouds, FRAGMENT minecraft:core/clouds. Log output: WARNING: Output of vertex shader '_interface_variable_00' not read by fragment shader

[15:34:11] [Render thread/INFO]: Info log when linking program containing VERTEX minecraft:core/entity, FRAGMENT minecraft:core/entity. Log output: WARNING: Output of vertex shader '_interface_variable_01' not read by fragment shader
WARNING: Output of vertex shader '_interface_variable_00' not read by fragment shader

[15:34:11] [Render thread/INFO]: Info log when linking program containing VERTEX minecraft:core/text, FRAGMENT minecraft:core/text. Log output: WARNING: Output of vertex shader '_interface_variable_01' not read by fragment shader
WARNING: Output of vertex shader '_interface_variable_00' not read by fragment shader

[15:34:11] [Render thread/INFO]: Info log when linking program containing VERTEX minecraft:core/entity, FRAGMENT minecraft:core/entity. Log output: WARNING: Output of vertex shader '_interface_variable_01' not read by fragment shader
WARNING: Output of vertex shader '_interface_variable_00' not read by fragment shader

[15:34:11] [Render thread/INFO]: Info log when linking program containing VERTEX minecraft:core/rendertype_crumbling, FRAGMENT minecraft:core/rendertype_crumbling. Log output: WARNING: Output of vertex shader '_interface_variable_01' not read by fragment shader
WARNING: Output of vertex shader '_interface_variable_00' not read by fragment shader

[15:34:11] [Render thread/INFO]: Info log when linking program containing VERTEX minecraft:core/particle, FRAGMENT minecraft:core/particle. Log output: WARNING: Output of vertex shader '_interface_variable_01' not read by fragment shader
WARNING: Output of vertex shader '_interface_variable_00' not read by fragment shader

[15:34:11] [Render thread/INFO]: Info log when linking program containing VERTEX minecraft:core/particle, FRAGMENT minecraft:core/particle. Log output: WARNING: Output of vertex shader '_interface_variable_01' not read by fragment shader
WARNING: Output of vertex shader '_interface_variable_00' not read by fragment shader

[15:34:11] [Render thread/INFO]: Info log when linking program containing VERTEX minecraft:core/entity, FRAGMENT minecraft:core/entity. Log output: WARNING: Output of vertex shader '_interface_variable_01' not read by fragment shader
WARNING: Output of vertex shader '_interface_variable_00' not read by fragment shader

[15:34:11] [Render thread/INFO]: Info log when linking program containing VERTEX minecraft:core/text, FRAGMENT minecraft:core/text. Log output: WARNING: Output of vertex shader '_interface_variable_01' not read by fragment shader
WARNING: Output of vertex shader '_interface_variable_00' not read by fragment shader

[15:34:11] [Render thread/INFO]: Info log when linking program containing VERTEX minecraft:core/entity, FRAGMENT minecraft:core/entity. Log output: WARNING: Output of vertex shader '_interface_variable_01' not read by fragment shader
WARNING: Output of vertex shader '_interface_variable_00' not read by fragment shader

[15:34:11] [Render thread/INFO]: OpenAL initialized on device Mac mini扬声器
[15:34:11] [Render thread/INFO]: Sound engine started
[15:34:11] [Render thread/INFO]: Created: 512x256x0 minecraft:textures/atlas/particles.png-atlas
[15:34:11] [Render thread/INFO]: Created: 256x128x0 minecraft:textures/atlas/celestials.png-atlas
[15:34:11] [Render thread/INFO]: Created: 128x128x0 minecraft:textures/atlas/decorated_pot.png-atlas
[15:34:11] [Render thread/INFO]: Created: 512x256x0 minecraft:textures/atlas/paintings.png-atlas
[15:34:11] [Render thread/INFO]: Created: 1024x512x0 minecraft:textures/atlas/shield_patterns.png-atlas
[15:34:11] [Render thread/INFO]: Created: 1024x512x0 minecraft:textures/atlas/banner_patterns.png-atlas
[15:34:11] [Render thread/INFO]: Created: 2048x2048x4 minecraft:textures/atlas/blocks.png-atlas
[15:34:11] [Render thread/INFO]: Created: 1024x512x0 minecraft:textures/atlas/items.png-atlas
[15:34:11] [Render thread/INFO]: Created: 1024x1024x0 minecraft:textures/atlas/gui.png-atlas
[15:34:11] [Render thread/INFO]: Created: 128x64x0 minecraft:textures/atlas/map_decorations.png-atlas
[15:34:11] [Render thread/INFO]: Created: 512x512x0 minecraft:textures/atlas/chest.png-atlas
[15:34:11] [Render thread/INFO]: Created: 512x512x0 minecraft:textures/atlas/shulker_boxes.png-atlas
[15:34:14] [Worker-Main-4/INFO]: Loaded 1872 advancements
[15:34:14] [Thread-5/WARN]: Unable to parse version 27.0 to a codename.
[15:34:14] [Thread-5/INFO]: Environment: Environment[discoveryUrl=https://discovery.minecraftservices.com/minecraft/client, name=PROD]
[15:34:14] [Worker-Main-6/INFO]: Loaded 1872 advancements
[15:34:14] [Thread-5/INFO]: Applied 0 biome modifications to 0 of 67 new biomes in 148.6 μs
[15:34:14] [Server thread/INFO]: Starting minecraft server version 26.3
[15:34:14] [Server thread/INFO]: Loading properties
[15:34:14] [Server thread/INFO]: Default game type: SURVIVAL
[15:34:14] [Server thread/INFO]: Generating keypair
[15:34:14] [Server thread/INFO]: Starting Minecraft server on 127.0.0.1:56590
[15:34:14] [Server thread/WARN]: **** SERVER IS RUNNING IN OFFLINE/INSECURE MODE!
[15:34:14] [Server thread/WARN]: The server will make no attempt to authenticate usernames. Beware.
[15:34:14] [Server thread/WARN]: While this makes the game possible to play without internet access, it also opens up the ability for hackers to connect with any username they choose.
[15:34:14] [Server thread/WARN]: To change this, set "online-mode" to "true" in the server.properties file.
[15:34:14] [Server thread/INFO]: Preparing level "world"
[15:34:14] [Server thread/INFO]: Selecting global world spawn...
[15:34:14] [Server thread/INFO]: Loading 0 persistent chunks...
[15:34:14] [Server thread/INFO]: Preparing spawn area: 100%
[15:34:14] [Server thread/INFO]: Time elapsed: 37 ms
[15:34:14] [Server thread/INFO]: Done (0.038s)! For help, type "help"
[15:34:14] [Server thread/INFO]: Saving chunks for level 'ServerLevel[New World]'/minecraft:overworld
[15:34:14] [Server thread/INFO]: Saving chunks for level 'ServerLevel[New World]'/minecraft:the_end
[15:34:14] [Server thread/INFO]: Saving chunks for level 'ServerLevel[New World]'/minecraft:the_nether
[15:34:14] [Render thread/INFO]: Connecting to localhost, 56590
[15:34:14] [Render thread/INFO]: World loading finished: null screen: net.minecraft.client.gui.screens.ConnectScreen@40f0f850
[15:34:14] [Render thread/INFO]: World loading finished: null screen: net.minecraft.client.gui.screens.ConnectScreen@40f0f850
[15:34:14] [Render thread/INFO]: World loading finished: null screen: net.minecraft.client.gui.screens.ConnectScreen@40f0f850
[15:34:14] [Render thread/INFO]: World loading finished: null screen: net.minecraft.client.gui.screens.ConnectScreen@40f0f850
[15:34:14] [Render thread/INFO]: World loading finished: null screen: net.minecraft.client.gui.screens.ConnectScreen@40f0f850
[15:34:15] [Render thread/INFO]: World loading finished: null screen: net.minecraft.client.gui.screens.ConnectScreen@40f0f850
[15:34:15] [Render thread/INFO]: World loading finished: null screen: net.minecraft.client.gui.screens.ConnectScreen@40f0f850
[15:34:15] [Render thread/INFO]: World loading finished: null screen: net.minecraft.client.gui.screens.ConnectScreen@40f0f850
[15:34:15] [Render thread/INFO]: World loading finished: null screen: net.minecraft.client.gui.screens.ConnectScreen@40f0f850
[15:34:15] [Server thread/INFO]: Player235[/127.0.0.1:56605] logged in with entity id 37 at (0.5, 71.0, 0.5)
[15:34:15] [Server thread/INFO]: System chat: Player235 joined the game
[15:34:15] [Render thread/INFO]: Loaded 2 advancements
[15:34:15] [Render thread/WARN]: Requested post effect does not exist: minecraft:end_of_frame
[15:34:15] [Render thread/INFO]: World loading finished: ClientLevel screen: net.minecraft.client.gui.screens.LevelLoadingScreen@3e8ef072
[15:34:15] [Render thread/INFO]: World loading finished: ClientLevel screen: net.minecraft.client.gui.screens.LevelLoadingScreen@3e8ef072
[15:34:15] [Render thread/INFO]: World loading finished: ClientLevel screen: net.minecraft.client.gui.screens.LevelLoadingScreen@3e8ef072
[15:34:15] [Render thread/INFO]: World loading finished: ClientLevel screen: null
[15:34:23] [Server thread/INFO]: Player235 lost connection: Disconnected
[15:34:23] [Server thread/INFO]: System chat: Player235 left the game
[15:34:23] [Render thread/INFO]: Connecting to localhost, 56590
[15:34:23] [Render thread/INFO]: World loading finished: null screen: net.minecraft.client.gui.screens.ConnectScreen@2ccb225a
[15:34:23] [Render thread/INFO]: World loading finished: null screen: net.minecraft.client.gui.screens.ConnectScreen@2ccb225a
[15:34:23] [Render thread/INFO]: World loading finished: null screen: net.minecraft.client.gui.screens.ConnectScreen@2ccb225a
[15:34:23] [Render thread/INFO]: World loading finished: null screen: net.minecraft.client.gui.screens.ConnectScreen@2ccb225a
[15:34:23] [Render thread/INFO]: World loading finished: null screen: net.minecraft.client.gui.screens.ConnectScreen@2ccb225a
[15:34:24] [Render thread/INFO]: World loading finished: null screen: net.minecraft.client.gui.screens.ConnectScreen@2ccb225a
[15:34:24] [Render thread/INFO]: World loading finished: null screen: net.minecraft.client.gui.screens.ConnectScreen@2ccb225a
[15:34:24] [Server thread/INFO]: Player235[/127.0.0.1:56881] logged in with entity id 38 at (0.5, 102.48159999847428, 22.43600013732907)
[15:34:24] [Server thread/INFO]: System chat: Player235 joined the game
[15:34:24] [Render thread/INFO]: Loaded 2 advancements
[15:34:24] [Render thread/INFO]: World loading finished: ClientLevel screen: net.minecraft.client.gui.screens.LevelLoadingScreen@4159bc6d
[15:34:24] [Render thread/INFO]: World loading finished: ClientLevel screen: null
[15:34:25] [Server thread/INFO]: Player235 lost connection: Disconnected
[15:34:25] [Server thread/INFO]: System chat: Player235 left the game
[15:34:25] [Server thread/INFO]: Stopping server
[15:34:25] [Server thread/INFO]: Saving players
[15:34:25] [Server thread/INFO]: Saving worlds
[15:34:25] [Server thread/INFO]: Saving chunks for level 'ServerLevel[New World]'/minecraft:overworld
[15:34:25] [Server thread/INFO]: Saving chunks for level 'ServerLevel[New World]'/minecraft:the_end
[15:34:25] [Server thread/INFO]: Saving chunks for level 'ServerLevel[New World]'/minecraft:the_nether
[15:34:25] [Test thread/INFO]: [STDOUT]: WILDCRAFT P3 dedicated-slot/native-click/creative-slot-permissions/holstered-hands/jump-toggle/steering/landing/damage/exhaustion/climb-transition/death-drop/keep-inventory/dimension/save-reload/TCP reconnect checks passed
[15:34:25] [Test thread/INFO]: [STDOUT]: WILDCRAFT R1 active clock: 10 cases passed; 5/10/20/60Hz, pause, resume, stall, duplicate
[15:34:25] [Worker-Main-4/INFO]: Loaded 1872 advancements
[15:34:25] [Render thread/INFO]: World loading finished: null screen: net.minecraft.client.gui.screens.GenericMessageScreen@61660a6d
[15:34:25] [Render thread/INFO]: Applied 0 biome modifications to 0 of 67 new biomes in 143.6 μs
[15:34:25] [Server thread/INFO]: Starting integrated minecraft server version 26.3
[15:34:25] [Server thread/INFO]: Generating keypair
[15:34:25] [Server thread/INFO]: Selecting global world spawn...
[15:34:25] [Server thread/INFO]: Loading 0 persistent chunks...
[15:34:25] [Server thread/INFO]: Preparing spawn area: 16%
[15:34:25] [Server thread/INFO]: Saving chunks for level 'ServerLevel[New World]'/minecraft:overworld
[15:34:25] [Server thread/INFO]: Saving chunks for level 'ServerLevel[New World]'/minecraft:the_end
[15:34:25] [Server thread/INFO]: Saving chunks for level 'ServerLevel[New World]'/minecraft:the_nether
[15:34:25] [Render thread/INFO]: World loading finished: null screen: net.minecraft.client.gui.screens.LevelLoadingScreen@340baf6a
[15:34:25] [Render thread/INFO]: World loading finished: null screen: net.minecraft.client.gui.screens.LevelLoadingScreen@340baf6a
[15:34:25] [Render thread/INFO]: World loading finished: null screen: net.minecraft.client.gui.screens.LevelLoadingScreen@340baf6a
[15:34:25] [Render thread/INFO]: World loading finished: null screen: net.minecraft.client.gui.screens.LevelLoadingScreen@340baf6a
[15:34:25] [Server thread/INFO]: Loading 48 chunks for player spawn...
[15:34:25] [Render thread/INFO]: World loading finished: null screen: net.minecraft.client.gui.screens.LevelLoadingScreen@340baf6a
[15:34:26] [Render thread/INFO]: World loading finished: null screen: net.minecraft.client.gui.screens.LevelLoadingScreen@340baf6a
[15:34:26] [Server thread/INFO]: Time elapsed: 364 ms
[15:34:26] [Render thread/INFO]: World loading finished: null screen: net.minecraft.client.gui.screens.LevelLoadingScreen@340baf6a
[15:34:26] [Server thread/INFO]: Player235[local:E:5a92a05c] logged in with entity id 39 at (0.5, -60.0, 0.5)
[15:34:26] [Server thread/INFO]: System chat: Player235 joined the game
[15:34:26] [Server thread/INFO]: Changing view distance to 5, from 10
[15:34:26] [Server thread/INFO]: Changing simulation distance to 12, from 0
[15:34:26] [Render thread/INFO]: World loading finished: ClientLevel screen: net.minecraft.client.gui.screens.LevelLoadingScreen@340baf6a
[15:34:26] [Render thread/INFO]: Loaded 2 advancements
[15:34:26] [Render thread/INFO]: World loading finished: ClientLevel screen: net.minecraft.client.gui.screens.LevelLoadingScreen@340baf6a
[15:34:26] [Render thread/INFO]: World loading finished: ClientLevel screen: net.minecraft.client.gui.screens.LevelLoadingScreen@340baf6a
[15:34:26] [Render thread/INFO]: World loading finished: ClientLevel screen: net.minecraft.client.gui.screens.LevelLoadingScreen@340baf6a
[15:34:26] [Render thread/INFO]: World loading finished: ClientLevel screen: net.minecraft.client.gui.screens.LevelLoadingScreen@340baf6a
[15:34:26] [Render thread/INFO]: World loading finished: ClientLevel screen: net.minecraft.client.gui.screens.LevelLoadingScreen@340baf6a
[15:34:26] [Render thread/INFO]: World loading finished: ClientLevel screen: net.minecraft.client.gui.screens.LevelLoadingScreen@340baf6a
[15:34:26] [Render thread/INFO]: World loading finished: ClientLevel screen: net.minecraft.client.gui.screens.LevelLoadingScreen@340baf6a
[15:34:26] [Render thread/INFO]: World loading finished: ClientLevel screen: net.minecraft.client.gui.screens.LevelLoadingScreen@340baf6a
[15:34:26] [Render thread/INFO]: World loading finished: ClientLevel screen: net.minecraft.client.gui.screens.LevelLoadingScreen@340baf6a
[15:34:26] [Render thread/INFO]: World loading finished: ClientLevel screen: net.minecraft.client.gui.screens.LevelLoadingScreen@340baf6a
[15:34:26] [Render thread/INFO]: World loading finished: ClientLevel screen: net.minecraft.client.gui.screens.LevelLoadingScreen@340baf6a
[15:34:26] [Render thread/INFO]: World loading finished: ClientLevel screen: net.minecraft.client.gui.screens.LevelLoadingScreen@340baf6a
[15:34:26] [Render thread/INFO]: World loading finished: ClientLevel screen: net.minecraft.client.gui.screens.LevelLoadingScreen@340baf6a
[15:34:26] [Render thread/INFO]: World loading finished: ClientLevel screen: net.minecraft.client.gui.screens.LevelLoadingScreen@340baf6a
[15:34:26] [Render thread/INFO]: World loading finished: ClientLevel screen: net.minecraft.client.gui.screens.LevelLoadingScreen@340baf6a
[15:34:26] [Render thread/INFO]: World loading finished: ClientLevel screen: null
[15:34:26] [Server thread/INFO]: System chat: Set minecraft:overworld to time marker minecraft:day
[15:34:27] [Render thread/INFO]: Loaded 3 advancements
[15:34:29] [Server thread/INFO]: System chat: Player235 was killed
[15:34:29] [Render thread/INFO]: [System] [CHAT] Player235 was killed
[15:34:30] [Server thread/INFO]: Saving and pausing game...
[15:34:30] [Server thread/INFO]: Saving chunks for level 'ServerLevel[New World]'/minecraft:overworld
[15:34:30] [Server thread/INFO]: Saving chunks for level 'ServerLevel[New World]'/minecraft:the_end
[15:34:30] [Server thread/INFO]: Saving chunks for level 'ServerLevel[New World]'/minecraft:the_nether
[15:34:32] [Server thread/INFO]: System chat: Player235 has made the advancement [We Need to Go Deeper]
[15:34:32] [Render thread/INFO]: [System] [CHAT] Player235 has made the advancement [We Need to Go Deeper]
[15:34:32] [Render thread/INFO]: Loaded 30 advancements
[15:34:33] [Test thread/INFO]: [STDOUT]: WILDCRAFT R1_WORLD=/Volumes/仕事/Wildcraft/开发环境/cache/builds/f51c43e6462c/run/packaged-client-test/saves/New World (64)
[15:34:33] [Server thread/INFO]: Player235 lost connection: Disconnected
[15:34:33] [Server thread/INFO]: System chat: Player235 left the game
[15:34:33] [Server thread/INFO]: Stopping singleplayer server as player logged out
[15:34:33] [Server thread/INFO]: Stopping server
[15:34:33] [Server thread/INFO]: Saving players
[15:34:33] [Server thread/INFO]: Saving worlds
[15:34:33] [Server thread/INFO]: Saving chunks for level 'ServerLevel[New World]'/minecraft:overworld
[15:34:33] [Server thread/INFO]: Saving chunks for level 'ServerLevel[New World]'/minecraft:the_end
[15:34:33] [Server thread/INFO]: Saving chunks for level 'ServerLevel[New World]'/minecraft:the_nether
[15:34:33] [Render thread/INFO]: World loading finished: null screen: net.minecraft.client.gui.screens.GenericMessageScreen@1e4d381b
[15:34:34] [Worker-Main-4/INFO]: Loaded 1872 advancements
[15:34:34] [Render thread/INFO]: Applied 0 biome modifications to 0 of 67 new biomes in 163.3 μs
[15:34:34] [Server thread/INFO]: Starting integrated minecraft server version 26.3
[15:34:34] [Server thread/INFO]: Generating keypair
[15:34:34] [Server thread/INFO]: Loading 0 persistent chunks...
[15:34:34] [Server thread/INFO]: Saving chunks for level 'ServerLevel[New World]'/minecraft:overworld
[15:34:34] [Server thread/INFO]: Saving chunks for level 'ServerLevel[New World]'/minecraft:the_end
[15:34:34] [Server thread/INFO]: Saving chunks for level 'ServerLevel[New World]'/minecraft:the_nether
[15:34:34] [Render thread/INFO]: World loading finished: null screen: net.minecraft.client.gui.screens.LevelLoadingScreen@a2b97b0
[15:34:34] [Render thread/INFO]: World loading finished: null screen: net.minecraft.client.gui.screens.LevelLoadingScreen@a2b97b0
[15:34:34] [Render thread/INFO]: World loading finished: null screen: net.minecraft.client.gui.screens.LevelLoadingScreen@a2b97b0
[15:34:34] [Render thread/INFO]: World loading finished: null screen: net.minecraft.client.gui.screens.LevelLoadingScreen@a2b97b0
[15:34:34] [Server thread/INFO]: Loading 49 chunks for player spawn...
[15:34:34] [Server thread/INFO]: Preparing spawn area: 16%
[15:34:34] [Render thread/INFO]: World loading finished: null screen: net.minecraft.client.gui.screens.LevelLoadingScreen@a2b97b0
[15:34:34] [Server thread/INFO]: Time elapsed: 268 ms
[15:34:34] [Render thread/INFO]: World loading finished: null screen: net.minecraft.client.gui.screens.LevelLoadingScreen@a2b97b0
[15:34:34] [Server thread/INFO]: Player235[local:E:1df6461b] logged in with entity id 52 at (0.5, 105.0, 0.5)
[15:34:34] [Server thread/INFO]: System chat: Player235 joined the game
[15:34:34] [Server thread/INFO]: Changing view distance to 5, from 10
[15:34:34] [Server thread/INFO]: Changing simulation distance to 12, from 0
[15:34:34] [Render thread/INFO]: World loading finished: ClientLevel screen: net.minecraft.client.gui.screens.LevelLoadingScreen@a2b97b0
[15:34:34] [Render thread/INFO]: Loaded 30 advancements
[15:34:34] [Render thread/INFO]: World loading finished: ClientLevel screen: net.minecraft.client.gui.screens.LevelLoadingScreen@a2b97b0
[15:34:34] [Render thread/INFO]: World loading finished: ClientLevel screen: net.minecraft.client.gui.screens.LevelLoadingScreen@a2b97b0
[15:34:34] [Render thread/INFO]: World loading finished: ClientLevel screen: null
[15:34:36] [Server thread/INFO]: Published LAN server on port 0
[15:34:36] [Server thread/INFO]: Unpublishing integrated server (was on port 0)
[15:34:36] [Server thread/INFO]: Player235 lost connection: Disconnected
[15:34:36] [Server thread/INFO]: System chat: Player235 left the game
[15:34:36] [Server thread/INFO]: Stopping singleplayer server as player logged out
[15:34:36] [Server thread/INFO]: Stopping server
[15:34:36] [Server thread/INFO]: Saving players
[15:34:36] [Server thread/INFO]: Saving worlds
[15:34:36] [Server thread/INFO]: Saving chunks for level 'ServerLevel[New World]'/minecraft:overworld
[15:34:36] [Server thread/INFO]: Saving chunks for level 'ServerLevel[New World]'/minecraft:the_end
[15:34:36] [Server thread/INFO]: Saving chunks for level 'ServerLevel[New World]'/minecraft:the_nether
[15:34:36] [Test thread/INFO]: [STDOUT]: WILDCRAFT R1 lifecycle, ownership, real reload, native item anchor and GPU post-effect checks passed
[15:34:36] [Worker-Main-1/INFO]: Loaded 1872 advancements
[15:34:36] [Render thread/INFO]: World loading finished: null screen: net.minecraft.client.gui.screens.GenericMessageScreen@5f7a8410
[15:34:36] [Render thread/INFO]: Applied 0 biome modifications to 0 of 67 new biomes in 168.9 μs
[15:34:36] [Server thread/INFO]: Starting integrated minecraft server version 26.3
[15:34:36] [Server thread/INFO]: Generating keypair
[15:34:36] [Server thread/INFO]: Selecting global world spawn...
[15:34:37] [Server thread/INFO]: Loading 0 persistent chunks...
[15:34:37] [Server thread/INFO]: Preparing spawn area: 16%
[15:34:37] [Server thread/INFO]: Saving chunks for level 'ServerLevel[New World]'/minecraft:overworld
[15:34:37] [Server thread/INFO]: Saving chunks for level 'ServerLevel[New World]'/minecraft:the_end
[15:34:37] [Server thread/INFO]: Saving chunks for level 'ServerLevel[New World]'/minecraft:the_nether
[15:34:37] [Render thread/INFO]: World loading finished: null screen: net.minecraft.client.gui.screens.LevelLoadingScreen@8a3ed00
[15:34:37] [Render thread/INFO]: World loading finished: null screen: net.minecraft.client.gui.screens.LevelLoadingScreen@8a3ed00
[15:34:37] [Render thread/INFO]: World loading finished: null screen: net.minecraft.client.gui.screens.LevelLoadingScreen@8a3ed00
[15:34:37] [Render thread/INFO]: World loading finished: null screen: net.minecraft.client.gui.screens.LevelLoadingScreen@8a3ed00
[15:34:37] [Server thread/INFO]: Loading 48 chunks for player spawn...
[15:34:37] [Render thread/INFO]: World loading finished: null screen: net.minecraft.client.gui.screens.LevelLoadingScreen@8a3ed00
[15:34:37] [Render thread/INFO]: World loading finished: null screen: net.minecraft.client.gui.screens.LevelLoadingScreen@8a3ed00
[15:34:37] [Render thread/INFO]: World loading finished: null screen: net.minecraft.client.gui.screens.LevelLoadingScreen@8a3ed00
[15:34:37] [Server thread/INFO]: Time elapsed: 436 ms
[15:34:37] [Render thread/INFO]: World loading finished: null screen: net.minecraft.client.gui.screens.LevelLoadingScreen@8a3ed00
[15:34:37] [Server thread/INFO]: Player235[local:E:a4a46eb7] logged in with entity id 53 at (0.5, -60.0, 0.5)
[15:34:37] [Server thread/INFO]: System chat: Player235 joined the game
[15:34:37] [Server thread/INFO]: Changing view distance to 5, from 10
[15:34:37] [Server thread/INFO]: Changing simulation distance to 12, from 0
[15:34:37] [Render thread/INFO]: Loaded 2 advancements
[15:34:37] [Render thread/INFO]: World loading finished: ClientLevel screen: net.minecraft.client.gui.screens.LevelLoadingScreen@8a3ed00
[15:34:37] [Render thread/INFO]: World loading finished: ClientLevel screen: net.minecraft.client.gui.screens.LevelLoadingScreen@8a3ed00
[15:34:37] [Render thread/INFO]: World loading finished: ClientLevel screen: net.minecraft.client.gui.screens.LevelLoadingScreen@8a3ed00
[15:34:37] [Render thread/INFO]: World loading finished: ClientLevel screen: net.minecraft.client.gui.screens.LevelLoadingScreen@8a3ed00
[15:34:37] [Render thread/INFO]: World loading finished: ClientLevel screen: net.minecraft.client.gui.screens.LevelLoadingScreen@8a3ed00
[15:34:37] [Render thread/INFO]: World loading finished: ClientLevel screen: net.minecraft.client.gui.screens.LevelLoadingScreen@8a3ed00
[15:34:37] [Render thread/INFO]: World loading finished: ClientLevel screen: net.minecraft.client.gui.screens.LevelLoadingScreen@8a3ed00
[15:34:37] [Render thread/INFO]: World loading finished: ClientLevel screen: net.minecraft.client.gui.screens.LevelLoadingScreen@8a3ed00
[15:34:37] [Render thread/INFO]: World loading finished: ClientLevel screen: net.minecraft.client.gui.screens.LevelLoadingScreen@8a3ed00
[15:34:37] [Render thread/INFO]: World loading finished: ClientLevel screen: net.minecraft.client.gui.screens.LevelLoadingScreen@8a3ed00
[15:34:38] [Render thread/INFO]: World loading finished: ClientLevel screen: net.minecraft.client.gui.screens.LevelLoadingScreen@8a3ed00
[15:34:38] [Render thread/INFO]: World loading finished: ClientLevel screen: net.minecraft.client.gui.screens.LevelLoadingScreen@8a3ed00
[15:34:38] [Render thread/INFO]: World loading finished: ClientLevel screen: net.minecraft.client.gui.screens.LevelLoadingScreen@8a3ed00
[15:34:38] [Render thread/INFO]: World loading finished: ClientLevel screen: net.minecraft.client.gui.screens.LevelLoadingScreen@8a3ed00
[15:34:38] [Render thread/INFO]: World loading finished: ClientLevel screen: null
[15:34:38] [Render thread/INFO]: Loaded 3 advancements
[15:34:39] [Server thread/INFO]: System chat: Player235 has made the advancement [Cover Me with Diamonds]
[15:34:39] [Render thread/INFO]: [System] [CHAT] Player235 has made the advancement [Cover Me with Diamonds]
[15:34:39] [Render thread/INFO]: Loaded 10 advancements
[15:34:39] [Render thread/INFO]: Loaded 21 advancements
[15:34:39] [Render thread/INFO]: [STDOUT]: WILDCRAFT P3.1 controlled client skin model=WIDE
[15:34:40] [Server thread/INFO]: System chat: Set 30 experience levels on Player235
[15:34:40] [Server thread/INFO]: System chat: Set 5 experience levels on Player235
[15:34:40] [Server thread/INFO]: System chat: Stamina refilled
[15:34:40] [Server thread/INFO]: System chat: Consumed 145.0 stamina
[15:34:40] [Render thread/INFO]: Reloading ResourceManager: vanilla, vanilla, fabric-advancement-api-v1, fabric-api, fabric-api-base, fabric-api-lookup-api-v1, fabric-biome-api-v1, fabric-block-api-v1, fabric-block-getter-api-v2, fabric-client-gametest-api-v1, fabric-command-api-v2, fabric-content-registries-v0, fabric-convention-tags-v2, fabric-crash-report-info-v1, fabric-creative-tab-api-v1, fabric-data-attachment-api-v1, fabric-data-generation-api-v1, fabric-debug-api-v1, fabric-dimensions-v1, fabric-entity-events-v1, fabric-events-interaction-v0, fabric-game-rule-api-v1, fabric-gametest-api-v1, fabric-item-api-v1, fabric-key-mapping-api-v1, fabric-lifecycle-events-v1, fabric-loot-api-v3, fabric-menu-api-v1, fabric-message-api-v1, fabric-model-loading-api-v1, fabric-networking-api-v1, fabric-object-builder-api-v1, fabric-particles-v1, fabric-permission-api-v1, fabric-recipe-api-v1, fabric-registry-sync-v0, fabric-renderer-api-v1, fabric-renderer-indigo, fabric-rendering-fluids-v1, fabric-rendering-v1, fabric-resource-conditions-api-v1, fabric-resource-loader-v0, fabric-resource-loader-v1, fabric-screen-api-v1, fabric-serialization-api-v1, fabric-sound-api-v1, fabric-tag-api-v1, fabric-transfer-api-v1, fabric-transitive-access-wideners-v1, fabricloader, wildcraft, wildcraft-test
[15:34:40] [Worker-Main-9/INFO]: Found unifont_all_no_pua-17.0.01.hex, loading
[15:34:40] [Worker-Main-8/INFO]: Found unifont_pua-17.0.01.hex, loading
[15:34:40] [Server thread/INFO]: Saving and pausing game...
[15:34:40] [Server thread/INFO]: Saving chunks for level 'ServerLevel[New World]'/minecraft:overworld
[15:34:40] [Server thread/INFO]: Saving chunks for level 'ServerLevel[New World]'/minecraft:the_end
[15:34:40] [Server thread/INFO]: Saving chunks for level 'ServerLevel[New World]'/minecraft:the_nether
[15:34:40] [Render thread/INFO]: Info log when linking program containing VERTEX minecraft:core/terrain, FRAGMENT minecraft:core/terrain. Log output: WARNING: Output of vertex shader '_interface_variable_01' not read by fragment shader
WARNING: Output of vertex shader '_interface_variable_00' not read by fragment shader
WARNING: Output of vertex shader '_interface_variable_04' not read by fragment shader

[15:34:40] [Render thread/INFO]: Info log when linking program containing VERTEX minecraft:core/entity, FRAGMENT minecraft:core/entity. Log output: WARNING: Output of vertex shader '_interface_variable_01' not read by fragment shader
WARNING: Output of vertex shader '_interface_variable_00' not read by fragment shader

[15:34:40] [Render thread/INFO]: Info log when linking program containing VERTEX minecraft:core/rendertype_lines, FRAGMENT minecraft:core/rendertype_lines. Log output: WARNING: Output of vertex shader '_interface_variable_01' not read by fragment shader
WARNING: Output of vertex shader '_interface_variable_00' not read by fragment shader

[15:34:40] [Render thread/INFO]: Info log when linking program containing VERTEX minecraft:core/rendertype_crumbling, FRAGMENT minecraft:core/rendertype_crumbling. Log output: WARNING: Output of vertex shader '_interface_variable_01' not read by fragment shader
WARNING: Output of vertex shader '_interface_variable_00' not read by fragment shader

[15:34:40] [Render thread/INFO]: Info log when linking program containing VERTEX minecraft:core/text, FRAGMENT minecraft:core/text. Log output: WARNING: Output of vertex shader '_interface_variable_01' not read by fragment shader
WARNING: Output of vertex shader '_interface_variable_00' not read by fragment shader

[15:34:40] [Worker-Main-9/INFO]: Found unifont_jp_patch-17.0.01.hex, loading
[15:34:40] [Render thread/INFO]: Info log when linking program containing VERTEX minecraft:core/terrain, FRAGMENT minecraft:core/terrain. Log output: WARNING: Output of vertex shader '_interface_variable_01' not read by fragment shader
WARNING: Output of vertex shader '_interface_variable_00' not read by fragment shader
WARNING: Output of vertex shader '_interface_variable_04' not read by fragment shader

[15:34:40] [Render thread/INFO]: Info log when linking program containing VERTEX minecraft:core/text, FRAGMENT minecraft:core/text. Log output: WARNING: Output of vertex shader '_interface_variable_01' not read by fragment shader
WARNING: Output of vertex shader '_interface_variable_00' not read by fragment shader

[15:34:40] [Render thread/INFO]: Info log when linking program containing VERTEX minecraft:core/entity, FRAGMENT minecraft:core/entity. Log output: WARNING: Output of vertex shader '_interface_variable_01' not read by fragment shader
WARNING: Output of vertex shader '_interface_variable_00' not read by fragment shader

[15:34:40] [Render thread/INFO]: Info log when linking program containing VERTEX minecraft:core/block, FRAGMENT minecraft:core/block. Log output: WARNING: Output of vertex shader '_interface_variable_01' not read by fragment shader
WARNING: Output of vertex shader '_interface_variable_00' not read by fragment shader

[15:34:40] [Render thread/INFO]: Info log when linking program containing VERTEX minecraft:core/entity, FRAGMENT minecraft:core/entity. Log output: WARNING: Output of vertex shader '_interface_variable_01' not read by fragment shader
WARNING: Output of vertex shader '_interface_variable_00' not read by fragment shader

[15:34:40] [Render thread/INFO]: Info log when linking program containing VERTEX minecraft:core/particle, FRAGMENT minecraft:core/particle. Log output: WARNING: Output of vertex shader '_interface_variable_01' not read by fragment shader
WARNING: Output of vertex shader '_interface_variable_00' not read by fragment shader

[15:34:40] [Render thread/INFO]: Info log when linking program containing VERTEX minecraft:core/rendertype_entity_shadow, FRAGMENT minecraft:core/rendertype_entity_shadow. Log output: WARNING: Output of vertex shader '_interface_variable_01' not read by fragment shader
WARNING: Output of vertex shader '_interface_variable_00' not read by fragment shader

[15:34:40] [Render thread/INFO]: Info log when linking program containing VERTEX minecraft:core/screenquad, FRAGMENT minecraft:core/oit_composite. Log output: WARNING: Output of vertex shader '_interface_variable_00' not read by fragment shader

[15:34:40] [Render thread/INFO]: Info log when linking program containing VERTEX minecraft:core/screenquad, FRAGMENT minecraft:core/integrate_depth. Log output: WARNING: Output of vertex shader '_interface_variable_00' not read by fragment shader

[15:34:40] [Render thread/INFO]: Info log when linking program containing VERTEX minecraft:core/entity, FRAGMENT minecraft:core/entity. Log output: WARNING: Output of vertex shader '_interface_variable_01' not read by fragment shader
WARNING: Output of vertex shader '_interface_variable_00' not read by fragment shader

[15:34:40] [Render thread/INFO]: Info log when linking program containing VERTEX minecraft:core/terrain, FRAGMENT minecraft:core/terrain. Log output: WARNING: Output of vertex shader '_interface_variable_01' not read by fragment shader
WARNING: Output of vertex shader '_interface_variable_00' not read by fragment shader
WARNING: Output of vertex shader '_interface_variable_04' not read by fragment shader

[15:34:40] [Render thread/INFO]: Info log when linking program containing VERTEX minecraft:core/animate_sprite, FRAGMENT minecraft:core/animate_sprite_blit. Log output: WARNING: Output of vertex shader '_interface_variable_00' not read by fragment shader

[15:34:40] [Render thread/INFO]: Info log when linking program containing VERTEX minecraft:core/entity, FRAGMENT minecraft:core/entity. Log output: WARNING: Output of vertex shader '_interface_variable_01' not read by fragment shader
WARNING: Output of vertex shader '_interface_variable_00' not read by fragment shader

[15:34:40] [Render thread/INFO]: Info log when linking program containing VERTEX minecraft:core/entity, FRAGMENT minecraft:core/entity. Log output: WARNING: Output of vertex shader '_interface_variable_01' not read by fragment shader
WARNING: Output of vertex shader '_interface_variable_00' not read by fragment shader

[15:34:40] [Render thread/INFO]: Info log when linking program containing VERTEX minecraft:core/clouds, FRAGMENT minecraft:core/clouds. Log output: WARNING: Output of vertex shader '_interface_variable_00' not read by fragment shader

[15:34:40] [Render thread/INFO]: Info log when linking program containing VERTEX minecraft:core/entity, FRAGMENT minecraft:core/entity. Log output: WARNING: Output of vertex shader '_interface_variable_01' not read by fragment shader
WARNING: Output of vertex shader '_interface_variable_00' not read by fragment shader

[15:34:40] [Render thread/INFO]: Info log when linking program containing VERTEX minecraft:core/screenquad, FRAGMENT minecraft:core/oit_depth_bounds_cull. Log output: WARNING: Output of vertex shader '_interface_variable_00' not read by fragment shader

[15:34:40] [Render thread/INFO]: Info log when linking program containing VERTEX minecraft:core/particle, FRAGMENT minecraft:core/particle. Log output: WARNING: Output of vertex shader '_interface_variable_01' not read by fragment shader
WARNING: Output of vertex shader '_interface_variable_00' not read by fragment shader

[15:34:40] [Render thread/INFO]: Info log when linking program containing VERTEX minecraft:core/block, FRAGMENT minecraft:core/block. Log output: WARNING: Output of vertex shader '_interface_variable_01' not read by fragment shader
WARNING: Output of vertex shader '_interface_variable_00' not read by fragment shader

[15:34:40] [Render thread/INFO]: Info log when linking program containing VERTEX minecraft:core/text, FRAGMENT minecraft:core/text. Log output: WARNING: Output of vertex shader '_interface_variable_01' not read by fragment shader
WARNING: Output of vertex shader '_interface_variable_00' not read by fragment shader

[15:34:40] [Render thread/INFO]: Info log when linking program containing VERTEX minecraft:core/text, FRAGMENT minecraft:core/text. Log output: WARNING: Output of vertex shader '_interface_variable_01' not read by fragment shader
WARNING: Output of vertex shader '_interface_variable_00' not read by fragment shader

[15:34:40] [Render thread/INFO]: Info log when linking program containing VERTEX minecraft:core/entity, FRAGMENT minecraft:core/entity. Log output: WARNING: Output of vertex shader '_interface_variable_01' not read by fragment shader
WARNING: Output of vertex shader '_interface_variable_00' not read by fragment shader

[15:34:40] [Render thread/INFO]: Info log when linking program containing VERTEX minecraft:core/text, FRAGMENT minecraft:core/text. Log output: WARNING: Output of vertex shader '_interface_variable_01' not read by fragment shader
WARNING: Output of vertex shader '_interface_variable_00' not read by fragment shader

[15:34:40] [Render thread/INFO]: Info log when linking program containing VERTEX minecraft:core/terrain, FRAGMENT minecraft:core/terrain. Log output: WARNING: Output of vertex shader '_interface_variable_01' not read by fragment shader
WARNING: Output of vertex shader '_interface_variable_00' not read by fragment shader
WARNING: Output of vertex shader '_interface_variable_04' not read by fragment shader

[15:34:40] [Render thread/INFO]: Info log when linking program containing VERTEX minecraft:core/text, FRAGMENT minecraft:core/text. Log output: WARNING: Output of vertex shader '_interface_variable_01' not read by fragment shader
WARNING: Output of vertex shader '_interface_variable_00' not read by fragment shader

[15:34:40] [Render thread/INFO]: Info log when linking program containing VERTEX minecraft:core/clouds, FRAGMENT minecraft:core/clouds. Log output: WARNING: Output of vertex shader '_interface_variable_00' not read by fragment shader

[15:34:40] [Render thread/INFO]: Info log when linking program containing VERTEX minecraft:core/rendertype_entity_shadow, FRAGMENT minecraft:core/rendertype_entity_shadow. Log output: WARNING: Output of vertex shader '_interface_variable_01' not read by fragment shader
WARNING: Output of vertex shader '_interface_variable_00' not read by fragment shader

[15:34:40] [Render thread/INFO]: Info log when linking program containing VERTEX minecraft:core/rendertype_lines, FRAGMENT minecraft:core/rendertype_lines. Log output: WARNING: Output of vertex shader '_interface_variable_01' not read by fragment shader
WARNING: Output of vertex shader '_interface_variable_00' not read by fragment shader

[15:34:40] [Render thread/INFO]: Info log when linking program containing VERTEX minecraft:core/particle, FRAGMENT minecraft:core/particle. Log output: WARNING: Output of vertex shader '_interface_variable_01' not read by fragment shader
WARNING: Output of vertex shader '_interface_variable_00' not read by fragment shader

[15:34:40] [Render thread/INFO]: Info log when linking program containing VERTEX minecraft:core/entity, FRAGMENT minecraft:core/entity. Log output: WARNING: Output of vertex shader '_interface_variable_01' not read by fragment shader
WARNING: Output of vertex shader '_interface_variable_00' not read by fragment shader

[15:34:40] [Render thread/INFO]: Info log when linking program containing VERTEX minecraft:core/entity, FRAGMENT minecraft:core/entity. Log output: WARNING: Output of vertex shader '_interface_variable_01' not read by fragment shader
WARNING: Output of vertex shader '_interface_variable_00' not read by fragment shader

[15:34:40] [Render thread/INFO]: Info log when linking program containing VERTEX minecraft:core/entity, FRAGMENT minecraft:core/entity. Log output: WARNING: Output of vertex shader '_interface_variable_01' not read by fragment shader
WARNING: Output of vertex shader '_interface_variable_00' not read by fragment shader

[15:34:40] [Render thread/INFO]: Info log when linking program containing VERTEX minecraft:core/particle, FRAGMENT minecraft:core/particle. Log output: WARNING: Output of vertex shader '_interface_variable_01' not read by fragment shader
WARNING: Output of vertex shader '_interface_variable_00' not read by fragment shader

[15:34:40] [Render thread/INFO]: Info log when linking program containing VERTEX minecraft:core/rendertype_crumbling, FRAGMENT minecraft:core/rendertype_crumbling. Log output: WARNING: Output of vertex shader '_interface_variable_01' not read by fragment shader
WARNING: Output of vertex shader '_interface_variable_00' not read by fragment shader

[15:34:40] [Render thread/INFO]: Info log when linking program containing VERTEX minecraft:core/text, FRAGMENT minecraft:core/text. Log output: WARNING: Output of vertex shader '_interface_variable_01' not read by fragment shader
WARNING: Output of vertex shader '_interface_variable_00' not read by fragment shader

[15:34:40] [Render thread/INFO]: Info log when linking program containing VERTEX minecraft:core/text, FRAGMENT minecraft:core/text. Log output: WARNING: Output of vertex shader '_interface_variable_01' not read by fragment shader
WARNING: Output of vertex shader '_interface_variable_00' not read by fragment shader

[15:34:40] [Render thread/INFO]: Info log when linking program containing VERTEX minecraft:core/entity, FRAGMENT minecraft:core/entity. Log output: WARNING: Output of vertex shader '_interface_variable_01' not read by fragment shader
WARNING: Output of vertex shader '_interface_variable_00' not read by fragment shader

[15:34:40] [Render thread/INFO]: OpenAL initialized on device Mac mini扬声器
[15:34:40] [Render thread/INFO]: Sound engine started
[15:34:40] [Render thread/INFO]: Created: 512x256x0 minecraft:textures/atlas/particles.png-atlas
[15:34:40] [Render thread/INFO]: Created: 256x128x0 minecraft:textures/atlas/celestials.png-atlas
[15:34:40] [Render thread/INFO]: Created: 128x128x0 minecraft:textures/atlas/decorated_pot.png-atlas
[15:34:40] [Render thread/INFO]: Created: 512x256x0 minecraft:textures/atlas/paintings.png-atlas
[15:34:40] [Render thread/INFO]: Created: 1024x512x0 minecraft:textures/atlas/shield_patterns.png-atlas
[15:34:40] [Render thread/INFO]: Created: 1024x512x0 minecraft:textures/atlas/banner_patterns.png-atlas
[15:34:40] [Render thread/INFO]: Created: 2048x2048x4 minecraft:textures/atlas/blocks.png-atlas
[15:34:40] [Render thread/INFO]: Created: 1024x512x0 minecraft:textures/atlas/items.png-atlas
[15:34:40] [Render thread/INFO]: Created: 1024x1024x0 minecraft:textures/atlas/gui.png-atlas
[15:34:40] [Render thread/INFO]: Created: 128x64x0 minecraft:textures/atlas/map_decorations.png-atlas
[15:34:40] [Render thread/INFO]: Created: 512x512x0 minecraft:textures/atlas/chest.png-atlas
[15:34:40] [Render thread/INFO]: Created: 512x512x0 minecraft:textures/atlas/shulker_boxes.png-atlas
[15:34:40] [Render thread/WARN]: Requested post effect does not exist: minecraft:end_of_frame
[15:34:43] [Server thread/INFO]: System chat: 已将Player235的经验等级设为600000
[15:34:43] [Server thread/INFO]: System chat: 已将Player235的经验等级设为5
[15:34:44] [Server thread/INFO]: System chat: 精力已补满
[15:34:46] [Server thread/INFO]: System chat: Player235达成了目标[天空即为极限]
[15:34:46] [Render thread/INFO]: [System] [CHAT] Player235达成了目标[天空即为极限]
[15:34:46] [Render thread/INFO]: Loaded 26 advancements
[15:34:46] [Server thread/INFO]: Player235 lost connection: 连接中断
[15:34:46] [Server thread/INFO]: System chat: Player235退出了游戏
[15:34:46] [Server thread/INFO]: Stopping singleplayer server as player logged out
[15:34:46] [Server thread/INFO]: Stopping server
[15:34:46] [Server thread/INFO]: Saving players
[15:34:46] [Server thread/INFO]: Saving worlds
[15:34:46] [Server thread/INFO]: Saving chunks for level 'ServerLevel[New World]'/minecraft:overworld
[15:34:47] [Server thread/INFO]: Saving chunks for level 'ServerLevel[New World]'/minecraft:the_end
[15:34:47] [Server thread/INFO]: Saving chunks for level 'ServerLevel[New World]'/minecraft:the_nether
[15:34:47] [Render thread/INFO]: World loading finished: null screen: net.minecraft.client.gui.screens.GenericMessageScreen@53a91e2f
[15:34:47] [Worker-Main-9/INFO]: Loaded 1872 advancements
[15:34:47] [Render thread/INFO]: Applied 0 biome modifications to 0 of 67 new biomes in 160.7 μs
[15:34:47] [Server thread/INFO]: Starting integrated minecraft server version 26.3
[15:34:47] [Server thread/INFO]: Generating keypair
[15:34:47] [Server thread/INFO]: Loading 0 persistent chunks...
[15:34:47] [Server thread/INFO]: Saving chunks for level 'ServerLevel[New World]'/minecraft:overworld
[15:34:47] [Server thread/INFO]: Saving chunks for level 'ServerLevel[New World]'/minecraft:the_end
[15:34:47] [Server thread/INFO]: Saving chunks for level 'ServerLevel[New World]'/minecraft:the_nether
[15:34:47] [Render thread/INFO]: World loading finished: null screen: net.minecraft.client.gui.screens.LevelLoadingScreen@443f817e
[15:34:47] [Render thread/INFO]: World loading finished: null screen: net.minecraft.client.gui.screens.LevelLoadingScreen@443f817e
[15:34:47] [Render thread/INFO]: World loading finished: null screen: net.minecraft.client.gui.screens.LevelLoadingScreen@443f817e
[15:34:47] [Render thread/INFO]: World loading finished: null screen: net.minecraft.client.gui.screens.LevelLoadingScreen@443f817e
[15:34:47] [Server thread/INFO]: Loading 49 chunks for player spawn...
[15:34:47] [Server thread/INFO]: 准备生成区域中：16%
[15:34:47] [Render thread/INFO]: World loading finished: null screen: net.minecraft.client.gui.screens.LevelLoadingScreen@443f817e
[15:34:47] [Server thread/INFO]: Time elapsed: 275 ms
[15:34:47] [Render thread/INFO]: World loading finished: null screen: net.minecraft.client.gui.screens.LevelLoadingScreen@443f817e
[15:34:47] [Server thread/INFO]: Player235[local:E:da8d98aa] logged in with entity id 58 at (0.5, 109.80148674189209, 1.0985782655241343)
[15:34:47] [Server thread/INFO]: System chat: Player235加入了游戏
[15:34:47] [Server thread/INFO]: Changing view distance to 5, from 10
[15:34:47] [Server thread/INFO]: Changing simulation distance to 12, from 0
[15:34:47] [Render thread/INFO]: World loading finished: ClientLevel screen: net.minecraft.client.gui.screens.LevelLoadingScreen@443f817e
[15:34:47] [Render thread/INFO]: Loaded 26 advancements
[15:34:47] [Render thread/INFO]: World loading finished: ClientLevel screen: net.minecraft.client.gui.screens.LevelLoadingScreen@443f817e
[15:34:47] [Render thread/INFO]: World loading finished: ClientLevel screen: net.minecraft.client.gui.screens.LevelLoadingScreen@443f817e
[15:34:47] [Render thread/INFO]: World loading finished: ClientLevel screen: net.minecraft.client.gui.screens.LevelLoadingScreen@443f817e
[15:34:47] [Render thread/INFO]: World loading finished: ClientLevel screen: net.minecraft.client.gui.screens.LevelLoadingScreen@443f817e
[15:34:48] [Render thread/INFO]: World loading finished: ClientLevel screen: net.minecraft.client.gui.screens.LevelLoadingScreen@443f817e
[15:34:48] [Render thread/INFO]: World loading finished: ClientLevel screen: null
[15:34:48] [Server thread/INFO]: System chat: Player235取得了进度[勇往直下]
[15:34:48] [Render thread/INFO]: [System] [CHAT] Player235取得了进度[勇往直下]
[15:34:48] [Render thread/INFO]: Loaded 49 advancements
[15:34:48] [Server thread/INFO]: System chat: Player235被杀死了
[15:34:48] [Server thread/INFO]: System chat: 杀死了Player235
[15:34:48] [Render thread/INFO]: [System] [CHAT] Player235被杀死了
[15:34:48] [Server thread/INFO]: System chat: Player235被杀死了
[15:34:48] [Server thread/INFO]: System chat: 杀死了Player235
[15:34:48] [Render thread/INFO]: [System] [CHAT] Player235被杀死了
[15:34:48] [Server thread/INFO]: Player235 lost connection: 连接中断
[15:34:48] [Server thread/INFO]: System chat: Player235退出了游戏
[15:34:48] [Server thread/INFO]: Stopping singleplayer server as player logged out
[15:34:48] [Server thread/INFO]: Stopping server
[15:34:48] [Server thread/INFO]: Saving players
[15:34:48] [Server thread/INFO]: Saving worlds
[15:34:48] [Server thread/INFO]: Saving chunks for level 'ServerLevel[New World]'/minecraft:overworld
[15:34:49] [Server thread/INFO]: Saving chunks for level 'ServerLevel[New World]'/minecraft:the_end
[15:34:49] [Server thread/INFO]: Saving chunks for level 'ServerLevel[New World]'/minecraft:the_nether
[15:34:49] [Test thread/INFO]: [STDOUT]: WILDCRAFT P3.1 actual network attack/shield/bow, save/reload/dimension/death, private view and merged HUD passed
[15:34:49] [Worker-Main-9/INFO]: Loaded 1872 advancements
[15:34:49] [Render thread/INFO]: World loading finished: null screen: net.minecraft.client.gui.screens.GenericMessageScreen@41be1c7d
[15:34:49] [Render thread/INFO]: Applied 0 biome modifications to 0 of 67 new biomes in 116.9 μs
[15:34:49] [Server thread/INFO]: Starting integrated minecraft server version 26.3
[15:34:49] [Server thread/INFO]: Generating keypair
[15:34:49] [Server thread/INFO]: Selecting global world spawn...
[15:34:49] [Server thread/INFO]: Loading 0 persistent chunks...
[15:34:49] [Server thread/INFO]: 准备生成区域中：16%
[15:34:49] [Server thread/INFO]: Saving chunks for level 'ServerLevel[新的世界]'/minecraft:overworld
[15:34:49] [Server thread/INFO]: Saving chunks for level 'ServerLevel[新的世界]'/minecraft:the_end
[15:34:49] [Server thread/INFO]: Saving chunks for level 'ServerLevel[新的世界]'/minecraft:the_nether
[15:34:49] [Render thread/INFO]: World loading finished: null screen: net.minecraft.client.gui.screens.LevelLoadingScreen@6e6f6679
[15:34:49] [Render thread/INFO]: World loading finished: null screen: net.minecraft.client.gui.screens.LevelLoadingScreen@6e6f6679
[15:34:49] [Render thread/INFO]: World loading finished: null screen: net.minecraft.client.gui.screens.LevelLoadingScreen@6e6f6679
[15:34:49] [Server thread/INFO]: Loading 48 chunks for player spawn...
[15:34:49] [Render thread/INFO]: World loading finished: null screen: net.minecraft.client.gui.screens.LevelLoadingScreen@6e6f6679
[15:34:49] [Render thread/INFO]: World loading finished: null screen: net.minecraft.client.gui.screens.LevelLoadingScreen@6e6f6679
[15:34:49] [Server thread/INFO]: Time elapsed: 306 ms
[15:34:49] [Render thread/INFO]: World loading finished: null screen: net.minecraft.client.gui.screens.LevelLoadingScreen@6e6f6679
[15:34:49] [Server thread/INFO]: Player235[local:E:371bed4f] logged in with entity id 68 at (0.5, -60.0, 0.5)
[15:34:49] [Server thread/INFO]: System chat: Player235加入了游戏
[15:34:49] [Server thread/INFO]: Changing view distance to 5, from 10
[15:34:49] [Server thread/INFO]: Changing simulation distance to 12, from 0
[15:34:49] [Render thread/INFO]: World loading finished: ClientLevel screen: net.minecraft.client.gui.screens.LevelLoadingScreen@6e6f6679
[15:34:49] [Render thread/INFO]: Loaded 2 advancements
[15:34:49] [Render thread/INFO]: World loading finished: ClientLevel screen: net.minecraft.client.gui.screens.LevelLoadingScreen@6e6f6679
[15:34:49] [Render thread/INFO]: World loading finished: ClientLevel screen: net.minecraft.client.gui.screens.LevelLoadingScreen@6e6f6679
[15:34:49] [Render thread/INFO]: World loading finished: ClientLevel screen: net.minecraft.client.gui.screens.LevelLoadingScreen@6e6f6679
[15:34:49] [Render thread/INFO]: World loading finished: ClientLevel screen: net.minecraft.client.gui.screens.LevelLoadingScreen@6e6f6679
[15:34:49] [Render thread/INFO]: World loading finished: ClientLevel screen: net.minecraft.client.gui.screens.LevelLoadingScreen@6e6f6679
[15:34:50] [Render thread/INFO]: World loading finished: ClientLevel screen: net.minecraft.client.gui.screens.LevelLoadingScreen@6e6f6679
[15:34:50] [Render thread/INFO]: World loading finished: ClientLevel screen: net.minecraft.client.gui.screens.LevelLoadingScreen@6e6f6679
[15:34:50] [Render thread/INFO]: World loading finished: ClientLevel screen: net.minecraft.client.gui.screens.LevelLoadingScreen@6e6f6679
[15:34:50] [Render thread/INFO]: World loading finished: ClientLevel screen: net.minecraft.client.gui.screens.LevelLoadingScreen@6e6f6679
[15:34:50] [Render thread/INFO]: World loading finished: ClientLevel screen: net.minecraft.client.gui.screens.LevelLoadingScreen@6e6f6679
[15:34:50] [Render thread/INFO]: World loading finished: ClientLevel screen: net.minecraft.client.gui.screens.LevelLoadingScreen@6e6f6679
[15:34:50] [Render thread/INFO]: World loading finished: ClientLevel screen: net.minecraft.client.gui.screens.LevelLoadingScreen@6e6f6679
[15:34:50] [Render thread/INFO]: World loading finished: ClientLevel screen: net.minecraft.client.gui.screens.LevelLoadingScreen@6e6f6679
[15:34:50] [Render thread/INFO]: World loading finished: ClientLevel screen: net.minecraft.client.gui.screens.LevelLoadingScreen@6e6f6679
[15:34:50] [Render thread/INFO]: World loading finished: ClientLevel screen: null
[15:34:50] [Server thread/INFO]: System chat: 已将minecraft:overworld调至时间标记minecraft:day的时刻
[15:34:50] [Render thread/INFO]: Loaded 3 advancements
[15:34:53] [Server thread/INFO]: System chat: Player235被杀死了
[15:34:53] [Render thread/INFO]: [System] [CHAT] Player235被杀死了
[15:34:54] [Server thread/INFO]: Saving and pausing game...
[15:34:54] [Server thread/INFO]: Saving chunks for level 'ServerLevel[新的世界]'/minecraft:overworld
[15:34:54] [Server thread/INFO]: Saving chunks for level 'ServerLevel[新的世界]'/minecraft:the_end
[15:34:54] [Server thread/INFO]: Saving chunks for level 'ServerLevel[新的世界]'/minecraft:the_nether
[15:34:55] [Server thread/INFO]: System chat: Player235取得了进度[勇往直下]
[15:34:55] [Render thread/INFO]: [System] [CHAT] Player235取得了进度[勇往直下]
[15:34:55] [Render thread/INFO]: Loaded 30 advancements
[15:34:56] [Test thread/INFO]: [STDOUT]: WILDCRAFT P3.2_WORLD=/Volumes/仕事/Wildcraft/开发环境/cache/builds/f51c43e6462c/run/packaged-client-test/saves/新的世界 (30)
[15:34:56] [Server thread/INFO]: Player235 lost connection: 连接中断
[15:34:56] [Server thread/INFO]: System chat: Player235退出了游戏
[15:34:56] [Server thread/INFO]: Stopping singleplayer server as player logged out
[15:34:56] [Server thread/INFO]: Stopping server
[15:34:56] [Server thread/INFO]: Saving players
[15:34:56] [Server thread/INFO]: Saving worlds
[15:34:56] [Server thread/INFO]: Saving chunks for level 'ServerLevel[新的世界]'/minecraft:overworld
[15:34:57] [Server thread/INFO]: Saving chunks for level 'ServerLevel[新的世界]'/minecraft:the_end
[15:34:57] [Server thread/INFO]: Saving chunks for level 'ServerLevel[新的世界]'/minecraft:the_nether
[15:34:57] [Render thread/INFO]: World loading finished: null screen: net.minecraft.client.gui.screens.GenericMessageScreen@7949e19b
[15:34:57] [Worker-Main-9/INFO]: Loaded 1872 advancements
[15:34:57] [Render thread/INFO]: Applied 0 biome modifications to 0 of 67 new biomes in 178.6 μs
[15:34:57] [Server thread/INFO]: Starting integrated minecraft server version 26.3
[15:34:57] [Server thread/INFO]: Generating keypair
[15:34:57] [Server thread/INFO]: Loading 0 persistent chunks...
[15:34:57] [Server thread/INFO]: Saving chunks for level 'ServerLevel[新的世界]'/minecraft:overworld
[15:34:57] [Server thread/INFO]: Saving chunks for level 'ServerLevel[新的世界]'/minecraft:the_end
[15:34:57] [Server thread/INFO]: Saving chunks for level 'ServerLevel[新的世界]'/minecraft:the_nether
[15:34:57] [Render thread/INFO]: World loading finished: null screen: net.minecraft.client.gui.screens.LevelLoadingScreen@1a71b5fd
[15:34:57] [Render thread/INFO]: World loading finished: null screen: net.minecraft.client.gui.screens.LevelLoadingScreen@1a71b5fd
[15:34:57] [Render thread/INFO]: World loading finished: null screen: net.minecraft.client.gui.screens.LevelLoadingScreen@1a71b5fd
[15:34:57] [Render thread/INFO]: World loading finished: null screen: net.minecraft.client.gui.screens.LevelLoadingScreen@1a71b5fd
[15:34:57] [Server thread/INFO]: Loading 49 chunks for player spawn...
[15:34:57] [Server thread/INFO]: 准备生成区域中：16%
[15:34:57] [Render thread/INFO]: World loading finished: null screen: net.minecraft.client.gui.screens.LevelLoadingScreen@1a71b5fd
[15:34:57] [Server thread/INFO]: Time elapsed: 273 ms
[15:34:57] [Render thread/INFO]: World loading finished: null screen: net.minecraft.client.gui.screens.LevelLoadingScreen@1a71b5fd
[15:34:57] [Server thread/INFO]: Player235[local:E:41b31097] logged in with entity id 81 at (0.5, 105.0, 0.5)
[15:34:57] [Server thread/INFO]: System chat: Player235加入了游戏
[15:34:57] [Server thread/INFO]: Changing view distance to 5, from 10
[15:34:57] [Server thread/INFO]: Changing simulation distance to 12, from 0
[15:34:57] [Render thread/INFO]: World loading finished: ClientLevel screen: net.minecraft.client.gui.screens.LevelLoadingScreen@1a71b5fd
[15:34:57] [Render thread/INFO]: Loaded 30 advancements
[15:34:57] [Render thread/INFO]: World loading finished: ClientLevel screen: net.minecraft.client.gui.screens.LevelLoadingScreen@1a71b5fd
[15:34:58] [Render thread/INFO]: World loading finished: ClientLevel screen: net.minecraft.client.gui.screens.LevelLoadingScreen@1a71b5fd
[15:34:58] [Render thread/INFO]: World loading finished: ClientLevel screen: null
[15:35:02] [Server thread/INFO]: Saving and pausing game...
[15:35:02] [Server thread/INFO]: Saving chunks for level 'ServerLevel[新的世界]'/minecraft:overworld
[15:35:02] [Server thread/INFO]: Saving chunks for level 'ServerLevel[新的世界]'/minecraft:the_end
[15:35:02] [Server thread/INFO]: Saving chunks for level 'ServerLevel[新的世界]'/minecraft:the_nether
[15:35:05] [Test thread/INFO]: [STDOUT]: WILDCRAFT P3.2 initial fall distance=0.9784000366926193
[15:35:06] [Test thread/INFO]: [STDOUT]: WILDCRAFT P3.2 toggled fall distance=2.917470321059227
[15:35:07] [Test thread/INFO]: [STDOUT]: WILDCRAFT P3.2 toggled fall distance=4.856540605425835
[15:35:08] [Test thread/INFO]: [STDOUT]: WILDCRAFT P3.2 toggled fall distance=6.795610889792442
[15:35:10] [Server thread/INFO]: System chat: Player235从高处摔了下来
[15:35:10] [Render thread/INFO]: [System] [CHAT] Player235从高处摔了下来
[15:35:10] [Server thread/INFO]: [STDOUT]: WILDCRAFT P3.2 landing health=0.0 ground=true loaded=false dimensionChanging=false mayfly=false noGravity=false remainingFall=0.0 y=71.0 block=Block{minecraft:stone} fallDamageRule=true
[15:35:11] [Server thread/INFO]: Published LAN server on port 0
[15:35:11] [Server thread/INFO]: Unpublishing integrated server (was on port 0)
[15:35:11] [Server thread/INFO]: Player235 lost connection: 连接中断
[15:35:11] [Server thread/INFO]: System chat: Player235退出了游戏
[15:35:11] [Server thread/INFO]: Stopping singleplayer server as player logged out
[15:35:11] [Server thread/INFO]: Stopping server
[15:35:11] [Server thread/INFO]: Saving players
[15:35:11] [Server thread/INFO]: Saving worlds
[15:35:11] [Server thread/INFO]: Saving chunks for level 'ServerLevel[新的世界]'/minecraft:overworld
[15:35:11] [Server thread/INFO]: Saving chunks for level 'ServerLevel[新的世界]'/minecraft:the_end
[15:35:11] [Server thread/INFO]: Saving chunks for level 'ServerLevel[新的世界]'/minecraft:the_nether
[15:35:11] [Test thread/INFO]: [STDOUT]: WILDCRAFT P3.2 automatic bow, lifecycle, ownership, reload and production GPU presentation checks passed
[15:35:11] [Worker-Main-5/INFO]: Loaded 1872 advancements
[15:35:11] [Render thread/INFO]: World loading finished: null screen: net.minecraft.client.gui.screens.GenericMessageScreen@768eebfd
[15:35:12] [Render thread/INFO]: Applied 0 biome modifications to 0 of 67 new biomes in 206.5 μs
[15:35:12] [Server thread/INFO]: Starting integrated minecraft server version 26.3
[15:35:12] [Server thread/INFO]: Generating keypair
[15:35:12] [Server thread/INFO]: Selecting global world spawn...
[15:35:12] [Server thread/INFO]: Loading 0 persistent chunks...
[15:35:12] [Server thread/INFO]: 准备生成区域中：16%
[15:35:12] [Server thread/INFO]: Saving chunks for level 'ServerLevel[新的世界]'/minecraft:overworld
[15:35:12] [Server thread/INFO]: Saving chunks for level 'ServerLevel[新的世界]'/minecraft:the_end
[15:35:12] [Server thread/INFO]: Saving chunks for level 'ServerLevel[新的世界]'/minecraft:the_nether
[15:35:12] [Render thread/INFO]: World loading finished: null screen: net.minecraft.client.gui.screens.LevelLoadingScreen@5438d002
[15:35:12] [Render thread/INFO]: World loading finished: null screen: net.minecraft.client.gui.screens.LevelLoadingScreen@5438d002
[15:35:12] [Render thread/INFO]: World loading finished: null screen: net.minecraft.client.gui.screens.LevelLoadingScreen@5438d002
[15:35:12] [Server thread/INFO]: Loading 48 chunks for player spawn...
[15:35:12] [Render thread/INFO]: World loading finished: null screen: net.minecraft.client.gui.screens.LevelLoadingScreen@5438d002
[15:35:12] [Render thread/INFO]: World loading finished: null screen: net.minecraft.client.gui.screens.LevelLoadingScreen@5438d002
[15:35:12] [Server thread/INFO]: Time elapsed: 308 ms
[15:35:12] [Render thread/INFO]: World loading finished: null screen: net.minecraft.client.gui.screens.LevelLoadingScreen@5438d002
[15:35:12] [Server thread/INFO]: Player235[local:E:3bb95b3a] logged in with entity id 95 at (0.5, -60.0, 0.5)
[15:35:12] [Server thread/INFO]: System chat: Player235加入了游戏
[15:35:12] [Server thread/INFO]: Changing view distance to 5, from 10
[15:35:12] [Server thread/INFO]: Changing simulation distance to 12, from 0
[15:35:12] [Render thread/INFO]: World loading finished: ClientLevel screen: net.minecraft.client.gui.screens.LevelLoadingScreen@5438d002
[15:35:12] [Render thread/INFO]: Loaded 2 advancements
[15:35:12] [Render thread/INFO]: World loading finished: ClientLevel screen: net.minecraft.client.gui.screens.LevelLoadingScreen@5438d002
[15:35:12] [Render thread/INFO]: World loading finished: ClientLevel screen: net.minecraft.client.gui.screens.LevelLoadingScreen@5438d002
[15:35:12] [Render thread/INFO]: World loading finished: ClientLevel screen: net.minecraft.client.gui.screens.LevelLoadingScreen@5438d002
[15:35:12] [Render thread/INFO]: World loading finished: ClientLevel screen: net.minecraft.client.gui.screens.LevelLoadingScreen@5438d002
[15:35:12] [Render thread/INFO]: World loading finished: ClientLevel screen: net.minecraft.client.gui.screens.LevelLoadingScreen@5438d002
[15:35:12] [Render thread/INFO]: World loading finished: ClientLevel screen: net.minecraft.client.gui.screens.LevelLoadingScreen@5438d002
[15:35:12] [Render thread/INFO]: World loading finished: ClientLevel screen: net.minecraft.client.gui.screens.LevelLoadingScreen@5438d002
[15:35:12] [Render thread/INFO]: World loading finished: ClientLevel screen: net.minecraft.client.gui.screens.LevelLoadingScreen@5438d002
[15:35:12] [Render thread/INFO]: World loading finished: ClientLevel screen: net.minecraft.client.gui.screens.LevelLoadingScreen@5438d002
[15:35:12] [Render thread/INFO]: World loading finished: ClientLevel screen: net.minecraft.client.gui.screens.LevelLoadingScreen@5438d002
[15:35:12] [Render thread/INFO]: World loading finished: ClientLevel screen: net.minecraft.client.gui.screens.LevelLoadingScreen@5438d002
[15:35:13] [Render thread/INFO]: World loading finished: ClientLevel screen: net.minecraft.client.gui.screens.LevelLoadingScreen@5438d002
[15:35:13] [Render thread/INFO]: World loading finished: ClientLevel screen: net.minecraft.client.gui.screens.LevelLoadingScreen@5438d002
[15:35:13] [Render thread/INFO]: World loading finished: ClientLevel screen: net.minecraft.client.gui.screens.LevelLoadingScreen@5438d002
[15:35:13] [Render thread/INFO]: World loading finished: ClientLevel screen: null
[15:35:13] [Server thread/INFO]: System chat: 已将minecraft:overworld调至时间标记minecraft:day的时刻
[15:35:14] [Server thread/INFO]: Saving and pausing game...
[15:35:14] [Server thread/INFO]: Saving chunks for level 'ServerLevel[新的世界]'/minecraft:overworld
[15:35:14] [Server thread/INFO]: Saving chunks for level 'ServerLevel[新的世界]'/minecraft:the_end
[15:35:14] [Server thread/INFO]: Saving chunks for level 'ServerLevel[新的世界]'/minecraft:the_nether
[15:35:14] [Server thread/INFO]: Player235 lost connection: 连接中断
[15:35:14] [Server thread/INFO]: System chat: Player235退出了游戏
[15:35:14] [Server thread/INFO]: Stopping singleplayer server as player logged out
[15:35:14] [Server thread/INFO]: Stopping server
[15:35:14] [Server thread/INFO]: Saving players
[15:35:14] [Server thread/INFO]: Saving worlds
[15:35:14] [Server thread/INFO]: Saving chunks for level 'ServerLevel[新的世界]'/minecraft:overworld
[15:35:14] [Server thread/INFO]: Saving chunks for level 'ServerLevel[新的世界]'/minecraft:the_end
[15:35:14] [Server thread/INFO]: Saving chunks for level 'ServerLevel[新的世界]'/minecraft:the_nether
[15:35:14] [Test thread/INFO]: [STDOUT]: WILDCRAFT CORE ART native standard/slim grip, first-person mesh, compact layout, exact-reference ownership checks passed
[15:35:14] [Render thread/INFO]: Reloading ResourceManager: vanilla, vanilla, fabric-advancement-api-v1, fabric-api, fabric-api-base, fabric-api-lookup-api-v1, fabric-biome-api-v1, fabric-block-api-v1, fabric-block-getter-api-v2, fabric-client-gametest-api-v1, fabric-command-api-v2, fabric-content-registries-v0, fabric-convention-tags-v2, fabric-crash-report-info-v1, fabric-creative-tab-api-v1, fabric-data-attachment-api-v1, fabric-data-generation-api-v1, fabric-debug-api-v1, fabric-dimensions-v1, fabric-entity-events-v1, fabric-events-interaction-v0, fabric-game-rule-api-v1, fabric-gametest-api-v1, fabric-item-api-v1, fabric-key-mapping-api-v1, fabric-lifecycle-events-v1, fabric-loot-api-v3, fabric-menu-api-v1, fabric-message-api-v1, fabric-model-loading-api-v1, fabric-networking-api-v1, fabric-object-builder-api-v1, fabric-particles-v1, fabric-permission-api-v1, fabric-recipe-api-v1, fabric-registry-sync-v0, fabric-renderer-api-v1, fabric-renderer-indigo, fabric-rendering-fluids-v1, fabric-rendering-v1, fabric-resource-conditions-api-v1, fabric-resource-loader-v0, fabric-resource-loader-v1, fabric-screen-api-v1, fabric-serialization-api-v1, fabric-sound-api-v1, fabric-tag-api-v1, fabric-transfer-api-v1, fabric-transitive-access-wideners-v1, fabricloader, wildcraft, wildcraft-test
[15:35:14] [Worker-Main-8/INFO]: Found unifont_all_no_pua-17.0.01.hex, loading
[15:35:14] [Worker-Main-7/INFO]: Found unifont_pua-17.0.01.hex, loading
[15:35:14] [Render thread/INFO]: Info log when linking program containing VERTEX minecraft:core/terrain, FRAGMENT minecraft:core/terrain. Log output: WARNING: Output of vertex shader '_interface_variable_01' not read by fragment shader
WARNING: Output of vertex shader '_interface_variable_00' not read by fragment shader
WARNING: Output of vertex shader '_interface_variable_04' not read by fragment shader

[15:35:15] [Render thread/INFO]: Info log when linking program containing VERTEX minecraft:core/rendertype_crumbling, FRAGMENT minecraft:core/rendertype_crumbling. Log output: WARNING: Output of vertex shader '_interface_variable_01' not read by fragment shader
WARNING: Output of vertex shader '_interface_variable_00' not read by fragment shader

[15:35:15] [Render thread/INFO]: Info log when linking program containing VERTEX minecraft:core/entity, FRAGMENT minecraft:core/entity. Log output: WARNING: Output of vertex shader '_interface_variable_01' not read by fragment shader
WARNING: Output of vertex shader '_interface_variable_00' not read by fragment shader

[15:35:15] [Render thread/INFO]: Info log when linking program containing VERTEX minecraft:core/rendertype_lines, FRAGMENT minecraft:core/rendertype_lines. Log output: WARNING: Output of vertex shader '_interface_variable_01' not read by fragment shader
WARNING: Output of vertex shader '_interface_variable_00' not read by fragment shader

[15:35:15] [Render thread/INFO]: Info log when linking program containing VERTEX minecraft:core/terrain, FRAGMENT minecraft:core/terrain. Log output: WARNING: Output of vertex shader '_interface_variable_01' not read by fragment shader
WARNING: Output of vertex shader '_interface_variable_00' not read by fragment shader
WARNING: Output of vertex shader '_interface_variable_04' not read by fragment shader

[15:35:15] [Worker-Main-8/INFO]: Found unifont_jp_patch-17.0.01.hex, loading
[15:35:15] [Render thread/INFO]: Info log when linking program containing VERTEX minecraft:core/entity, FRAGMENT minecraft:core/entity. Log output: WARNING: Output of vertex shader '_interface_variable_01' not read by fragment shader
WARNING: Output of vertex shader '_interface_variable_00' not read by fragment shader

[15:35:15] [Render thread/INFO]: Info log when linking program containing VERTEX minecraft:core/text, FRAGMENT minecraft:core/text. Log output: WARNING: Output of vertex shader '_interface_variable_01' not read by fragment shader
WARNING: Output of vertex shader '_interface_variable_00' not read by fragment shader

[15:35:15] [Render thread/INFO]: Info log when linking program containing VERTEX minecraft:core/text, FRAGMENT minecraft:core/text. Log output: WARNING: Output of vertex shader '_interface_variable_01' not read by fragment shader
WARNING: Output of vertex shader '_interface_variable_00' not read by fragment shader

[15:35:15] [Render thread/INFO]: Info log when linking program containing VERTEX minecraft:core/block, FRAGMENT minecraft:core/block. Log output: WARNING: Output of vertex shader '_interface_variable_01' not read by fragment shader
WARNING: Output of vertex shader '_interface_variable_00' not read by fragment shader

[15:35:15] [Render thread/INFO]: Info log when linking program containing VERTEX minecraft:core/entity, FRAGMENT minecraft:core/entity. Log output: WARNING: Output of vertex shader '_interface_variable_01' not read by fragment shader
WARNING: Output of vertex shader '_interface_variable_00' not read by fragment shader

[15:35:15] [Render thread/INFO]: Info log when linking program containing VERTEX minecraft:core/particle, FRAGMENT minecraft:core/particle. Log output: WARNING: Output of vertex shader '_interface_variable_01' not read by fragment shader
WARNING: Output of vertex shader '_interface_variable_00' not read by fragment shader

[15:35:15] [Render thread/INFO]: Info log when linking program containing VERTEX minecraft:core/rendertype_entity_shadow, FRAGMENT minecraft:core/rendertype_entity_shadow. Log output: WARNING: Output of vertex shader '_interface_variable_01' not read by fragment shader
WARNING: Output of vertex shader '_interface_variable_00' not read by fragment shader

[15:35:15] [Render thread/INFO]: Info log when linking program containing VERTEX minecraft:core/screenquad, FRAGMENT minecraft:core/oit_composite. Log output: WARNING: Output of vertex shader '_interface_variable_00' not read by fragment shader

[15:35:15] [Render thread/INFO]: Info log when linking program containing VERTEX minecraft:core/screenquad, FRAGMENT minecraft:core/integrate_depth. Log output: WARNING: Output of vertex shader '_interface_variable_00' not read by fragment shader

[15:35:15] [Render thread/INFO]: Info log when linking program containing VERTEX minecraft:core/entity, FRAGMENT minecraft:core/entity. Log output: WARNING: Output of vertex shader '_interface_variable_01' not read by fragment shader
WARNING: Output of vertex shader '_interface_variable_00' not read by fragment shader

[15:35:15] [Render thread/INFO]: Info log when linking program containing VERTEX minecraft:core/terrain, FRAGMENT minecraft:core/terrain. Log output: WARNING: Output of vertex shader '_interface_variable_01' not read by fragment shader
WARNING: Output of vertex shader '_interface_variable_00' not read by fragment shader
WARNING: Output of vertex shader '_interface_variable_04' not read by fragment shader

[15:35:15] [Render thread/INFO]: Info log when linking program containing VERTEX minecraft:core/animate_sprite, FRAGMENT minecraft:core/animate_sprite_blit. Log output: WARNING: Output of vertex shader '_interface_variable_00' not read by fragment shader

[15:35:15] [Render thread/INFO]: Info log when linking program containing VERTEX minecraft:core/entity, FRAGMENT minecraft:core/entity. Log output: WARNING: Output of vertex shader '_interface_variable_01' not read by fragment shader
WARNING: Output of vertex shader '_interface_variable_00' not read by fragment shader

[15:35:15] [Render thread/INFO]: Info log when linking program containing VERTEX minecraft:core/entity, FRAGMENT minecraft:core/entity. Log output: WARNING: Output of vertex shader '_interface_variable_01' not read by fragment shader
WARNING: Output of vertex shader '_interface_variable_00' not read by fragment shader

[15:35:15] [Render thread/INFO]: Info log when linking program containing VERTEX minecraft:core/clouds, FRAGMENT minecraft:core/clouds. Log output: WARNING: Output of vertex shader '_interface_variable_00' not read by fragment shader

[15:35:15] [Render thread/INFO]: Info log when linking program containing VERTEX minecraft:core/particle, FRAGMENT minecraft:core/particle. Log output: WARNING: Output of vertex shader '_interface_variable_01' not read by fragment shader
WARNING: Output of vertex shader '_interface_variable_00' not read by fragment shader

[15:35:15] [Render thread/INFO]: Info log when linking program containing VERTEX minecraft:core/entity, FRAGMENT minecraft:core/entity. Log output: WARNING: Output of vertex shader '_interface_variable_01' not read by fragment shader
WARNING: Output of vertex shader '_interface_variable_00' not read by fragment shader

[15:35:15] [Render thread/INFO]: Info log when linking program containing VERTEX minecraft:core/screenquad, FRAGMENT minecraft:core/oit_depth_bounds_cull. Log output: WARNING: Output of vertex shader '_interface_variable_00' not read by fragment shader

[15:35:15] [Render thread/INFO]: Info log when linking program containing VERTEX minecraft:core/block, FRAGMENT minecraft:core/block. Log output: WARNING: Output of vertex shader '_interface_variable_01' not read by fragment shader
WARNING: Output of vertex shader '_interface_variable_00' not read by fragment shader

[15:35:15] [Render thread/INFO]: Info log when linking program containing VERTEX minecraft:core/text, FRAGMENT minecraft:core/text. Log output: WARNING: Output of vertex shader '_interface_variable_01' not read by fragment shader
WARNING: Output of vertex shader '_interface_variable_00' not read by fragment shader

[15:35:15] [Render thread/INFO]: Info log when linking program containing VERTEX minecraft:core/text, FRAGMENT minecraft:core/text. Log output: WARNING: Output of vertex shader '_interface_variable_01' not read by fragment shader
WARNING: Output of vertex shader '_interface_variable_00' not read by fragment shader

[15:35:15] [Render thread/INFO]: Info log when linking program containing VERTEX minecraft:core/entity, FRAGMENT minecraft:core/entity. Log output: WARNING: Output of vertex shader '_interface_variable_01' not read by fragment shader
WARNING: Output of vertex shader '_interface_variable_00' not read by fragment shader

[15:35:15] [Render thread/INFO]: Info log when linking program containing VERTEX minecraft:core/terrain, FRAGMENT minecraft:core/terrain. Log output: WARNING: Output of vertex shader '_interface_variable_01' not read by fragment shader
WARNING: Output of vertex shader '_interface_variable_00' not read by fragment shader
WARNING: Output of vertex shader '_interface_variable_04' not read by fragment shader

[15:35:15] [Render thread/INFO]: Info log when linking program containing VERTEX minecraft:core/text, FRAGMENT minecraft:core/text. Log output: WARNING: Output of vertex shader '_interface_variable_01' not read by fragment shader
WARNING: Output of vertex shader '_interface_variable_00' not read by fragment shader

[15:35:15] [Render thread/INFO]: Info log when linking program containing VERTEX minecraft:core/text, FRAGMENT minecraft:core/text. Log output: WARNING: Output of vertex shader '_interface_variable_01' not read by fragment shader
WARNING: Output of vertex shader '_interface_variable_00' not read by fragment shader

[15:35:15] [Render thread/INFO]: Info log when linking program containing VERTEX minecraft:core/clouds, FRAGMENT minecraft:core/clouds. Log output: WARNING: Output of vertex shader '_interface_variable_00' not read by fragment shader

[15:35:15] [Render thread/INFO]: Info log when linking program containing VERTEX minecraft:core/rendertype_lines, FRAGMENT minecraft:core/rendertype_lines. Log output: WARNING: Output of vertex shader '_interface_variable_01' not read by fragment shader
WARNING: Output of vertex shader '_interface_variable_00' not read by fragment shader

[15:35:15] [Render thread/INFO]: Info log when linking program containing VERTEX minecraft:core/rendertype_entity_shadow, FRAGMENT minecraft:core/rendertype_entity_shadow. Log output: WARNING: Output of vertex shader '_interface_variable_01' not read by fragment shader
WARNING: Output of vertex shader '_interface_variable_00' not read by fragment shader

[15:35:15] [Render thread/INFO]: Info log when linking program containing VERTEX minecraft:core/entity, FRAGMENT minecraft:core/entity. Log output: WARNING: Output of vertex shader '_interface_variable_01' not read by fragment shader
WARNING: Output of vertex shader '_interface_variable_00' not read by fragment shader

[15:35:15] [Render thread/INFO]: Info log when linking program containing VERTEX minecraft:core/particle, FRAGMENT minecraft:core/particle. Log output: WARNING: Output of vertex shader '_interface_variable_01' not read by fragment shader
WARNING: Output of vertex shader '_interface_variable_00' not read by fragment shader

[15:35:15] [Render thread/INFO]: Info log when linking program containing VERTEX minecraft:core/rendertype_crumbling, FRAGMENT minecraft:core/rendertype_crumbling. Log output: WARNING: Output of vertex shader '_interface_variable_01' not read by fragment shader
WARNING: Output of vertex shader '_interface_variable_00' not read by fragment shader

[15:35:15] [Render thread/INFO]: Info log when linking program containing VERTEX minecraft:core/entity, FRAGMENT minecraft:core/entity. Log output: WARNING: Output of vertex shader '_interface_variable_01' not read by fragment shader
WARNING: Output of vertex shader '_interface_variable_00' not read by fragment shader

[15:35:15] [Render thread/INFO]: Info log when linking program containing VERTEX minecraft:core/text, FRAGMENT minecraft:core/text. Log output: WARNING: Output of vertex shader '_interface_variable_01' not read by fragment shader
WARNING: Output of vertex shader '_interface_variable_00' not read by fragment shader

[15:35:15] [Render thread/INFO]: Info log when linking program containing VERTEX minecraft:core/entity, FRAGMENT minecraft:core/entity. Log output: WARNING: Output of vertex shader '_interface_variable_01' not read by fragment shader
WARNING: Output of vertex shader '_interface_variable_00' not read by fragment shader

[15:35:15] [Render thread/INFO]: Info log when linking program containing VERTEX minecraft:core/particle, FRAGMENT minecraft:core/particle. Log output: WARNING: Output of vertex shader '_interface_variable_01' not read by fragment shader
WARNING: Output of vertex shader '_interface_variable_00' not read by fragment shader

[15:35:15] [Render thread/INFO]: Info log when linking program containing VERTEX minecraft:core/entity, FRAGMENT minecraft:core/entity. Log output: WARNING: Output of vertex shader '_interface_variable_01' not read by fragment shader
WARNING: Output of vertex shader '_interface_variable_00' not read by fragment shader

[15:35:15] [Render thread/INFO]: Info log when linking program containing VERTEX minecraft:core/text, FRAGMENT minecraft:core/text. Log output: WARNING: Output of vertex shader '_interface_variable_01' not read by fragment shader
WARNING: Output of vertex shader '_interface_variable_00' not read by fragment shader

[15:35:15] [Render thread/INFO]: OpenAL initialized on device Mac mini扬声器
[15:35:15] [Render thread/INFO]: Sound engine started
[15:35:15] [Render thread/INFO]: Created: 512x256x0 minecraft:textures/atlas/particles.png-atlas
[15:35:15] [Render thread/INFO]: Created: 256x128x0 minecraft:textures/atlas/celestials.png-atlas
[15:35:15] [Render thread/INFO]: Created: 128x128x0 minecraft:textures/atlas/decorated_pot.png-atlas
[15:35:15] [Render thread/INFO]: Created: 512x256x0 minecraft:textures/atlas/paintings.png-atlas
[15:35:15] [Render thread/INFO]: Created: 1024x512x0 minecraft:textures/atlas/shield_patterns.png-atlas
[15:35:15] [Render thread/INFO]: Created: 1024x512x0 minecraft:textures/atlas/banner_patterns.png-atlas
[15:35:15] [Render thread/INFO]: Created: 2048x2048x4 minecraft:textures/atlas/blocks.png-atlas
[15:35:15] [Render thread/INFO]: Created: 1024x512x0 minecraft:textures/atlas/items.png-atlas
[15:35:15] [Render thread/INFO]: Created: 1024x1024x0 minecraft:textures/atlas/gui.png-atlas
[15:35:15] [Render thread/INFO]: Created: 128x64x0 minecraft:textures/atlas/map_decorations.png-atlas
[15:35:15] [Render thread/INFO]: Created: 512x512x0 minecraft:textures/atlas/chest.png-atlas
[15:35:15] [Render thread/INFO]: Created: 512x512x0 minecraft:textures/atlas/shulker_boxes.png-atlas
[15:35:18] [Worker-Main-6/INFO]: Loaded 1872 advancements
[15:35:18] [Render thread/INFO]: World loading finished: null screen: net.minecraft.client.gui.screens.GenericMessageScreen@a0bdebc
[15:35:18] [Render thread/INFO]: Applied 0 biome modifications to 0 of 67 new biomes in 191.9 μs
[15:35:18] [Server thread/INFO]: Starting integrated minecraft server version 26.3
[15:35:18] [Server thread/INFO]: Generating keypair
[15:35:18] [Server thread/INFO]: Selecting global world spawn...
[15:35:18] [Server thread/INFO]: Loading 0 persistent chunks...
[15:35:18] [Server thread/INFO]: 准备生成区域中：16%
[15:35:18] [Server thread/INFO]: Saving chunks for level 'ServerLevel[新的世界]'/minecraft:overworld
[15:35:18] [Server thread/INFO]: Saving chunks for level 'ServerLevel[新的世界]'/minecraft:the_end
[15:35:18] [Server thread/INFO]: Saving chunks for level 'ServerLevel[新的世界]'/minecraft:the_nether
[15:35:18] [Render thread/INFO]: World loading finished: null screen: net.minecraft.client.gui.screens.LevelLoadingScreen@11f62089
[15:35:18] [Render thread/INFO]: World loading finished: null screen: net.minecraft.client.gui.screens.LevelLoadingScreen@11f62089
[15:35:18] [Render thread/INFO]: World loading finished: null screen: net.minecraft.client.gui.screens.LevelLoadingScreen@11f62089
[15:35:18] [Render thread/INFO]: World loading finished: null screen: net.minecraft.client.gui.screens.LevelLoadingScreen@11f62089
[15:35:18] [Server thread/INFO]: Loading 48 chunks for player spawn...
[15:35:18] [Render thread/INFO]: World loading finished: null screen: net.minecraft.client.gui.screens.LevelLoadingScreen@11f62089
[15:35:18] [Server thread/INFO]: Time elapsed: 299 ms
[15:35:18] [Render thread/INFO]: World loading finished: null screen: net.minecraft.client.gui.screens.LevelLoadingScreen@11f62089
[15:35:18] [Server thread/INFO]: Player235[local:E:5b07ea6d] logged in with entity id 96 at (0.5, -60.0, 0.5)
[15:35:18] [Server thread/INFO]: System chat: Player235加入了游戏
[15:35:18] [Server thread/INFO]: Changing view distance to 5, from 10
[15:35:18] [Server thread/INFO]: Changing simulation distance to 12, from 0
[15:35:18] [Render thread/INFO]: World loading finished: ClientLevel screen: net.minecraft.client.gui.screens.LevelLoadingScreen@11f62089
[15:35:18] [Render thread/WARN]: Requested post effect does not exist: minecraft:end_of_frame
[15:35:18] [Render thread/INFO]: Loaded 2 advancements
[15:35:18] [Render thread/INFO]: World loading finished: ClientLevel screen: net.minecraft.client.gui.screens.LevelLoadingScreen@11f62089
[15:35:18] [Render thread/INFO]: World loading finished: ClientLevel screen: net.minecraft.client.gui.screens.LevelLoadingScreen@11f62089
[15:35:18] [Render thread/INFO]: World loading finished: ClientLevel screen: net.minecraft.client.gui.screens.LevelLoadingScreen@11f62089
[15:35:18] [Render thread/INFO]: World loading finished: ClientLevel screen: net.minecraft.client.gui.screens.LevelLoadingScreen@11f62089
[15:35:18] [Render thread/INFO]: World loading finished: ClientLevel screen: net.minecraft.client.gui.screens.LevelLoadingScreen@11f62089
[15:35:18] [Render thread/INFO]: World loading finished: ClientLevel screen: net.minecraft.client.gui.screens.LevelLoadingScreen@11f62089
[15:35:18] [Render thread/INFO]: World loading finished: ClientLevel screen: net.minecraft.client.gui.screens.LevelLoadingScreen@11f62089
[15:35:18] [Render thread/INFO]: World loading finished: ClientLevel screen: net.minecraft.client.gui.screens.LevelLoadingScreen@11f62089
[15:35:19] [Render thread/INFO]: World loading finished: ClientLevel screen: net.minecraft.client.gui.screens.LevelLoadingScreen@11f62089
[15:35:19] [Render thread/INFO]: World loading finished: ClientLevel screen: net.minecraft.client.gui.screens.LevelLoadingScreen@11f62089
[15:35:19] [Render thread/INFO]: World loading finished: ClientLevel screen: net.minecraft.client.gui.screens.LevelLoadingScreen@11f62089
[15:35:19] [Render thread/INFO]: World loading finished: ClientLevel screen: net.minecraft.client.gui.screens.LevelLoadingScreen@11f62089
[15:35:19] [Render thread/INFO]: World loading finished: ClientLevel screen: net.minecraft.client.gui.screens.LevelLoadingScreen@11f62089
[15:35:19] [Render thread/INFO]: World loading finished: ClientLevel screen: net.minecraft.client.gui.screens.LevelLoadingScreen@11f62089
[15:35:19] [Render thread/INFO]: World loading finished: ClientLevel screen: null
[15:35:19] [Server thread/INFO]: System chat: 已将minecraft:overworld调至时间标记minecraft:day的时刻
[15:35:19] [Server thread/INFO]: System chat: 天气已设为晴天
[15:35:19] [Server thread/INFO]: System chat: 已在-8, 80, -8与8, 160, 8之间设置525个生物群系单元
[15:35:23] [Server thread/INFO]: System chat: 已在-8, 80, -8与8, 160, 8之间设置525个生物群系单元
[15:35:27] [Render thread/INFO]: Loaded 13 advancements
[15:35:27] [Server thread/INFO]: System chat: 已在-8, 80, -8与8, 160, 8之间设置525个生物群系单元
[15:35:28] [Render thread/INFO]: Loaded 14 advancements
[15:35:29] [Server thread/INFO]: System chat: 已在-8, 80, -8与8, 160, 8之间设置525个生物群系单元
[15:35:29] [Render thread/INFO]: Loaded 15 advancements
[15:35:30] [Server thread/INFO]: System chat: 已将Player235的游戏模式改为旁观模式
[15:35:30] [Render thread/INFO]: [System] [CHAT] 你的游戏模式已被更新为旁观模式
[15:35:30] [Server thread/INFO]: System chat: 已将Player235的游戏模式改为生存模式
[15:35:30] [Render thread/INFO]: [System] [CHAT] 你的游戏模式已被更新为生存模式
[15:35:30] [Server thread/INFO]: System chat: 已在-8, 80, -8与8, 160, 8之间设置525个生物群系单元
[15:35:30] [Server thread/INFO]: System chat: Player235被杀死了
[15:35:30] [Server thread/INFO]: System chat: 杀死了Player235
[15:35:30] [Render thread/INFO]: [System] [CHAT] Player235被杀死了
[15:35:30] [Server thread/INFO]: System chat: Player235取得了进度[勇往直下]
[15:35:30] [Render thread/INFO]: [System] [CHAT] Player235取得了进度[勇往直下]
[15:35:30] [Render thread/INFO]: Loaded 42 advancements
[15:35:30] [Server thread/INFO]: TemperatureGuest[embedded] logged in with entity id 102 at (0.0, 0.0, 0.0)
[15:35:30] [Server thread/INFO]: System chat: TemperatureGuest加入了游戏
[15:35:30] [Render thread/INFO]: [System] [CHAT] TemperatureGuest加入了游戏
[15:35:30] [Server thread/INFO]: Player235 lost connection: 连接中断
[15:35:30] [Server thread/INFO]: System chat: Player235退出了游戏
[15:35:30] [Server thread/INFO]: Stopping singleplayer server as player logged out
[15:35:30] [Server thread/INFO]: Stopping server
[15:35:30] [Server thread/INFO]: Saving players
[15:35:30] [Server thread/INFO]: Saving worlds
[15:35:30] [Server thread/INFO]: Saving chunks for level 'ServerLevel[新的世界]'/minecraft:overworld
[15:35:31] [Server thread/INFO]: Saving chunks for level 'ServerLevel[新的世界]'/minecraft:the_end
[15:35:31] [Server thread/INFO]: Saving chunks for level 'ServerLevel[新的世界]'/minecraft:the_nether
[15:35:31] [Render thread/INFO]: World loading finished: null screen: net.minecraft.client.gui.screens.GenericMessageScreen@586ba3f5
[15:35:31] [Worker-Main-6/INFO]: Loaded 1872 advancements
[15:35:31] [Render thread/INFO]: Applied 0 biome modifications to 0 of 67 new biomes in 145.2 μs
[15:35:31] [Server thread/INFO]: Starting integrated minecraft server version 26.3
[15:35:31] [Server thread/INFO]: Generating keypair
[15:35:31] [Server thread/INFO]: Loading 0 persistent chunks...
[15:35:31] [Server thread/INFO]: Saving chunks for level 'ServerLevel[新的世界]'/minecraft:overworld
[15:35:31] [Server thread/INFO]: Saving chunks for level 'ServerLevel[新的世界]'/minecraft:the_end
[15:35:31] [Server thread/INFO]: Saving chunks for level 'ServerLevel[新的世界]'/minecraft:the_nether
[15:35:31] [Render thread/INFO]: World loading finished: null screen: net.minecraft.client.gui.screens.LevelLoadingScreen@547b0c9b
[15:35:31] [Render thread/INFO]: World loading finished: null screen: net.minecraft.client.gui.screens.LevelLoadingScreen@547b0c9b
[15:35:31] [Render thread/INFO]: World loading finished: null screen: net.minecraft.client.gui.screens.LevelLoadingScreen@547b0c9b
[15:35:31] [Render thread/INFO]: World loading finished: null screen: net.minecraft.client.gui.screens.LevelLoadingScreen@547b0c9b
[15:35:31] [Server thread/INFO]: Loading 49 chunks for player spawn...
[15:35:31] [Server thread/INFO]: 准备生成区域中：16%
[15:35:31] [Render thread/INFO]: World loading finished: null screen: net.minecraft.client.gui.screens.LevelLoadingScreen@547b0c9b
[15:35:31] [Render thread/INFO]: World loading finished: null screen: net.minecraft.client.gui.screens.LevelLoadingScreen@547b0c9b
[15:35:31] [Render thread/INFO]: World loading finished: null screen: net.minecraft.client.gui.screens.LevelLoadingScreen@547b0c9b
[15:35:31] [Render thread/INFO]: World loading finished: null screen: net.minecraft.client.gui.screens.LevelLoadingScreen@547b0c9b
[15:35:31] [Server thread/INFO]: Time elapsed: 419 ms
[15:35:31] [Render thread/INFO]: World loading finished: null screen: net.minecraft.client.gui.screens.LevelLoadingScreen@547b0c9b
[15:35:31] [Server thread/INFO]: Player235[local:E:a49c3a86] logged in with entity id 103 at (0.5, 120.0, 0.5)
[15:35:31] [Server thread/INFO]: System chat: Player235加入了游戏
[15:35:31] [Server thread/INFO]: Changing view distance to 5, from 10
[15:35:31] [Server thread/INFO]: Changing simulation distance to 12, from 0
[15:35:31] [Render thread/INFO]: World loading finished: ClientLevel screen: net.minecraft.client.gui.screens.LevelLoadingScreen@547b0c9b
[15:35:32] [Render thread/INFO]: Loaded 42 advancements
[15:35:32] [Render thread/INFO]: World loading finished: ClientLevel screen: net.minecraft.client.gui.screens.LevelLoadingScreen@547b0c9b
[15:35:32] [Render thread/INFO]: World loading finished: ClientLevel screen: net.minecraft.client.gui.screens.LevelLoadingScreen@547b0c9b
[15:35:32] [Render thread/INFO]: World loading finished: ClientLevel screen: net.minecraft.client.gui.screens.LevelLoadingScreen@547b0c9b
[15:35:32] [Render thread/INFO]: World loading finished: ClientLevel screen: net.minecraft.client.gui.screens.LevelLoadingScreen@547b0c9b
[15:35:32] [Render thread/INFO]: World loading finished: ClientLevel screen: null
[15:35:32] [Render thread/INFO]: Loaded 42 advancements
[15:35:33] [Server thread/INFO]: Player235 lost connection: 连接中断
[15:35:33] [Server thread/INFO]: System chat: Player235退出了游戏
[15:35:33] [Server thread/INFO]: Stopping singleplayer server as player logged out
[15:35:33] [Server thread/INFO]: Stopping server
[15:35:33] [Server thread/INFO]: Saving players
[15:35:33] [Server thread/INFO]: Saving worlds
[15:35:33] [Server thread/INFO]: Saving chunks for level 'ServerLevel[新的世界]'/minecraft:overworld
[15:35:33] [Server thread/INFO]: Saving chunks for level 'ServerLevel[新的世界]'/minecraft:the_end
[15:35:33] [Server thread/INFO]: Saving chunks for level 'ServerLevel[新的世界]'/minecraft:the_nether
[15:35:33] [Render thread/INFO]: Reloading ResourceManager: vanilla, vanilla, fabric-advancement-api-v1, fabric-api, fabric-api-base, fabric-api-lookup-api-v1, fabric-biome-api-v1, fabric-block-api-v1, fabric-block-getter-api-v2, fabric-client-gametest-api-v1, fabric-command-api-v2, fabric-content-registries-v0, fabric-convention-tags-v2, fabric-crash-report-info-v1, fabric-creative-tab-api-v1, fabric-data-attachment-api-v1, fabric-data-generation-api-v1, fabric-debug-api-v1, fabric-dimensions-v1, fabric-entity-events-v1, fabric-events-interaction-v0, fabric-game-rule-api-v1, fabric-gametest-api-v1, fabric-item-api-v1, fabric-key-mapping-api-v1, fabric-lifecycle-events-v1, fabric-loot-api-v3, fabric-menu-api-v1, fabric-message-api-v1, fabric-model-loading-api-v1, fabric-networking-api-v1, fabric-object-builder-api-v1, fabric-particles-v1, fabric-permission-api-v1, fabric-recipe-api-v1, fabric-registry-sync-v0, fabric-renderer-api-v1, fabric-renderer-indigo, fabric-rendering-fluids-v1, fabric-rendering-v1, fabric-resource-conditions-api-v1, fabric-resource-loader-v0, fabric-resource-loader-v1, fabric-screen-api-v1, fabric-serialization-api-v1, fabric-sound-api-v1, fabric-tag-api-v1, fabric-transfer-api-v1, fabric-transitive-access-wideners-v1, fabricloader, wildcraft, wildcraft-test
[15:35:33] [Worker-Main-1/INFO]: Found unifont_pua-17.0.01.hex, loading
[15:35:33] [Worker-Main-2/INFO]: Found unifont_all_no_pua-17.0.01.hex, loading
[15:35:33] [Render thread/INFO]: Info log when linking program containing VERTEX minecraft:core/terrain, FRAGMENT minecraft:core/terrain. Log output: WARNING: Output of vertex shader '_interface_variable_01' not read by fragment shader
WARNING: Output of vertex shader '_interface_variable_00' not read by fragment shader
WARNING: Output of vertex shader '_interface_variable_04' not read by fragment shader

[15:35:33] [Render thread/INFO]: Info log when linking program containing VERTEX minecraft:core/rendertype_crumbling, FRAGMENT minecraft:core/rendertype_crumbling. Log output: WARNING: Output of vertex shader '_interface_variable_01' not read by fragment shader
WARNING: Output of vertex shader '_interface_variable_00' not read by fragment shader

[15:35:33] [Render thread/INFO]: Info log when linking program containing VERTEX minecraft:core/entity, FRAGMENT minecraft:core/entity. Log output: WARNING: Output of vertex shader '_interface_variable_01' not read by fragment shader
WARNING: Output of vertex shader '_interface_variable_00' not read by fragment shader

[15:35:33] [Render thread/INFO]: Info log when linking program containing VERTEX minecraft:core/rendertype_lines, FRAGMENT minecraft:core/rendertype_lines. Log output: WARNING: Output of vertex shader '_interface_variable_01' not read by fragment shader
WARNING: Output of vertex shader '_interface_variable_00' not read by fragment shader

[15:35:33] [Render thread/INFO]: Info log when linking program containing VERTEX minecraft:core/terrain, FRAGMENT minecraft:core/terrain. Log output: WARNING: Output of vertex shader '_interface_variable_01' not read by fragment shader
WARNING: Output of vertex shader '_interface_variable_00' not read by fragment shader
WARNING: Output of vertex shader '_interface_variable_04' not read by fragment shader

[15:35:33] [Render thread/INFO]: Info log when linking program containing VERTEX minecraft:core/entity, FRAGMENT minecraft:core/entity. Log output: WARNING: Output of vertex shader '_interface_variable_01' not read by fragment shader
WARNING: Output of vertex shader '_interface_variable_00' not read by fragment shader

[15:35:33] [Render thread/INFO]: Info log when linking program containing VERTEX minecraft:core/text, FRAGMENT minecraft:core/text. Log output: WARNING: Output of vertex shader '_interface_variable_01' not read by fragment shader
WARNING: Output of vertex shader '_interface_variable_00' not read by fragment shader

[15:35:33] [Worker-Main-2/INFO]: Found unifont_jp_patch-17.0.01.hex, loading
[15:35:33] [Render thread/INFO]: Info log when linking program containing VERTEX minecraft:core/text, FRAGMENT minecraft:core/text. Log output: WARNING: Output of vertex shader '_interface_variable_01' not read by fragment shader
WARNING: Output of vertex shader '_interface_variable_00' not read by fragment shader

[15:35:33] [Render thread/INFO]: Info log when linking program containing VERTEX minecraft:core/block, FRAGMENT minecraft:core/block. Log output: WARNING: Output of vertex shader '_interface_variable_01' not read by fragment shader
WARNING: Output of vertex shader '_interface_variable_00' not read by fragment shader

[15:35:33] [Render thread/INFO]: Info log when linking program containing VERTEX minecraft:core/entity, FRAGMENT minecraft:core/entity. Log output: WARNING: Output of vertex shader '_interface_variable_01' not read by fragment shader
WARNING: Output of vertex shader '_interface_variable_00' not read by fragment shader

[15:35:33] [Render thread/INFO]: Info log when linking program containing VERTEX minecraft:core/rendertype_entity_shadow, FRAGMENT minecraft:core/rendertype_entity_shadow. Log output: WARNING: Output of vertex shader '_interface_variable_01' not read by fragment shader
WARNING: Output of vertex shader '_interface_variable_00' not read by fragment shader

[15:35:33] [Render thread/INFO]: Info log when linking program containing VERTEX minecraft:core/particle, FRAGMENT minecraft:core/particle. Log output: WARNING: Output of vertex shader '_interface_variable_01' not read by fragment shader
WARNING: Output of vertex shader '_interface_variable_00' not read by fragment shader

[15:35:33] [Render thread/INFO]: Info log when linking program containing VERTEX minecraft:core/screenquad, FRAGMENT minecraft:core/oit_composite. Log output: WARNING: Output of vertex shader '_interface_variable_00' not read by fragment shader

[15:35:33] [Render thread/INFO]: Info log when linking program containing VERTEX minecraft:core/screenquad, FRAGMENT minecraft:core/integrate_depth. Log output: WARNING: Output of vertex shader '_interface_variable_00' not read by fragment shader

[15:35:33] [Render thread/INFO]: Info log when linking program containing VERTEX minecraft:core/entity, FRAGMENT minecraft:core/entity. Log output: WARNING: Output of vertex shader '_interface_variable_01' not read by fragment shader
WARNING: Output of vertex shader '_interface_variable_00' not read by fragment shader

[15:35:33] [Render thread/INFO]: Info log when linking program containing VERTEX minecraft:core/terrain, FRAGMENT minecraft:core/terrain. Log output: WARNING: Output of vertex shader '_interface_variable_01' not read by fragment shader
WARNING: Output of vertex shader '_interface_variable_00' not read by fragment shader
WARNING: Output of vertex shader '_interface_variable_04' not read by fragment shader

[15:35:33] [Render thread/INFO]: Info log when linking program containing VERTEX minecraft:core/animate_sprite, FRAGMENT minecraft:core/animate_sprite_blit. Log output: WARNING: Output of vertex shader '_interface_variable_00' not read by fragment shader

[15:35:33] [Render thread/INFO]: Info log when linking program containing VERTEX minecraft:core/entity, FRAGMENT minecraft:core/entity. Log output: WARNING: Output of vertex shader '_interface_variable_01' not read by fragment shader
WARNING: Output of vertex shader '_interface_variable_00' not read by fragment shader

[15:35:33] [Render thread/INFO]: Info log when linking program containing VERTEX minecraft:core/entity, FRAGMENT minecraft:core/entity. Log output: WARNING: Output of vertex shader '_interface_variable_01' not read by fragment shader
WARNING: Output of vertex shader '_interface_variable_00' not read by fragment shader

[15:35:33] [Render thread/INFO]: Info log when linking program containing VERTEX minecraft:core/clouds, FRAGMENT minecraft:core/clouds. Log output: WARNING: Output of vertex shader '_interface_variable_00' not read by fragment shader

[15:35:33] [Render thread/INFO]: Info log when linking program containing VERTEX minecraft:core/entity, FRAGMENT minecraft:core/entity. Log output: WARNING: Output of vertex shader '_interface_variable_01' not read by fragment shader
WARNING: Output of vertex shader '_interface_variable_00' not read by fragment shader

[15:35:33] [Render thread/INFO]: Info log when linking program containing VERTEX minecraft:core/screenquad, FRAGMENT minecraft:core/oit_depth_bounds_cull. Log output: WARNING: Output of vertex shader '_interface_variable_00' not read by fragment shader

[15:35:33] [Render thread/INFO]: Info log when linking program containing VERTEX minecraft:core/particle, FRAGMENT minecraft:core/particle. Log output: WARNING: Output of vertex shader '_interface_variable_01' not read by fragment shader
WARNING: Output of vertex shader '_interface_variable_00' not read by fragment shader

[15:35:33] [Render thread/INFO]: Info log when linking program containing VERTEX minecraft:core/block, FRAGMENT minecraft:core/block. Log output: WARNING: Output of vertex shader '_interface_variable_01' not read by fragment shader
WARNING: Output of vertex shader '_interface_variable_00' not read by fragment shader

[15:35:33] [Render thread/INFO]: Info log when linking program containing VERTEX minecraft:core/text, FRAGMENT minecraft:core/text. Log output: WARNING: Output of vertex shader '_interface_variable_01' not read by fragment shader
WARNING: Output of vertex shader '_interface_variable_00' not read by fragment shader

[15:35:33] [Render thread/INFO]: Info log when linking program containing VERTEX minecraft:core/text, FRAGMENT minecraft:core/text. Log output: WARNING: Output of vertex shader '_interface_variable_01' not read by fragment shader
WARNING: Output of vertex shader '_interface_variable_00' not read by fragment shader

[15:35:33] [Render thread/INFO]: Info log when linking program containing VERTEX minecraft:core/text, FRAGMENT minecraft:core/text. Log output: WARNING: Output of vertex shader '_interface_variable_01' not read by fragment shader
WARNING: Output of vertex shader '_interface_variable_00' not read by fragment shader

[15:35:33] [Render thread/INFO]: Info log when linking program containing VERTEX minecraft:core/entity, FRAGMENT minecraft:core/entity. Log output: WARNING: Output of vertex shader '_interface_variable_01' not read by fragment shader
WARNING: Output of vertex shader '_interface_variable_00' not read by fragment shader

[15:35:33] [Render thread/INFO]: Info log when linking program containing VERTEX minecraft:core/terrain, FRAGMENT minecraft:core/terrain. Log output: WARNING: Output of vertex shader '_interface_variable_01' not read by fragment shader
WARNING: Output of vertex shader '_interface_variable_00' not read by fragment shader
WARNING: Output of vertex shader '_interface_variable_04' not read by fragment shader

[15:35:33] [Render thread/INFO]: Info log when linking program containing VERTEX minecraft:core/text, FRAGMENT minecraft:core/text. Log output: WARNING: Output of vertex shader '_interface_variable_01' not read by fragment shader
WARNING: Output of vertex shader '_interface_variable_00' not read by fragment shader

[15:35:33] [Render thread/INFO]: Info log when linking program containing VERTEX minecraft:core/clouds, FRAGMENT minecraft:core/clouds. Log output: WARNING: Output of vertex shader '_interface_variable_00' not read by fragment shader

[15:35:33] [Render thread/INFO]: Info log when linking program containing VERTEX minecraft:core/rendertype_lines, FRAGMENT minecraft:core/rendertype_lines. Log output: WARNING: Output of vertex shader '_interface_variable_01' not read by fragment shader
WARNING: Output of vertex shader '_interface_variable_00' not read by fragment shader

[15:35:33] [Render thread/INFO]: Info log when linking program containing VERTEX minecraft:core/rendertype_entity_shadow, FRAGMENT minecraft:core/rendertype_entity_shadow. Log output: WARNING: Output of vertex shader '_interface_variable_01' not read by fragment shader
WARNING: Output of vertex shader '_interface_variable_00' not read by fragment shader

[15:35:33] [Render thread/INFO]: Info log when linking program containing VERTEX minecraft:core/entity, FRAGMENT minecraft:core/entity. Log output: WARNING: Output of vertex shader '_interface_variable_01' not read by fragment shader
WARNING: Output of vertex shader '_interface_variable_00' not read by fragment shader

[15:35:33] [Render thread/INFO]: Info log when linking program containing VERTEX minecraft:core/entity, FRAGMENT minecraft:core/entity. Log output: WARNING: Output of vertex shader '_interface_variable_01' not read by fragment shader
WARNING: Output of vertex shader '_interface_variable_00' not read by fragment shader

[15:35:33] [Render thread/INFO]: Info log when linking program containing VERTEX minecraft:core/entity, FRAGMENT minecraft:core/entity. Log output: WARNING: Output of vertex shader '_interface_variable_01' not read by fragment shader
WARNING: Output of vertex shader '_interface_variable_00' not read by fragment shader

[15:35:33] [Render thread/INFO]: Info log when linking program containing VERTEX minecraft:core/particle, FRAGMENT minecraft:core/particle. Log output: WARNING: Output of vertex shader '_interface_variable_01' not read by fragment shader
WARNING: Output of vertex shader '_interface_variable_00' not read by fragment shader

[15:35:33] [Render thread/INFO]: Info log when linking program containing VERTEX minecraft:core/text, FRAGMENT minecraft:core/text. Log output: WARNING: Output of vertex shader '_interface_variable_01' not read by fragment shader
WARNING: Output of vertex shader '_interface_variable_00' not read by fragment shader

[15:35:33] [Render thread/INFO]: Info log when linking program containing VERTEX minecraft:core/rendertype_crumbling, FRAGMENT minecraft:core/rendertype_crumbling. Log output: WARNING: Output of vertex shader '_interface_variable_01' not read by fragment shader
WARNING: Output of vertex shader '_interface_variable_00' not read by fragment shader

[15:35:33] [Render thread/INFO]: Info log when linking program containing VERTEX minecraft:core/particle, FRAGMENT minecraft:core/particle. Log output: WARNING: Output of vertex shader '_interface_variable_01' not read by fragment shader
WARNING: Output of vertex shader '_interface_variable_00' not read by fragment shader

[15:35:33] [Render thread/INFO]: Info log when linking program containing VERTEX minecraft:core/text, FRAGMENT minecraft:core/text. Log output: WARNING: Output of vertex shader '_interface_variable_01' not read by fragment shader
WARNING: Output of vertex shader '_interface_variable_00' not read by fragment shader

[15:35:33] [Render thread/INFO]: Info log when linking program containing VERTEX minecraft:core/entity, FRAGMENT minecraft:core/entity. Log output: WARNING: Output of vertex shader '_interface_variable_01' not read by fragment shader
WARNING: Output of vertex shader '_interface_variable_00' not read by fragment shader

[15:35:33] [Render thread/INFO]: OpenAL initialized on device Mac mini扬声器
[15:35:33] [Render thread/INFO]: Sound engine started
[15:35:33] [Render thread/INFO]: Created: 512x256x0 minecraft:textures/atlas/particles.png-atlas
[15:35:33] [Render thread/INFO]: Created: 256x128x0 minecraft:textures/atlas/celestials.png-atlas
[15:35:33] [Render thread/INFO]: Created: 128x128x0 minecraft:textures/atlas/decorated_pot.png-atlas
[15:35:33] [Render thread/INFO]: Created: 512x256x0 minecraft:textures/atlas/paintings.png-atlas
[15:35:33] [Render thread/INFO]: Created: 1024x512x0 minecraft:textures/atlas/shield_patterns.png-atlas
[15:35:33] [Render thread/INFO]: Created: 1024x512x0 minecraft:textures/atlas/banner_patterns.png-atlas
[15:35:33] [Render thread/INFO]: Created: 2048x2048x4 minecraft:textures/atlas/blocks.png-atlas
[15:35:33] [Render thread/INFO]: Created: 1024x512x0 minecraft:textures/atlas/items.png-atlas
[15:35:33] [Render thread/INFO]: Created: 1024x1024x0 minecraft:textures/atlas/gui.png-atlas
[15:35:33] [Render thread/INFO]: Created: 128x64x0 minecraft:textures/atlas/map_decorations.png-atlas
[15:35:33] [Render thread/INFO]: Created: 512x512x0 minecraft:textures/atlas/chest.png-atlas
[15:35:33] [Render thread/INFO]: Created: 512x512x0 minecraft:textures/atlas/shulker_boxes.png-atlas
[15:35:36] [Test thread/INFO]: [STDOUT]: WILDCRAFT P4A actual biome/water/heat, native powder snow/leather, smooth HUD, gliding/focus, local preference, spectator/death, owner-only sync, dimension and reload checks passed
[15:35:36] [Render thread/INFO]: Reloading ResourceManager: vanilla, vanilla, fabric-advancement-api-v1, fabric-api, fabric-api-base, fabric-api-lookup-api-v1, fabric-biome-api-v1, fabric-block-api-v1, fabric-block-getter-api-v2, fabric-client-gametest-api-v1, fabric-command-api-v2, fabric-content-registries-v0, fabric-convention-tags-v2, fabric-crash-report-info-v1, fabric-creative-tab-api-v1, fabric-data-attachment-api-v1, fabric-data-generation-api-v1, fabric-debug-api-v1, fabric-dimensions-v1, fabric-entity-events-v1, fabric-events-interaction-v0, fabric-game-rule-api-v1, fabric-gametest-api-v1, fabric-item-api-v1, fabric-key-mapping-api-v1, fabric-lifecycle-events-v1, fabric-loot-api-v3, fabric-menu-api-v1, fabric-message-api-v1, fabric-model-loading-api-v1, fabric-networking-api-v1, fabric-object-builder-api-v1, fabric-particles-v1, fabric-permission-api-v1, fabric-recipe-api-v1, fabric-registry-sync-v0, fabric-renderer-api-v1, fabric-renderer-indigo, fabric-rendering-fluids-v1, fabric-rendering-v1, fabric-resource-conditions-api-v1, fabric-resource-loader-v0, fabric-resource-loader-v1, fabric-screen-api-v1, fabric-serialization-api-v1, fabric-sound-api-v1, fabric-tag-api-v1, fabric-transfer-api-v1, fabric-transitive-access-wideners-v1, fabricloader, wildcraft, wildcraft-test
[15:35:36] [Worker-Main-3/INFO]: Found unifont_all_no_pua-17.0.01.hex, loading
[15:35:36] [Worker-Main-1/INFO]: Found unifont_pua-17.0.01.hex, loading
[15:35:36] [Render thread/INFO]: Info log when linking program containing VERTEX minecraft:core/terrain, FRAGMENT minecraft:core/terrain. Log output: WARNING: Output of vertex shader '_interface_variable_01' not read by fragment shader
WARNING: Output of vertex shader '_interface_variable_00' not read by fragment shader
WARNING: Output of vertex shader '_interface_variable_04' not read by fragment shader

[15:35:36] [Render thread/INFO]: Info log when linking program containing VERTEX minecraft:core/rendertype_crumbling, FRAGMENT minecraft:core/rendertype_crumbling. Log output: WARNING: Output of vertex shader '_interface_variable_01' not read by fragment shader
WARNING: Output of vertex shader '_interface_variable_00' not read by fragment shader

[15:35:36] [Render thread/INFO]: Info log when linking program containing VERTEX minecraft:core/entity, FRAGMENT minecraft:core/entity. Log output: WARNING: Output of vertex shader '_interface_variable_01' not read by fragment shader
WARNING: Output of vertex shader '_interface_variable_00' not read by fragment shader

[15:35:36] [Render thread/INFO]: Info log when linking program containing VERTEX minecraft:core/rendertype_lines, FRAGMENT minecraft:core/rendertype_lines. Log output: WARNING: Output of vertex shader '_interface_variable_01' not read by fragment shader
WARNING: Output of vertex shader '_interface_variable_00' not read by fragment shader

[15:35:36] [Render thread/INFO]: Info log when linking program containing VERTEX minecraft:core/terrain, FRAGMENT minecraft:core/terrain. Log output: WARNING: Output of vertex shader '_interface_variable_01' not read by fragment shader
WARNING: Output of vertex shader '_interface_variable_00' not read by fragment shader
WARNING: Output of vertex shader '_interface_variable_04' not read by fragment shader

[15:35:36] [Worker-Main-3/INFO]: Found unifont_jp_patch-17.0.01.hex, loading
[15:35:36] [Render thread/INFO]: Info log when linking program containing VERTEX minecraft:core/entity, FRAGMENT minecraft:core/entity. Log output: WARNING: Output of vertex shader '_interface_variable_01' not read by fragment shader
WARNING: Output of vertex shader '_interface_variable_00' not read by fragment shader

[15:35:36] [Render thread/INFO]: Info log when linking program containing VERTEX minecraft:core/text, FRAGMENT minecraft:core/text. Log output: WARNING: Output of vertex shader '_interface_variable_01' not read by fragment shader
WARNING: Output of vertex shader '_interface_variable_00' not read by fragment shader

[15:35:36] [Render thread/INFO]: Info log when linking program containing VERTEX minecraft:core/text, FRAGMENT minecraft:core/text. Log output: WARNING: Output of vertex shader '_interface_variable_01' not read by fragment shader
WARNING: Output of vertex shader '_interface_variable_00' not read by fragment shader

[15:35:36] [Render thread/INFO]: Info log when linking program containing VERTEX minecraft:core/block, FRAGMENT minecraft:core/block. Log output: WARNING: Output of vertex shader '_interface_variable_01' not read by fragment shader
WARNING: Output of vertex shader '_interface_variable_00' not read by fragment shader

[15:35:36] [Render thread/INFO]: Info log when linking program containing VERTEX minecraft:core/entity, FRAGMENT minecraft:core/entity. Log output: WARNING: Output of vertex shader '_interface_variable_01' not read by fragment shader
WARNING: Output of vertex shader '_interface_variable_00' not read by fragment shader

[15:35:36] [Render thread/INFO]: Info log when linking program containing VERTEX minecraft:core/particle, FRAGMENT minecraft:core/particle. Log output: WARNING: Output of vertex shader '_interface_variable_01' not read by fragment shader
WARNING: Output of vertex shader '_interface_variable_00' not read by fragment shader

[15:35:36] [Render thread/INFO]: Info log when linking program containing VERTEX minecraft:core/rendertype_entity_shadow, FRAGMENT minecraft:core/rendertype_entity_shadow. Log output: WARNING: Output of vertex shader '_interface_variable_01' not read by fragment shader
WARNING: Output of vertex shader '_interface_variable_00' not read by fragment shader

[15:35:36] [Render thread/INFO]: Info log when linking program containing VERTEX minecraft:core/screenquad, FRAGMENT minecraft:core/oit_composite. Log output: WARNING: Output of vertex shader '_interface_variable_00' not read by fragment shader

[15:35:36] [Render thread/INFO]: Info log when linking program containing VERTEX minecraft:core/screenquad, FRAGMENT minecraft:core/integrate_depth. Log output: WARNING: Output of vertex shader '_interface_variable_00' not read by fragment shader

[15:35:36] [Render thread/INFO]: Info log when linking program containing VERTEX minecraft:core/entity, FRAGMENT minecraft:core/entity. Log output: WARNING: Output of vertex shader '_interface_variable_01' not read by fragment shader
WARNING: Output of vertex shader '_interface_variable_00' not read by fragment shader

[15:35:36] [Render thread/INFO]: Info log when linking program containing VERTEX minecraft:core/terrain, FRAGMENT minecraft:core/terrain. Log output: WARNING: Output of vertex shader '_interface_variable_01' not read by fragment shader
WARNING: Output of vertex shader '_interface_variable_00' not read by fragment shader
WARNING: Output of vertex shader '_interface_variable_04' not read by fragment shader

[15:35:36] [Render thread/INFO]: Info log when linking program containing VERTEX minecraft:core/entity, FRAGMENT minecraft:core/entity. Log output: WARNING: Output of vertex shader '_interface_variable_01' not read by fragment shader
WARNING: Output of vertex shader '_interface_variable_00' not read by fragment shader

[15:35:36] [Render thread/INFO]: Info log when linking program containing VERTEX minecraft:core/animate_sprite, FRAGMENT minecraft:core/animate_sprite_blit. Log output: WARNING: Output of vertex shader '_interface_variable_00' not read by fragment shader

[15:35:36] [Render thread/INFO]: Info log when linking program containing VERTEX minecraft:core/entity, FRAGMENT minecraft:core/entity. Log output: WARNING: Output of vertex shader '_interface_variable_01' not read by fragment shader
WARNING: Output of vertex shader '_interface_variable_00' not read by fragment shader

[15:35:36] [Render thread/INFO]: Info log when linking program containing VERTEX minecraft:core/clouds, FRAGMENT minecraft:core/clouds. Log output: WARNING: Output of vertex shader '_interface_variable_00' not read by fragment shader

[15:35:36] [Render thread/INFO]: Info log when linking program containing VERTEX minecraft:core/particle, FRAGMENT minecraft:core/particle. Log output: WARNING: Output of vertex shader '_interface_variable_01' not read by fragment shader
WARNING: Output of vertex shader '_interface_variable_00' not read by fragment shader

[15:35:36] [Render thread/INFO]: Info log when linking program containing VERTEX minecraft:core/entity, FRAGMENT minecraft:core/entity. Log output: WARNING: Output of vertex shader '_interface_variable_01' not read by fragment shader
WARNING: Output of vertex shader '_interface_variable_00' not read by fragment shader

[15:35:36] [Render thread/INFO]: Info log when linking program containing VERTEX minecraft:core/screenquad, FRAGMENT minecraft:core/oit_depth_bounds_cull. Log output: WARNING: Output of vertex shader '_interface_variable_00' not read by fragment shader

[15:35:36] [Render thread/INFO]: Info log when linking program containing VERTEX minecraft:core/block, FRAGMENT minecraft:core/block. Log output: WARNING: Output of vertex shader '_interface_variable_01' not read by fragment shader
WARNING: Output of vertex shader '_interface_variable_00' not read by fragment shader

[15:35:36] [Render thread/INFO]: Info log when linking program containing VERTEX minecraft:core/text, FRAGMENT minecraft:core/text. Log output: WARNING: Output of vertex shader '_interface_variable_01' not read by fragment shader
WARNING: Output of vertex shader '_interface_variable_00' not read by fragment shader

[15:35:36] [Render thread/INFO]: Info log when linking program containing VERTEX minecraft:core/text, FRAGMENT minecraft:core/text. Log output: WARNING: Output of vertex shader '_interface_variable_01' not read by fragment shader
WARNING: Output of vertex shader '_interface_variable_00' not read by fragment shader

[15:35:36] [Render thread/INFO]: Info log when linking program containing VERTEX minecraft:core/entity, FRAGMENT minecraft:core/entity. Log output: WARNING: Output of vertex shader '_interface_variable_01' not read by fragment shader
WARNING: Output of vertex shader '_interface_variable_00' not read by fragment shader

[15:35:36] [Render thread/INFO]: Info log when linking program containing VERTEX minecraft:core/text, FRAGMENT minecraft:core/text. Log output: WARNING: Output of vertex shader '_interface_variable_01' not read by fragment shader
WARNING: Output of vertex shader '_interface_variable_00' not read by fragment shader

[15:35:36] [Render thread/INFO]: Info log when linking program containing VERTEX minecraft:core/text, FRAGMENT minecraft:core/text. Log output: WARNING: Output of vertex shader '_interface_variable_01' not read by fragment shader
WARNING: Output of vertex shader '_interface_variable_00' not read by fragment shader

[15:35:36] [Render thread/INFO]: Info log when linking program containing VERTEX minecraft:core/terrain, FRAGMENT minecraft:core/terrain. Log output: WARNING: Output of vertex shader '_interface_variable_01' not read by fragment shader
WARNING: Output of vertex shader '_interface_variable_00' not read by fragment shader
WARNING: Output of vertex shader '_interface_variable_04' not read by fragment shader

[15:35:36] [Render thread/INFO]: Info log when linking program containing VERTEX minecraft:core/rendertype_lines, FRAGMENT minecraft:core/rendertype_lines. Log output: WARNING: Output of vertex shader '_interface_variable_01' not read by fragment shader
WARNING: Output of vertex shader '_interface_variable_00' not read by fragment shader

[15:35:36] [Render thread/INFO]: Info log when linking program containing VERTEX minecraft:core/clouds, FRAGMENT minecraft:core/clouds. Log output: WARNING: Output of vertex shader '_interface_variable_00' not read by fragment shader

[15:35:36] [Render thread/INFO]: Info log when linking program containing VERTEX minecraft:core/rendertype_entity_shadow, FRAGMENT minecraft:core/rendertype_entity_shadow. Log output: WARNING: Output of vertex shader '_interface_variable_01' not read by fragment shader
WARNING: Output of vertex shader '_interface_variable_00' not read by fragment shader

[15:35:36] [Render thread/INFO]: Info log when linking program containing VERTEX minecraft:core/entity, FRAGMENT minecraft:core/entity. Log output: WARNING: Output of vertex shader '_interface_variable_01' not read by fragment shader
WARNING: Output of vertex shader '_interface_variable_00' not read by fragment shader

[15:35:36] [Render thread/INFO]: Info log when linking program containing VERTEX minecraft:core/particle, FRAGMENT minecraft:core/particle. Log output: WARNING: Output of vertex shader '_interface_variable_01' not read by fragment shader
WARNING: Output of vertex shader '_interface_variable_00' not read by fragment shader

[15:35:36] [Render thread/INFO]: Info log when linking program containing VERTEX minecraft:core/entity, FRAGMENT minecraft:core/entity. Log output: WARNING: Output of vertex shader '_interface_variable_01' not read by fragment shader
WARNING: Output of vertex shader '_interface_variable_00' not read by fragment shader

[15:35:36] [Render thread/INFO]: Info log when linking program containing VERTEX minecraft:core/text, FRAGMENT minecraft:core/text. Log output: WARNING: Output of vertex shader '_interface_variable_01' not read by fragment shader
WARNING: Output of vertex shader '_interface_variable_00' not read by fragment shader

[15:35:36] [Render thread/INFO]: Info log when linking program containing VERTEX minecraft:core/rendertype_crumbling, FRAGMENT minecraft:core/rendertype_crumbling. Log output: WARNING: Output of vertex shader '_interface_variable_01' not read by fragment shader
WARNING: Output of vertex shader '_interface_variable_00' not read by fragment shader

[15:35:36] [Render thread/INFO]: Info log when linking program containing VERTEX minecraft:core/entity, FRAGMENT minecraft:core/entity. Log output: WARNING: Output of vertex shader '_interface_variable_01' not read by fragment shader
WARNING: Output of vertex shader '_interface_variable_00' not read by fragment shader

[15:35:36] [Render thread/INFO]: Info log when linking program containing VERTEX minecraft:core/particle, FRAGMENT minecraft:core/particle. Log output: WARNING: Output of vertex shader '_interface_variable_01' not read by fragment shader
WARNING: Output of vertex shader '_interface_variable_00' not read by fragment shader

[15:35:36] [Render thread/INFO]: Info log when linking program containing VERTEX minecraft:core/entity, FRAGMENT minecraft:core/entity. Log output: WARNING: Output of vertex shader '_interface_variable_01' not read by fragment shader
WARNING: Output of vertex shader '_interface_variable_00' not read by fragment shader

[15:35:36] [Render thread/INFO]: Info log when linking program containing VERTEX minecraft:core/text, FRAGMENT minecraft:core/text. Log output: WARNING: Output of vertex shader '_interface_variable_01' not read by fragment shader
WARNING: Output of vertex shader '_interface_variable_00' not read by fragment shader

[15:35:36] [Render thread/INFO]: OpenAL initialized on device Mac mini扬声器
[15:35:36] [Render thread/INFO]: Sound engine started
[15:35:36] [Render thread/INFO]: Created: 512x256x0 minecraft:textures/atlas/particles.png-atlas
[15:35:36] [Render thread/INFO]: Created: 256x128x0 minecraft:textures/atlas/celestials.png-atlas
[15:35:36] [Render thread/INFO]: Created: 128x128x0 minecraft:textures/atlas/decorated_pot.png-atlas
[15:35:36] [Render thread/INFO]: Created: 512x256x0 minecraft:textures/atlas/paintings.png-atlas
[15:35:36] [Render thread/INFO]: Created: 1024x512x0 minecraft:textures/atlas/shield_patterns.png-atlas
[15:35:36] [Render thread/INFO]: Created: 1024x512x0 minecraft:textures/atlas/banner_patterns.png-atlas
[15:35:36] [Render thread/INFO]: Created: 2048x2048x4 minecraft:textures/atlas/blocks.png-atlas
[15:35:37] [Render thread/INFO]: Created: 1024x512x0 minecraft:textures/atlas/items.png-atlas
[15:35:37] [Render thread/INFO]: Created: 1024x1024x0 minecraft:textures/atlas/gui.png-atlas
[15:35:37] [Render thread/INFO]: Created: 128x64x0 minecraft:textures/atlas/map_decorations.png-atlas
[15:35:37] [Render thread/INFO]: Created: 512x512x0 minecraft:textures/atlas/chest.png-atlas
[15:35:37] [Render thread/INFO]: Created: 512x512x0 minecraft:textures/atlas/shulker_boxes.png-atlas
[15:35:39] [Worker-Main-7/INFO]: Loaded 1872 advancements
[15:35:39] [Render thread/INFO]: World loading finished: null screen: net.minecraft.client.gui.screens.GenericMessageScreen@4f97f3c6
[15:35:39] [Render thread/INFO]: Applied 0 biome modifications to 0 of 67 new biomes in 173.1 μs
[15:35:39] [Server thread/INFO]: Starting integrated minecraft server version 26.3
[15:35:39] [Server thread/INFO]: Generating keypair
[15:35:39] [Server thread/INFO]: Selecting global world spawn...
[15:35:39] [Server thread/INFO]: Loading 0 persistent chunks...
[15:35:39] [Server thread/INFO]: 准备生成区域中：16%
[15:35:39] [Server thread/INFO]: Saving chunks for level 'ServerLevel[新的世界]'/minecraft:overworld
[15:35:39] [Server thread/INFO]: Saving chunks for level 'ServerLevel[新的世界]'/minecraft:the_end
[15:35:39] [Server thread/INFO]: Saving chunks for level 'ServerLevel[新的世界]'/minecraft:the_nether
[15:35:39] [Render thread/INFO]: World loading finished: null screen: net.minecraft.client.gui.screens.LevelLoadingScreen@6ccbdf98
[15:35:39] [Render thread/INFO]: World loading finished: null screen: net.minecraft.client.gui.screens.LevelLoadingScreen@6ccbdf98
[15:35:39] [Render thread/INFO]: World loading finished: null screen: net.minecraft.client.gui.screens.LevelLoadingScreen@6ccbdf98
[15:35:40] [Render thread/INFO]: World loading finished: null screen: net.minecraft.client.gui.screens.LevelLoadingScreen@6ccbdf98
[15:35:40] [Server thread/INFO]: Loading 48 chunks for player spawn...
[15:35:40] [Render thread/INFO]: World loading finished: null screen: net.minecraft.client.gui.screens.LevelLoadingScreen@6ccbdf98
[15:35:40] [Render thread/INFO]: World loading finished: null screen: net.minecraft.client.gui.screens.LevelLoadingScreen@6ccbdf98
[15:35:40] [Server thread/INFO]: Time elapsed: 357 ms
[15:35:40] [Render thread/INFO]: World loading finished: null screen: net.minecraft.client.gui.screens.LevelLoadingScreen@6ccbdf98
[15:35:40] [Server thread/INFO]: Player235[local:E:07a80e08] logged in with entity id 104 at (0.5, -60.0, 0.5)
[15:35:40] [Server thread/INFO]: System chat: Player235加入了游戏
[15:35:40] [Render thread/INFO]: Loaded 2 advancements
[15:35:40] [Server thread/INFO]: Changing view distance to 5, from 10
[15:35:40] [Server thread/INFO]: Changing simulation distance to 12, from 0
[15:35:40] [Render thread/WARN]: Requested post effect does not exist: minecraft:end_of_frame
[15:35:40] [Render thread/INFO]: World loading finished: ClientLevel screen: net.minecraft.client.gui.screens.LevelLoadingScreen@6ccbdf98
[15:35:40] [Render thread/INFO]: World loading finished: ClientLevel screen: net.minecraft.client.gui.screens.LevelLoadingScreen@6ccbdf98
[15:35:40] [Render thread/INFO]: World loading finished: ClientLevel screen: net.minecraft.client.gui.screens.LevelLoadingScreen@6ccbdf98
[15:35:40] [Render thread/INFO]: World loading finished: ClientLevel screen: net.minecraft.client.gui.screens.LevelLoadingScreen@6ccbdf98
[15:35:40] [Render thread/INFO]: World loading finished: ClientLevel screen: net.minecraft.client.gui.screens.LevelLoadingScreen@6ccbdf98
[15:35:40] [Render thread/INFO]: World loading finished: ClientLevel screen: net.minecraft.client.gui.screens.LevelLoadingScreen@6ccbdf98
[15:35:40] [Render thread/INFO]: World loading finished: ClientLevel screen: net.minecraft.client.gui.screens.LevelLoadingScreen@6ccbdf98
[15:35:40] [Render thread/INFO]: World loading finished: ClientLevel screen: net.minecraft.client.gui.screens.LevelLoadingScreen@6ccbdf98
[15:35:40] [Render thread/INFO]: World loading finished: ClientLevel screen: net.minecraft.client.gui.screens.LevelLoadingScreen@6ccbdf98
[15:35:40] [Render thread/INFO]: World loading finished: ClientLevel screen: net.minecraft.client.gui.screens.LevelLoadingScreen@6ccbdf98
[15:35:40] [Render thread/INFO]: World loading finished: ClientLevel screen: net.minecraft.client.gui.screens.LevelLoadingScreen@6ccbdf98
[15:35:40] [Render thread/INFO]: World loading finished: ClientLevel screen: net.minecraft.client.gui.screens.LevelLoadingScreen@6ccbdf98
[15:35:40] [Render thread/INFO]: World loading finished: ClientLevel screen: net.minecraft.client.gui.screens.LevelLoadingScreen@6ccbdf98
[15:35:40] [Render thread/INFO]: World loading finished: ClientLevel screen: net.minecraft.client.gui.screens.LevelLoadingScreen@6ccbdf98
[15:35:40] [Render thread/INFO]: World loading finished: ClientLevel screen: null
[15:35:48] [Render thread/INFO]: Loaded 25 advancements
[15:35:48] [Server thread/INFO]: Saving and pausing game...
[15:35:48] [Server thread/INFO]: Saving chunks for level 'ServerLevel[新的世界]'/minecraft:overworld
[15:35:48] [Server thread/INFO]: Saving chunks for level 'ServerLevel[新的世界]'/minecraft:the_end
[15:35:48] [Server thread/INFO]: Saving chunks for level 'ServerLevel[新的世界]'/minecraft:the_nether
[15:35:54] [Server thread/INFO]: [STDOUT]: P4B freeze probe pos=(0.5, 120.0, 0.5) freeze=13 powder=true can=true warm=MealEffects[schema=1, warmth=Effect[strength=2, millis=28046], cooling=Effect[strength=0, millis=0], recovery=Effect[strength=0, millis=0]]
[15:36:15] [Render thread/INFO]: Loaded 26 advancements
[15:36:18] [Render thread/INFO]: Loaded 27 advancements
[15:36:20] [Server thread/INFO]: System chat: Player235取得了进度[勇往直下]
[15:36:21] [Render thread/INFO]: [System] [CHAT] Player235取得了进度[勇往直下]
[15:36:21] [Server thread/INFO]: Player235 lost connection: 连接中断
[15:36:21] [Server thread/INFO]: System chat: Player235退出了游戏
[15:36:21] [Server thread/INFO]: Stopping singleplayer server as player logged out
[15:36:21] [Server thread/INFO]: Stopping server
[15:36:21] [Server thread/INFO]: Saving players
[15:36:21] [Server thread/INFO]: Saving worlds
[15:36:21] [Server thread/INFO]: Saving chunks for level 'ServerLevel[新的世界]'/minecraft:overworld
[15:36:21] [Server thread/INFO]: Saving chunks for level 'ServerLevel[新的世界]'/minecraft:the_end
[15:36:21] [Server thread/INFO]: Saving chunks for level 'ServerLevel[新的世界]'/minecraft:the_nether
[15:36:22] [Render thread/INFO]: World loading finished: null screen: net.minecraft.client.gui.screens.GenericMessageScreen@17711ed9
[15:36:22] [Worker-Main-5/INFO]: Loaded 1872 advancements
[15:36:22] [Render thread/INFO]: Applied 0 biome modifications to 0 of 67 new biomes in 173.1 μs
[15:36:22] [Server thread/INFO]: Starting integrated minecraft server version 26.3
[15:36:22] [Server thread/INFO]: Generating keypair
[15:36:22] [Server thread/INFO]: Loading 0 persistent chunks...
[15:36:22] [Server thread/INFO]: Saving chunks for level 'ServerLevel[新的世界]'/minecraft:overworld
[15:36:22] [Server thread/INFO]: Saving chunks for level 'ServerLevel[新的世界]'/minecraft:the_end
[15:36:22] [Server thread/INFO]: Saving chunks for level 'ServerLevel[新的世界]'/minecraft:the_nether
[15:36:22] [Render thread/INFO]: World loading finished: null screen: net.minecraft.client.gui.screens.LevelLoadingScreen@20a0efee
[15:36:22] [Render thread/INFO]: World loading finished: null screen: net.minecraft.client.gui.screens.LevelLoadingScreen@20a0efee
[15:36:22] [Render thread/INFO]: World loading finished: null screen: net.minecraft.client.gui.screens.LevelLoadingScreen@20a0efee
[15:36:22] [Render thread/INFO]: World loading finished: null screen: net.minecraft.client.gui.screens.LevelLoadingScreen@20a0efee
[15:36:22] [Server thread/INFO]: Loading 49 chunks for player spawn...
[15:36:22] [Server thread/INFO]: 准备生成区域中：16%
[15:36:22] [Render thread/INFO]: World loading finished: null screen: net.minecraft.client.gui.screens.LevelLoadingScreen@20a0efee
[15:36:22] [Render thread/INFO]: World loading finished: null screen: net.minecraft.client.gui.screens.LevelLoadingScreen@20a0efee
[15:36:22] [Render thread/INFO]: World loading finished: null screen: net.minecraft.client.gui.screens.LevelLoadingScreen@20a0efee
[15:36:22] [Server thread/INFO]: Time elapsed: 368 ms
[15:36:22] [Render thread/INFO]: World loading finished: null screen: net.minecraft.client.gui.screens.LevelLoadingScreen@20a0efee
[15:36:22] [Server thread/INFO]: Player235[local:E:26512446] logged in with entity id 106 at (0.5, 120.0, 0.5)
[15:36:22] [Server thread/INFO]: System chat: Player235加入了游戏
[15:36:22] [Server thread/INFO]: Changing view distance to 5, from 10
[15:36:22] [Server thread/INFO]: Changing simulation distance to 12, from 0
[15:36:22] [Render thread/INFO]: World loading finished: ClientLevel screen: net.minecraft.client.gui.screens.LevelLoadingScreen@20a0efee
[15:36:22] [Render thread/INFO]: Loaded 54 advancements
[15:36:22] [Render thread/INFO]: World loading finished: ClientLevel screen: net.minecraft.client.gui.screens.LevelLoadingScreen@20a0efee
[15:36:22] [Render thread/INFO]: World loading finished: ClientLevel screen: net.minecraft.client.gui.screens.LevelLoadingScreen@20a0efee
[15:36:22] [Render thread/INFO]: World loading finished: ClientLevel screen: net.minecraft.client.gui.screens.LevelLoadingScreen@20a0efee
[15:36:22] [Render thread/INFO]: World loading finished: ClientLevel screen: null
[15:36:23] [Render thread/INFO]: Loaded 54 advancements
[15:36:23] [Server thread/INFO]: System chat: Player235被杀死了
[15:36:23] [Server thread/INFO]: System chat: 杀死了Player235
[15:36:23] [Render thread/INFO]: [System] [CHAT] Player235被杀死了
[15:36:23] [Server thread/INFO]: Player235 lost connection: 连接中断
[15:36:23] [Server thread/INFO]: System chat: Player235退出了游戏
[15:36:24] [Server thread/INFO]: Stopping singleplayer server as player logged out
[15:36:24] [Server thread/INFO]: Stopping server
[15:36:24] [Server thread/INFO]: Saving players
[15:36:24] [Server thread/INFO]: Saving worlds
[15:36:24] [Server thread/INFO]: Saving chunks for level 'ServerLevel[新的世界]'/minecraft:overworld
[15:36:24] [Server thread/INFO]: Saving chunks for level 'ServerLevel[新的世界]'/minecraft:the_end
[15:36:24] [Server thread/INFO]: Saving chunks for level 'ServerLevel[新的世界]'/minecraft:the_nether
[15:36:24] [Render thread/INFO]: Reloading ResourceManager: vanilla, vanilla, fabric-advancement-api-v1, fabric-api, fabric-api-base, fabric-api-lookup-api-v1, fabric-biome-api-v1, fabric-block-api-v1, fabric-block-getter-api-v2, fabric-client-gametest-api-v1, fabric-command-api-v2, fabric-content-registries-v0, fabric-convention-tags-v2, fabric-crash-report-info-v1, fabric-creative-tab-api-v1, fabric-data-attachment-api-v1, fabric-data-generation-api-v1, fabric-debug-api-v1, fabric-dimensions-v1, fabric-entity-events-v1, fabric-events-interaction-v0, fabric-game-rule-api-v1, fabric-gametest-api-v1, fabric-item-api-v1, fabric-key-mapping-api-v1, fabric-lifecycle-events-v1, fabric-loot-api-v3, fabric-menu-api-v1, fabric-message-api-v1, fabric-model-loading-api-v1, fabric-networking-api-v1, fabric-object-builder-api-v1, fabric-particles-v1, fabric-permission-api-v1, fabric-recipe-api-v1, fabric-registry-sync-v0, fabric-renderer-api-v1, fabric-renderer-indigo, fabric-rendering-fluids-v1, fabric-rendering-v1, fabric-resource-conditions-api-v1, fabric-resource-loader-v0, fabric-resource-loader-v1, fabric-screen-api-v1, fabric-serialization-api-v1, fabric-sound-api-v1, fabric-tag-api-v1, fabric-transfer-api-v1, fabric-transitive-access-wideners-v1, fabricloader, wildcraft, wildcraft-test
[15:36:24] [Worker-Main-4/INFO]: Found unifont_all_no_pua-17.0.01.hex, loading
[15:36:24] [Worker-Main-3/INFO]: Found unifont_pua-17.0.01.hex, loading
[15:36:24] [Render thread/INFO]: Info log when linking program containing VERTEX minecraft:core/terrain, FRAGMENT minecraft:core/terrain. Log output: WARNING: Output of vertex shader '_interface_variable_01' not read by fragment shader
WARNING: Output of vertex shader '_interface_variable_00' not read by fragment shader
WARNING: Output of vertex shader '_interface_variable_04' not read by fragment shader

[15:36:24] [Render thread/INFO]: Info log when linking program containing VERTEX minecraft:core/rendertype_crumbling, FRAGMENT minecraft:core/rendertype_crumbling. Log output: WARNING: Output of vertex shader '_interface_variable_01' not read by fragment shader
WARNING: Output of vertex shader '_interface_variable_00' not read by fragment shader

[15:36:24] [Render thread/INFO]: Info log when linking program containing VERTEX minecraft:core/entity, FRAGMENT minecraft:core/entity. Log output: WARNING: Output of vertex shader '_interface_variable_01' not read by fragment shader
WARNING: Output of vertex shader '_interface_variable_00' not read by fragment shader

[15:36:24] [Render thread/INFO]: Info log when linking program containing VERTEX minecraft:core/rendertype_lines, FRAGMENT minecraft:core/rendertype_lines. Log output: WARNING: Output of vertex shader '_interface_variable_01' not read by fragment shader
WARNING: Output of vertex shader '_interface_variable_00' not read by fragment shader

[15:36:24] [Render thread/INFO]: Info log when linking program containing VERTEX minecraft:core/text, FRAGMENT minecraft:core/text. Log output: WARNING: Output of vertex shader '_interface_variable_01' not read by fragment shader
WARNING: Output of vertex shader '_interface_variable_00' not read by fragment shader

[15:36:24] [Render thread/INFO]: Info log when linking program containing VERTEX minecraft:core/entity, FRAGMENT minecraft:core/entity. Log output: WARNING: Output of vertex shader '_interface_variable_01' not read by fragment shader
WARNING: Output of vertex shader '_interface_variable_00' not read by fragment shader

[15:36:24] [Render thread/INFO]: Info log when linking program containing VERTEX minecraft:core/terrain, FRAGMENT minecraft:core/terrain. Log output: WARNING: Output of vertex shader '_interface_variable_01' not read by fragment shader
WARNING: Output of vertex shader '_interface_variable_00' not read by fragment shader
WARNING: Output of vertex shader '_interface_variable_04' not read by fragment shader

[15:36:24] [Worker-Main-4/INFO]: Found unifont_jp_patch-17.0.01.hex, loading
[15:36:24] [Render thread/INFO]: Info log when linking program containing VERTEX minecraft:core/text, FRAGMENT minecraft:core/text. Log output: WARNING: Output of vertex shader '_interface_variable_01' not read by fragment shader
WARNING: Output of vertex shader '_interface_variable_00' not read by fragment shader

[15:36:24] [Render thread/INFO]: Info log when linking program containing VERTEX minecraft:core/block, FRAGMENT minecraft:core/block. Log output: WARNING: Output of vertex shader '_interface_variable_01' not read by fragment shader
WARNING: Output of vertex shader '_interface_variable_00' not read by fragment shader

[15:36:24] [Render thread/INFO]: Info log when linking program containing VERTEX minecraft:core/entity, FRAGMENT minecraft:core/entity. Log output: WARNING: Output of vertex shader '_interface_variable_01' not read by fragment shader
WARNING: Output of vertex shader '_interface_variable_00' not read by fragment shader

[15:36:24] [Render thread/INFO]: Info log when linking program containing VERTEX minecraft:core/rendertype_entity_shadow, FRAGMENT minecraft:core/rendertype_entity_shadow. Log output: WARNING: Output of vertex shader '_interface_variable_01' not read by fragment shader
WARNING: Output of vertex shader '_interface_variable_00' not read by fragment shader

[15:36:24] [Render thread/INFO]: Info log when linking program containing VERTEX minecraft:core/particle, FRAGMENT minecraft:core/particle. Log output: WARNING: Output of vertex shader '_interface_variable_01' not read by fragment shader
WARNING: Output of vertex shader '_interface_variable_00' not read by fragment shader

[15:36:24] [Render thread/INFO]: Info log when linking program containing VERTEX minecraft:core/screenquad, FRAGMENT minecraft:core/oit_composite. Log output: WARNING: Output of vertex shader '_interface_variable_00' not read by fragment shader

[15:36:24] [Render thread/INFO]: Info log when linking program containing VERTEX minecraft:core/screenquad, FRAGMENT minecraft:core/integrate_depth. Log output: WARNING: Output of vertex shader '_interface_variable_00' not read by fragment shader

[15:36:24] [Render thread/INFO]: Info log when linking program containing VERTEX minecraft:core/entity, FRAGMENT minecraft:core/entity. Log output: WARNING: Output of vertex shader '_interface_variable_01' not read by fragment shader
WARNING: Output of vertex shader '_interface_variable_00' not read by fragment shader

[15:36:24] [Render thread/INFO]: Info log when linking program containing VERTEX minecraft:core/terrain, FRAGMENT minecraft:core/terrain. Log output: WARNING: Output of vertex shader '_interface_variable_01' not read by fragment shader
WARNING: Output of vertex shader '_interface_variable_00' not read by fragment shader
WARNING: Output of vertex shader '_interface_variable_04' not read by fragment shader

[15:36:24] [Render thread/INFO]: Info log when linking program containing VERTEX minecraft:core/animate_sprite, FRAGMENT minecraft:core/animate_sprite_blit. Log output: WARNING: Output of vertex shader '_interface_variable_00' not read by fragment shader

[15:36:24] [Render thread/INFO]: Info log when linking program containing VERTEX minecraft:core/entity, FRAGMENT minecraft:core/entity. Log output: WARNING: Output of vertex shader '_interface_variable_01' not read by fragment shader
WARNING: Output of vertex shader '_interface_variable_00' not read by fragment shader

[15:36:24] [Render thread/INFO]: Info log when linking program containing VERTEX minecraft:core/entity, FRAGMENT minecraft:core/entity. Log output: WARNING: Output of vertex shader '_interface_variable_01' not read by fragment shader
WARNING: Output of vertex shader '_interface_variable_00' not read by fragment shader

[15:36:24] [Render thread/INFO]: Info log when linking program containing VERTEX minecraft:core/clouds, FRAGMENT minecraft:core/clouds. Log output: WARNING: Output of vertex shader '_interface_variable_00' not read by fragment shader

[15:36:24] [Render thread/INFO]: Info log when linking program containing VERTEX minecraft:core/particle, FRAGMENT minecraft:core/particle. Log output: WARNING: Output of vertex shader '_interface_variable_01' not read by fragment shader
WARNING: Output of vertex shader '_interface_variable_00' not read by fragment shader

[15:36:24] [Render thread/INFO]: Info log when linking program containing VERTEX minecraft:core/screenquad, FRAGMENT minecraft:core/oit_depth_bounds_cull. Log output: WARNING: Output of vertex shader '_interface_variable_00' not read by fragment shader

[15:36:24] [Render thread/INFO]: Info log when linking program containing VERTEX minecraft:core/block, FRAGMENT minecraft:core/block. Log output: WARNING: Output of vertex shader '_interface_variable_01' not read by fragment shader
WARNING: Output of vertex shader '_interface_variable_00' not read by fragment shader

[15:36:24] [Render thread/INFO]: Info log when linking program containing VERTEX minecraft:core/text, FRAGMENT minecraft:core/text. Log output: WARNING: Output of vertex shader '_interface_variable_01' not read by fragment shader
WARNING: Output of vertex shader '_interface_variable_00' not read by fragment shader

[15:36:24] [Render thread/INFO]: Info log when linking program containing VERTEX minecraft:core/text, FRAGMENT minecraft:core/text. Log output: WARNING: Output of vertex shader '_interface_variable_01' not read by fragment shader
WARNING: Output of vertex shader '_interface_variable_00' not read by fragment shader

[15:36:24] [Render thread/INFO]: Info log when linking program containing VERTEX minecraft:core/entity, FRAGMENT minecraft:core/entity. Log output: WARNING: Output of vertex shader '_interface_variable_01' not read by fragment shader
WARNING: Output of vertex shader '_interface_variable_00' not read by fragment shader

[15:36:24] [Render thread/INFO]: Info log when linking program containing VERTEX minecraft:core/text, FRAGMENT minecraft:core/text. Log output: WARNING: Output of vertex shader '_interface_variable_01' not read by fragment shader
WARNING: Output of vertex shader '_interface_variable_00' not read by fragment shader

[15:36:24] [Render thread/INFO]: Info log when linking program containing VERTEX minecraft:core/entity, FRAGMENT minecraft:core/entity. Log output: WARNING: Output of vertex shader '_interface_variable_01' not read by fragment shader
WARNING: Output of vertex shader '_interface_variable_00' not read by fragment shader

[15:36:24] [Render thread/INFO]: Info log when linking program containing VERTEX minecraft:core/terrain, FRAGMENT minecraft:core/terrain. Log output: WARNING: Output of vertex shader '_interface_variable_01' not read by fragment shader
WARNING: Output of vertex shader '_interface_variable_00' not read by fragment shader
WARNING: Output of vertex shader '_interface_variable_04' not read by fragment shader

[15:36:24] [Render thread/INFO]: Info log when linking program containing VERTEX minecraft:core/text, FRAGMENT minecraft:core/text. Log output: WARNING: Output of vertex shader '_interface_variable_01' not read by fragment shader
WARNING: Output of vertex shader '_interface_variable_00' not read by fragment shader

[15:36:24] [Render thread/INFO]: Info log when linking program containing VERTEX minecraft:core/clouds, FRAGMENT minecraft:core/clouds. Log output: WARNING: Output of vertex shader '_interface_variable_00' not read by fragment shader

[15:36:24] [Render thread/INFO]: Info log when linking program containing VERTEX minecraft:core/rendertype_lines, FRAGMENT minecraft:core/rendertype_lines. Log output: WARNING: Output of vertex shader '_interface_variable_01' not read by fragment shader
WARNING: Output of vertex shader '_interface_variable_00' not read by fragment shader

[15:36:24] [Render thread/INFO]: Info log when linking program containing VERTEX minecraft:core/rendertype_entity_shadow, FRAGMENT minecraft:core/rendertype_entity_shadow. Log output: WARNING: Output of vertex shader '_interface_variable_01' not read by fragment shader
WARNING: Output of vertex shader '_interface_variable_00' not read by fragment shader

[15:36:24] [Render thread/INFO]: Info log when linking program containing VERTEX minecraft:core/entity, FRAGMENT minecraft:core/entity. Log output: WARNING: Output of vertex shader '_interface_variable_01' not read by fragment shader
WARNING: Output of vertex shader '_interface_variable_00' not read by fragment shader

[15:36:24] [Render thread/INFO]: Info log when linking program containing VERTEX minecraft:core/particle, FRAGMENT minecraft:core/particle. Log output: WARNING: Output of vertex shader '_interface_variable_01' not read by fragment shader
WARNING: Output of vertex shader '_interface_variable_00' not read by fragment shader

[15:36:24] [Render thread/INFO]: Info log when linking program containing VERTEX minecraft:core/entity, FRAGMENT minecraft:core/entity. Log output: WARNING: Output of vertex shader '_interface_variable_01' not read by fragment shader
WARNING: Output of vertex shader '_interface_variable_00' not read by fragment shader

[15:36:24] [Render thread/INFO]: Info log when linking program containing VERTEX minecraft:core/entity, FRAGMENT minecraft:core/entity. Log output: WARNING: Output of vertex shader '_interface_variable_01' not read by fragment shader
WARNING: Output of vertex shader '_interface_variable_00' not read by fragment shader

[15:36:24] [Render thread/INFO]: Info log when linking program containing VERTEX minecraft:core/text, FRAGMENT minecraft:core/text. Log output: WARNING: Output of vertex shader '_interface_variable_01' not read by fragment shader
WARNING: Output of vertex shader '_interface_variable_00' not read by fragment shader

[15:36:24] [Render thread/INFO]: Info log when linking program containing VERTEX minecraft:core/particle, FRAGMENT minecraft:core/particle. Log output: WARNING: Output of vertex shader '_interface_variable_01' not read by fragment shader
WARNING: Output of vertex shader '_interface_variable_00' not read by fragment shader

[15:36:24] [Render thread/INFO]: Info log when linking program containing VERTEX minecraft:core/rendertype_crumbling, FRAGMENT minecraft:core/rendertype_crumbling. Log output: WARNING: Output of vertex shader '_interface_variable_01' not read by fragment shader
WARNING: Output of vertex shader '_interface_variable_00' not read by fragment shader

[15:36:24] [Render thread/INFO]: Info log when linking program containing VERTEX minecraft:core/text, FRAGMENT minecraft:core/text. Log output: WARNING: Output of vertex shader '_interface_variable_01' not read by fragment shader
WARNING: Output of vertex shader '_interface_variable_00' not read by fragment shader

[15:36:24] [Render thread/INFO]: Info log when linking program containing VERTEX minecraft:core/entity, FRAGMENT minecraft:core/entity. Log output: WARNING: Output of vertex shader '_interface_variable_01' not read by fragment shader
WARNING: Output of vertex shader '_interface_variable_00' not read by fragment shader

[15:36:24] [Render thread/INFO]: OpenAL initialized on device Mac mini扬声器
[15:36:24] [Render thread/INFO]: Sound engine started
[15:36:24] [Render thread/INFO]: Created: 512x256x0 minecraft:textures/atlas/particles.png-atlas
[15:36:24] [Render thread/INFO]: Created: 256x128x0 minecraft:textures/atlas/celestials.png-atlas
[15:36:24] [Render thread/INFO]: Created: 128x128x0 minecraft:textures/atlas/decorated_pot.png-atlas
[15:36:24] [Render thread/INFO]: Created: 512x256x0 minecraft:textures/atlas/paintings.png-atlas
[15:36:24] [Render thread/INFO]: Created: 1024x512x0 minecraft:textures/atlas/shield_patterns.png-atlas
[15:36:24] [Render thread/INFO]: Created: 1024x512x0 minecraft:textures/atlas/banner_patterns.png-atlas
[15:36:24] [Render thread/INFO]: Created: 2048x2048x4 minecraft:textures/atlas/blocks.png-atlas
[15:36:24] [Render thread/INFO]: Created: 1024x512x0 minecraft:textures/atlas/items.png-atlas
[15:36:24] [Render thread/INFO]: Created: 1024x1024x0 minecraft:textures/atlas/gui.png-atlas
[15:36:24] [Render thread/INFO]: Created: 128x64x0 minecraft:textures/atlas/map_decorations.png-atlas
[15:36:24] [Render thread/INFO]: Created: 512x512x0 minecraft:textures/atlas/chest.png-atlas
[15:36:24] [Render thread/INFO]: Created: 512x512x0 minecraft:textures/atlas/shulker_boxes.png-atlas
[15:36:25] [Test thread/INFO]: [STDOUT]: WILDCRAFT P4B native pot/menu/consumption/bowl, real expiry, pause, finite freezing/leather/fire, focus, dimension/reload/death passed
[15:36:27] [Render thread/INFO]: Reloading ResourceManager: vanilla, vanilla, fabric-advancement-api-v1, fabric-api, fabric-api-base, fabric-api-lookup-api-v1, fabric-biome-api-v1, fabric-block-api-v1, fabric-block-getter-api-v2, fabric-client-gametest-api-v1, fabric-command-api-v2, fabric-content-registries-v0, fabric-convention-tags-v2, fabric-crash-report-info-v1, fabric-creative-tab-api-v1, fabric-data-attachment-api-v1, fabric-data-generation-api-v1, fabric-debug-api-v1, fabric-dimensions-v1, fabric-entity-events-v1, fabric-events-interaction-v0, fabric-game-rule-api-v1, fabric-gametest-api-v1, fabric-item-api-v1, fabric-key-mapping-api-v1, fabric-lifecycle-events-v1, fabric-loot-api-v3, fabric-menu-api-v1, fabric-message-api-v1, fabric-model-loading-api-v1, fabric-networking-api-v1, fabric-object-builder-api-v1, fabric-particles-v1, fabric-permission-api-v1, fabric-recipe-api-v1, fabric-registry-sync-v0, fabric-renderer-api-v1, fabric-renderer-indigo, fabric-rendering-fluids-v1, fabric-rendering-v1, fabric-resource-conditions-api-v1, fabric-resource-loader-v0, fabric-resource-loader-v1, fabric-screen-api-v1, fabric-serialization-api-v1, fabric-sound-api-v1, fabric-tag-api-v1, fabric-transfer-api-v1, fabric-transitive-access-wideners-v1, fabricloader, wildcraft, wildcraft-test
[15:36:27] [Worker-Main-6/INFO]: Found unifont_all_no_pua-17.0.01.hex, loading
[15:36:27] [Worker-Main-8/INFO]: Found unifont_pua-17.0.01.hex, loading
[15:36:27] [Render thread/INFO]: Info log when linking program containing VERTEX minecraft:core/terrain, FRAGMENT minecraft:core/terrain. Log output: WARNING: Output of vertex shader '_interface_variable_01' not read by fragment shader
WARNING: Output of vertex shader '_interface_variable_00' not read by fragment shader
WARNING: Output of vertex shader '_interface_variable_04' not read by fragment shader

[15:36:27] [Render thread/INFO]: Info log when linking program containing VERTEX minecraft:core/rendertype_crumbling, FRAGMENT minecraft:core/rendertype_crumbling. Log output: WARNING: Output of vertex shader '_interface_variable_01' not read by fragment shader
WARNING: Output of vertex shader '_interface_variable_00' not read by fragment shader

[15:36:27] [Render thread/INFO]: Info log when linking program containing VERTEX minecraft:core/entity, FRAGMENT minecraft:core/entity. Log output: WARNING: Output of vertex shader '_interface_variable_01' not read by fragment shader
WARNING: Output of vertex shader '_interface_variable_00' not read by fragment shader

[15:36:27] [Render thread/INFO]: Info log when linking program containing VERTEX minecraft:core/rendertype_lines, FRAGMENT minecraft:core/rendertype_lines. Log output: WARNING: Output of vertex shader '_interface_variable_01' not read by fragment shader
WARNING: Output of vertex shader '_interface_variable_00' not read by fragment shader

[15:36:27] [Worker-Main-6/INFO]: Found unifont_jp_patch-17.0.01.hex, loading
[15:36:27] [Render thread/INFO]: Info log when linking program containing VERTEX minecraft:core/terrain, FRAGMENT minecraft:core/terrain. Log output: WARNING: Output of vertex shader '_interface_variable_01' not read by fragment shader
WARNING: Output of vertex shader '_interface_variable_00' not read by fragment shader
WARNING: Output of vertex shader '_interface_variable_04' not read by fragment shader

[15:36:27] [Render thread/INFO]: Info log when linking program containing VERTEX minecraft:core/entity, FRAGMENT minecraft:core/entity. Log output: WARNING: Output of vertex shader '_interface_variable_01' not read by fragment shader
WARNING: Output of vertex shader '_interface_variable_00' not read by fragment shader

[15:36:27] [Render thread/INFO]: Info log when linking program containing VERTEX minecraft:core/text, FRAGMENT minecraft:core/text. Log output: WARNING: Output of vertex shader '_interface_variable_01' not read by fragment shader
WARNING: Output of vertex shader '_interface_variable_00' not read by fragment shader

[15:36:27] [Render thread/INFO]: Info log when linking program containing VERTEX minecraft:core/text, FRAGMENT minecraft:core/text. Log output: WARNING: Output of vertex shader '_interface_variable_01' not read by fragment shader
WARNING: Output of vertex shader '_interface_variable_00' not read by fragment shader

[15:36:27] [Render thread/INFO]: Info log when linking program containing VERTEX minecraft:core/entity, FRAGMENT minecraft:core/entity. Log output: WARNING: Output of vertex shader '_interface_variable_01' not read by fragment shader
WARNING: Output of vertex shader '_interface_variable_00' not read by fragment shader

[15:36:27] [Render thread/INFO]: Info log when linking program containing VERTEX minecraft:core/block, FRAGMENT minecraft:core/block. Log output: WARNING: Output of vertex shader '_interface_variable_01' not read by fragment shader
WARNING: Output of vertex shader '_interface_variable_00' not read by fragment shader

[15:36:27] [Render thread/INFO]: Info log when linking program containing VERTEX minecraft:core/particle, FRAGMENT minecraft:core/particle. Log output: WARNING: Output of vertex shader '_interface_variable_01' not read by fragment shader
WARNING: Output of vertex shader '_interface_variable_00' not read by fragment shader

[15:36:27] [Render thread/INFO]: Info log when linking program containing VERTEX minecraft:core/screenquad, FRAGMENT minecraft:core/oit_composite. Log output: WARNING: Output of vertex shader '_interface_variable_00' not read by fragment shader

[15:36:27] [Render thread/INFO]: Info log when linking program containing VERTEX minecraft:core/rendertype_entity_shadow, FRAGMENT minecraft:core/rendertype_entity_shadow. Log output: WARNING: Output of vertex shader '_interface_variable_01' not read by fragment shader
WARNING: Output of vertex shader '_interface_variable_00' not read by fragment shader

[15:36:27] [Render thread/INFO]: Info log when linking program containing VERTEX minecraft:core/screenquad, FRAGMENT minecraft:core/integrate_depth. Log output: WARNING: Output of vertex shader '_interface_variable_00' not read by fragment shader

[15:36:27] [Render thread/INFO]: Info log when linking program containing VERTEX minecraft:core/entity, FRAGMENT minecraft:core/entity. Log output: WARNING: Output of vertex shader '_interface_variable_01' not read by fragment shader
WARNING: Output of vertex shader '_interface_variable_00' not read by fragment shader

[15:36:27] [Render thread/INFO]: Info log when linking program containing VERTEX minecraft:core/terrain, FRAGMENT minecraft:core/terrain. Log output: WARNING: Output of vertex shader '_interface_variable_01' not read by fragment shader
WARNING: Output of vertex shader '_interface_variable_00' not read by fragment shader
WARNING: Output of vertex shader '_interface_variable_04' not read by fragment shader

[15:36:27] [Render thread/INFO]: Info log when linking program containing VERTEX minecraft:core/animate_sprite, FRAGMENT minecraft:core/animate_sprite_blit. Log output: WARNING: Output of vertex shader '_interface_variable_00' not read by fragment shader

[15:36:27] [Render thread/INFO]: Info log when linking program containing VERTEX minecraft:core/entity, FRAGMENT minecraft:core/entity. Log output: WARNING: Output of vertex shader '_interface_variable_01' not read by fragment shader
WARNING: Output of vertex shader '_interface_variable_00' not read by fragment shader

[15:36:27] [Render thread/INFO]: Info log when linking program containing VERTEX minecraft:core/entity, FRAGMENT minecraft:core/entity. Log output: WARNING: Output of vertex shader '_interface_variable_01' not read by fragment shader
WARNING: Output of vertex shader '_interface_variable_00' not read by fragment shader

[15:36:27] [Render thread/INFO]: Info log when linking program containing VERTEX minecraft:core/clouds, FRAGMENT minecraft:core/clouds. Log output: WARNING: Output of vertex shader '_interface_variable_00' not read by fragment shader

[15:36:27] [Render thread/INFO]: Info log when linking program containing VERTEX minecraft:core/particle, FRAGMENT minecraft:core/particle. Log output: WARNING: Output of vertex shader '_interface_variable_01' not read by fragment shader
WARNING: Output of vertex shader '_interface_variable_00' not read by fragment shader

[15:36:27] [Render thread/INFO]: Info log when linking program containing VERTEX minecraft:core/entity, FRAGMENT minecraft:core/entity. Log output: WARNING: Output of vertex shader '_interface_variable_01' not read by fragment shader
WARNING: Output of vertex shader '_interface_variable_00' not read by fragment shader

[15:36:27] [Render thread/INFO]: Info log when linking program containing VERTEX minecraft:core/block, FRAGMENT minecraft:core/block. Log output: WARNING: Output of vertex shader '_interface_variable_01' not read by fragment shader
WARNING: Output of vertex shader '_interface_variable_00' not read by fragment shader

[15:36:27] [Render thread/INFO]: Info log when linking program containing VERTEX minecraft:core/screenquad, FRAGMENT minecraft:core/oit_depth_bounds_cull. Log output: WARNING: Output of vertex shader '_interface_variable_00' not read by fragment shader

[15:36:27] [Render thread/INFO]: Info log when linking program containing VERTEX minecraft:core/text, FRAGMENT minecraft:core/text. Log output: WARNING: Output of vertex shader '_interface_variable_01' not read by fragment shader
WARNING: Output of vertex shader '_interface_variable_00' not read by fragment shader

[15:36:27] [Render thread/INFO]: Info log when linking program containing VERTEX minecraft:core/entity, FRAGMENT minecraft:core/entity. Log output: WARNING: Output of vertex shader '_interface_variable_01' not read by fragment shader
WARNING: Output of vertex shader '_interface_variable_00' not read by fragment shader

[15:36:27] [Render thread/INFO]: Info log when linking program containing VERTEX minecraft:core/text, FRAGMENT minecraft:core/text. Log output: WARNING: Output of vertex shader '_interface_variable_01' not read by fragment shader
WARNING: Output of vertex shader '_interface_variable_00' not read by fragment shader

[15:36:27] [Render thread/INFO]: Info log when linking program containing VERTEX minecraft:core/text, FRAGMENT minecraft:core/text. Log output: WARNING: Output of vertex shader '_interface_variable_01' not read by fragment shader
WARNING: Output of vertex shader '_interface_variable_00' not read by fragment shader

[15:36:27] [Render thread/INFO]: Info log when linking program containing VERTEX minecraft:core/text, FRAGMENT minecraft:core/text. Log output: WARNING: Output of vertex shader '_interface_variable_01' not read by fragment shader
WARNING: Output of vertex shader '_interface_variable_00' not read by fragment shader

[15:36:27] [Render thread/INFO]: Info log when linking program containing VERTEX minecraft:core/terrain, FRAGMENT minecraft:core/terrain. Log output: WARNING: Output of vertex shader '_interface_variable_01' not read by fragment shader
WARNING: Output of vertex shader '_interface_variable_00' not read by fragment shader
WARNING: Output of vertex shader '_interface_variable_04' not read by fragment shader

[15:36:27] [Render thread/INFO]: Info log when linking program containing VERTEX minecraft:core/clouds, FRAGMENT minecraft:core/clouds. Log output: WARNING: Output of vertex shader '_interface_variable_00' not read by fragment shader

[15:36:27] [Render thread/INFO]: Info log when linking program containing VERTEX minecraft:core/rendertype_entity_shadow, FRAGMENT minecraft:core/rendertype_entity_shadow. Log output: WARNING: Output of vertex shader '_interface_variable_01' not read by fragment shader
WARNING: Output of vertex shader '_interface_variable_00' not read by fragment shader

[15:36:27] [Render thread/INFO]: Info log when linking program containing VERTEX minecraft:core/rendertype_lines, FRAGMENT minecraft:core/rendertype_lines. Log output: WARNING: Output of vertex shader '_interface_variable_01' not read by fragment shader
WARNING: Output of vertex shader '_interface_variable_00' not read by fragment shader

[15:36:27] [Render thread/INFO]: Info log when linking program containing VERTEX minecraft:core/entity, FRAGMENT minecraft:core/entity. Log output: WARNING: Output of vertex shader '_interface_variable_01' not read by fragment shader
WARNING: Output of vertex shader '_interface_variable_00' not read by fragment shader

[15:36:27] [Render thread/INFO]: Info log when linking program containing VERTEX minecraft:core/particle, FRAGMENT minecraft:core/particle. Log output: WARNING: Output of vertex shader '_interface_variable_01' not read by fragment shader
WARNING: Output of vertex shader '_interface_variable_00' not read by fragment shader

[15:36:27] [Render thread/INFO]: Info log when linking program containing VERTEX minecraft:core/entity, FRAGMENT minecraft:core/entity. Log output: WARNING: Output of vertex shader '_interface_variable_01' not read by fragment shader
WARNING: Output of vertex shader '_interface_variable_00' not read by fragment shader

[15:36:27] [Render thread/INFO]: Info log when linking program containing VERTEX minecraft:core/rendertype_crumbling, FRAGMENT minecraft:core/rendertype_crumbling. Log output: WARNING: Output of vertex shader '_interface_variable_01' not read by fragment shader
WARNING: Output of vertex shader '_interface_variable_00' not read by fragment shader

[15:36:27] [Render thread/INFO]: Info log when linking program containing VERTEX minecraft:core/text, FRAGMENT minecraft:core/text. Log output: WARNING: Output of vertex shader '_interface_variable_01' not read by fragment shader
WARNING: Output of vertex shader '_interface_variable_00' not read by fragment shader

[15:36:27] [Render thread/INFO]: Info log when linking program containing VERTEX minecraft:core/entity, FRAGMENT minecraft:core/entity. Log output: WARNING: Output of vertex shader '_interface_variable_01' not read by fragment shader
WARNING: Output of vertex shader '_interface_variable_00' not read by fragment shader

[15:36:27] [Render thread/INFO]: Info log when linking program containing VERTEX minecraft:core/particle, FRAGMENT minecraft:core/particle. Log output: WARNING: Output of vertex shader '_interface_variable_01' not read by fragment shader
WARNING: Output of vertex shader '_interface_variable_00' not read by fragment shader

[15:36:27] [Render thread/INFO]: Info log when linking program containing VERTEX minecraft:core/entity, FRAGMENT minecraft:core/entity. Log output: WARNING: Output of vertex shader '_interface_variable_01' not read by fragment shader
WARNING: Output of vertex shader '_interface_variable_00' not read by fragment shader

[15:36:27] [Render thread/INFO]: Info log when linking program containing VERTEX minecraft:core/text, FRAGMENT minecraft:core/text. Log output: WARNING: Output of vertex shader '_interface_variable_01' not read by fragment shader
WARNING: Output of vertex shader '_interface_variable_00' not read by fragment shader

[15:36:27] [Render thread/INFO]: OpenAL initialized on device Mac mini扬声器
[15:36:27] [Render thread/INFO]: Sound engine started
[15:36:27] [Render thread/INFO]: Created: 512x256x0 minecraft:textures/atlas/particles.png-atlas
[15:36:27] [Render thread/INFO]: Created: 256x128x0 minecraft:textures/atlas/celestials.png-atlas
[15:36:27] [Render thread/INFO]: Created: 128x128x0 minecraft:textures/atlas/decorated_pot.png-atlas
[15:36:27] [Render thread/INFO]: Created: 512x256x0 minecraft:textures/atlas/paintings.png-atlas
[15:36:27] [Render thread/INFO]: Created: 1024x512x0 minecraft:textures/atlas/shield_patterns.png-atlas
[15:36:27] [Render thread/INFO]: Created: 1024x512x0 minecraft:textures/atlas/banner_patterns.png-atlas
[15:36:27] [Render thread/INFO]: Created: 2048x2048x4 minecraft:textures/atlas/blocks.png-atlas
[15:36:27] [Render thread/INFO]: Created: 1024x512x0 minecraft:textures/atlas/items.png-atlas
[15:36:27] [Render thread/INFO]: Created: 1024x1024x0 minecraft:textures/atlas/gui.png-atlas
[15:36:27] [Render thread/INFO]: Created: 128x64x0 minecraft:textures/atlas/map_decorations.png-atlas
[15:36:27] [Render thread/INFO]: Created: 512x512x0 minecraft:textures/atlas/chest.png-atlas
[15:36:27] [Render thread/INFO]: Created: 512x512x0 minecraft:textures/atlas/shulker_boxes.png-atlas
[15:36:30] [Worker-Main-3/INFO]: Loaded 1872 advancements
[15:36:30] [Render thread/INFO]: World loading finished: null screen: net.minecraft.client.gui.screens.GenericMessageScreen@2a2dad5c
[15:36:30] [Render thread/INFO]: Applied 0 biome modifications to 0 of 67 new biomes in 146.1 μs
[15:36:30] [Server thread/INFO]: Starting integrated minecraft server version 26.3
[15:36:30] [Server thread/INFO]: Generating keypair
[15:36:30] [Server thread/INFO]: Selecting global world spawn...
[15:36:30] [Server thread/INFO]: Loading 0 persistent chunks...
[15:36:30] [Server thread/INFO]: 准备生成区域中：16%
[15:36:30] [Server thread/INFO]: Saving chunks for level 'ServerLevel[新的世界]'/minecraft:overworld
[15:36:30] [Server thread/INFO]: Saving chunks for level 'ServerLevel[新的世界]'/minecraft:the_end
[15:36:30] [Server thread/INFO]: Saving chunks for level 'ServerLevel[新的世界]'/minecraft:the_nether
[15:36:30] [Render thread/INFO]: World loading finished: null screen: net.minecraft.client.gui.screens.LevelLoadingScreen@5388a6bd
[15:36:30] [Render thread/INFO]: World loading finished: null screen: net.minecraft.client.gui.screens.LevelLoadingScreen@5388a6bd
[15:36:30] [Render thread/INFO]: World loading finished: null screen: net.minecraft.client.gui.screens.LevelLoadingScreen@5388a6bd
[15:36:30] [Render thread/INFO]: World loading finished: null screen: net.minecraft.client.gui.screens.LevelLoadingScreen@5388a6bd
[15:36:30] [Server thread/INFO]: Loading 48 chunks for player spawn...
[15:36:31] [Render thread/INFO]: World loading finished: null screen: net.minecraft.client.gui.screens.LevelLoadingScreen@5388a6bd
[15:36:31] [Render thread/INFO]: World loading finished: null screen: net.minecraft.client.gui.screens.LevelLoadingScreen@5388a6bd
[15:36:31] [Render thread/INFO]: World loading finished: null screen: net.minecraft.client.gui.screens.LevelLoadingScreen@5388a6bd
[15:36:31] [Server thread/INFO]: Time elapsed: 411 ms
[15:36:31] [Render thread/INFO]: World loading finished: null screen: net.minecraft.client.gui.screens.LevelLoadingScreen@5388a6bd
[15:36:31] [Server thread/INFO]: Player235[local:E:bf76ece3] logged in with entity id 111 at (0.5, -60.0, 0.5)
[15:36:31] [Server thread/INFO]: System chat: Player235加入了游戏
[15:36:31] [Server thread/INFO]: Changing view distance to 5, from 10
[15:36:31] [Server thread/INFO]: Changing simulation distance to 12, from 0
[15:36:31] [Render thread/INFO]: World loading finished: ClientLevel screen: net.minecraft.client.gui.screens.LevelLoadingScreen@5388a6bd
[15:36:31] [Render thread/WARN]: Requested post effect does not exist: minecraft:end_of_frame
[15:36:31] [Render thread/INFO]: Loaded 2 advancements
[15:36:31] [Render thread/INFO]: World loading finished: ClientLevel screen: net.minecraft.client.gui.screens.LevelLoadingScreen@5388a6bd
[15:36:31] [Render thread/INFO]: World loading finished: ClientLevel screen: net.minecraft.client.gui.screens.LevelLoadingScreen@5388a6bd
[15:36:31] [Render thread/INFO]: World loading finished: ClientLevel screen: net.minecraft.client.gui.screens.LevelLoadingScreen@5388a6bd
[15:36:31] [Render thread/INFO]: World loading finished: ClientLevel screen: net.minecraft.client.gui.screens.LevelLoadingScreen@5388a6bd
[15:36:31] [Render thread/INFO]: World loading finished: ClientLevel screen: net.minecraft.client.gui.screens.LevelLoadingScreen@5388a6bd
[15:36:31] [Render thread/INFO]: World loading finished: ClientLevel screen: net.minecraft.client.gui.screens.LevelLoadingScreen@5388a6bd
[15:36:31] [Render thread/INFO]: World loading finished: ClientLevel screen: net.minecraft.client.gui.screens.LevelLoadingScreen@5388a6bd
[15:36:31] [Render thread/INFO]: World loading finished: ClientLevel screen: net.minecraft.client.gui.screens.LevelLoadingScreen@5388a6bd
[15:36:31] [Render thread/INFO]: World loading finished: ClientLevel screen: net.minecraft.client.gui.screens.LevelLoadingScreen@5388a6bd
[15:36:31] [Render thread/INFO]: World loading finished: ClientLevel screen: net.minecraft.client.gui.screens.LevelLoadingScreen@5388a6bd
[15:36:31] [Render thread/INFO]: World loading finished: ClientLevel screen: net.minecraft.client.gui.screens.LevelLoadingScreen@5388a6bd
[15:36:31] [Render thread/INFO]: World loading finished: ClientLevel screen: net.minecraft.client.gui.screens.LevelLoadingScreen@5388a6bd
[15:36:31] [Render thread/INFO]: World loading finished: ClientLevel screen: net.minecraft.client.gui.screens.LevelLoadingScreen@5388a6bd
[15:36:31] [Render thread/INFO]: World loading finished: ClientLevel screen: net.minecraft.client.gui.screens.LevelLoadingScreen@5388a6bd
[15:36:31] [Render thread/INFO]: World loading finished: ClientLevel screen: null
[15:36:32] [Render thread/INFO]: Loaded 3 advancements
[15:36:35] [Server thread/INFO]: Player235 lost connection: 连接中断
[15:36:35] [Server thread/INFO]: System chat: Player235退出了游戏
[15:36:35] [Server thread/INFO]: Stopping singleplayer server as player logged out
[15:36:35] [Server thread/INFO]: Stopping server
[15:36:35] [Server thread/INFO]: Saving players
[15:36:35] [Server thread/INFO]: Saving worlds
[15:36:35] [Server thread/INFO]: Saving chunks for level 'ServerLevel[新的世界]'/minecraft:overworld
[15:36:36] [Server thread/INFO]: Saving chunks for level 'ServerLevel[新的世界]'/minecraft:the_end
[15:36:36] [Server thread/INFO]: Saving chunks for level 'ServerLevel[新的世界]'/minecraft:the_nether
[15:36:36] [Render thread/INFO]: World loading finished: null screen: net.minecraft.client.gui.screens.GenericMessageScreen@3f85c748
[15:36:36] [Worker-Main-5/INFO]: Loaded 1872 advancements
[15:36:36] [Render thread/INFO]: Applied 0 biome modifications to 0 of 67 new biomes in 139.3 μs
[15:36:36] [Server thread/INFO]: Starting integrated minecraft server version 26.3
[15:36:36] [Server thread/INFO]: Generating keypair
[15:36:36] [Server thread/INFO]: Loading 0 persistent chunks...
[15:36:36] [Server thread/INFO]: Saving chunks for level 'ServerLevel[新的世界]'/minecraft:overworld
[15:36:36] [Server thread/INFO]: Saving chunks for level 'ServerLevel[新的世界]'/minecraft:the_end
[15:36:36] [Server thread/INFO]: Saving chunks for level 'ServerLevel[新的世界]'/minecraft:the_nether
[15:36:36] [Render thread/INFO]: World loading finished: null screen: net.minecraft.client.gui.screens.LevelLoadingScreen@49b27bf4
[15:36:36] [Render thread/INFO]: World loading finished: null screen: net.minecraft.client.gui.screens.LevelLoadingScreen@49b27bf4
[15:36:36] [Render thread/INFO]: World loading finished: null screen: net.minecraft.client.gui.screens.LevelLoadingScreen@49b27bf4
[15:36:36] [Render thread/INFO]: World loading finished: null screen: net.minecraft.client.gui.screens.LevelLoadingScreen@49b27bf4
[15:36:36] [Server thread/INFO]: Loading 49 chunks for player spawn...
[15:36:36] [Server thread/INFO]: 准备生成区域中：16%
[15:36:36] [Render thread/INFO]: World loading finished: null screen: net.minecraft.client.gui.screens.LevelLoadingScreen@49b27bf4
[15:36:36] [Server thread/INFO]: Time elapsed: 265 ms
[15:36:36] [Render thread/INFO]: World loading finished: null screen: net.minecraft.client.gui.screens.LevelLoadingScreen@49b27bf4
[15:36:36] [Server thread/INFO]: Player235[local:E:e2c0831f] logged in with entity id 112 at (0.5, 120.0, 0.5)
[15:36:36] [Server thread/INFO]: System chat: Player235加入了游戏
[15:36:36] [Server thread/INFO]: Changing view distance to 5, from 10
[15:36:36] [Server thread/INFO]: Changing simulation distance to 12, from 0
[15:36:36] [Render thread/INFO]: World loading finished: ClientLevel screen: net.minecraft.client.gui.screens.LevelLoadingScreen@49b27bf4
[15:36:36] [Render thread/INFO]: Loaded 3 advancements
[15:36:36] [Render thread/INFO]: World loading finished: ClientLevel screen: net.minecraft.client.gui.screens.LevelLoadingScreen@49b27bf4
[15:36:36] [Render thread/INFO]: World loading finished: ClientLevel screen: net.minecraft.client.gui.screens.LevelLoadingScreen@49b27bf4
[15:36:36] [Render thread/INFO]: World loading finished: ClientLevel screen: net.minecraft.client.gui.screens.LevelLoadingScreen@49b27bf4
[15:36:36] [Render thread/INFO]: World loading finished: ClientLevel screen: net.minecraft.client.gui.screens.LevelLoadingScreen@49b27bf4
[15:36:36] [Render thread/INFO]: World loading finished: ClientLevel screen: null
[15:36:37] [Server thread/INFO]: Player235 lost connection: 连接中断
[15:36:37] [Server thread/INFO]: System chat: Player235退出了游戏
[15:36:37] [Server thread/INFO]: Stopping singleplayer server as player logged out
[15:36:37] [Server thread/INFO]: Stopping server
[15:36:37] [Server thread/INFO]: Saving players
[15:36:37] [Server thread/INFO]: Saving worlds
[15:36:37] [Server thread/INFO]: Saving chunks for level 'ServerLevel[新的世界]'/minecraft:overworld
[15:36:37] [Server thread/INFO]: Saving chunks for level 'ServerLevel[新的世界]'/minecraft:the_end
[15:36:37] [Server thread/INFO]: Saving chunks for level 'ServerLevel[新的世界]'/minecraft:the_nether
[15:36:37] [Render thread/INFO]: Reloading ResourceManager: vanilla, vanilla, fabric-advancement-api-v1, fabric-api, fabric-api-base, fabric-api-lookup-api-v1, fabric-biome-api-v1, fabric-block-api-v1, fabric-block-getter-api-v2, fabric-client-gametest-api-v1, fabric-command-api-v2, fabric-content-registries-v0, fabric-convention-tags-v2, fabric-crash-report-info-v1, fabric-creative-tab-api-v1, fabric-data-attachment-api-v1, fabric-data-generation-api-v1, fabric-debug-api-v1, fabric-dimensions-v1, fabric-entity-events-v1, fabric-events-interaction-v0, fabric-game-rule-api-v1, fabric-gametest-api-v1, fabric-item-api-v1, fabric-key-mapping-api-v1, fabric-lifecycle-events-v1, fabric-loot-api-v3, fabric-menu-api-v1, fabric-message-api-v1, fabric-model-loading-api-v1, fabric-networking-api-v1, fabric-object-builder-api-v1, fabric-particles-v1, fabric-permission-api-v1, fabric-recipe-api-v1, fabric-registry-sync-v0, fabric-renderer-api-v1, fabric-renderer-indigo, fabric-rendering-fluids-v1, fabric-rendering-v1, fabric-resource-conditions-api-v1, fabric-resource-loader-v0, fabric-resource-loader-v1, fabric-screen-api-v1, fabric-serialization-api-v1, fabric-sound-api-v1, fabric-tag-api-v1, fabric-transfer-api-v1, fabric-transitive-access-wideners-v1, fabricloader, wildcraft, wildcraft-test
[15:36:37] [Worker-Main-6/INFO]: Found unifont_pua-17.0.01.hex, loading
[15:36:37] [Worker-Main-2/INFO]: Found unifont_all_no_pua-17.0.01.hex, loading
[15:36:37] [Render thread/INFO]: Info log when linking program containing VERTEX minecraft:core/terrain, FRAGMENT minecraft:core/terrain. Log output: WARNING: Output of vertex shader '_interface_variable_01' not read by fragment shader
WARNING: Output of vertex shader '_interface_variable_00' not read by fragment shader
WARNING: Output of vertex shader '_interface_variable_04' not read by fragment shader

[15:36:37] [Render thread/INFO]: Info log when linking program containing VERTEX minecraft:core/rendertype_crumbling, FRAGMENT minecraft:core/rendertype_crumbling. Log output: WARNING: Output of vertex shader '_interface_variable_01' not read by fragment shader
WARNING: Output of vertex shader '_interface_variable_00' not read by fragment shader

[15:36:37] [Render thread/INFO]: Info log when linking program containing VERTEX minecraft:core/entity, FRAGMENT minecraft:core/entity. Log output: WARNING: Output of vertex shader '_interface_variable_01' not read by fragment shader
WARNING: Output of vertex shader '_interface_variable_00' not read by fragment shader

[15:36:38] [Render thread/INFO]: Info log when linking program containing VERTEX minecraft:core/rendertype_lines, FRAGMENT minecraft:core/rendertype_lines. Log output: WARNING: Output of vertex shader '_interface_variable_01' not read by fragment shader
WARNING: Output of vertex shader '_interface_variable_00' not read by fragment shader

[15:36:38] [Worker-Main-2/INFO]: Found unifont_jp_patch-17.0.01.hex, loading
[15:36:38] [Render thread/INFO]: Info log when linking program containing VERTEX minecraft:core/entity, FRAGMENT minecraft:core/entity. Log output: WARNING: Output of vertex shader '_interface_variable_01' not read by fragment shader
WARNING: Output of vertex shader '_interface_variable_00' not read by fragment shader

[15:36:38] [Render thread/INFO]: Info log when linking program containing VERTEX minecraft:core/terrain, FRAGMENT minecraft:core/terrain. Log output: WARNING: Output of vertex shader '_interface_variable_01' not read by fragment shader
WARNING: Output of vertex shader '_interface_variable_00' not read by fragment shader
WARNING: Output of vertex shader '_interface_variable_04' not read by fragment shader

[15:36:38] [Render thread/INFO]: Info log when linking program containing VERTEX minecraft:core/text, FRAGMENT minecraft:core/text. Log output: WARNING: Output of vertex shader '_interface_variable_01' not read by fragment shader
WARNING: Output of vertex shader '_interface_variable_00' not read by fragment shader

[15:36:38] [Render thread/INFO]: Info log when linking program containing VERTEX minecraft:core/text, FRAGMENT minecraft:core/text. Log output: WARNING: Output of vertex shader '_interface_variable_01' not read by fragment shader
WARNING: Output of vertex shader '_interface_variable_00' not read by fragment shader

[15:36:38] [Render thread/INFO]: Info log when linking program containing VERTEX minecraft:core/block, FRAGMENT minecraft:core/block. Log output: WARNING: Output of vertex shader '_interface_variable_01' not read by fragment shader
WARNING: Output of vertex shader '_interface_variable_00' not read by fragment shader

[15:36:38] [Render thread/INFO]: Info log when linking program containing VERTEX minecraft:core/entity, FRAGMENT minecraft:core/entity. Log output: WARNING: Output of vertex shader '_interface_variable_01' not read by fragment shader
WARNING: Output of vertex shader '_interface_variable_00' not read by fragment shader

[15:36:38] [Render thread/INFO]: Info log when linking program containing VERTEX minecraft:core/particle, FRAGMENT minecraft:core/particle. Log output: WARNING: Output of vertex shader '_interface_variable_01' not read by fragment shader
WARNING: Output of vertex shader '_interface_variable_00' not read by fragment shader

[15:36:38] [Render thread/INFO]: Info log when linking program containing VERTEX minecraft:core/rendertype_entity_shadow, FRAGMENT minecraft:core/rendertype_entity_shadow. Log output: WARNING: Output of vertex shader '_interface_variable_01' not read by fragment shader
WARNING: Output of vertex shader '_interface_variable_00' not read by fragment shader

[15:36:38] [Render thread/INFO]: Info log when linking program containing VERTEX minecraft:core/screenquad, FRAGMENT minecraft:core/oit_composite. Log output: WARNING: Output of vertex shader '_interface_variable_00' not read by fragment shader

[15:36:38] [Render thread/INFO]: Info log when linking program containing VERTEX minecraft:core/screenquad, FRAGMENT minecraft:core/integrate_depth. Log output: WARNING: Output of vertex shader '_interface_variable_00' not read by fragment shader

[15:36:38] [Render thread/INFO]: Info log when linking program containing VERTEX minecraft:core/entity, FRAGMENT minecraft:core/entity. Log output: WARNING: Output of vertex shader '_interface_variable_01' not read by fragment shader
WARNING: Output of vertex shader '_interface_variable_00' not read by fragment shader

[15:36:38] [Render thread/INFO]: Info log when linking program containing VERTEX minecraft:core/terrain, FRAGMENT minecraft:core/terrain. Log output: WARNING: Output of vertex shader '_interface_variable_01' not read by fragment shader
WARNING: Output of vertex shader '_interface_variable_00' not read by fragment shader
WARNING: Output of vertex shader '_interface_variable_04' not read by fragment shader

[15:36:38] [Render thread/INFO]: Info log when linking program containing VERTEX minecraft:core/animate_sprite, FRAGMENT minecraft:core/animate_sprite_blit. Log output: WARNING: Output of vertex shader '_interface_variable_00' not read by fragment shader

[15:36:38] [Render thread/INFO]: Info log when linking program containing VERTEX minecraft:core/entity, FRAGMENT minecraft:core/entity. Log output: WARNING: Output of vertex shader '_interface_variable_01' not read by fragment shader
WARNING: Output of vertex shader '_interface_variable_00' not read by fragment shader

[15:36:38] [Render thread/INFO]: Info log when linking program containing VERTEX minecraft:core/entity, FRAGMENT minecraft:core/entity. Log output: WARNING: Output of vertex shader '_interface_variable_01' not read by fragment shader
WARNING: Output of vertex shader '_interface_variable_00' not read by fragment shader

[15:36:38] [Render thread/INFO]: Info log when linking program containing VERTEX minecraft:core/clouds, FRAGMENT minecraft:core/clouds. Log output: WARNING: Output of vertex shader '_interface_variable_00' not read by fragment shader

[15:36:38] [Render thread/INFO]: Info log when linking program containing VERTEX minecraft:core/entity, FRAGMENT minecraft:core/entity. Log output: WARNING: Output of vertex shader '_interface_variable_01' not read by fragment shader
WARNING: Output of vertex shader '_interface_variable_00' not read by fragment shader

[15:36:38] [Render thread/INFO]: Info log when linking program containing VERTEX minecraft:core/particle, FRAGMENT minecraft:core/particle. Log output: WARNING: Output of vertex shader '_interface_variable_01' not read by fragment shader
WARNING: Output of vertex shader '_interface_variable_00' not read by fragment shader

[15:36:38] [Render thread/INFO]: Info log when linking program containing VERTEX minecraft:core/screenquad, FRAGMENT minecraft:core/oit_depth_bounds_cull. Log output: WARNING: Output of vertex shader '_interface_variable_00' not read by fragment shader

[15:36:38] [Render thread/INFO]: Info log when linking program containing VERTEX minecraft:core/block, FRAGMENT minecraft:core/block. Log output: WARNING: Output of vertex shader '_interface_variable_01' not read by fragment shader
WARNING: Output of vertex shader '_interface_variable_00' not read by fragment shader

[15:36:38] [Render thread/INFO]: Info log when linking program containing VERTEX minecraft:core/entity, FRAGMENT minecraft:core/entity. Log output: WARNING: Output of vertex shader '_interface_variable_01' not read by fragment shader
WARNING: Output of vertex shader '_interface_variable_00' not read by fragment shader

[15:36:38] [Render thread/INFO]: Info log when linking program containing VERTEX minecraft:core/text, FRAGMENT minecraft:core/text. Log output: WARNING: Output of vertex shader '_interface_variable_01' not read by fragment shader
WARNING: Output of vertex shader '_interface_variable_00' not read by fragment shader

[15:36:38] [Render thread/INFO]: Info log when linking program containing VERTEX minecraft:core/text, FRAGMENT minecraft:core/text. Log output: WARNING: Output of vertex shader '_interface_variable_01' not read by fragment shader
WARNING: Output of vertex shader '_interface_variable_00' not read by fragment shader

[15:36:38] [Render thread/INFO]: Info log when linking program containing VERTEX minecraft:core/terrain, FRAGMENT minecraft:core/terrain. Log output: WARNING: Output of vertex shader '_interface_variable_01' not read by fragment shader
WARNING: Output of vertex shader '_interface_variable_00' not read by fragment shader
WARNING: Output of vertex shader '_interface_variable_04' not read by fragment shader

[15:36:38] [Render thread/INFO]: Info log when linking program containing VERTEX minecraft:core/text, FRAGMENT minecraft:core/text. Log output: WARNING: Output of vertex shader '_interface_variable_01' not read by fragment shader
WARNING: Output of vertex shader '_interface_variable_00' not read by fragment shader

[15:36:38] [Render thread/INFO]: Info log when linking program containing VERTEX minecraft:core/clouds, FRAGMENT minecraft:core/clouds. Log output: WARNING: Output of vertex shader '_interface_variable_00' not read by fragment shader

[15:36:38] [Render thread/INFO]: Info log when linking program containing VERTEX minecraft:core/text, FRAGMENT minecraft:core/text. Log output: WARNING: Output of vertex shader '_interface_variable_01' not read by fragment shader
WARNING: Output of vertex shader '_interface_variable_00' not read by fragment shader

[15:36:38] [Render thread/INFO]: Info log when linking program containing VERTEX minecraft:core/rendertype_lines, FRAGMENT minecraft:core/rendertype_lines. Log output: WARNING: Output of vertex shader '_interface_variable_01' not read by fragment shader
WARNING: Output of vertex shader '_interface_variable_00' not read by fragment shader

[15:36:38] [Render thread/INFO]: Info log when linking program containing VERTEX minecraft:core/entity, FRAGMENT minecraft:core/entity. Log output: WARNING: Output of vertex shader '_interface_variable_01' not read by fragment shader
WARNING: Output of vertex shader '_interface_variable_00' not read by fragment shader

[15:36:38] [Render thread/INFO]: Info log when linking program containing VERTEX minecraft:core/rendertype_entity_shadow, FRAGMENT minecraft:core/rendertype_entity_shadow. Log output: WARNING: Output of vertex shader '_interface_variable_01' not read by fragment shader
WARNING: Output of vertex shader '_interface_variable_00' not read by fragment shader

[15:36:38] [Render thread/INFO]: Info log when linking program containing VERTEX minecraft:core/particle, FRAGMENT minecraft:core/particle. Log output: WARNING: Output of vertex shader '_interface_variable_01' not read by fragment shader
WARNING: Output of vertex shader '_interface_variable_00' not read by fragment shader

[15:36:38] [Render thread/INFO]: Info log when linking program containing VERTEX minecraft:core/entity, FRAGMENT minecraft:core/entity. Log output: WARNING: Output of vertex shader '_interface_variable_01' not read by fragment shader
WARNING: Output of vertex shader '_interface_variable_00' not read by fragment shader

[15:36:38] [Render thread/INFO]: Info log when linking program containing VERTEX minecraft:core/text, FRAGMENT minecraft:core/text. Log output: WARNING: Output of vertex shader '_interface_variable_01' not read by fragment shader
WARNING: Output of vertex shader '_interface_variable_00' not read by fragment shader

[15:36:38] [Render thread/INFO]: Info log when linking program containing VERTEX minecraft:core/rendertype_crumbling, FRAGMENT minecraft:core/rendertype_crumbling. Log output: WARNING: Output of vertex shader '_interface_variable_01' not read by fragment shader
WARNING: Output of vertex shader '_interface_variable_00' not read by fragment shader

[15:36:38] [Render thread/INFO]: Info log when linking program containing VERTEX minecraft:core/entity, FRAGMENT minecraft:core/entity. Log output: WARNING: Output of vertex shader '_interface_variable_01' not read by fragment shader
WARNING: Output of vertex shader '_interface_variable_00' not read by fragment shader

[15:36:38] [Render thread/INFO]: Info log when linking program containing VERTEX minecraft:core/particle, FRAGMENT minecraft:core/particle. Log output: WARNING: Output of vertex shader '_interface_variable_01' not read by fragment shader
WARNING: Output of vertex shader '_interface_variable_00' not read by fragment shader

[15:36:38] [Render thread/INFO]: Info log when linking program containing VERTEX minecraft:core/text, FRAGMENT minecraft:core/text. Log output: WARNING: Output of vertex shader '_interface_variable_01' not read by fragment shader
WARNING: Output of vertex shader '_interface_variable_00' not read by fragment shader

[15:36:38] [Render thread/INFO]: Info log when linking program containing VERTEX minecraft:core/entity, FRAGMENT minecraft:core/entity. Log output: WARNING: Output of vertex shader '_interface_variable_01' not read by fragment shader
WARNING: Output of vertex shader '_interface_variable_00' not read by fragment shader

[15:36:38] [Render thread/INFO]: OpenAL initialized on device Mac mini扬声器
[15:36:38] [Render thread/INFO]: Sound engine started
[15:36:38] [Render thread/INFO]: Created: 512x256x0 minecraft:textures/atlas/particles.png-atlas
[15:36:38] [Render thread/INFO]: Created: 256x128x0 minecraft:textures/atlas/celestials.png-atlas
[15:36:38] [Render thread/INFO]: Created: 128x128x0 minecraft:textures/atlas/decorated_pot.png-atlas
[15:36:38] [Render thread/INFO]: Created: 512x256x0 minecraft:textures/atlas/paintings.png-atlas
[15:36:38] [Render thread/INFO]: Created: 1024x512x0 minecraft:textures/atlas/shield_patterns.png-atlas
[15:36:38] [Render thread/INFO]: Created: 1024x512x0 minecraft:textures/atlas/banner_patterns.png-atlas
[15:36:38] [Render thread/INFO]: Created: 2048x2048x4 minecraft:textures/atlas/blocks.png-atlas
[15:36:38] [Render thread/INFO]: Created: 1024x512x0 minecraft:textures/atlas/items.png-atlas
[15:36:38] [Render thread/INFO]: Created: 1024x1024x0 minecraft:textures/atlas/gui.png-atlas
[15:36:38] [Render thread/INFO]: Created: 128x64x0 minecraft:textures/atlas/map_decorations.png-atlas
[15:36:38] [Render thread/INFO]: Created: 512x512x0 minecraft:textures/atlas/chest.png-atlas
[15:36:38] [Render thread/INFO]: Created: 512x512x0 minecraft:textures/atlas/shulker_boxes.png-atlas
[15:36:39] [Test thread/INFO]: [STDOUT]: WILDCRAFT P5 native signal/carried-source rejection, charging/full UI, extracted finite cost, transfer/save/reload passed
[15:36:39] [Worker-Main-7/INFO]: Loaded 1872 advancements
[15:36:39] [Render thread/INFO]: World loading finished: null screen: net.minecraft.client.gui.screens.GenericMessageScreen@4fae55bd
[15:36:39] [Render thread/INFO]: Applied 0 biome modifications to 0 of 67 new biomes in 132.6 μs
[15:36:39] [Server thread/INFO]: Starting integrated minecraft server version 26.3
[15:36:39] [Server thread/INFO]: Generating keypair
[15:36:39] [Server thread/INFO]: Selecting global world spawn...
[15:36:39] [Server thread/INFO]: Loading 0 persistent chunks...
[15:36:39] [Server thread/INFO]: Preparing spawn area: 16%
[15:36:39] [Server thread/INFO]: Saving chunks for level 'ServerLevel[New World]'/minecraft:overworld
[15:36:39] [Server thread/INFO]: Saving chunks for level 'ServerLevel[New World]'/minecraft:the_end
[15:36:39] [Server thread/INFO]: Saving chunks for level 'ServerLevel[New World]'/minecraft:the_nether
[15:36:39] [Render thread/INFO]: World loading finished: null screen: net.minecraft.client.gui.screens.LevelLoadingScreen@3e7d67d7
[15:36:39] [Render thread/INFO]: World loading finished: null screen: net.minecraft.client.gui.screens.LevelLoadingScreen@3e7d67d7
[15:36:39] [Render thread/INFO]: World loading finished: null screen: net.minecraft.client.gui.screens.LevelLoadingScreen@3e7d67d7
[15:36:39] [Render thread/INFO]: World loading finished: null screen: net.minecraft.client.gui.screens.LevelLoadingScreen@3e7d67d7
[15:36:39] [Render thread/INFO]: World loading finished: null screen: net.minecraft.client.gui.screens.LevelLoadingScreen@3e7d67d7
[15:36:39] [Render thread/INFO]: World loading finished: null screen: net.minecraft.client.gui.screens.LevelLoadingScreen@3e7d67d7
[15:36:39] [Render thread/INFO]: World loading finished: null screen: net.minecraft.client.gui.screens.LevelLoadingScreen@3e7d67d7
[15:36:39] [Render thread/INFO]: World loading finished: null screen: net.minecraft.client.gui.screens.LevelLoadingScreen@3e7d67d7
[15:36:39] [Render thread/INFO]: World loading finished: null screen: net.minecraft.client.gui.screens.LevelLoadingScreen@3e7d67d7
[15:36:39] [Render thread/INFO]: World loading finished: null screen: net.minecraft.client.gui.screens.LevelLoadingScreen@3e7d67d7
[15:36:39] [Render thread/INFO]: World loading finished: null screen: net.minecraft.client.gui.screens.LevelLoadingScreen@3e7d67d7
[15:36:39] [Render thread/INFO]: World loading finished: null screen: net.minecraft.client.gui.screens.LevelLoadingScreen@3e7d67d7
[15:36:39] [Render thread/INFO]: World loading finished: null screen: net.minecraft.client.gui.screens.LevelLoadingScreen@3e7d67d7
[15:36:39] [Render thread/INFO]: World loading finished: null screen: net.minecraft.client.gui.screens.LevelLoadingScreen@3e7d67d7
[15:36:40] [Render thread/INFO]: World loading finished: null screen: net.minecraft.client.gui.screens.LevelLoadingScreen@3e7d67d7
[15:36:40] [Render thread/INFO]: World loading finished: null screen: net.minecraft.client.gui.screens.LevelLoadingScreen@3e7d67d7
[15:36:40] [Render thread/INFO]: World loading finished: null screen: net.minecraft.client.gui.screens.LevelLoadingScreen@3e7d67d7
[15:36:40] [Render thread/INFO]: World loading finished: null screen: net.minecraft.client.gui.screens.LevelLoadingScreen@3e7d67d7
[15:36:40] [Render thread/INFO]: World loading finished: null screen: net.minecraft.client.gui.screens.LevelLoadingScreen@3e7d67d7
[15:36:40] [Render thread/INFO]: World loading finished: null screen: net.minecraft.client.gui.screens.LevelLoadingScreen@3e7d67d7
[15:36:40] [Render thread/INFO]: World loading finished: null screen: net.minecraft.client.gui.screens.LevelLoadingScreen@3e7d67d7
[15:36:40] [Render thread/INFO]: World loading finished: null screen: net.minecraft.client.gui.screens.LevelLoadingScreen@3e7d67d7
[15:36:40] [Render thread/INFO]: World loading finished: null screen: net.minecraft.client.gui.screens.LevelLoadingScreen@3e7d67d7
[15:36:40] [Render thread/INFO]: World loading finished: null screen: net.minecraft.client.gui.screens.LevelLoadingScreen@3e7d67d7
[15:36:40] [Render thread/INFO]: World loading finished: null screen: net.minecraft.client.gui.screens.LevelLoadingScreen@3e7d67d7
[15:36:40] [Render thread/INFO]: World loading finished: null screen: net.minecraft.client.gui.screens.LevelLoadingScreen@3e7d67d7
[15:36:40] [Render thread/INFO]: World loading finished: null screen: net.minecraft.client.gui.screens.LevelLoadingScreen@3e7d67d7
[15:36:40] [Render thread/INFO]: World loading finished: null screen: net.minecraft.client.gui.screens.LevelLoadingScreen@3e7d67d7
[15:36:40] [Render thread/INFO]: World loading finished: null screen: net.minecraft.client.gui.screens.LevelLoadingScreen@3e7d67d7
[15:36:40] [Render thread/INFO]: World loading finished: null screen: net.minecraft.client.gui.screens.LevelLoadingScreen@3e7d67d7
[15:36:40] [Render thread/INFO]: World loading finished: null screen: net.minecraft.client.gui.screens.LevelLoadingScreen@3e7d67d7
[15:36:40] [Render thread/INFO]: World loading finished: null screen: net.minecraft.client.gui.screens.LevelLoadingScreen@3e7d67d7
[15:36:40] [Render thread/INFO]: World loading finished: null screen: net.minecraft.client.gui.screens.LevelLoadingScreen@3e7d67d7
[15:36:40] [Render thread/INFO]: World loading finished: null screen: net.minecraft.client.gui.screens.LevelLoadingScreen@3e7d67d7
[15:36:41] [Render thread/INFO]: World loading finished: null screen: net.minecraft.client.gui.screens.LevelLoadingScreen@3e7d67d7
[15:36:41] [Render thread/INFO]: World loading finished: null screen: net.minecraft.client.gui.screens.LevelLoadingScreen@3e7d67d7
[15:36:41] [Render thread/INFO]: World loading finished: null screen: net.minecraft.client.gui.screens.LevelLoadingScreen@3e7d67d7
[15:36:41] [Render thread/INFO]: World loading finished: null screen: net.minecraft.client.gui.screens.LevelLoadingScreen@3e7d67d7
[15:36:41] [Server thread/INFO]: Loading 48 chunks for player spawn...
[15:36:41] [Server thread/INFO]: Preparing spawn area: 16%
[15:36:41] [Render thread/INFO]: World loading finished: null screen: net.minecraft.client.gui.screens.LevelLoadingScreen@3e7d67d7
[15:36:41] [Server thread/INFO]: Preparing spawn area: 58%
[15:36:41] [Render thread/INFO]: World loading finished: null screen: net.minecraft.client.gui.screens.LevelLoadingScreen@3e7d67d7
[15:36:41] [Server thread/INFO]: Preparing spawn area: 100%
[15:36:41] [Server thread/INFO]: Time elapsed: 2061 ms
[15:36:41] [Render thread/INFO]: World loading finished: null screen: net.minecraft.client.gui.screens.LevelLoadingScreen@3e7d67d7
[15:36:41] [Server thread/INFO]: Player235[local:E:e11e4eb1] logged in with entity id 113 at (0.5, -60.0, 0.5)
[15:36:41] [Server thread/INFO]: System chat: Player235 joined the game
[15:36:41] [Render thread/INFO]: Loaded 2 advancements
[15:36:41] [Server thread/INFO]: Changing view distance to 5, from 10
[15:36:41] [Server thread/INFO]: Changing simulation distance to 12, from 0
[15:36:41] [Render thread/INFO]: World loading finished: ClientLevel screen: net.minecraft.client.gui.screens.LevelLoadingScreen@3e7d67d7
[15:36:41] [Render thread/WARN]: Requested post effect does not exist: minecraft:end_of_frame
[15:36:41] [Render thread/INFO]: World loading finished: ClientLevel screen: net.minecraft.client.gui.screens.LevelLoadingScreen@3e7d67d7
[15:36:41] [Render thread/INFO]: World loading finished: ClientLevel screen: net.minecraft.client.gui.screens.LevelLoadingScreen@3e7d67d7
[15:36:41] [Render thread/INFO]: World loading finished: ClientLevel screen: net.minecraft.client.gui.screens.LevelLoadingScreen@3e7d67d7
[15:36:41] [Render thread/INFO]: World loading finished: ClientLevel screen: net.minecraft.client.gui.screens.LevelLoadingScreen@3e7d67d7
[15:36:41] [Render thread/INFO]: World loading finished: ClientLevel screen: net.minecraft.client.gui.screens.LevelLoadingScreen@3e7d67d7
[15:36:41] [Render thread/INFO]: World loading finished: ClientLevel screen: net.minecraft.client.gui.screens.LevelLoadingScreen@3e7d67d7
[15:36:41] [Render thread/INFO]: World loading finished: ClientLevel screen: net.minecraft.client.gui.screens.LevelLoadingScreen@3e7d67d7
[15:36:41] [Render thread/INFO]: World loading finished: ClientLevel screen: net.minecraft.client.gui.screens.LevelLoadingScreen@3e7d67d7
[15:36:41] [Render thread/INFO]: World loading finished: ClientLevel screen: net.minecraft.client.gui.screens.LevelLoadingScreen@3e7d67d7
[15:36:41] [Render thread/INFO]: World loading finished: ClientLevel screen: net.minecraft.client.gui.screens.LevelLoadingScreen@3e7d67d7
[15:36:41] [Render thread/INFO]: World loading finished: ClientLevel screen: net.minecraft.client.gui.screens.LevelLoadingScreen@3e7d67d7
[15:36:41] [Render thread/INFO]: World loading finished: ClientLevel screen: net.minecraft.client.gui.screens.LevelLoadingScreen@3e7d67d7
[15:36:42] [Render thread/INFO]: World loading finished: ClientLevel screen: net.minecraft.client.gui.screens.LevelLoadingScreen@3e7d67d7
[15:36:42] [Render thread/INFO]: World loading finished: ClientLevel screen: null
[15:36:47] [Server thread/INFO]: Player235 lost connection: Disconnected
[15:36:47] [Server thread/INFO]: System chat: Player235 left the game
[15:36:47] [Server thread/INFO]: Stopping singleplayer server as player logged out
[15:36:47] [Server thread/INFO]: Stopping server
[15:36:47] [Server thread/INFO]: Saving players
[15:36:47] [Server thread/INFO]: Saving worlds
[15:36:47] [Server thread/INFO]: Saving chunks for level 'ServerLevel[New World]'/minecraft:overworld
[15:36:47] [Server thread/INFO]: Saving chunks for level 'ServerLevel[New World]'/minecraft:the_end
[15:36:47] [Server thread/INFO]: Saving chunks for level 'ServerLevel[New World]'/minecraft:the_nether
[15:36:47] [Render thread/INFO]: World loading finished: null screen: net.minecraft.client.gui.screens.GenericMessageScreen@18b0f7b
[15:36:47] [Worker-Main-2/INFO]: Loaded 1872 advancements
[15:36:47] [Render thread/INFO]: Applied 0 biome modifications to 0 of 67 new biomes in 170.5 μs
[15:36:47] [Server thread/INFO]: Starting integrated minecraft server version 26.3
[15:36:47] [Server thread/INFO]: Generating keypair
[15:36:47] [Server thread/INFO]: Loading 0 persistent chunks...
[15:36:47] [Server thread/INFO]: Saving chunks for level 'ServerLevel[New World]'/minecraft:overworld
[15:36:47] [Server thread/INFO]: Saving chunks for level 'ServerLevel[New World]'/minecraft:the_end
[15:36:47] [Server thread/INFO]: Saving chunks for level 'ServerLevel[New World]'/minecraft:the_nether
[15:36:47] [Render thread/INFO]: World loading finished: null screen: net.minecraft.client.gui.screens.LevelLoadingScreen@365c11f0
[15:36:47] [Render thread/INFO]: World loading finished: null screen: net.minecraft.client.gui.screens.LevelLoadingScreen@365c11f0
[15:36:47] [Render thread/INFO]: World loading finished: null screen: net.minecraft.client.gui.screens.LevelLoadingScreen@365c11f0
[15:36:47] [Render thread/INFO]: World loading finished: null screen: net.minecraft.client.gui.screens.LevelLoadingScreen@365c11f0
[15:36:47] [Server thread/INFO]: Loading 49 chunks for player spawn...
[15:36:47] [Server thread/INFO]: Preparing spawn area: 16%
[15:36:47] [Render thread/INFO]: World loading finished: null screen: net.minecraft.client.gui.screens.LevelLoadingScreen@365c11f0
[15:36:47] [Render thread/INFO]: World loading finished: null screen: net.minecraft.client.gui.screens.LevelLoadingScreen@365c11f0
[15:36:47] [Server thread/INFO]: Time elapsed: 318 ms
[15:36:47] [Render thread/INFO]: World loading finished: null screen: net.minecraft.client.gui.screens.LevelLoadingScreen@365c11f0
[15:36:47] [Server thread/INFO]: Player235[local:E:f8a5d146] logged in with entity id 116 at (24.384138742728673, 120.0, 0.5)
[15:36:47] [Server thread/INFO]: System chat: Player235 joined the game
[15:36:47] [Server thread/INFO]: Changing view distance to 5, from 10
[15:36:47] [Server thread/INFO]: Changing simulation distance to 12, from 0
[15:36:48] [Render thread/INFO]: World loading finished: ClientLevel screen: net.minecraft.client.gui.screens.LevelLoadingScreen@365c11f0
[15:36:48] [Render thread/INFO]: Loaded 2 advancements
[15:36:48] [Render thread/INFO]: World loading finished: ClientLevel screen: net.minecraft.client.gui.screens.LevelLoadingScreen@365c11f0
[15:36:48] [Render thread/INFO]: World loading finished: ClientLevel screen: net.minecraft.client.gui.screens.LevelLoadingScreen@365c11f0
[15:36:48] [Render thread/INFO]: World loading finished: ClientLevel screen: net.minecraft.client.gui.screens.LevelLoadingScreen@365c11f0
[15:36:48] [Render thread/INFO]: World loading finished: ClientLevel screen: net.minecraft.client.gui.screens.LevelLoadingScreen@365c11f0
[15:36:48] [Render thread/INFO]: World loading finished: ClientLevel screen: null
[15:36:49] [Server thread/INFO]: Player235 lost connection: Disconnected
[15:36:49] [Server thread/INFO]: System chat: Player235 left the game
[15:36:49] [Server thread/INFO]: Stopping singleplayer server as player logged out
[15:36:49] [Server thread/INFO]: Stopping server
[15:36:49] [Server thread/INFO]: Saving players
[15:36:49] [Server thread/INFO]: Saving worlds
[15:36:49] [Server thread/INFO]: Saving chunks for level 'ServerLevel[New World]'/minecraft:overworld
[15:36:49] [Server thread/INFO]: Saving chunks for level 'ServerLevel[New World]'/minecraft:the_end
[15:36:49] [Server thread/INFO]: Saving chunks for level 'ServerLevel[New World]'/minecraft:the_nether
[15:36:49] [Worker-Main-8/INFO]: Loaded 1872 advancements
[15:36:49] [Render thread/INFO]: World loading finished: null screen: net.minecraft.client.gui.screens.GenericMessageScreen@2f3a8e66
[15:36:49] [Render thread/INFO]: Applied 0 biome modifications to 0 of 67 new biomes in 163.9 μs
[15:36:49] [Server thread/INFO]: Starting integrated minecraft server version 26.3
[15:36:49] [Server thread/INFO]: Generating keypair
[15:36:49] [Server thread/INFO]: Selecting global world spawn...
[15:36:49] [Server thread/INFO]: Loading 0 persistent chunks...
[15:36:49] [Server thread/INFO]: Preparing spawn area: 16%
[15:36:49] [Server thread/INFO]: Saving chunks for level 'ServerLevel[New World]'/minecraft:overworld
[15:36:49] [Server thread/INFO]: Saving chunks for level 'ServerLevel[New World]'/minecraft:the_end
[15:36:49] [Server thread/INFO]: Saving chunks for level 'ServerLevel[New World]'/minecraft:the_nether
[15:36:49] [Render thread/INFO]: World loading finished: null screen: net.minecraft.client.gui.screens.LevelLoadingScreen@fdc4138
[15:36:49] [Render thread/INFO]: World loading finished: null screen: net.minecraft.client.gui.screens.LevelLoadingScreen@fdc4138
[15:36:49] [Render thread/INFO]: World loading finished: null screen: net.minecraft.client.gui.screens.LevelLoadingScreen@fdc4138
[15:36:49] [Render thread/INFO]: World loading finished: null screen: net.minecraft.client.gui.screens.LevelLoadingScreen@fdc4138
[15:36:49] [Server thread/INFO]: Loading 48 chunks for player spawn...
[15:36:49] [Render thread/INFO]: World loading finished: null screen: net.minecraft.client.gui.screens.LevelLoadingScreen@fdc4138
[15:36:49] [Render thread/INFO]: World loading finished: null screen: net.minecraft.client.gui.screens.LevelLoadingScreen@fdc4138
[15:36:49] [Server thread/INFO]: Time elapsed: 355 ms
[15:36:49] [Render thread/INFO]: World loading finished: null screen: net.minecraft.client.gui.screens.LevelLoadingScreen@fdc4138
[15:36:49] [Server thread/INFO]: Player235[local:E:324620ba] logged in with entity id 117 at (0.5, -60.0, 0.5)
[15:36:49] [Server thread/INFO]: System chat: Player235 joined the game
[15:36:49] [Server thread/INFO]: Changing view distance to 5, from 10
[15:36:49] [Server thread/INFO]: Changing simulation distance to 12, from 0
[15:36:49] [Render thread/INFO]: World loading finished: ClientLevel screen: net.minecraft.client.gui.screens.LevelLoadingScreen@fdc4138
[15:36:49] [Render thread/INFO]: Loaded 2 advancements
[15:36:49] [Render thread/INFO]: World loading finished: ClientLevel screen: net.minecraft.client.gui.screens.LevelLoadingScreen@fdc4138
[15:36:49] [Render thread/INFO]: World loading finished: ClientLevel screen: net.minecraft.client.gui.screens.LevelLoadingScreen@fdc4138
[15:36:50] [Render thread/INFO]: World loading finished: ClientLevel screen: net.minecraft.client.gui.screens.LevelLoadingScreen@fdc4138
[15:36:50] [Render thread/INFO]: World loading finished: ClientLevel screen: net.minecraft.client.gui.screens.LevelLoadingScreen@fdc4138
[15:36:50] [Render thread/INFO]: World loading finished: ClientLevel screen: net.minecraft.client.gui.screens.LevelLoadingScreen@fdc4138
[15:36:50] [Render thread/INFO]: World loading finished: ClientLevel screen: net.minecraft.client.gui.screens.LevelLoadingScreen@fdc4138
[15:36:50] [Render thread/INFO]: World loading finished: ClientLevel screen: net.minecraft.client.gui.screens.LevelLoadingScreen@fdc4138
[15:36:50] [Render thread/INFO]: World loading finished: ClientLevel screen: net.minecraft.client.gui.screens.LevelLoadingScreen@fdc4138
[15:36:50] [Render thread/INFO]: World loading finished: ClientLevel screen: net.minecraft.client.gui.screens.LevelLoadingScreen@fdc4138
[15:36:50] [Render thread/INFO]: World loading finished: ClientLevel screen: net.minecraft.client.gui.screens.LevelLoadingScreen@fdc4138
[15:36:50] [Render thread/INFO]: World loading finished: ClientLevel screen: net.minecraft.client.gui.screens.LevelLoadingScreen@fdc4138
[15:36:50] [Render thread/INFO]: World loading finished: ClientLevel screen: net.minecraft.client.gui.screens.LevelLoadingScreen@fdc4138
[15:36:50] [Render thread/INFO]: World loading finished: ClientLevel screen: net.minecraft.client.gui.screens.LevelLoadingScreen@fdc4138
[15:36:50] [Render thread/INFO]: World loading finished: ClientLevel screen: net.minecraft.client.gui.screens.LevelLoadingScreen@fdc4138
[15:36:50] [Render thread/INFO]: World loading finished: ClientLevel screen: null
[15:36:56] [Server thread/INFO]: Player235 lost connection: Disconnected
[15:36:56] [Server thread/INFO]: System chat: Player235 left the game
[15:36:56] [Server thread/INFO]: Stopping singleplayer server as player logged out
[15:36:56] [Server thread/INFO]: Stopping server
[15:36:56] [Server thread/INFO]: Saving players
[15:36:56] [Server thread/INFO]: Saving worlds
[15:36:56] [Server thread/INFO]: Saving chunks for level 'ServerLevel[New World]'/minecraft:overworld
[15:36:56] [Server thread/INFO]: Saving chunks for level 'ServerLevel[New World]'/minecraft:the_end
[15:36:56] [Server thread/INFO]: Saving chunks for level 'ServerLevel[New World]'/minecraft:the_nether
[15:36:56] [Render thread/INFO]: World loading finished: null screen: net.minecraft.client.gui.screens.GenericMessageScreen@111824d2
[15:36:57] [Worker-Main-9/INFO]: Loaded 1872 advancements
[15:36:57] [Render thread/INFO]: Applied 0 biome modifications to 0 of 67 new biomes in 162.9 μs
[15:36:57] [Server thread/INFO]: Starting integrated minecraft server version 26.3
[15:36:57] [Server thread/INFO]: Generating keypair
[15:36:57] [Server thread/INFO]: Loading 0 persistent chunks...
[15:36:57] [Server thread/INFO]: Preparing spawn area: 16%
[15:36:57] [Server thread/INFO]: Saving chunks for level 'ServerLevel[New World]'/minecraft:overworld
[15:36:57] [Server thread/INFO]: Saving chunks for level 'ServerLevel[New World]'/minecraft:the_end
[15:36:57] [Server thread/INFO]: Saving chunks for level 'ServerLevel[New World]'/minecraft:the_nether
[15:36:57] [Render thread/INFO]: World loading finished: null screen: net.minecraft.client.gui.screens.LevelLoadingScreen@43b03417
[15:36:57] [Render thread/INFO]: World loading finished: null screen: net.minecraft.client.gui.screens.LevelLoadingScreen@43b03417
[15:36:57] [Render thread/INFO]: World loading finished: null screen: net.minecraft.client.gui.screens.LevelLoadingScreen@43b03417
[15:36:57] [Render thread/INFO]: World loading finished: null screen: net.minecraft.client.gui.screens.LevelLoadingScreen@43b03417
[15:36:57] [Server thread/INFO]: Loading 49 chunks for player spawn...
[15:36:57] [Render thread/INFO]: World loading finished: null screen: net.minecraft.client.gui.screens.LevelLoadingScreen@43b03417
[15:36:57] [Render thread/INFO]: World loading finished: null screen: net.minecraft.client.gui.screens.LevelLoadingScreen@43b03417
[15:36:57] [Server thread/INFO]: Time elapsed: 318 ms
[15:36:57] [Render thread/INFO]: World loading finished: null screen: net.minecraft.client.gui.screens.LevelLoadingScreen@43b03417
[15:36:57] [Server thread/INFO]: Player235[local:E:cd6bd921] logged in with entity id 120 at (0.1976962463851623, 120.64999997615814, 4.422464119494211)
[15:36:57] [Server thread/INFO]: System chat: Player235 joined the game
[15:36:57] [Server thread/INFO]: Changing view distance to 5, from 10
[15:36:57] [Server thread/INFO]: Changing simulation distance to 12, from 0
[15:36:57] [Render thread/INFO]: World loading finished: ClientLevel screen: net.minecraft.client.gui.screens.LevelLoadingScreen@43b03417
[15:36:57] [Render thread/INFO]: Loaded 2 advancements
[15:36:57] [Render thread/INFO]: World loading finished: ClientLevel screen: net.minecraft.client.gui.screens.LevelLoadingScreen@43b03417
[15:36:57] [Render thread/INFO]: World loading finished: ClientLevel screen: net.minecraft.client.gui.screens.LevelLoadingScreen@43b03417
[15:36:57] [Render thread/INFO]: World loading finished: ClientLevel screen: net.minecraft.client.gui.screens.LevelLoadingScreen@43b03417
[15:36:57] [Render thread/INFO]: World loading finished: ClientLevel screen: net.minecraft.client.gui.screens.LevelLoadingScreen@43b03417
[15:36:57] [Render thread/INFO]: World loading finished: ClientLevel screen: null
[15:36:58] [Render thread/INFO]: Loaded 21 advancements
[15:37:04] [Server thread/INFO]: Player235 lost connection: Disconnected
[15:37:04] [Server thread/INFO]: System chat: Player235 left the game
[15:37:04] [Server thread/INFO]: Stopping singleplayer server as player logged out
[15:37:04] [Server thread/INFO]: Stopping server
[15:37:04] [Server thread/INFO]: Saving players
[15:37:04] [Server thread/INFO]: Saving worlds
[15:37:04] [Server thread/INFO]: Saving chunks for level 'ServerLevel[New World]'/minecraft:overworld
[15:37:04] [Server thread/INFO]: Saving chunks for level 'ServerLevel[New World]'/minecraft:the_end
[15:37:04] [Server thread/INFO]: Saving chunks for level 'ServerLevel[New World]'/minecraft:the_nether
[15:37:04] [Test thread/INFO]: [STDOUT]: WILDCRAFT P6 native placement, snap preview, actual clicks/replay, malformed intent, riding/steering/R, disk reload and native recovery passed
[15:37:04] [Test thread/INFO]: [STDOUT]: WILDCRAFT P6 core tracking/model, native passenger, finite motion across chunk, real world save/reload and API recovery passed; input is a separate check
[15:37:05] [Worker-Main-3/INFO]: Loaded 1872 advancements
[15:37:05] [Render thread/INFO]: World loading finished: null screen: net.minecraft.client.gui.screens.GenericMessageScreen@579029ff
[15:37:05] [Render thread/INFO]: Applied 0 biome modifications to 0 of 67 new biomes in 134.9 μs
[15:37:05] [Server thread/INFO]: Starting integrated minecraft server version 26.3
[15:37:05] [Server thread/INFO]: Generating keypair
[15:37:05] [Server thread/INFO]: Selecting global world spawn...
[15:37:05] [Server thread/INFO]: Loading 0 persistent chunks...
[15:37:05] [Server thread/INFO]: Preparing spawn area: 16%
[15:37:05] [Server thread/INFO]: Saving chunks for level 'ServerLevel[New World]'/minecraft:overworld
[15:37:05] [Server thread/INFO]: Saving chunks for level 'ServerLevel[New World]'/minecraft:the_end
[15:37:05] [Server thread/INFO]: Saving chunks for level 'ServerLevel[New World]'/minecraft:the_nether
[15:37:05] [Render thread/INFO]: World loading finished: null screen: net.minecraft.client.gui.screens.LevelLoadingScreen@33de23e0
[15:37:05] [Render thread/INFO]: World loading finished: null screen: net.minecraft.client.gui.screens.LevelLoadingScreen@33de23e0
[15:37:05] [Render thread/INFO]: World loading finished: null screen: net.minecraft.client.gui.screens.LevelLoadingScreen@33de23e0
[15:37:05] [Render thread/INFO]: World loading finished: null screen: net.minecraft.client.gui.screens.LevelLoadingScreen@33de23e0
[15:37:05] [Server thread/INFO]: Loading 48 chunks for player spawn...
[15:37:05] [Render thread/INFO]: World loading finished: null screen: net.minecraft.client.gui.screens.LevelLoadingScreen@33de23e0
[15:37:05] [Render thread/INFO]: World loading finished: null screen: net.minecraft.client.gui.screens.LevelLoadingScreen@33de23e0
[15:37:05] [Server thread/INFO]: Time elapsed: 353 ms
[15:37:05] [Render thread/INFO]: World loading finished: null screen: net.minecraft.client.gui.screens.LevelLoadingScreen@33de23e0
[15:37:05] [Server thread/INFO]: Player235[local:E:94c75374] logged in with entity id 121 at (0.5, -60.0, 0.5)
[15:37:05] [Server thread/INFO]: System chat: Player235 joined the game
[15:37:05] [Server thread/INFO]: Changing view distance to 5, from 10
[15:37:05] [Server thread/INFO]: Changing simulation distance to 12, from 0
[15:37:05] [Render thread/INFO]: World loading finished: ClientLevel screen: net.minecraft.client.gui.screens.LevelLoadingScreen@33de23e0
[15:37:05] [Render thread/INFO]: Loaded 2 advancements
[15:37:05] [Render thread/INFO]: World loading finished: ClientLevel screen: net.minecraft.client.gui.screens.LevelLoadingScreen@33de23e0
[15:37:05] [Render thread/INFO]: World loading finished: ClientLevel screen: net.minecraft.client.gui.screens.LevelLoadingScreen@33de23e0
[15:37:05] [Render thread/INFO]: World loading finished: ClientLevel screen: net.minecraft.client.gui.screens.LevelLoadingScreen@33de23e0
[15:37:05] [Render thread/INFO]: World loading finished: ClientLevel screen: net.minecraft.client.gui.screens.LevelLoadingScreen@33de23e0
[15:37:05] [Render thread/INFO]: World loading finished: ClientLevel screen: net.minecraft.client.gui.screens.LevelLoadingScreen@33de23e0
[15:37:05] [Render thread/INFO]: World loading finished: ClientLevel screen: net.minecraft.client.gui.screens.LevelLoadingScreen@33de23e0
[15:37:05] [Render thread/INFO]: World loading finished: ClientLevel screen: net.minecraft.client.gui.screens.LevelLoadingScreen@33de23e0
[15:37:05] [Render thread/INFO]: World loading finished: ClientLevel screen: net.minecraft.client.gui.screens.LevelLoadingScreen@33de23e0
[15:37:05] [Render thread/INFO]: World loading finished: ClientLevel screen: net.minecraft.client.gui.screens.LevelLoadingScreen@33de23e0
[15:37:06] [Render thread/INFO]: World loading finished: ClientLevel screen: net.minecraft.client.gui.screens.LevelLoadingScreen@33de23e0
[15:37:06] [Render thread/INFO]: World loading finished: ClientLevel screen: net.minecraft.client.gui.screens.LevelLoadingScreen@33de23e0
[15:37:06] [Render thread/INFO]: World loading finished: ClientLevel screen: net.minecraft.client.gui.screens.LevelLoadingScreen@33de23e0
[15:37:06] [Render thread/INFO]: World loading finished: ClientLevel screen: net.minecraft.client.gui.screens.LevelLoadingScreen@33de23e0
[15:37:06] [Render thread/INFO]: World loading finished: ClientLevel screen: net.minecraft.client.gui.screens.LevelLoadingScreen@33de23e0
[15:37:06] [Render thread/INFO]: World loading finished: ClientLevel screen: net.minecraft.client.gui.screens.LevelLoadingScreen@33de23e0
[15:37:06] [Render thread/INFO]: World loading finished: ClientLevel screen: null
[15:37:14] [Server thread/INFO]: Player235 lost connection: Disconnected
[15:37:14] [Server thread/INFO]: System chat: Player235 left the game
[15:37:14] [Server thread/INFO]: Stopping singleplayer server as player logged out
[15:37:14] [Server thread/INFO]: Stopping server
[15:37:14] [Server thread/INFO]: Saving players
[15:37:14] [Server thread/INFO]: Saving worlds
[15:37:14] [Server thread/INFO]: Saving chunks for level 'ServerLevel[New World]'/minecraft:overworld
[15:37:14] [Server thread/INFO]: Saving chunks for level 'ServerLevel[New World]'/minecraft:the_end
[15:37:14] [Server thread/INFO]: Saving chunks for level 'ServerLevel[New World]'/minecraft:the_nether
[15:37:14] [Render thread/INFO]: World loading finished: null screen: net.minecraft.client.gui.screens.GenericMessageScreen@65e6d28
[15:37:14] [Worker-Main-6/INFO]: Loaded 1872 advancements
[15:37:14] [Render thread/INFO]: Applied 0 biome modifications to 0 of 67 new biomes in 145.9 μs
[15:37:14] [Server thread/INFO]: Starting integrated minecraft server version 26.3
[15:37:14] [Server thread/INFO]: Generating keypair
[15:37:14] [Server thread/INFO]: Loading 0 persistent chunks...
[15:37:14] [Server thread/INFO]: Saving chunks for level 'ServerLevel[New World]'/minecraft:overworld
[15:37:14] [Server thread/INFO]: Saving chunks for level 'ServerLevel[New World]'/minecraft:the_end
[15:37:14] [Server thread/INFO]: Saving chunks for level 'ServerLevel[New World]'/minecraft:the_nether
[15:37:14] [Render thread/INFO]: World loading finished: null screen: net.minecraft.client.gui.screens.LevelLoadingScreen@56bf85d0
[15:37:14] [Render thread/INFO]: World loading finished: null screen: net.minecraft.client.gui.screens.LevelLoadingScreen@56bf85d0
[15:37:14] [Render thread/INFO]: World loading finished: null screen: net.minecraft.client.gui.screens.LevelLoadingScreen@56bf85d0
[15:37:14] [Render thread/INFO]: World loading finished: null screen: net.minecraft.client.gui.screens.LevelLoadingScreen@56bf85d0
[15:37:14] [Server thread/INFO]: Loading 49 chunks for player spawn...
[15:37:14] [Server thread/INFO]: Preparing spawn area: 16%
[15:37:14] [Render thread/INFO]: World loading finished: null screen: net.minecraft.client.gui.screens.LevelLoadingScreen@56bf85d0
[15:37:14] [Server thread/INFO]: Time elapsed: 265 ms
[15:37:14] [Render thread/INFO]: World loading finished: null screen: net.minecraft.client.gui.screens.LevelLoadingScreen@56bf85d0
[15:37:14] [Server thread/INFO]: Player235[local:E:e6e42ee1] logged in with entity id 124 at (0.5, 120.64999997615814, 8.699999988079071)
[15:37:14] [Server thread/INFO]: System chat: Player235 joined the game
[15:37:14] [Server thread/INFO]: Changing view distance to 5, from 10
[15:37:14] [Server thread/INFO]: Changing simulation distance to 12, from 0
[15:37:14] [Render thread/INFO]: World loading finished: ClientLevel screen: net.minecraft.client.gui.screens.LevelLoadingScreen@56bf85d0
[15:37:14] [Render thread/INFO]: Loaded 2 advancements
[15:37:14] [Render thread/INFO]: World loading finished: ClientLevel screen: net.minecraft.client.gui.screens.LevelLoadingScreen@56bf85d0
[15:37:15] [Render thread/INFO]: World loading finished: ClientLevel screen: net.minecraft.client.gui.screens.LevelLoadingScreen@56bf85d0
[15:37:15] [Render thread/INFO]: World loading finished: ClientLevel screen: net.minecraft.client.gui.screens.LevelLoadingScreen@56bf85d0
[15:37:15] [Render thread/INFO]: World loading finished: ClientLevel screen: net.minecraft.client.gui.screens.LevelLoadingScreen@56bf85d0
[15:37:15] [Render thread/INFO]: World loading finished: ClientLevel screen: null
[15:37:17] [Server thread/INFO]: Player235 lost connection: Disconnected
[15:37:17] [Server thread/INFO]: System chat: Player235 left the game
[15:37:17] [Server thread/INFO]: Stopping singleplayer server as player logged out
[15:37:17] [Server thread/INFO]: Stopping server
[15:37:17] [Server thread/INFO]: Saving players
[15:37:17] [Server thread/INFO]: Saving worlds
[15:37:17] [Server thread/INFO]: Saving chunks for level 'ServerLevel[New World]'/minecraft:overworld
[15:37:17] [Server thread/INFO]: Saving chunks for level 'ServerLevel[New World]'/minecraft:the_end
[15:37:17] [Server thread/INFO]: Saving chunks for level 'ServerLevel[New World]'/minecraft:the_nether
[15:37:17] [Worker-Main-5/INFO]: Loaded 1872 advancements
[15:37:17] [Render thread/INFO]: World loading finished: null screen: net.minecraft.client.gui.screens.GenericMessageScreen@6642f016
[15:37:17] [Render thread/INFO]: Applied 0 biome modifications to 0 of 67 new biomes in 109.5 μs
[15:37:17] [Server thread/INFO]: Starting integrated minecraft server version 26.3
[15:37:17] [Server thread/INFO]: Generating keypair
[15:37:17] [Server thread/INFO]: Selecting global world spawn...
[15:37:17] [Server thread/INFO]: Loading 0 persistent chunks...
[15:37:17] [Server thread/INFO]: Preparing spawn area: 16%
[15:37:17] [Server thread/INFO]: Saving chunks for level 'ServerLevel[New World]'/minecraft:overworld
[15:37:17] [Server thread/INFO]: Saving chunks for level 'ServerLevel[New World]'/minecraft:the_end
[15:37:17] [Server thread/INFO]: Saving chunks for level 'ServerLevel[New World]'/minecraft:the_nether
[15:37:17] [Render thread/INFO]: World loading finished: null screen: net.minecraft.client.gui.screens.LevelLoadingScreen@e8406c3
[15:37:17] [Render thread/INFO]: World loading finished: null screen: net.minecraft.client.gui.screens.LevelLoadingScreen@e8406c3
[15:37:17] [Render thread/INFO]: World loading finished: null screen: net.minecraft.client.gui.screens.LevelLoadingScreen@e8406c3
[15:37:17] [Server thread/INFO]: Loading 48 chunks for player spawn...
[15:37:17] [Render thread/INFO]: World loading finished: null screen: net.minecraft.client.gui.screens.LevelLoadingScreen@e8406c3
[15:37:17] [Render thread/INFO]: World loading finished: null screen: net.minecraft.client.gui.screens.LevelLoadingScreen@e8406c3
[15:37:17] [Server thread/INFO]: Time elapsed: 301 ms
[15:37:17] [Render thread/INFO]: World loading finished: null screen: net.minecraft.client.gui.screens.LevelLoadingScreen@e8406c3
[15:37:17] [Server thread/INFO]: Player235[local:E:7e4ea941] logged in with entity id 125 at (0.5, -60.0, 0.5)
[15:37:17] [Server thread/INFO]: System chat: Player235 joined the game
[15:37:17] [Server thread/INFO]: Changing view distance to 5, from 10
[15:37:17] [Server thread/INFO]: Changing simulation distance to 12, from 0
[15:37:17] [Render thread/INFO]: Loaded 2 advancements
[15:37:17] [Render thread/INFO]: World loading finished: ClientLevel screen: net.minecraft.client.gui.screens.LevelLoadingScreen@e8406c3
[15:37:17] [Render thread/INFO]: World loading finished: ClientLevel screen: net.minecraft.client.gui.screens.LevelLoadingScreen@e8406c3
[15:37:17] [Render thread/INFO]: World loading finished: ClientLevel screen: net.minecraft.client.gui.screens.LevelLoadingScreen@e8406c3
[15:37:17] [Render thread/INFO]: World loading finished: ClientLevel screen: net.minecraft.client.gui.screens.LevelLoadingScreen@e8406c3
[15:37:17] [Render thread/INFO]: World loading finished: ClientLevel screen: net.minecraft.client.gui.screens.LevelLoadingScreen@e8406c3
[15:37:18] [Render thread/INFO]: World loading finished: ClientLevel screen: net.minecraft.client.gui.screens.LevelLoadingScreen@e8406c3
[15:37:18] [Render thread/INFO]: World loading finished: ClientLevel screen: net.minecraft.client.gui.screens.LevelLoadingScreen@e8406c3
[15:37:18] [Render thread/INFO]: World loading finished: ClientLevel screen: net.minecraft.client.gui.screens.LevelLoadingScreen@e8406c3
[15:37:18] [Render thread/INFO]: World loading finished: ClientLevel screen: net.minecraft.client.gui.screens.LevelLoadingScreen@e8406c3
[15:37:18] [Render thread/INFO]: World loading finished: ClientLevel screen: net.minecraft.client.gui.screens.LevelLoadingScreen@e8406c3
[15:37:18] [Render thread/INFO]: World loading finished: ClientLevel screen: net.minecraft.client.gui.screens.LevelLoadingScreen@e8406c3
[15:37:18] [Render thread/INFO]: World loading finished: ClientLevel screen: net.minecraft.client.gui.screens.LevelLoadingScreen@e8406c3
[15:37:18] [Render thread/INFO]: World loading finished: ClientLevel screen: net.minecraft.client.gui.screens.LevelLoadingScreen@e8406c3
[15:37:18] [Render thread/INFO]: World loading finished: ClientLevel screen: net.minecraft.client.gui.screens.LevelLoadingScreen@e8406c3
[15:37:18] [Render thread/INFO]: World loading finished: ClientLevel screen: net.minecraft.client.gui.screens.LevelLoadingScreen@e8406c3
[15:37:18] [Render thread/INFO]: World loading finished: ClientLevel screen: null
[15:37:29] [Server thread/INFO]: Player235 lost connection: Disconnected
[15:37:29] [Server thread/INFO]: System chat: Player235 left the game
[15:37:29] [Server thread/INFO]: Stopping singleplayer server as player logged out
[15:37:29] [Server thread/INFO]: Stopping server
[15:37:29] [Server thread/INFO]: Saving players
[15:37:29] [Server thread/INFO]: Saving worlds
[15:37:29] [Server thread/INFO]: Saving chunks for level 'ServerLevel[New World]'/minecraft:overworld
[15:37:29] [Server thread/INFO]: Saving chunks for level 'ServerLevel[New World]'/minecraft:the_end
[15:37:29] [Server thread/INFO]: Saving chunks for level 'ServerLevel[New World]'/minecraft:the_nether
[15:37:29] [Render thread/INFO]: World loading finished: null screen: net.minecraft.client.gui.screens.GenericMessageScreen@2b1be63e
[15:37:29] [Worker-Main-5/INFO]: Loaded 1872 advancements
[15:37:29] [Render thread/INFO]: Applied 0 biome modifications to 0 of 67 new biomes in 190.3 μs
[15:37:29] [Server thread/INFO]: Starting integrated minecraft server version 26.3
[15:37:29] [Server thread/INFO]: Generating keypair
[15:37:29] [Server thread/INFO]: Loading 0 persistent chunks...
[15:37:29] [Server thread/INFO]: Saving chunks for level 'ServerLevel[New World]'/minecraft:overworld
[15:37:29] [Server thread/INFO]: Saving chunks for level 'ServerLevel[New World]'/minecraft:the_end
[15:37:29] [Server thread/INFO]: Saving chunks for level 'ServerLevel[New World]'/minecraft:the_nether
[15:37:29] [Render thread/INFO]: World loading finished: null screen: net.minecraft.client.gui.screens.LevelLoadingScreen@5f25c2d4
[15:37:29] [Render thread/INFO]: World loading finished: null screen: net.minecraft.client.gui.screens.LevelLoadingScreen@5f25c2d4
[15:37:29] [Render thread/INFO]: World loading finished: null screen: net.minecraft.client.gui.screens.LevelLoadingScreen@5f25c2d4
[15:37:29] [Render thread/INFO]: World loading finished: null screen: net.minecraft.client.gui.screens.LevelLoadingScreen@5f25c2d4
[15:37:29] [Server thread/INFO]: Loading 49 chunks for player spawn...
[15:37:29] [Server thread/INFO]: Preparing spawn area: 16%
[15:37:29] [Render thread/INFO]: World loading finished: null screen: net.minecraft.client.gui.screens.LevelLoadingScreen@5f25c2d4
[15:37:29] [Server thread/INFO]: Time elapsed: 269 ms
[15:37:29] [Render thread/INFO]: World loading finished: null screen: net.minecraft.client.gui.screens.LevelLoadingScreen@5f25c2d4
[15:37:29] [Server thread/INFO]: Player235[local:E:c4ab8f8f] logged in with entity id 128 at (0.5, 120.0, 1.2000000000000002)
[15:37:29] [Server thread/INFO]: System chat: Player235 joined the game
[15:37:29] [Server thread/INFO]: Changing view distance to 5, from 10
[15:37:29] [Server thread/INFO]: Changing simulation distance to 12, from 0
[15:37:29] [Render thread/INFO]: World loading finished: ClientLevel screen: net.minecraft.client.gui.screens.LevelLoadingScreen@5f25c2d4
[15:37:29] [Render thread/INFO]: Loaded 2 advancements
[15:37:29] [Render thread/INFO]: World loading finished: ClientLevel screen: net.minecraft.client.gui.screens.LevelLoadingScreen@5f25c2d4
[15:37:29] [Render thread/INFO]: World loading finished: ClientLevel screen: net.minecraft.client.gui.screens.LevelLoadingScreen@5f25c2d4
[15:37:30] [Render thread/INFO]: World loading finished: ClientLevel screen: net.minecraft.client.gui.screens.LevelLoadingScreen@5f25c2d4
[15:37:30] [Render thread/INFO]: World loading finished: ClientLevel screen: net.minecraft.client.gui.screens.LevelLoadingScreen@5f25c2d4
[15:37:30] [Render thread/INFO]: World loading finished: ClientLevel screen: null
[15:37:37] [Server thread/INFO]: Player235 lost connection: Disconnected
[15:37:37] [Server thread/INFO]: System chat: Player235 left the game
[15:37:37] [Server thread/INFO]: Stopping singleplayer server as player logged out
[15:37:38] [Server thread/INFO]: Stopping server
[15:37:38] [Server thread/INFO]: Saving players
[15:37:38] [Server thread/INFO]: Saving worlds
[15:37:38] [Server thread/INFO]: Saving chunks for level 'ServerLevel[New World]'/minecraft:overworld
[15:37:38] [Server thread/INFO]: Saving chunks for level 'ServerLevel[New World]'/minecraft:the_end
[15:37:38] [Server thread/INFO]: Saving chunks for level 'ServerLevel[New World]'/minecraft:the_nether
[15:37:38] [Test thread/INFO]: [STDOUT]: WILDCRAFT P7 actual native bottom spring/rocket/stabilizer/float install, finite spring launch, irreversible burning, disk reload, named casing recovery, spent rejection and loaded passive water float passed
[15:37:38] [Test thread/INFO]: [STDOUT]: WILDCRAFT P7 wing/wheel actual input, preview, W/S driving, one-block step/tall wall, idle cost, real disk reload and loaded passive glide passed
[15:37:38] [Render thread/INFO]: Reloading ResourceManager: vanilla, vanilla, fabric-advancement-api-v1, fabric-api, fabric-api-base, fabric-api-lookup-api-v1, fabric-biome-api-v1, fabric-block-api-v1, fabric-block-getter-api-v2, fabric-client-gametest-api-v1, fabric-command-api-v2, fabric-content-registries-v0, fabric-convention-tags-v2, fabric-crash-report-info-v1, fabric-creative-tab-api-v1, fabric-data-attachment-api-v1, fabric-data-generation-api-v1, fabric-debug-api-v1, fabric-dimensions-v1, fabric-entity-events-v1, fabric-events-interaction-v0, fabric-game-rule-api-v1, fabric-gametest-api-v1, fabric-item-api-v1, fabric-key-mapping-api-v1, fabric-lifecycle-events-v1, fabric-loot-api-v3, fabric-menu-api-v1, fabric-message-api-v1, fabric-model-loading-api-v1, fabric-networking-api-v1, fabric-object-builder-api-v1, fabric-particles-v1, fabric-permission-api-v1, fabric-recipe-api-v1, fabric-registry-sync-v0, fabric-renderer-api-v1, fabric-renderer-indigo, fabric-rendering-fluids-v1, fabric-rendering-v1, fabric-resource-conditions-api-v1, fabric-resource-loader-v0, fabric-resource-loader-v1, fabric-screen-api-v1, fabric-serialization-api-v1, fabric-sound-api-v1, fabric-tag-api-v1, fabric-transfer-api-v1, fabric-transitive-access-wideners-v1, fabricloader, wildcraft, wildcraft-test
[15:37:38] [Worker-Main-5/INFO]: Found unifont_pua-17.0.01.hex, loading
[15:37:38] [Worker-Main-7/INFO]: Found unifont_all_no_pua-17.0.01.hex, loading
[15:37:38] [Render thread/INFO]: Info log when linking program containing VERTEX minecraft:core/terrain, FRAGMENT minecraft:core/terrain. Log output: WARNING: Output of vertex shader '_interface_variable_01' not read by fragment shader
WARNING: Output of vertex shader '_interface_variable_00' not read by fragment shader
WARNING: Output of vertex shader '_interface_variable_04' not read by fragment shader

[15:37:38] [Render thread/INFO]: Info log when linking program containing VERTEX minecraft:core/entity, FRAGMENT minecraft:core/entity. Log output: WARNING: Output of vertex shader '_interface_variable_01' not read by fragment shader
WARNING: Output of vertex shader '_interface_variable_00' not read by fragment shader

[15:37:38] [Render thread/INFO]: Info log when linking program containing VERTEX minecraft:core/rendertype_crumbling, FRAGMENT minecraft:core/rendertype_crumbling. Log output: WARNING: Output of vertex shader '_interface_variable_01' not read by fragment shader
WARNING: Output of vertex shader '_interface_variable_00' not read by fragment shader

[15:37:38] [Render thread/INFO]: Info log when linking program containing VERTEX minecraft:core/rendertype_lines, FRAGMENT minecraft:core/rendertype_lines. Log output: WARNING: Output of vertex shader '_interface_variable_01' not read by fragment shader
WARNING: Output of vertex shader '_interface_variable_00' not read by fragment shader

[15:37:38] [Worker-Main-7/INFO]: Found unifont_jp_patch-17.0.01.hex, loading
[15:37:38] [Render thread/INFO]: Info log when linking program containing VERTEX minecraft:core/text, FRAGMENT minecraft:core/text. Log output: WARNING: Output of vertex shader '_interface_variable_01' not read by fragment shader
WARNING: Output of vertex shader '_interface_variable_00' not read by fragment shader

[15:37:38] [Render thread/INFO]: Info log when linking program containing VERTEX minecraft:core/entity, FRAGMENT minecraft:core/entity. Log output: WARNING: Output of vertex shader '_interface_variable_01' not read by fragment shader
WARNING: Output of vertex shader '_interface_variable_00' not read by fragment shader

[15:37:38] [Render thread/INFO]: Info log when linking program containing VERTEX minecraft:core/terrain, FRAGMENT minecraft:core/terrain. Log output: WARNING: Output of vertex shader '_interface_variable_01' not read by fragment shader
WARNING: Output of vertex shader '_interface_variable_00' not read by fragment shader
WARNING: Output of vertex shader '_interface_variable_04' not read by fragment shader

[15:37:38] [Render thread/INFO]: Info log when linking program containing VERTEX minecraft:core/text, FRAGMENT minecraft:core/text. Log output: WARNING: Output of vertex shader '_interface_variable_01' not read by fragment shader
WARNING: Output of vertex shader '_interface_variable_00' not read by fragment shader

[15:37:38] [Render thread/INFO]: Info log when linking program containing VERTEX minecraft:core/block, FRAGMENT minecraft:core/block. Log output: WARNING: Output of vertex shader '_interface_variable_01' not read by fragment shader
WARNING: Output of vertex shader '_interface_variable_00' not read by fragment shader

[15:37:38] [Render thread/INFO]: Info log when linking program containing VERTEX minecraft:core/entity, FRAGMENT minecraft:core/entity. Log output: WARNING: Output of vertex shader '_interface_variable_01' not read by fragment shader
WARNING: Output of vertex shader '_interface_variable_00' not read by fragment shader

[15:37:38] [Render thread/INFO]: Info log when linking program containing VERTEX minecraft:core/particle, FRAGMENT minecraft:core/particle. Log output: WARNING: Output of vertex shader '_interface_variable_01' not read by fragment shader
WARNING: Output of vertex shader '_interface_variable_00' not read by fragment shader

[15:37:38] [Render thread/INFO]: Info log when linking program containing VERTEX minecraft:core/rendertype_entity_shadow, FRAGMENT minecraft:core/rendertype_entity_shadow. Log output: WARNING: Output of vertex shader '_interface_variable_01' not read by fragment shader
WARNING: Output of vertex shader '_interface_variable_00' not read by fragment shader

[15:37:38] [Render thread/INFO]: Info log when linking program containing VERTEX minecraft:core/screenquad, FRAGMENT minecraft:core/oit_composite. Log output: WARNING: Output of vertex shader '_interface_variable_00' not read by fragment shader

[15:37:38] [Render thread/INFO]: Info log when linking program containing VERTEX minecraft:core/screenquad, FRAGMENT minecraft:core/integrate_depth. Log output: WARNING: Output of vertex shader '_interface_variable_00' not read by fragment shader

[15:37:38] [Render thread/INFO]: Info log when linking program containing VERTEX minecraft:core/entity, FRAGMENT minecraft:core/entity. Log output: WARNING: Output of vertex shader '_interface_variable_01' not read by fragment shader
WARNING: Output of vertex shader '_interface_variable_00' not read by fragment shader

[15:37:38] [Render thread/INFO]: Info log when linking program containing VERTEX minecraft:core/terrain, FRAGMENT minecraft:core/terrain. Log output: WARNING: Output of vertex shader '_interface_variable_01' not read by fragment shader
WARNING: Output of vertex shader '_interface_variable_00' not read by fragment shader
WARNING: Output of vertex shader '_interface_variable_04' not read by fragment shader

[15:37:38] [Render thread/INFO]: Info log when linking program containing VERTEX minecraft:core/animate_sprite, FRAGMENT minecraft:core/animate_sprite_blit. Log output: WARNING: Output of vertex shader '_interface_variable_00' not read by fragment shader

[15:37:38] [Render thread/INFO]: Info log when linking program containing VERTEX minecraft:core/entity, FRAGMENT minecraft:core/entity. Log output: WARNING: Output of vertex shader '_interface_variable_01' not read by fragment shader
WARNING: Output of vertex shader '_interface_variable_00' not read by fragment shader

[15:37:38] [Render thread/INFO]: Info log when linking program containing VERTEX minecraft:core/entity, FRAGMENT minecraft:core/entity. Log output: WARNING: Output of vertex shader '_interface_variable_01' not read by fragment shader
WARNING: Output of vertex shader '_interface_variable_00' not read by fragment shader

[15:37:38] [Render thread/INFO]: Info log when linking program containing VERTEX minecraft:core/clouds, FRAGMENT minecraft:core/clouds. Log output: WARNING: Output of vertex shader '_interface_variable_00' not read by fragment shader

[15:37:38] [Render thread/INFO]: Info log when linking program containing VERTEX minecraft:core/entity, FRAGMENT minecraft:core/entity. Log output: WARNING: Output of vertex shader '_interface_variable_01' not read by fragment shader
WARNING: Output of vertex shader '_interface_variable_00' not read by fragment shader

[15:37:38] [Render thread/INFO]: Info log when linking program containing VERTEX minecraft:core/particle, FRAGMENT minecraft:core/particle. Log output: WARNING: Output of vertex shader '_interface_variable_01' not read by fragment shader
WARNING: Output of vertex shader '_interface_variable_00' not read by fragment shader

[15:37:38] [Render thread/INFO]: Info log when linking program containing VERTEX minecraft:core/screenquad, FRAGMENT minecraft:core/oit_depth_bounds_cull. Log output: WARNING: Output of vertex shader '_interface_variable_00' not read by fragment shader

[15:37:38] [Render thread/INFO]: Info log when linking program containing VERTEX minecraft:core/block, FRAGMENT minecraft:core/block. Log output: WARNING: Output of vertex shader '_interface_variable_01' not read by fragment shader
WARNING: Output of vertex shader '_interface_variable_00' not read by fragment shader

[15:37:38] [Render thread/INFO]: Info log when linking program containing VERTEX minecraft:core/text, FRAGMENT minecraft:core/text. Log output: WARNING: Output of vertex shader '_interface_variable_01' not read by fragment shader
WARNING: Output of vertex shader '_interface_variable_00' not read by fragment shader

[15:37:38] [Render thread/INFO]: Info log when linking program containing VERTEX minecraft:core/text, FRAGMENT minecraft:core/text. Log output: WARNING: Output of vertex shader '_interface_variable_01' not read by fragment shader
WARNING: Output of vertex shader '_interface_variable_00' not read by fragment shader

[15:37:38] [Render thread/INFO]: Info log when linking program containing VERTEX minecraft:core/text, FRAGMENT minecraft:core/text. Log output: WARNING: Output of vertex shader '_interface_variable_01' not read by fragment shader
WARNING: Output of vertex shader '_interface_variable_00' not read by fragment shader

[15:37:38] [Render thread/INFO]: Info log when linking program containing VERTEX minecraft:core/entity, FRAGMENT minecraft:core/entity. Log output: WARNING: Output of vertex shader '_interface_variable_01' not read by fragment shader
WARNING: Output of vertex shader '_interface_variable_00' not read by fragment shader

[15:37:38] [Render thread/INFO]: Info log when linking program containing VERTEX minecraft:core/clouds, FRAGMENT minecraft:core/clouds. Log output: WARNING: Output of vertex shader '_interface_variable_00' not read by fragment shader

[15:37:38] [Render thread/INFO]: Info log when linking program containing VERTEX minecraft:core/terrain, FRAGMENT minecraft:core/terrain. Log output: WARNING: Output of vertex shader '_interface_variable_01' not read by fragment shader
WARNING: Output of vertex shader '_interface_variable_00' not read by fragment shader
WARNING: Output of vertex shader '_interface_variable_04' not read by fragment shader

[15:37:38] [Render thread/INFO]: Info log when linking program containing VERTEX minecraft:core/rendertype_lines, FRAGMENT minecraft:core/rendertype_lines. Log output: WARNING: Output of vertex shader '_interface_variable_01' not read by fragment shader
WARNING: Output of vertex shader '_interface_variable_00' not read by fragment shader

[15:37:38] [Render thread/INFO]: Info log when linking program containing VERTEX minecraft:core/rendertype_entity_shadow, FRAGMENT minecraft:core/rendertype_entity_shadow. Log output: WARNING: Output of vertex shader '_interface_variable_01' not read by fragment shader
WARNING: Output of vertex shader '_interface_variable_00' not read by fragment shader

[15:37:38] [Render thread/INFO]: Info log when linking program containing VERTEX minecraft:core/text, FRAGMENT minecraft:core/text. Log output: WARNING: Output of vertex shader '_interface_variable_01' not read by fragment shader
WARNING: Output of vertex shader '_interface_variable_00' not read by fragment shader

[15:37:38] [Render thread/INFO]: Info log when linking program containing VERTEX minecraft:core/entity, FRAGMENT minecraft:core/entity. Log output: WARNING: Output of vertex shader '_interface_variable_01' not read by fragment shader
WARNING: Output of vertex shader '_interface_variable_00' not read by fragment shader

[15:37:38] [Render thread/INFO]: Info log when linking program containing VERTEX minecraft:core/particle, FRAGMENT minecraft:core/particle. Log output: WARNING: Output of vertex shader '_interface_variable_01' not read by fragment shader
WARNING: Output of vertex shader '_interface_variable_00' not read by fragment shader

[15:37:38] [Render thread/INFO]: Info log when linking program containing VERTEX minecraft:core/entity, FRAGMENT minecraft:core/entity. Log output: WARNING: Output of vertex shader '_interface_variable_01' not read by fragment shader
WARNING: Output of vertex shader '_interface_variable_00' not read by fragment shader

[15:37:38] [Render thread/INFO]: Info log when linking program containing VERTEX minecraft:core/entity, FRAGMENT minecraft:core/entity. Log output: WARNING: Output of vertex shader '_interface_variable_01' not read by fragment shader
WARNING: Output of vertex shader '_interface_variable_00' not read by fragment shader

[15:37:38] [Render thread/INFO]: Info log when linking program containing VERTEX minecraft:core/particle, FRAGMENT minecraft:core/particle. Log output: WARNING: Output of vertex shader '_interface_variable_01' not read by fragment shader
WARNING: Output of vertex shader '_interface_variable_00' not read by fragment shader

[15:37:38] [Render thread/INFO]: Info log when linking program containing VERTEX minecraft:core/text, FRAGMENT minecraft:core/text. Log output: WARNING: Output of vertex shader '_interface_variable_01' not read by fragment shader
WARNING: Output of vertex shader '_interface_variable_00' not read by fragment shader

[15:37:38] [Render thread/INFO]: Info log when linking program containing VERTEX minecraft:core/rendertype_crumbling, FRAGMENT minecraft:core/rendertype_crumbling. Log output: WARNING: Output of vertex shader '_interface_variable_01' not read by fragment shader
WARNING: Output of vertex shader '_interface_variable_00' not read by fragment shader

[15:37:38] [Render thread/INFO]: Info log when linking program containing VERTEX minecraft:core/text, FRAGMENT minecraft:core/text. Log output: WARNING: Output of vertex shader '_interface_variable_01' not read by fragment shader
WARNING: Output of vertex shader '_interface_variable_00' not read by fragment shader

[15:37:38] [Render thread/INFO]: Info log when linking program containing VERTEX minecraft:core/entity, FRAGMENT minecraft:core/entity. Log output: WARNING: Output of vertex shader '_interface_variable_01' not read by fragment shader
WARNING: Output of vertex shader '_interface_variable_00' not read by fragment shader

[15:37:38] [Render thread/INFO]: OpenAL initialized on device Mac mini扬声器
[15:37:38] [Render thread/INFO]: Sound engine started
[15:37:38] [Render thread/INFO]: Created: 512x256x0 minecraft:textures/atlas/particles.png-atlas
[15:37:38] [Render thread/INFO]: Created: 256x128x0 minecraft:textures/atlas/celestials.png-atlas
[15:37:38] [Render thread/INFO]: Created: 128x128x0 minecraft:textures/atlas/decorated_pot.png-atlas
[15:37:38] [Render thread/INFO]: Created: 512x256x0 minecraft:textures/atlas/paintings.png-atlas
[15:37:38] [Render thread/INFO]: Created: 1024x512x0 minecraft:textures/atlas/shield_patterns.png-atlas
[15:37:38] [Render thread/INFO]: Created: 1024x512x0 minecraft:textures/atlas/banner_patterns.png-atlas
[15:37:38] [Render thread/INFO]: Created: 2048x2048x4 minecraft:textures/atlas/blocks.png-atlas
[15:37:38] [Render thread/INFO]: Created: 1024x512x0 minecraft:textures/atlas/items.png-atlas
[15:37:38] [Render thread/INFO]: Created: 1024x1024x0 minecraft:textures/atlas/gui.png-atlas
[15:37:38] [Render thread/INFO]: Created: 128x64x0 minecraft:textures/atlas/map_decorations.png-atlas
[15:37:38] [Render thread/INFO]: Created: 512x512x0 minecraft:textures/atlas/chest.png-atlas
[15:37:38] [Render thread/INFO]: Created: 512x512x0 minecraft:textures/atlas/shulker_boxes.png-atlas
[15:37:41] [Worker-Main-1/INFO]: Loaded 1872 advancements
[15:37:41] [Render thread/INFO]: World loading finished: null screen: net.minecraft.client.gui.screens.GenericMessageScreen@71ef6cec
[15:37:41] [Render thread/INFO]: Applied 0 biome modifications to 0 of 67 new biomes in 150.9 μs
[15:37:41] [Server thread/INFO]: Starting integrated minecraft server version 26.3
[15:37:41] [Server thread/INFO]: Generating keypair
[15:37:41] [Server thread/INFO]: Selecting global world spawn...
[15:37:41] [Server thread/INFO]: Loading 0 persistent chunks...
[15:37:41] [Server thread/INFO]: 准备生成区域中：16%
[15:37:41] [Server thread/INFO]: Saving chunks for level 'ServerLevel[新的世界]'/minecraft:overworld
[15:37:41] [Server thread/INFO]: Saving chunks for level 'ServerLevel[新的世界]'/minecraft:the_end
[15:37:41] [Server thread/INFO]: Saving chunks for level 'ServerLevel[新的世界]'/minecraft:the_nether
[15:37:41] [Render thread/INFO]: World loading finished: null screen: net.minecraft.client.gui.screens.LevelLoadingScreen@6c74dc48
[15:37:41] [Render thread/INFO]: World loading finished: null screen: net.minecraft.client.gui.screens.LevelLoadingScreen@6c74dc48
[15:37:41] [Render thread/INFO]: World loading finished: null screen: net.minecraft.client.gui.screens.LevelLoadingScreen@6c74dc48
[15:37:41] [Render thread/INFO]: World loading finished: null screen: net.minecraft.client.gui.screens.LevelLoadingScreen@6c74dc48
[15:37:41] [Server thread/INFO]: Loading 48 chunks for player spawn...
[15:37:41] [Render thread/INFO]: World loading finished: null screen: net.minecraft.client.gui.screens.LevelLoadingScreen@6c74dc48
[15:37:41] [Render thread/INFO]: World loading finished: null screen: net.minecraft.client.gui.screens.LevelLoadingScreen@6c74dc48
[15:37:41] [Server thread/INFO]: Time elapsed: 366 ms
[15:37:41] [Render thread/INFO]: World loading finished: null screen: net.minecraft.client.gui.screens.LevelLoadingScreen@6c74dc48
[15:37:41] [Server thread/INFO]: Player235[local:E:46c2b9b7] logged in with entity id 129 at (0.5, -60.0, 0.5)
[15:37:41] [Server thread/INFO]: System chat: Player235加入了游戏
[15:37:41] [Server thread/INFO]: Changing view distance to 5, from 10
[15:37:41] [Server thread/INFO]: Changing simulation distance to 12, from 0
[15:37:41] [Render thread/INFO]: World loading finished: ClientLevel screen: net.minecraft.client.gui.screens.LevelLoadingScreen@6c74dc48
[15:37:41] [Render thread/WARN]: Requested post effect does not exist: minecraft:end_of_frame
[15:37:41] [Render thread/INFO]: Loaded 2 advancements
[15:37:41] [Render thread/INFO]: World loading finished: ClientLevel screen: net.minecraft.client.gui.screens.LevelLoadingScreen@6c74dc48
[15:37:41] [Render thread/INFO]: World loading finished: ClientLevel screen: net.minecraft.client.gui.screens.LevelLoadingScreen@6c74dc48
[15:37:41] [Render thread/INFO]: World loading finished: ClientLevel screen: net.minecraft.client.gui.screens.LevelLoadingScreen@6c74dc48
[15:37:42] [Render thread/INFO]: World loading finished: ClientLevel screen: net.minecraft.client.gui.screens.LevelLoadingScreen@6c74dc48
[15:37:42] [Render thread/INFO]: World loading finished: ClientLevel screen: net.minecraft.client.gui.screens.LevelLoadingScreen@6c74dc48
[15:37:42] [Render thread/INFO]: World loading finished: ClientLevel screen: net.minecraft.client.gui.screens.LevelLoadingScreen@6c74dc48
[15:37:42] [Render thread/INFO]: World loading finished: ClientLevel screen: net.minecraft.client.gui.screens.LevelLoadingScreen@6c74dc48
[15:37:42] [Render thread/INFO]: World loading finished: ClientLevel screen: net.minecraft.client.gui.screens.LevelLoadingScreen@6c74dc48
[15:37:42] [Render thread/INFO]: World loading finished: ClientLevel screen: net.minecraft.client.gui.screens.LevelLoadingScreen@6c74dc48
[15:37:42] [Render thread/INFO]: World loading finished: ClientLevel screen: net.minecraft.client.gui.screens.LevelLoadingScreen@6c74dc48
[15:37:42] [Render thread/INFO]: World loading finished: ClientLevel screen: net.minecraft.client.gui.screens.LevelLoadingScreen@6c74dc48
[15:37:42] [Render thread/INFO]: World loading finished: ClientLevel screen: net.minecraft.client.gui.screens.LevelLoadingScreen@6c74dc48
[15:37:42] [Render thread/INFO]: World loading finished: ClientLevel screen: net.minecraft.client.gui.screens.LevelLoadingScreen@6c74dc48
[15:37:42] [Render thread/INFO]: World loading finished: ClientLevel screen: net.minecraft.client.gui.screens.LevelLoadingScreen@6c74dc48
[15:37:42] [Render thread/INFO]: World loading finished: ClientLevel screen: null
[15:37:42] [Server thread/INFO]: System chat: Player235取得了进度[这不是铁镐么？]
[15:37:42] [Render thread/INFO]: [System] [CHAT] Player235取得了进度[这不是铁镐么？]
[15:37:42] [Render thread/INFO]: Loaded 42 advancements
[15:37:43] [Server thread/INFO]: Player235 lost connection: 连接中断
[15:37:43] [Server thread/INFO]: System chat: Player235退出了游戏
[15:37:43] [Server thread/INFO]: Stopping singleplayer server as player logged out
[15:37:43] [Server thread/INFO]: Stopping server
[15:37:43] [Server thread/INFO]: Saving players
[15:37:43] [Server thread/INFO]: Saving worlds
[15:37:43] [Server thread/INFO]: Saving chunks for level 'ServerLevel[新的世界]'/minecraft:overworld
[15:37:43] [Server thread/INFO]: Saving chunks for level 'ServerLevel[新的世界]'/minecraft:the_end
[15:37:43] [Server thread/INFO]: Saving chunks for level 'ServerLevel[新的世界]'/minecraft:the_nether
[15:37:43] [Render thread/INFO]: World loading finished: null screen: net.minecraft.client.gui.screens.GenericMessageScreen@20c1641
[15:37:43] [Worker-Main-3/INFO]: Loaded 1872 advancements
[15:37:43] [Render thread/INFO]: Applied 0 biome modifications to 0 of 67 new biomes in 160.6 μs
[15:37:43] [Server thread/INFO]: Starting integrated minecraft server version 26.3
[15:37:43] [Server thread/INFO]: Generating keypair
[15:37:43] [Server thread/INFO]: Loading 0 persistent chunks...
[15:37:43] [Server thread/INFO]: Saving chunks for level 'ServerLevel[新的世界]'/minecraft:overworld
[15:37:43] [Server thread/INFO]: Saving chunks for level 'ServerLevel[新的世界]'/minecraft:the_end
[15:37:43] [Server thread/INFO]: Saving chunks for level 'ServerLevel[新的世界]'/minecraft:the_nether
[15:37:43] [Render thread/INFO]: World loading finished: null screen: net.minecraft.client.gui.screens.LevelLoadingScreen@2b8ff4ac
[15:37:43] [Render thread/INFO]: World loading finished: null screen: net.minecraft.client.gui.screens.LevelLoadingScreen@2b8ff4ac
[15:37:43] [Render thread/INFO]: World loading finished: null screen: net.minecraft.client.gui.screens.LevelLoadingScreen@2b8ff4ac
[15:37:43] [Render thread/INFO]: World loading finished: null screen: net.minecraft.client.gui.screens.LevelLoadingScreen@2b8ff4ac
[15:37:43] [Server thread/INFO]: Loading 49 chunks for player spawn...
[15:37:43] [Server thread/INFO]: 准备生成区域中：16%
[15:37:43] [Render thread/INFO]: World loading finished: null screen: net.minecraft.client.gui.screens.LevelLoadingScreen@2b8ff4ac
[15:37:43] [Server thread/INFO]: Time elapsed: 267 ms
[15:37:44] [Render thread/INFO]: World loading finished: null screen: net.minecraft.client.gui.screens.LevelLoadingScreen@2b8ff4ac
[15:37:44] [Server thread/INFO]: Player235[local:E:ca6da0e0] logged in with entity id 130 at (0.5, 120.0, 0.5)
[15:37:44] [Server thread/INFO]: System chat: Player235加入了游戏
[15:37:44] [Server thread/INFO]: Changing view distance to 5, from 10
[15:37:44] [Server thread/INFO]: Changing simulation distance to 12, from 0
[15:37:44] [Render thread/INFO]: World loading finished: ClientLevel screen: net.minecraft.client.gui.screens.LevelLoadingScreen@2b8ff4ac
[15:37:44] [Render thread/INFO]: Loaded 42 advancements
[15:37:44] [Render thread/INFO]: World loading finished: ClientLevel screen: net.minecraft.client.gui.screens.LevelLoadingScreen@2b8ff4ac
[15:37:44] [Render thread/INFO]: World loading finished: ClientLevel screen: net.minecraft.client.gui.screens.LevelLoadingScreen@2b8ff4ac
[15:37:44] [Render thread/INFO]: World loading finished: ClientLevel screen: net.minecraft.client.gui.screens.LevelLoadingScreen@2b8ff4ac
[15:37:44] [Render thread/INFO]: World loading finished: ClientLevel screen: net.minecraft.client.gui.screens.LevelLoadingScreen@2b8ff4ac
[15:37:44] [Render thread/INFO]: World loading finished: ClientLevel screen: null
[15:37:50] [Render thread/INFO]: Loaded 61 advancements
[15:37:51] [Render thread/INFO]: Reloading ResourceManager: vanilla, vanilla, fabric-advancement-api-v1, fabric-api, fabric-api-base, fabric-api-lookup-api-v1, fabric-biome-api-v1, fabric-block-api-v1, fabric-block-getter-api-v2, fabric-client-gametest-api-v1, fabric-command-api-v2, fabric-content-registries-v0, fabric-convention-tags-v2, fabric-crash-report-info-v1, fabric-creative-tab-api-v1, fabric-data-attachment-api-v1, fabric-data-generation-api-v1, fabric-debug-api-v1, fabric-dimensions-v1, fabric-entity-events-v1, fabric-events-interaction-v0, fabric-game-rule-api-v1, fabric-gametest-api-v1, fabric-item-api-v1, fabric-key-mapping-api-v1, fabric-lifecycle-events-v1, fabric-loot-api-v3, fabric-menu-api-v1, fabric-message-api-v1, fabric-model-loading-api-v1, fabric-networking-api-v1, fabric-object-builder-api-v1, fabric-particles-v1, fabric-permission-api-v1, fabric-recipe-api-v1, fabric-registry-sync-v0, fabric-renderer-api-v1, fabric-renderer-indigo, fabric-rendering-fluids-v1, fabric-rendering-v1, fabric-resource-conditions-api-v1, fabric-resource-loader-v0, fabric-resource-loader-v1, fabric-screen-api-v1, fabric-serialization-api-v1, fabric-sound-api-v1, fabric-tag-api-v1, fabric-transfer-api-v1, fabric-transitive-access-wideners-v1, fabricloader, wildcraft, wildcraft-test
[15:37:51] [Worker-Main-5/INFO]: Found unifont_pua-17.0.01.hex, loading
[15:37:51] [Worker-Main-1/INFO]: Found unifont_all_no_pua-17.0.01.hex, loading
[15:37:51] [Server thread/INFO]: Saving and pausing game...
[15:37:51] [Server thread/INFO]: Saving chunks for level 'ServerLevel[新的世界]'/minecraft:overworld
[15:37:51] [Server thread/INFO]: Saving chunks for level 'ServerLevel[新的世界]'/minecraft:the_end
[15:37:51] [Server thread/INFO]: Saving chunks for level 'ServerLevel[新的世界]'/minecraft:the_nether
[15:37:51] [Render thread/INFO]: Info log when linking program containing VERTEX minecraft:core/terrain, FRAGMENT minecraft:core/terrain. Log output: WARNING: Output of vertex shader '_interface_variable_01' not read by fragment shader
WARNING: Output of vertex shader '_interface_variable_00' not read by fragment shader
WARNING: Output of vertex shader '_interface_variable_04' not read by fragment shader

[15:37:51] [Render thread/INFO]: Info log when linking program containing VERTEX minecraft:core/rendertype_crumbling, FRAGMENT minecraft:core/rendertype_crumbling. Log output: WARNING: Output of vertex shader '_interface_variable_01' not read by fragment shader
WARNING: Output of vertex shader '_interface_variable_00' not read by fragment shader

[15:37:51] [Render thread/INFO]: Info log when linking program containing VERTEX minecraft:core/entity, FRAGMENT minecraft:core/entity. Log output: WARNING: Output of vertex shader '_interface_variable_01' not read by fragment shader
WARNING: Output of vertex shader '_interface_variable_00' not read by fragment shader

[15:37:51] [Worker-Main-2/INFO]: Found unifont_jp_patch-17.0.01.hex, loading
[15:37:51] [Render thread/INFO]: Info log when linking program containing VERTEX minecraft:core/rendertype_lines, FRAGMENT minecraft:core/rendertype_lines. Log output: WARNING: Output of vertex shader '_interface_variable_01' not read by fragment shader
WARNING: Output of vertex shader '_interface_variable_00' not read by fragment shader

[15:37:51] [Render thread/INFO]: Info log when linking program containing VERTEX minecraft:core/terrain, FRAGMENT minecraft:core/terrain. Log output: WARNING: Output of vertex shader '_interface_variable_01' not read by fragment shader
WARNING: Output of vertex shader '_interface_variable_00' not read by fragment shader
WARNING: Output of vertex shader '_interface_variable_04' not read by fragment shader

[15:37:51] [Render thread/INFO]: Info log when linking program containing VERTEX minecraft:core/text, FRAGMENT minecraft:core/text. Log output: WARNING: Output of vertex shader '_interface_variable_01' not read by fragment shader
WARNING: Output of vertex shader '_interface_variable_00' not read by fragment shader

[15:37:51] [Render thread/INFO]: Info log when linking program containing VERTEX minecraft:core/entity, FRAGMENT minecraft:core/entity. Log output: WARNING: Output of vertex shader '_interface_variable_01' not read by fragment shader
WARNING: Output of vertex shader '_interface_variable_00' not read by fragment shader

[15:37:51] [Render thread/INFO]: Info log when linking program containing VERTEX minecraft:core/text, FRAGMENT minecraft:core/text. Log output: WARNING: Output of vertex shader '_interface_variable_01' not read by fragment shader
WARNING: Output of vertex shader '_interface_variable_00' not read by fragment shader

[15:37:51] [Render thread/INFO]: Info log when linking program containing VERTEX minecraft:core/block, FRAGMENT minecraft:core/block. Log output: WARNING: Output of vertex shader '_interface_variable_01' not read by fragment shader
WARNING: Output of vertex shader '_interface_variable_00' not read by fragment shader

[15:37:51] [Render thread/INFO]: Info log when linking program containing VERTEX minecraft:core/entity, FRAGMENT minecraft:core/entity. Log output: WARNING: Output of vertex shader '_interface_variable_01' not read by fragment shader
WARNING: Output of vertex shader '_interface_variable_00' not read by fragment shader

[15:37:51] [Render thread/INFO]: Info log when linking program containing VERTEX minecraft:core/rendertype_entity_shadow, FRAGMENT minecraft:core/rendertype_entity_shadow. Log output: WARNING: Output of vertex shader '_interface_variable_01' not read by fragment shader
WARNING: Output of vertex shader '_interface_variable_00' not read by fragment shader

[15:37:51] [Render thread/INFO]: Info log when linking program containing VERTEX minecraft:core/screenquad, FRAGMENT minecraft:core/oit_composite. Log output: WARNING: Output of vertex shader '_interface_variable_00' not read by fragment shader

[15:37:51] [Render thread/INFO]: Info log when linking program containing VERTEX minecraft:core/particle, FRAGMENT minecraft:core/particle. Log output: WARNING: Output of vertex shader '_interface_variable_01' not read by fragment shader
WARNING: Output of vertex shader '_interface_variable_00' not read by fragment shader

[15:37:51] [Render thread/INFO]: Info log when linking program containing VERTEX minecraft:core/screenquad, FRAGMENT minecraft:core/integrate_depth. Log output: WARNING: Output of vertex shader '_interface_variable_00' not read by fragment shader

[15:37:51] [Render thread/INFO]: Info log when linking program containing VERTEX minecraft:core/entity, FRAGMENT minecraft:core/entity. Log output: WARNING: Output of vertex shader '_interface_variable_01' not read by fragment shader
WARNING: Output of vertex shader '_interface_variable_00' not read by fragment shader

[15:37:51] [Render thread/INFO]: Info log when linking program containing VERTEX minecraft:core/terrain, FRAGMENT minecraft:core/terrain. Log output: WARNING: Output of vertex shader '_interface_variable_01' not read by fragment shader
WARNING: Output of vertex shader '_interface_variable_00' not read by fragment shader
WARNING: Output of vertex shader '_interface_variable_04' not read by fragment shader

[15:37:51] [Render thread/INFO]: Info log when linking program containing VERTEX minecraft:core/animate_sprite, FRAGMENT minecraft:core/animate_sprite_blit. Log output: WARNING: Output of vertex shader '_interface_variable_00' not read by fragment shader

[15:37:51] [Render thread/INFO]: Info log when linking program containing VERTEX minecraft:core/entity, FRAGMENT minecraft:core/entity. Log output: WARNING: Output of vertex shader '_interface_variable_01' not read by fragment shader
WARNING: Output of vertex shader '_interface_variable_00' not read by fragment shader

[15:37:51] [Render thread/INFO]: Info log when linking program containing VERTEX minecraft:core/entity, FRAGMENT minecraft:core/entity. Log output: WARNING: Output of vertex shader '_interface_variable_01' not read by fragment shader
WARNING: Output of vertex shader '_interface_variable_00' not read by fragment shader

[15:37:51] [Render thread/INFO]: Info log when linking program containing VERTEX minecraft:core/clouds, FRAGMENT minecraft:core/clouds. Log output: WARNING: Output of vertex shader '_interface_variable_00' not read by fragment shader

[15:37:51] [Render thread/INFO]: Info log when linking program containing VERTEX minecraft:core/particle, FRAGMENT minecraft:core/particle. Log output: WARNING: Output of vertex shader '_interface_variable_01' not read by fragment shader
WARNING: Output of vertex shader '_interface_variable_00' not read by fragment shader

[15:37:51] [Render thread/INFO]: Info log when linking program containing VERTEX minecraft:core/entity, FRAGMENT minecraft:core/entity. Log output: WARNING: Output of vertex shader '_interface_variable_01' not read by fragment shader
WARNING: Output of vertex shader '_interface_variable_00' not read by fragment shader

[15:37:51] [Render thread/INFO]: Info log when linking program containing VERTEX minecraft:core/screenquad, FRAGMENT minecraft:core/oit_depth_bounds_cull. Log output: WARNING: Output of vertex shader '_interface_variable_00' not read by fragment shader

[15:37:51] [Render thread/INFO]: Info log when linking program containing VERTEX minecraft:core/block, FRAGMENT minecraft:core/block. Log output: WARNING: Output of vertex shader '_interface_variable_01' not read by fragment shader
WARNING: Output of vertex shader '_interface_variable_00' not read by fragment shader

[15:37:51] [Render thread/INFO]: Info log when linking program containing VERTEX minecraft:core/text, FRAGMENT minecraft:core/text. Log output: WARNING: Output of vertex shader '_interface_variable_01' not read by fragment shader
WARNING: Output of vertex shader '_interface_variable_00' not read by fragment shader

[15:37:51] [Render thread/INFO]: Info log when linking program containing VERTEX minecraft:core/text, FRAGMENT minecraft:core/text. Log output: WARNING: Output of vertex shader '_interface_variable_01' not read by fragment shader
WARNING: Output of vertex shader '_interface_variable_00' not read by fragment shader

[15:37:51] [Render thread/INFO]: Info log when linking program containing VERTEX minecraft:core/text, FRAGMENT minecraft:core/text. Log output: WARNING: Output of vertex shader '_interface_variable_01' not read by fragment shader
WARNING: Output of vertex shader '_interface_variable_00' not read by fragment shader

[15:37:51] [Render thread/INFO]: Info log when linking program containing VERTEX minecraft:core/entity, FRAGMENT minecraft:core/entity. Log output: WARNING: Output of vertex shader '_interface_variable_01' not read by fragment shader
WARNING: Output of vertex shader '_interface_variable_00' not read by fragment shader

[15:37:51] [Render thread/INFO]: Info log when linking program containing VERTEX minecraft:core/terrain, FRAGMENT minecraft:core/terrain. Log output: WARNING: Output of vertex shader '_interface_variable_01' not read by fragment shader
WARNING: Output of vertex shader '_interface_variable_00' not read by fragment shader
WARNING: Output of vertex shader '_interface_variable_04' not read by fragment shader

[15:37:51] [Render thread/INFO]: Info log when linking program containing VERTEX minecraft:core/text, FRAGMENT minecraft:core/text. Log output: WARNING: Output of vertex shader '_interface_variable_01' not read by fragment shader
WARNING: Output of vertex shader '_interface_variable_00' not read by fragment shader

[15:37:51] [Render thread/INFO]: Info log when linking program containing VERTEX minecraft:core/clouds, FRAGMENT minecraft:core/clouds. Log output: WARNING: Output of vertex shader '_interface_variable_00' not read by fragment shader

[15:37:51] [Render thread/INFO]: Info log when linking program containing VERTEX minecraft:core/rendertype_lines, FRAGMENT minecraft:core/rendertype_lines. Log output: WARNING: Output of vertex shader '_interface_variable_01' not read by fragment shader
WARNING: Output of vertex shader '_interface_variable_00' not read by fragment shader

[15:37:51] [Render thread/INFO]: Info log when linking program containing VERTEX minecraft:core/rendertype_entity_shadow, FRAGMENT minecraft:core/rendertype_entity_shadow. Log output: WARNING: Output of vertex shader '_interface_variable_01' not read by fragment shader
WARNING: Output of vertex shader '_interface_variable_00' not read by fragment shader

[15:37:51] [Render thread/INFO]: Info log when linking program containing VERTEX minecraft:core/entity, FRAGMENT minecraft:core/entity. Log output: WARNING: Output of vertex shader '_interface_variable_01' not read by fragment shader
WARNING: Output of vertex shader '_interface_variable_00' not read by fragment shader

[15:37:51] [Render thread/INFO]: Info log when linking program containing VERTEX minecraft:core/entity, FRAGMENT minecraft:core/entity. Log output: WARNING: Output of vertex shader '_interface_variable_01' not read by fragment shader
WARNING: Output of vertex shader '_interface_variable_00' not read by fragment shader

[15:37:51] [Render thread/INFO]: Info log when linking program containing VERTEX minecraft:core/text, FRAGMENT minecraft:core/text. Log output: WARNING: Output of vertex shader '_interface_variable_01' not read by fragment shader
WARNING: Output of vertex shader '_interface_variable_00' not read by fragment shader

[15:37:51] [Render thread/INFO]: Info log when linking program containing VERTEX minecraft:core/particle, FRAGMENT minecraft:core/particle. Log output: WARNING: Output of vertex shader '_interface_variable_01' not read by fragment shader
WARNING: Output of vertex shader '_interface_variable_00' not read by fragment shader

[15:37:51] [Render thread/INFO]: Info log when linking program containing VERTEX minecraft:core/entity, FRAGMENT minecraft:core/entity. Log output: WARNING: Output of vertex shader '_interface_variable_01' not read by fragment shader
WARNING: Output of vertex shader '_interface_variable_00' not read by fragment shader

[15:37:51] [Render thread/INFO]: Info log when linking program containing VERTEX minecraft:core/rendertype_crumbling, FRAGMENT minecraft:core/rendertype_crumbling. Log output: WARNING: Output of vertex shader '_interface_variable_01' not read by fragment shader
WARNING: Output of vertex shader '_interface_variable_00' not read by fragment shader

[15:37:51] [Render thread/INFO]: Info log when linking program containing VERTEX minecraft:core/particle, FRAGMENT minecraft:core/particle. Log output: WARNING: Output of vertex shader '_interface_variable_01' not read by fragment shader
WARNING: Output of vertex shader '_interface_variable_00' not read by fragment shader

[15:37:51] [Render thread/INFO]: Info log when linking program containing VERTEX minecraft:core/entity, FRAGMENT minecraft:core/entity. Log output: WARNING: Output of vertex shader '_interface_variable_01' not read by fragment shader
WARNING: Output of vertex shader '_interface_variable_00' not read by fragment shader

[15:37:51] [Render thread/INFO]: Info log when linking program containing VERTEX minecraft:core/text, FRAGMENT minecraft:core/text. Log output: WARNING: Output of vertex shader '_interface_variable_01' not read by fragment shader
WARNING: Output of vertex shader '_interface_variable_00' not read by fragment shader

[15:37:51] [Render thread/INFO]: OpenAL initialized on device Mac mini扬声器
[15:37:51] [Render thread/INFO]: Sound engine started
[15:37:51] [Render thread/INFO]: Created: 512x256x0 minecraft:textures/atlas/particles.png-atlas
[15:37:51] [Render thread/INFO]: Created: 256x128x0 minecraft:textures/atlas/celestials.png-atlas
[15:37:51] [Render thread/INFO]: Created: 128x128x0 minecraft:textures/atlas/decorated_pot.png-atlas
[15:37:51] [Render thread/INFO]: Created: 512x256x0 minecraft:textures/atlas/paintings.png-atlas
[15:37:51] [Render thread/INFO]: Created: 1024x512x0 minecraft:textures/atlas/shield_patterns.png-atlas
[15:37:51] [Render thread/INFO]: Created: 1024x512x0 minecraft:textures/atlas/banner_patterns.png-atlas
[15:37:51] [Render thread/INFO]: Created: 2048x2048x4 minecraft:textures/atlas/blocks.png-atlas
[15:37:51] [Render thread/INFO]: Created: 1024x512x0 minecraft:textures/atlas/items.png-atlas
[15:37:51] [Render thread/INFO]: Created: 1024x1024x0 minecraft:textures/atlas/gui.png-atlas
[15:37:51] [Render thread/INFO]: Created: 128x64x0 minecraft:textures/atlas/map_decorations.png-atlas
[15:37:51] [Render thread/INFO]: Created: 512x512x0 minecraft:textures/atlas/chest.png-atlas
[15:37:51] [Render thread/INFO]: Created: 512x512x0 minecraft:textures/atlas/shulker_boxes.png-atlas
[15:37:51] [Render thread/WARN]: Requested post effect does not exist: minecraft:end_of_frame
[15:37:54] [Server thread/INFO]: Player235 lost connection: Disconnected
[15:37:54] [Server thread/INFO]: System chat: Player235 left the game
[15:37:54] [Server thread/INFO]: Stopping singleplayer server as player logged out
[15:37:54] [Server thread/INFO]: Stopping server
[15:37:54] [Server thread/INFO]: Saving players
[15:37:54] [Server thread/INFO]: Saving worlds
[15:37:54] [Server thread/INFO]: Saving chunks for level 'ServerLevel[新的世界]'/minecraft:overworld
[15:37:54] [Server thread/INFO]: Saving chunks for level 'ServerLevel[新的世界]'/minecraft:the_end
[15:37:54] [Server thread/INFO]: Saving chunks for level 'ServerLevel[新的世界]'/minecraft:the_nether
[15:37:54] [Render thread/INFO]: Reloading ResourceManager: vanilla, vanilla, fabric-advancement-api-v1, fabric-api, fabric-api-base, fabric-api-lookup-api-v1, fabric-biome-api-v1, fabric-block-api-v1, fabric-block-getter-api-v2, fabric-client-gametest-api-v1, fabric-command-api-v2, fabric-content-registries-v0, fabric-convention-tags-v2, fabric-crash-report-info-v1, fabric-creative-tab-api-v1, fabric-data-attachment-api-v1, fabric-data-generation-api-v1, fabric-debug-api-v1, fabric-dimensions-v1, fabric-entity-events-v1, fabric-events-interaction-v0, fabric-game-rule-api-v1, fabric-gametest-api-v1, fabric-item-api-v1, fabric-key-mapping-api-v1, fabric-lifecycle-events-v1, fabric-loot-api-v3, fabric-menu-api-v1, fabric-message-api-v1, fabric-model-loading-api-v1, fabric-networking-api-v1, fabric-object-builder-api-v1, fabric-particles-v1, fabric-permission-api-v1, fabric-recipe-api-v1, fabric-registry-sync-v0, fabric-renderer-api-v1, fabric-renderer-indigo, fabric-rendering-fluids-v1, fabric-rendering-v1, fabric-resource-conditions-api-v1, fabric-resource-loader-v0, fabric-resource-loader-v1, fabric-screen-api-v1, fabric-serialization-api-v1, fabric-sound-api-v1, fabric-tag-api-v1, fabric-transfer-api-v1, fabric-transitive-access-wideners-v1, fabricloader, wildcraft, wildcraft-test
[15:37:54] [Worker-Main-4/INFO]: Found unifont_all_no_pua-17.0.01.hex, loading
[15:37:54] [Worker-Main-5/INFO]: Found unifont_pua-17.0.01.hex, loading
[15:37:54] [Render thread/INFO]: Info log when linking program containing VERTEX minecraft:core/terrain, FRAGMENT minecraft:core/terrain. Log output: WARNING: Output of vertex shader '_interface_variable_01' not read by fragment shader
WARNING: Output of vertex shader '_interface_variable_00' not read by fragment shader
WARNING: Output of vertex shader '_interface_variable_04' not read by fragment shader

[15:37:54] [Render thread/INFO]: Info log when linking program containing VERTEX minecraft:core/rendertype_crumbling, FRAGMENT minecraft:core/rendertype_crumbling. Log output: WARNING: Output of vertex shader '_interface_variable_01' not read by fragment shader
WARNING: Output of vertex shader '_interface_variable_00' not read by fragment shader

[15:37:54] [Render thread/INFO]: Info log when linking program containing VERTEX minecraft:core/entity, FRAGMENT minecraft:core/entity. Log output: WARNING: Output of vertex shader '_interface_variable_01' not read by fragment shader
WARNING: Output of vertex shader '_interface_variable_00' not read by fragment shader

[15:37:54] [Render thread/INFO]: Info log when linking program containing VERTEX minecraft:core/rendertype_lines, FRAGMENT minecraft:core/rendertype_lines. Log output: WARNING: Output of vertex shader '_interface_variable_01' not read by fragment shader
WARNING: Output of vertex shader '_interface_variable_00' not read by fragment shader

[15:37:54] [Worker-Main-4/INFO]: Found unifont_jp_patch-17.0.01.hex, loading
[15:37:54] [Render thread/INFO]: Info log when linking program containing VERTEX minecraft:core/terrain, FRAGMENT minecraft:core/terrain. Log output: WARNING: Output of vertex shader '_interface_variable_01' not read by fragment shader
WARNING: Output of vertex shader '_interface_variable_00' not read by fragment shader
WARNING: Output of vertex shader '_interface_variable_04' not read by fragment shader

[15:37:54] [Render thread/INFO]: Info log when linking program containing VERTEX minecraft:core/text, FRAGMENT minecraft:core/text. Log output: WARNING: Output of vertex shader '_interface_variable_01' not read by fragment shader
WARNING: Output of vertex shader '_interface_variable_00' not read by fragment shader

[15:37:54] [Render thread/INFO]: Info log when linking program containing VERTEX minecraft:core/entity, FRAGMENT minecraft:core/entity. Log output: WARNING: Output of vertex shader '_interface_variable_01' not read by fragment shader
WARNING: Output of vertex shader '_interface_variable_00' not read by fragment shader

[15:37:54] [Render thread/INFO]: Info log when linking program containing VERTEX minecraft:core/text, FRAGMENT minecraft:core/text. Log output: WARNING: Output of vertex shader '_interface_variable_01' not read by fragment shader
WARNING: Output of vertex shader '_interface_variable_00' not read by fragment shader

[15:37:54] [Render thread/INFO]: Info log when linking program containing VERTEX minecraft:core/block, FRAGMENT minecraft:core/block. Log output: WARNING: Output of vertex shader '_interface_variable_01' not read by fragment shader
WARNING: Output of vertex shader '_interface_variable_00' not read by fragment shader

[15:37:54] [Render thread/INFO]: Info log when linking program containing VERTEX minecraft:core/entity, FRAGMENT minecraft:core/entity. Log output: WARNING: Output of vertex shader '_interface_variable_01' not read by fragment shader
WARNING: Output of vertex shader '_interface_variable_00' not read by fragment shader

[15:37:54] [Render thread/INFO]: Info log when linking program containing VERTEX minecraft:core/rendertype_entity_shadow, FRAGMENT minecraft:core/rendertype_entity_shadow. Log output: WARNING: Output of vertex shader '_interface_variable_01' not read by fragment shader
WARNING: Output of vertex shader '_interface_variable_00' not read by fragment shader

[15:37:54] [Render thread/INFO]: Info log when linking program containing VERTEX minecraft:core/particle, FRAGMENT minecraft:core/particle. Log output: WARNING: Output of vertex shader '_interface_variable_01' not read by fragment shader
WARNING: Output of vertex shader '_interface_variable_00' not read by fragment shader

[15:37:54] [Render thread/INFO]: Info log when linking program containing VERTEX minecraft:core/screenquad, FRAGMENT minecraft:core/oit_composite. Log output: WARNING: Output of vertex shader '_interface_variable_00' not read by fragment shader

[15:37:54] [Render thread/INFO]: Info log when linking program containing VERTEX minecraft:core/screenquad, FRAGMENT minecraft:core/integrate_depth. Log output: WARNING: Output of vertex shader '_interface_variable_00' not read by fragment shader

[15:37:54] [Render thread/INFO]: Info log when linking program containing VERTEX minecraft:core/entity, FRAGMENT minecraft:core/entity. Log output: WARNING: Output of vertex shader '_interface_variable_01' not read by fragment shader
WARNING: Output of vertex shader '_interface_variable_00' not read by fragment shader

[15:37:54] [Render thread/INFO]: Info log when linking program containing VERTEX minecraft:core/terrain, FRAGMENT minecraft:core/terrain. Log output: WARNING: Output of vertex shader '_interface_variable_01' not read by fragment shader
WARNING: Output of vertex shader '_interface_variable_00' not read by fragment shader
WARNING: Output of vertex shader '_interface_variable_04' not read by fragment shader

[15:37:54] [Render thread/INFO]: Info log when linking program containing VERTEX minecraft:core/entity, FRAGMENT minecraft:core/entity. Log output: WARNING: Output of vertex shader '_interface_variable_01' not read by fragment shader
WARNING: Output of vertex shader '_interface_variable_00' not read by fragment shader

[15:37:54] [Render thread/INFO]: Info log when linking program containing VERTEX minecraft:core/animate_sprite, FRAGMENT minecraft:core/animate_sprite_blit. Log output: WARNING: Output of vertex shader '_interface_variable_00' not read by fragment shader

[15:37:54] [Render thread/INFO]: Info log when linking program containing VERTEX minecraft:core/entity, FRAGMENT minecraft:core/entity. Log output: WARNING: Output of vertex shader '_interface_variable_01' not read by fragment shader
WARNING: Output of vertex shader '_interface_variable_00' not read by fragment shader

[15:37:54] [Render thread/INFO]: Info log when linking program containing VERTEX minecraft:core/particle, FRAGMENT minecraft:core/particle. Log output: WARNING: Output of vertex shader '_interface_variable_01' not read by fragment shader
WARNING: Output of vertex shader '_interface_variable_00' not read by fragment shader

[15:37:54] [Render thread/INFO]: Info log when linking program containing VERTEX minecraft:core/clouds, FRAGMENT minecraft:core/clouds. Log output: WARNING: Output of vertex shader '_interface_variable_00' not read by fragment shader

[15:37:54] [Render thread/INFO]: Info log when linking program containing VERTEX minecraft:core/entity, FRAGMENT minecraft:core/entity. Log output: WARNING: Output of vertex shader '_interface_variable_01' not read by fragment shader
WARNING: Output of vertex shader '_interface_variable_00' not read by fragment shader

[15:37:54] [Render thread/INFO]: Info log when linking program containing VERTEX minecraft:core/screenquad, FRAGMENT minecraft:core/oit_depth_bounds_cull. Log output: WARNING: Output of vertex shader '_interface_variable_00' not read by fragment shader

[15:37:54] [Render thread/INFO]: Info log when linking program containing VERTEX minecraft:core/block, FRAGMENT minecraft:core/block. Log output: WARNING: Output of vertex shader '_interface_variable_01' not read by fragment shader
WARNING: Output of vertex shader '_interface_variable_00' not read by fragment shader

[15:37:54] [Render thread/INFO]: Info log when linking program containing VERTEX minecraft:core/text, FRAGMENT minecraft:core/text. Log output: WARNING: Output of vertex shader '_interface_variable_01' not read by fragment shader
WARNING: Output of vertex shader '_interface_variable_00' not read by fragment shader

[15:37:54] [Render thread/INFO]: Info log when linking program containing VERTEX minecraft:core/text, FRAGMENT minecraft:core/text. Log output: WARNING: Output of vertex shader '_interface_variable_01' not read by fragment shader
WARNING: Output of vertex shader '_interface_variable_00' not read by fragment shader

[15:37:54] [Render thread/INFO]: Info log when linking program containing VERTEX minecraft:core/text, FRAGMENT minecraft:core/text. Log output: WARNING: Output of vertex shader '_interface_variable_01' not read by fragment shader
WARNING: Output of vertex shader '_interface_variable_00' not read by fragment shader

[15:37:54] [Render thread/INFO]: Info log when linking program containing VERTEX minecraft:core/terrain, FRAGMENT minecraft:core/terrain. Log output: WARNING: Output of vertex shader '_interface_variable_01' not read by fragment shader
WARNING: Output of vertex shader '_interface_variable_00' not read by fragment shader
WARNING: Output of vertex shader '_interface_variable_04' not read by fragment shader

[15:37:54] [Render thread/INFO]: Info log when linking program containing VERTEX minecraft:core/entity, FRAGMENT minecraft:core/entity. Log output: WARNING: Output of vertex shader '_interface_variable_01' not read by fragment shader
WARNING: Output of vertex shader '_interface_variable_00' not read by fragment shader

[15:37:54] [Render thread/INFO]: Info log when linking program containing VERTEX minecraft:core/text, FRAGMENT minecraft:core/text. Log output: WARNING: Output of vertex shader '_interface_variable_01' not read by fragment shader
WARNING: Output of vertex shader '_interface_variable_00' not read by fragment shader

[15:37:54] [Render thread/INFO]: Info log when linking program containing VERTEX minecraft:core/rendertype_entity_shadow, FRAGMENT minecraft:core/rendertype_entity_shadow. Log output: WARNING: Output of vertex shader '_interface_variable_01' not read by fragment shader
WARNING: Output of vertex shader '_interface_variable_00' not read by fragment shader

[15:37:54] [Render thread/INFO]: Info log when linking program containing VERTEX minecraft:core/clouds, FRAGMENT minecraft:core/clouds. Log output: WARNING: Output of vertex shader '_interface_variable_00' not read by fragment shader

[15:37:54] [Render thread/INFO]: Info log when linking program containing VERTEX minecraft:core/rendertype_lines, FRAGMENT minecraft:core/rendertype_lines. Log output: WARNING: Output of vertex shader '_interface_variable_01' not read by fragment shader
WARNING: Output of vertex shader '_interface_variable_00' not read by fragment shader

[15:37:54] [Render thread/INFO]: Info log when linking program containing VERTEX minecraft:core/entity, FRAGMENT minecraft:core/entity. Log output: WARNING: Output of vertex shader '_interface_variable_01' not read by fragment shader
WARNING: Output of vertex shader '_interface_variable_00' not read by fragment shader

[15:37:54] [Render thread/INFO]: Info log when linking program containing VERTEX minecraft:core/entity, FRAGMENT minecraft:core/entity. Log output: WARNING: Output of vertex shader '_interface_variable_01' not read by fragment shader
WARNING: Output of vertex shader '_interface_variable_00' not read by fragment shader

[15:37:54] [Render thread/INFO]: Info log when linking program containing VERTEX minecraft:core/text, FRAGMENT minecraft:core/text. Log output: WARNING: Output of vertex shader '_interface_variable_01' not read by fragment shader
WARNING: Output of vertex shader '_interface_variable_00' not read by fragment shader

[15:37:54] [Render thread/INFO]: Info log when linking program containing VERTEX minecraft:core/entity, FRAGMENT minecraft:core/entity. Log output: WARNING: Output of vertex shader '_interface_variable_01' not read by fragment shader
WARNING: Output of vertex shader '_interface_variable_00' not read by fragment shader

[15:37:54] [Render thread/INFO]: Info log when linking program containing VERTEX minecraft:core/particle, FRAGMENT minecraft:core/particle. Log output: WARNING: Output of vertex shader '_interface_variable_01' not read by fragment shader
WARNING: Output of vertex shader '_interface_variable_00' not read by fragment shader

[15:37:54] [Render thread/INFO]: Info log when linking program containing VERTEX minecraft:core/particle, FRAGMENT minecraft:core/particle. Log output: WARNING: Output of vertex shader '_interface_variable_01' not read by fragment shader
WARNING: Output of vertex shader '_interface_variable_00' not read by fragment shader

[15:37:54] [Render thread/INFO]: Info log when linking program containing VERTEX minecraft:core/rendertype_crumbling, FRAGMENT minecraft:core/rendertype_crumbling. Log output: WARNING: Output of vertex shader '_interface_variable_01' not read by fragment shader
WARNING: Output of vertex shader '_interface_variable_00' not read by fragment shader

[15:37:54] [Render thread/INFO]: Info log when linking program containing VERTEX minecraft:core/entity, FRAGMENT minecraft:core/entity. Log output: WARNING: Output of vertex shader '_interface_variable_01' not read by fragment shader
WARNING: Output of vertex shader '_interface_variable_00' not read by fragment shader

[15:37:54] [Render thread/INFO]: Info log when linking program containing VERTEX minecraft:core/text, FRAGMENT minecraft:core/text. Log output: WARNING: Output of vertex shader '_interface_variable_01' not read by fragment shader
WARNING: Output of vertex shader '_interface_variable_00' not read by fragment shader

[15:37:54] [Render thread/INFO]: OpenAL initialized on device Mac mini扬声器
[15:37:54] [Render thread/INFO]: Sound engine started
[15:37:54] [Render thread/INFO]: Created: 512x256x0 minecraft:textures/atlas/particles.png-atlas
[15:37:54] [Render thread/INFO]: Created: 256x128x0 minecraft:textures/atlas/celestials.png-atlas
[15:37:54] [Render thread/INFO]: Created: 128x128x0 minecraft:textures/atlas/decorated_pot.png-atlas
[15:37:54] [Render thread/INFO]: Created: 512x256x0 minecraft:textures/atlas/paintings.png-atlas
[15:37:54] [Render thread/INFO]: Created: 1024x512x0 minecraft:textures/atlas/shield_patterns.png-atlas
[15:37:54] [Render thread/INFO]: Created: 1024x512x0 minecraft:textures/atlas/banner_patterns.png-atlas
[15:37:54] [Render thread/INFO]: Created: 2048x2048x4 minecraft:textures/atlas/blocks.png-atlas
[15:37:55] [Render thread/INFO]: Created: 1024x512x0 minecraft:textures/atlas/items.png-atlas
[15:37:55] [Render thread/INFO]: Created: 1024x1024x0 minecraft:textures/atlas/gui.png-atlas
[15:37:55] [Render thread/INFO]: Created: 128x64x0 minecraft:textures/atlas/map_decorations.png-atlas
[15:37:55] [Render thread/INFO]: Created: 512x512x0 minecraft:textures/atlas/chest.png-atlas
[15:37:55] [Render thread/INFO]: Created: 512x512x0 minecraft:textures/atlas/shulker_boxes.png-atlas
[15:37:55] [Test thread/INFO]: [STDOUT]: WILDCRAFT P8 native placement/input/button replay, real disk paid job, actual mining/single carried loot/replacement, same output, full inventory and single collection passed
[15:37:55] [Render thread/INFO]: Stopping!

BUILD SUCCESSFUL in 5m 40s
14 actionable tasks: 3 executed, 11 up-to-date
