
> Configure project :
Fabric Loom: 1.18.2

> Task :deleteGameTestRunDir
> Task :acceptGameTestEula
> Task :acceptPackagedClientTestEula UP-TO-DATE
> Task :downloadAssets UP-TO-DATE
> Task :compileJava UP-TO-DATE
> Task :processResources UP-TO-DATE
> Task :classes UP-TO-DATE
> Task :compileClientJava UP-TO-DATE
> Task :processClientResources UP-TO-DATE
> Task :clientClasses UP-TO-DATE
> Task :compileGametestJava UP-TO-DATE
> Task :processGametestResources UP-TO-DATE
> Task :gametestClasses UP-TO-DATE
> Task :gameTestJar UP-TO-DATE
> Task :processIncludeJars UP-TO-DATE
> Task :jar UP-TO-DATE

> Task :runPackagedClientTest
[14:57:01] [main/INFO]: Loading Minecraft 26.3 with Fabric Loader 0.19.5
[14:57:01] [main/INFO]: Mappings not present!
[14:57:01] [main/INFO]: Loading 53 mods:
	- fabric-advancement-api-v1 1.0.0+38c7a2d55d
	- fabric-api 0.161.0+26.3
	- fabric-api-base 2.0.6+fcdff87f5d
	- fabric-api-lookup-api-v1 2.0.24+3434d6d95d
	- fabric-biome-api-v1 20.0.9+74ed1ea55d
	- fabric-block-api-v1 3.1.0+0ae6f9115d
	- fabric-block-getter-api-v2 2.0.9+3434d6d95d
	- fabric-client-gametest-api-v1 6.0.7+4be74c3f5d
	- fabric-command-api-v2 3.1.2+fcdff87f5d
	- fabric-content-registries-v0 15.0.4+74ed1ea55d
	- fabric-convention-tags-v2 4.10.3+6b5b47fd5d
	- fabric-crash-report-info-v1 1.0.7+fcdff87f5d
	- fabric-creative-tab-api-v1 5.0.21+fcdff87f5d
	- fabric-data-attachment-api-v1 2.2.30+3434d6d95d
	- fabric-data-generation-api-v1 27.2.4+427eab975d
	- fabric-debug-api-v1 1.0.4+3434d6d95d
	- fabric-dimensions-v1 5.1.19+47f74c985d
	- fabric-entity-events-v1 6.0.4+3434d6d95d
	- fabric-events-interaction-v0 5.3.6+3434d6d95d
	- fabric-game-rule-api-v1 4.0.10+3434d6d95d
	- fabric-gametest-api-v1 4.0.32+3434d6d95d
	- fabric-item-api-v1 14.7.0+cf6bc2db5d
	- fabric-key-mapping-api-v1 2.0.8+3434d6d95d
	- fabric-lifecycle-events-v1 4.1.9+ffef5f675d
	- fabric-loot-api-v3 4.0.8+4068fd645d
	- fabric-menu-api-v1 2.0.27+ed66f0a35d
	- fabric-message-api-v1 7.0.10+3434d6d95d
	- fabric-model-loading-api-v1 8.0.35+fcdff87f5d
	- fabric-networking-api-v1 6.3.8+fcdff87f5d
	- fabric-object-builder-api-v1 24.1.9+3434d6d95d
	- fabric-particles-v1 5.0.24+3434d6d95d
	- fabric-permission-api-v1 1.0.8+fcdff87f5d
	- fabric-recipe-api-v1 10.0.8+fcdff87f5d
	- fabric-registry-sync-v0 8.0.1+fcdff87f5d
	- fabric-renderer-api-v1 17.0.15+79385d0b5d
	- fabric-renderer-indigo 9.1.23+b9d63e335d
	- fabric-rendering-fluids-v1 6.0.6+3434d6d95d
	- fabric-rendering-v1 27.0.14+901a437c5d
	- fabric-resource-conditions-api-v1 6.1.5+3434d6d95d
	- fabric-resource-loader-v0 3.3.26+4fc5413f5d
	- fabric-resource-loader-v1 3.0.4+fcdff87f5d
	- fabric-screen-api-v1 5.2.4+48607d035d
	- fabric-serialization-api-v1 2.0.7+74ed1ea55d
	- fabric-sound-api-v1 2.0.7+3434d6d95d
	- fabric-tag-api-v1 2.1.10+fcdff87f5d
	- fabric-transfer-api-v1 8.0.25+fcdff87f5d
	- fabric-transitive-access-wideners-v1 8.1.16+52268a0e5d
	- fabricloader 0.19.5
	   \-- mixinextras 0.5.5
	- java 25
	- minecraft 26.3
	- wildcraft 0.1.0-dev.12
	- wildcraft-test 1.0.0
[14:57:01] [main/INFO]: SpongePowered MIXIN Subsystem Version=0.8.7 Source=file:/Volumes/%e4%bb%95%e4%ba%8b/Wildcraft/%e5%bc%80%e5%8f%91%e7%8e%af%e5%a2%83/cache/gradle/caches/modules-2/files-2.1/net.fabricmc/sponge-mixin/0.17.4+mixin.0.8.7/5f66cc9f59b8efaa942155a3d5a30599bf6640dd/sponge-mixin-0.17.4+mixin.0.8.7.jar Service=Knot/Fabric Env=CLIENT
WARNING: A restricted method in java.lang.System has been called
WARNING: java.lang.System::load has been called by org.lwjgl.system.Library$$Lambda/0x00000ffe0129fd60 in an unnamed module (file:/Volumes/%E4%BB%95%E4%BA%8B/Wildcraft/%E5%BC%80%E5%8F%91%E7%8E%AF%E5%A2%83/cache/gradle/caches/modules-2/files-2.1/org.lwjgl/lwjgl/3.4.3/7ab5265a73d8a959ed62332d546536ae6be2f0d5/lwjgl-3.4.3.jar)
WARNING: Use --enable-native-access=ALL-UNNAMED to avoid a warning for callers in this module
WARNING: Restricted methods will be blocked in a future release unless native access is enabled

WARNING: A terminally deprecated method in sun.misc.Unsafe has been called
WARNING: sun.misc.Unsafe::objectFieldOffset has been called by org.lwjgl.system.MemoryBackendUnsafeLegacy (file:/Volumes/%E4%BB%95%E4%BA%8B/Wildcraft/%E5%BC%80%E5%8F%91%E7%8E%AF%E5%A2%83/cache/gradle/caches/modules-2/files-2.1/org.lwjgl/lwjgl/3.4.3/7ab5265a73d8a959ed62332d546536ae6be2f0d5/lwjgl-3.4.3.jar)
WARNING: Please consider reporting this to the maintainers of class org.lwjgl.system.MemoryBackendUnsafeLegacy
WARNING: sun.misc.Unsafe::objectFieldOffset will be removed in a future release
[14:57:02] [main/INFO]: Initializing MixinExtras via com.llamalad7.mixinextras.service.MixinExtrasServiceImpl(version=0.5.5).
[14:57:03] [Datafixer Bootstrap #0/INFO]: 307 Datafixer optimizations took 311 milliseconds
[14:57:03] [main/WARN]: Unable to parse version 27.0 to a codename.
[14:57:06] [Render thread/INFO]: Environment: Environment[discoveryUrl=https://discovery.minecraftservices.com/minecraft/client, name=PROD]
[14:57:06] [Render thread/INFO]: Setting user: Player413
[14:57:06] [Render thread/INFO]: Wildcraft P7 initialization complete; mechanics, energy, cooking, temperature and traversal registered.
[14:57:06] [Render thread/INFO]: [Indigo] Registering Indigo renderer!
[14:57:06] [Render thread/INFO]: Wildcraft core art v1 client initialization complete; HUD, authored poses, traversal and equipment layers registered.
[14:57:06] [Render thread/ERROR]: Illegal option value 0 for Anisotropic Filtering
[14:57:06] [Render thread/INFO]: Backend library: LWJGL version 3.4.3-snapshot
[14:57:06] [Render thread/INFO]: SDL [SYSTEM]: App name: Minecraft
[14:57:06] [Render thread/INFO]: SDL [SYSTEM]: App version: 26.3
[14:57:06] [Render thread/INFO]: SDL [SYSTEM]: App ID: com.mojang.minecraft
[14:57:06] [Render thread/INFO]: SDL [SYSTEM]: SDL revision: SDL-3.4.14-62f10da
[14:57:07] [Render thread/WARN]: Device [Apple M4] supports all extensions from FeatureSet [Vulkan Portability Subset], making required
[14:57:07] [Render thread/INFO]: Using graphics backend OpenGL, using drivers: 4.1 Metal - 91.7
[14:57:07] [Render thread/INFO]: Using graphics device: Apple M4 (Apple)
[14:57:07] [Render thread/INFO]: Using graphics device extensions: GL_ARB_draw_indirect, GL_EXT_texture_filter_anisotropic
[14:57:07] [Render thread/INFO]: Created window using SDL video driver: cocoa
[14:57:07] [Download-2/ERROR]: Failed to fetch user properties
com.mojang.authlib.exceptions.InvalidCredentialsException: Status: 401
	at knot//com.mojang.authlib.exceptions.MinecraftClientHttpException.toAuthenticationException(MinecraftClientHttpException.java:70)
	at knot//com.mojang.authlib.services.MinecraftServicesUserApiService.fetchProperties(MinecraftServicesUserApiService.java:168)
	at knot//net.minecraft.client.Minecraft.lambda$new$1(Minecraft.java:451)
	at java.base/java.util.concurrent.CompletableFuture$AsyncSupply.run(CompletableFuture.java:1789)
	at java.base/java.util.concurrent.ThreadPoolExecutor.runWorker(ThreadPoolExecutor.java:1090)
	at java.base/java.util.concurrent.ThreadPoolExecutor$Worker.run(ThreadPoolExecutor.java:614)
	at java.base/java.lang.Thread.run(Thread.java:1474)
Caused by: MinecraftClientHttpException[type=HTTP_ERROR, status=401, response=ErrorResponse[path=/player/attributes, error=null, errorMessage=null, details=null]]
	at knot//com.mojang.authlib.minecraft.client.MinecraftClient.buildHttpException(MinecraftClient.java:170)
	at knot//com.mojang.authlib.minecraft.client.MinecraftClient.readServiceResponse(MinecraftClient.java:147)
	at knot//com.mojang.authlib.minecraft.client.MinecraftClient.getWithEtag(MinecraftClient.java:81)
	at knot//com.mojang.authlib.minecraft.client.MinecraftClient.get(MinecraftClient.java:65)
	at knot//com.mojang.authlib.services.MinecraftServicesUserApiService.fetchProperties(MinecraftServicesUserApiService.java:118)
	... 5 more
[14:57:08] [Render thread/INFO]: Reloading ResourceManager: vanilla, vanilla, fabric-advancement-api-v1, fabric-api, fabric-api-base, fabric-api-lookup-api-v1, fabric-biome-api-v1, fabric-block-api-v1, fabric-block-getter-api-v2, fabric-client-gametest-api-v1, fabric-command-api-v2, fabric-content-registries-v0, fabric-convention-tags-v2, fabric-crash-report-info-v1, fabric-creative-tab-api-v1, fabric-data-attachment-api-v1, fabric-data-generation-api-v1, fabric-debug-api-v1, fabric-dimensions-v1, fabric-entity-events-v1, fabric-events-interaction-v0, fabric-game-rule-api-v1, fabric-gametest-api-v1, fabric-item-api-v1, fabric-key-mapping-api-v1, fabric-lifecycle-events-v1, fabric-loot-api-v3, fabric-menu-api-v1, fabric-message-api-v1, fabric-model-loading-api-v1, fabric-networking-api-v1, fabric-object-builder-api-v1, fabric-particles-v1, fabric-permission-api-v1, fabric-recipe-api-v1, fabric-registry-sync-v0, fabric-renderer-api-v1, fabric-renderer-indigo, fabric-rendering-fluids-v1, fabric-rendering-v1, fabric-resource-conditions-api-v1, fabric-resource-loader-v0, fabric-resource-loader-v1, fabric-screen-api-v1, fabric-serialization-api-v1, fabric-sound-api-v1, fabric-tag-api-v1, fabric-transfer-api-v1, fabric-transitive-access-wideners-v1, fabricloader, wildcraft, wildcraft-test
UNSUPPORTED (log once): gldCopyBufferSubData: NEEDS IMPLEMENTATION
[14:57:08] [Worker-Main-8/INFO]: Found unifont_all_no_pua-17.0.01.hex, loading
[14:57:08] [Worker-Main-7/INFO]: Found unifont_pua-17.0.01.hex, loading
[14:57:08] [Worker-Main-2/INFO]: Found unifont_jp_patch-17.0.01.hex, loading
[14:57:08] [Download-1/INFO]: Could not authorize you against Realms server: java.lang.RuntimeException: Failed to parse into SignedJWT: FabricMC
[14:57:08] [Download-1/ERROR]: Failed to fetch Realms feature flags
com.mojang.realmsclient.exception.RealmsServiceException: Realms authentication error with message 'java.lang.RuntimeException: Failed to parse into SignedJWT: FabricMC'
	at knot//com.mojang.realmsclient.client.RealmsClient.execute(RealmsClient.java:625)
	at knot//com.mojang.realmsclient.client.RealmsClient.fetchFeatureFlags(RealmsClient.java:204)
	at java.base/java.util.concurrent.CompletableFuture$AsyncSupply.run(CompletableFuture.java:1789)
	at java.base/java.util.concurrent.ThreadPoolExecutor.runWorker(ThreadPoolExecutor.java:1090)
	at java.base/java.util.concurrent.ThreadPoolExecutor$Worker.run(ThreadPoolExecutor.java:614)
	at java.base/java.lang.Thread.run(Thread.java:1474)
[14:57:08] [Render thread/INFO]: Info log when linking program containing VERTEX minecraft:core/rendertype_crumbling, FRAGMENT minecraft:core/rendertype_crumbling. Log output: WARNING: Output of vertex shader '_interface_variable_01' not read by fragment shader
WARNING: Output of vertex shader '_interface_variable_00' not read by fragment shader

[14:57:08] [Render thread/INFO]: Info log when linking program containing VERTEX minecraft:core/terrain, FRAGMENT minecraft:core/terrain. Log output: WARNING: Output of vertex shader '_interface_variable_01' not read by fragment shader
WARNING: Output of vertex shader '_interface_variable_00' not read by fragment shader
WARNING: Output of vertex shader '_interface_variable_04' not read by fragment shader

[14:57:08] [Render thread/INFO]: Info log when linking program containing VERTEX minecraft:core/rendertype_lines, FRAGMENT minecraft:core/rendertype_lines. Log output: WARNING: Output of vertex shader '_interface_variable_01' not read by fragment shader
WARNING: Output of vertex shader '_interface_variable_00' not read by fragment shader

[14:57:08] [Render thread/INFO]: Info log when linking program containing VERTEX minecraft:core/entity, FRAGMENT minecraft:core/entity. Log output: WARNING: Output of vertex shader '_interface_variable_01' not read by fragment shader
WARNING: Output of vertex shader '_interface_variable_00' not read by fragment shader

[14:57:08] [Render thread/INFO]: Info log when linking program containing VERTEX minecraft:core/entity, FRAGMENT minecraft:core/entity. Log output: WARNING: Output of vertex shader '_interface_variable_01' not read by fragment shader
WARNING: Output of vertex shader '_interface_variable_00' not read by fragment shader

[14:57:08] [Render thread/INFO]: Info log when linking program containing VERTEX minecraft:core/text, FRAGMENT minecraft:core/text. Log output: WARNING: Output of vertex shader '_interface_variable_01' not read by fragment shader
WARNING: Output of vertex shader '_interface_variable_00' not read by fragment shader

[14:57:08] [Render thread/INFO]: Info log when linking program containing VERTEX minecraft:core/terrain, FRAGMENT minecraft:core/terrain. Log output: WARNING: Output of vertex shader '_interface_variable_01' not read by fragment shader
WARNING: Output of vertex shader '_interface_variable_00' not read by fragment shader
WARNING: Output of vertex shader '_interface_variable_04' not read by fragment shader

[14:57:08] [Render thread/INFO]: Info log when linking program containing VERTEX minecraft:core/text, FRAGMENT minecraft:core/text. Log output: WARNING: Output of vertex shader '_interface_variable_01' not read by fragment shader
WARNING: Output of vertex shader '_interface_variable_00' not read by fragment shader

[14:57:08] [Render thread/INFO]: Info log when linking program containing VERTEX minecraft:core/block, FRAGMENT minecraft:core/block. Log output: WARNING: Output of vertex shader '_interface_variable_01' not read by fragment shader
WARNING: Output of vertex shader '_interface_variable_00' not read by fragment shader

[14:57:08] [Render thread/INFO]: Info log when linking program containing VERTEX minecraft:core/entity, FRAGMENT minecraft:core/entity. Log output: WARNING: Output of vertex shader '_interface_variable_01' not read by fragment shader
WARNING: Output of vertex shader '_interface_variable_00' not read by fragment shader

[14:57:08] [Render thread/INFO]: Info log when linking program containing VERTEX minecraft:core/particle, FRAGMENT minecraft:core/particle. Log output: WARNING: Output of vertex shader '_interface_variable_01' not read by fragment shader
WARNING: Output of vertex shader '_interface_variable_00' not read by fragment shader

[14:57:08] [Render thread/INFO]: Info log when linking program containing VERTEX minecraft:core/rendertype_entity_shadow, FRAGMENT minecraft:core/rendertype_entity_shadow. Log output: WARNING: Output of vertex shader '_interface_variable_01' not read by fragment shader
WARNING: Output of vertex shader '_interface_variable_00' not read by fragment shader

[14:57:08] [Render thread/INFO]: Info log when linking program containing VERTEX minecraft:core/screenquad, FRAGMENT minecraft:core/oit_composite. Log output: WARNING: Output of vertex shader '_interface_variable_00' not read by fragment shader

[14:57:08] [Render thread/INFO]: Info log when linking program containing VERTEX minecraft:core/screenquad, FRAGMENT minecraft:core/integrate_depth. Log output: WARNING: Output of vertex shader '_interface_variable_00' not read by fragment shader

[14:57:08] [Render thread/INFO]: Info log when linking program containing VERTEX minecraft:core/entity, FRAGMENT minecraft:core/entity. Log output: WARNING: Output of vertex shader '_interface_variable_01' not read by fragment shader
WARNING: Output of vertex shader '_interface_variable_00' not read by fragment shader

[14:57:08] [Render thread/INFO]: Info log when linking program containing VERTEX minecraft:core/animate_sprite, FRAGMENT minecraft:core/animate_sprite_blit. Log output: WARNING: Output of vertex shader '_interface_variable_00' not read by fragment shader

[14:57:09] [Render thread/INFO]: Info log when linking program containing VERTEX minecraft:core/entity, FRAGMENT minecraft:core/entity. Log output: WARNING: Output of vertex shader '_interface_variable_01' not read by fragment shader
WARNING: Output of vertex shader '_interface_variable_00' not read by fragment shader

[14:57:09] [Render thread/INFO]: Info log when linking program containing VERTEX minecraft:core/entity, FRAGMENT minecraft:core/entity. Log output: WARNING: Output of vertex shader '_interface_variable_01' not read by fragment shader
WARNING: Output of vertex shader '_interface_variable_00' not read by fragment shader

[14:57:09] [Render thread/INFO]: Info log when linking program containing VERTEX minecraft:core/terrain, FRAGMENT minecraft:core/terrain. Log output: WARNING: Output of vertex shader '_interface_variable_01' not read by fragment shader
WARNING: Output of vertex shader '_interface_variable_00' not read by fragment shader
WARNING: Output of vertex shader '_interface_variable_04' not read by fragment shader

[14:57:09] [Render thread/INFO]: Info log when linking program containing VERTEX minecraft:core/entity, FRAGMENT minecraft:core/entity. Log output: WARNING: Output of vertex shader '_interface_variable_01' not read by fragment shader
WARNING: Output of vertex shader '_interface_variable_00' not read by fragment shader

[14:57:09] [Render thread/INFO]: Info log when linking program containing VERTEX minecraft:core/particle, FRAGMENT minecraft:core/particle. Log output: WARNING: Output of vertex shader '_interface_variable_01' not read by fragment shader
WARNING: Output of vertex shader '_interface_variable_00' not read by fragment shader

[14:57:09] [Render thread/INFO]: Info log when linking program containing VERTEX minecraft:core/clouds, FRAGMENT minecraft:core/clouds. Log output: WARNING: Output of vertex shader '_interface_variable_00' not read by fragment shader

[14:57:09] [Render thread/INFO]: Info log when linking program containing VERTEX minecraft:core/block, FRAGMENT minecraft:core/block. Log output: WARNING: Output of vertex shader '_interface_variable_01' not read by fragment shader
WARNING: Output of vertex shader '_interface_variable_00' not read by fragment shader

[14:57:09] [Render thread/INFO]: Info log when linking program containing VERTEX minecraft:core/screenquad, FRAGMENT minecraft:core/oit_depth_bounds_cull. Log output: WARNING: Output of vertex shader '_interface_variable_00' not read by fragment shader

[14:57:09] [Render thread/INFO]: Info log when linking program containing VERTEX minecraft:core/text, FRAGMENT minecraft:core/text. Log output: WARNING: Output of vertex shader '_interface_variable_01' not read by fragment shader
WARNING: Output of vertex shader '_interface_variable_00' not read by fragment shader

[14:57:09] [Render thread/INFO]: Info log when linking program containing VERTEX minecraft:core/entity, FRAGMENT minecraft:core/entity. Log output: WARNING: Output of vertex shader '_interface_variable_01' not read by fragment shader
WARNING: Output of vertex shader '_interface_variable_00' not read by fragment shader

[14:57:09] [Render thread/INFO]: Info log when linking program containing VERTEX minecraft:core/text, FRAGMENT minecraft:core/text. Log output: WARNING: Output of vertex shader '_interface_variable_01' not read by fragment shader
WARNING: Output of vertex shader '_interface_variable_00' not read by fragment shader

[14:57:09] [Render thread/INFO]: Info log when linking program containing VERTEX minecraft:core/text, FRAGMENT minecraft:core/text. Log output: WARNING: Output of vertex shader '_interface_variable_01' not read by fragment shader
WARNING: Output of vertex shader '_interface_variable_00' not read by fragment shader

[14:57:09] [Render thread/INFO]: Info log when linking program containing VERTEX minecraft:core/terrain, FRAGMENT minecraft:core/terrain. Log output: WARNING: Output of vertex shader '_interface_variable_01' not read by fragment shader
WARNING: Output of vertex shader '_interface_variable_00' not read by fragment shader
WARNING: Output of vertex shader '_interface_variable_04' not read by fragment shader

[14:57:09] [Render thread/INFO]: Info log when linking program containing VERTEX minecraft:core/text, FRAGMENT minecraft:core/text. Log output: WARNING: Output of vertex shader '_interface_variable_01' not read by fragment shader
WARNING: Output of vertex shader '_interface_variable_00' not read by fragment shader

[14:57:09] [Render thread/INFO]: Info log when linking program containing VERTEX minecraft:core/rendertype_entity_shadow, FRAGMENT minecraft:core/rendertype_entity_shadow. Log output: WARNING: Output of vertex shader '_interface_variable_01' not read by fragment shader
WARNING: Output of vertex shader '_interface_variable_00' not read by fragment shader

[14:57:09] [Render thread/INFO]: Info log when linking program containing VERTEX minecraft:core/rendertype_lines, FRAGMENT minecraft:core/rendertype_lines. Log output: WARNING: Output of vertex shader '_interface_variable_01' not read by fragment shader
WARNING: Output of vertex shader '_interface_variable_00' not read by fragment shader

[14:57:09] [Render thread/INFO]: Info log when linking program containing VERTEX minecraft:core/clouds, FRAGMENT minecraft:core/clouds. Log output: WARNING: Output of vertex shader '_interface_variable_00' not read by fragment shader

[14:57:09] [Render thread/INFO]: Info log when linking program containing VERTEX minecraft:core/entity, FRAGMENT minecraft:core/entity. Log output: WARNING: Output of vertex shader '_interface_variable_01' not read by fragment shader
WARNING: Output of vertex shader '_interface_variable_00' not read by fragment shader

[14:57:09] [Render thread/INFO]: Info log when linking program containing VERTEX minecraft:core/particle, FRAGMENT minecraft:core/particle. Log output: WARNING: Output of vertex shader '_interface_variable_01' not read by fragment shader
WARNING: Output of vertex shader '_interface_variable_00' not read by fragment shader

[14:57:09] [Render thread/INFO]: Info log when linking program containing VERTEX minecraft:core/entity, FRAGMENT minecraft:core/entity. Log output: WARNING: Output of vertex shader '_interface_variable_01' not read by fragment shader
WARNING: Output of vertex shader '_interface_variable_00' not read by fragment shader

[14:57:09] [Render thread/INFO]: Info log when linking program containing VERTEX minecraft:core/rendertype_crumbling, FRAGMENT minecraft:core/rendertype_crumbling. Log output: WARNING: Output of vertex shader '_interface_variable_01' not read by fragment shader
WARNING: Output of vertex shader '_interface_variable_00' not read by fragment shader

[14:57:09] [Render thread/INFO]: Info log when linking program containing VERTEX minecraft:core/entity, FRAGMENT minecraft:core/entity. Log output: WARNING: Output of vertex shader '_interface_variable_01' not read by fragment shader
WARNING: Output of vertex shader '_interface_variable_00' not read by fragment shader

[14:57:09] [Render thread/INFO]: Info log when linking program containing VERTEX minecraft:core/particle, FRAGMENT minecraft:core/particle. Log output: WARNING: Output of vertex shader '_interface_variable_01' not read by fragment shader
WARNING: Output of vertex shader '_interface_variable_00' not read by fragment shader

[14:57:09] [Render thread/INFO]: Info log when linking program containing VERTEX minecraft:core/entity, FRAGMENT minecraft:core/entity. Log output: WARNING: Output of vertex shader '_interface_variable_01' not read by fragment shader
WARNING: Output of vertex shader '_interface_variable_00' not read by fragment shader

[14:57:09] [Render thread/INFO]: Info log when linking program containing VERTEX minecraft:core/text, FRAGMENT minecraft:core/text. Log output: WARNING: Output of vertex shader '_interface_variable_01' not read by fragment shader
WARNING: Output of vertex shader '_interface_variable_00' not read by fragment shader

[14:57:09] [Render thread/INFO]: Info log when linking program containing VERTEX minecraft:core/text, FRAGMENT minecraft:core/text. Log output: WARNING: Output of vertex shader '_interface_variable_01' not read by fragment shader
WARNING: Output of vertex shader '_interface_variable_00' not read by fragment shader

[14:57:09] [Render thread/INFO]: OpenAL initialized on device Mac mini扬声器
[14:57:09] [Render thread/INFO]: Sound engine started
[14:57:09] [Render thread/INFO]: Created: 512x256x0 minecraft:textures/atlas/particles.png-atlas
[14:57:09] [Render thread/INFO]: Created: 256x128x0 minecraft:textures/atlas/celestials.png-atlas
[14:57:09] [Render thread/INFO]: Created: 128x128x0 minecraft:textures/atlas/decorated_pot.png-atlas
[14:57:09] [Render thread/INFO]: Created: 512x256x0 minecraft:textures/atlas/paintings.png-atlas
[14:57:09] [Render thread/INFO]: Created: 1024x512x0 minecraft:textures/atlas/shield_patterns.png-atlas
[14:57:09] [Render thread/INFO]: Created: 1024x512x0 minecraft:textures/atlas/banner_patterns.png-atlas
[14:57:09] [Render thread/INFO]: Created: 2048x2048x4 minecraft:textures/atlas/blocks.png-atlas
[14:57:09] [Render thread/INFO]: Created: 1024x512x0 minecraft:textures/atlas/items.png-atlas
[14:57:09] [Render thread/INFO]: Created: 1024x1024x0 minecraft:textures/atlas/gui.png-atlas
[14:57:09] [Render thread/INFO]: Created: 128x64x0 minecraft:textures/atlas/map_decorations.png-atlas
[14:57:09] [Render thread/INFO]: Created: 512x512x0 minecraft:textures/atlas/chest.png-atlas
[14:57:09] [Render thread/INFO]: Created: 512x512x0 minecraft:textures/atlas/shulker_boxes.png-atlas
[14:57:10] [Download-1/INFO]: Could not authorize you against Realms server: java.lang.RuntimeException: Failed to parse into SignedJWT: FabricMC
[14:57:10] [Download-1/ERROR]: Couldn't connect to realms
com.mojang.realmsclient.exception.RealmsServiceException: Realms authentication error with message 'java.lang.RuntimeException: Failed to parse into SignedJWT: FabricMC'
	at knot//com.mojang.realmsclient.client.RealmsClient.execute(RealmsClient.java:625)
	at knot//com.mojang.realmsclient.client.RealmsClient.clientCompatible(RealmsClient.java:354)
	at knot//com.mojang.realmsclient.RealmsAvailability.lambda$check$0(RealmsAvailability.java:48)
	at java.base/java.util.concurrent.CompletableFuture$AsyncSupply.run(CompletableFuture.java:1789)
	at java.base/java.util.concurrent.ThreadPoolExecutor.runWorker(ThreadPoolExecutor.java:1090)
	at java.base/java.util.concurrent.ThreadPoolExecutor$Worker.run(ThreadPoolExecutor.java:614)
	at java.base/java.lang.Thread.run(Thread.java:1474)
[14:57:12] [Worker-Main-4/INFO]: Loaded 1872 advancements
[14:57:12] [Render thread/INFO]: World loading finished: null screen: net.minecraft.client.gui.screens.GenericMessageScreen@72ae70e6
[14:57:12] [Render thread/INFO]: Applied 0 biome modifications to 0 of 67 new biomes in 657.0 μs
[14:57:12] [Server thread/INFO]: Starting integrated minecraft server version 26.3
[14:57:12] [Server thread/INFO]: Generating keypair
[14:57:12] [Server thread/INFO]: Selecting global world spawn...
[14:57:13] [Server thread/INFO]: Loading 0 persistent chunks...
[14:57:13] [Server thread/INFO]: Preparing spawn area: 16%
[14:57:13] [Server thread/INFO]: Saving chunks for level 'ServerLevel[New World]'/minecraft:overworld
[14:57:13] [Server thread/INFO]: Saving chunks for level 'ServerLevel[New World]'/minecraft:the_end
[14:57:13] [Server thread/INFO]: Saving chunks for level 'ServerLevel[New World]'/minecraft:the_nether
[14:57:13] [Render thread/INFO]: World loading finished: null screen: net.minecraft.client.gui.screens.LevelLoadingScreen@7e7c50c6
[14:57:13] [Render thread/INFO]: World loading finished: null screen: net.minecraft.client.gui.screens.LevelLoadingScreen@7e7c50c6
[14:57:13] [Render thread/INFO]: World loading finished: null screen: net.minecraft.client.gui.screens.LevelLoadingScreen@7e7c50c6
[14:57:13] [Render thread/INFO]: World loading finished: null screen: net.minecraft.client.gui.screens.LevelLoadingScreen@7e7c50c6
[14:57:13] [Render thread/INFO]: World loading finished: null screen: net.minecraft.client.gui.screens.LevelLoadingScreen@7e7c50c6
[14:57:13] [Render thread/INFO]: World loading finished: null screen: net.minecraft.client.gui.screens.LevelLoadingScreen@7e7c50c6
[14:57:13] [Server thread/INFO]: Loading 48 chunks for player spawn...
[14:57:13] [Server thread/INFO]: Preparing spawn area: 16%
[14:57:13] [Render thread/INFO]: World loading finished: null screen: net.minecraft.client.gui.screens.LevelLoadingScreen@7e7c50c6
[14:57:13] [Render thread/INFO]: World loading finished: null screen: net.minecraft.client.gui.screens.LevelLoadingScreen@7e7c50c6
[14:57:13] [Render thread/INFO]: World loading finished: null screen: net.minecraft.client.gui.screens.LevelLoadingScreen@7e7c50c6
[14:57:13] [Render thread/INFO]: World loading finished: null screen: net.minecraft.client.gui.screens.LevelLoadingScreen@7e7c50c6
[14:57:13] [Server thread/INFO]: Time elapsed: 739 ms
[14:57:13] [Render thread/INFO]: World loading finished: null screen: net.minecraft.client.gui.screens.LevelLoadingScreen@7e7c50c6
[14:57:13] [Server thread/INFO]: Player413[local:E:c9814932] logged in with entity id 1 at (0.5, -60.0, 0.5)
[14:57:13] [Server thread/INFO]: System chat: Player413 joined the game
[14:57:13] [Server thread/INFO]: Changing view distance to 5, from 10
[14:57:13] [Server thread/INFO]: Changing simulation distance to 12, from 0
[14:57:13] [Render thread/INFO]: World loading finished: null screen: net.minecraft.client.gui.screens.LevelLoadingScreen@7e7c50c6
[14:57:13] [Render thread/INFO]: Loaded 2 advancements
[14:57:13] [Render thread/INFO]: World loading finished: ClientLevel screen: net.minecraft.client.gui.screens.LevelLoadingScreen@7e7c50c6
[14:57:13] [Render thread/WARN]: Requested post effect does not exist: minecraft:end_of_frame
[14:57:13] [Render thread/INFO]: Resizing Dynamic Transforms UBO, capacity limit of 2 reached during a single frame. New capacity will be 4.
[14:57:13] [Render thread/INFO]: World loading finished: ClientLevel screen: net.minecraft.client.gui.screens.LevelLoadingScreen@7e7c50c6
[14:57:13] [Render thread/INFO]: Resizing Dynamic Transforms UBO, capacity limit of 4 reached during a single frame. New capacity will be 8.
[14:57:13] [Render thread/INFO]: Resizing Dynamic Transforms UBO, capacity limit of 8 reached during a single frame. New capacity will be 16.
[14:57:13] [Render thread/INFO]: World loading finished: ClientLevel screen: net.minecraft.client.gui.screens.LevelLoadingScreen@7e7c50c6
[14:57:13] [Render thread/INFO]: World loading finished: ClientLevel screen: net.minecraft.client.gui.screens.LevelLoadingScreen@7e7c50c6
[14:57:13] [Render thread/INFO]: Resizing Chunk Sections UBO, capacity limit of 2 reached during a single frame. New capacity will be 8.
[14:57:13] [Render thread/INFO]: World loading finished: ClientLevel screen: net.minecraft.client.gui.screens.LevelLoadingScreen@7e7c50c6
[14:57:14] [Render thread/INFO]: World loading finished: ClientLevel screen: net.minecraft.client.gui.screens.LevelLoadingScreen@7e7c50c6
[14:57:14] [Render thread/INFO]: Resizing Chunk Sections UBO, capacity limit of 8 reached during a single frame. New capacity will be 16.
[14:57:14] [Render thread/INFO]: World loading finished: ClientLevel screen: net.minecraft.client.gui.screens.LevelLoadingScreen@7e7c50c6
[14:57:14] [Render thread/INFO]: World loading finished: ClientLevel screen: net.minecraft.client.gui.screens.LevelLoadingScreen@7e7c50c6
[14:57:14] [Render thread/INFO]: World loading finished: ClientLevel screen: net.minecraft.client.gui.screens.LevelLoadingScreen@7e7c50c6
[14:57:14] [Render thread/INFO]: World loading finished: ClientLevel screen: net.minecraft.client.gui.screens.LevelLoadingScreen@7e7c50c6
[14:57:14] [Render thread/INFO]: World loading finished: ClientLevel screen: net.minecraft.client.gui.screens.LevelLoadingScreen@7e7c50c6
[14:57:14] [Render thread/INFO]: World loading finished: ClientLevel screen: net.minecraft.client.gui.screens.LevelLoadingScreen@7e7c50c6
[14:57:14] [Render thread/INFO]: World loading finished: ClientLevel screen: net.minecraft.client.gui.screens.LevelLoadingScreen@7e7c50c6
[14:57:14] [Render thread/INFO]: Resizing Chunk Sections UBO, capacity limit of 16 reached during a single frame. New capacity will be 32.
[14:57:14] [Render thread/INFO]: World loading finished: ClientLevel screen: net.minecraft.client.gui.screens.LevelLoadingScreen@7e7c50c6
[14:57:14] [Render thread/INFO]: World loading finished: ClientLevel screen: net.minecraft.client.gui.screens.LevelLoadingScreen@7e7c50c6
[14:57:14] [Render thread/INFO]: World loading finished: ClientLevel screen: null
[14:57:15] [Render thread/INFO]: Resizing Chunk Sections UBO, capacity limit of 32 reached during a single frame. New capacity will be 64.
[14:57:16] [Server thread/INFO]: System chat: Set Player413's game mode to Creative Mode
[14:57:16] [Server thread/INFO]: System chat: Set minecraft:overworld to time marker minecraft:day
[14:57:16] [Server thread/INFO]: System chat: Gave 2 [Wildcraft Test Core] to Player413
[14:57:16] [Render thread/INFO]: [System] [CHAT] Your game mode has been updated to Creative Mode
[14:57:16] [Render thread/INFO]: Resizing Chunk Sections UBO, capacity limit of 64 reached during a single frame. New capacity will be 128.
[14:57:16] [Render thread/INFO]: Resizing Dynamic Transforms UBO, capacity limit of 16 reached during a single frame. New capacity will be 32.
[14:57:16] [Server thread/INFO]: Player413 lost connection: Disconnected
[14:57:16] [Server thread/INFO]: System chat: Player413 left the game
[14:57:16] [Server thread/INFO]: Stopping singleplayer server as player logged out
[14:57:16] [Server thread/INFO]: Stopping server
[14:57:16] [Server thread/INFO]: Saving players
[14:57:16] [Server thread/INFO]: Saving worlds
[14:57:16] [Server thread/INFO]: Saving chunks for level 'ServerLevel[New World]'/minecraft:overworld
[14:57:16] [Server thread/INFO]: Saving chunks for level 'ServerLevel[New World]'/minecraft:the_end
[14:57:16] [Server thread/INFO]: Saving chunks for level 'ServerLevel[New World]'/minecraft:the_nether
[14:57:16] [Render thread/INFO]: World loading finished: null screen: net.minecraft.client.gui.screens.GenericMessageScreen@579322d1
[14:57:17] [Worker-Main-5/INFO]: Loaded 1872 advancements
[14:57:17] [Render thread/INFO]: Applied 0 biome modifications to 0 of 67 new biomes in 276.3 μs
[14:57:17] [Server thread/INFO]: Starting integrated minecraft server version 26.3
[14:57:17] [Server thread/INFO]: Generating keypair
[14:57:17] [Server thread/INFO]: Loading 0 persistent chunks...
[14:57:17] [Server thread/INFO]: Saving chunks for level 'ServerLevel[New World]'/minecraft:overworld
[14:57:17] [Server thread/INFO]: Saving chunks for level 'ServerLevel[New World]'/minecraft:the_end
[14:57:17] [Server thread/INFO]: Saving chunks for level 'ServerLevel[New World]'/minecraft:the_nether
[14:57:17] [Render thread/INFO]: World loading finished: null screen: net.minecraft.client.gui.screens.LevelLoadingScreen@3904778e
[14:57:17] [Render thread/INFO]: World loading finished: null screen: net.minecraft.client.gui.screens.LevelLoadingScreen@3904778e
[14:57:17] [Render thread/INFO]: World loading finished: null screen: net.minecraft.client.gui.screens.LevelLoadingScreen@3904778e
[14:57:17] [Render thread/INFO]: World loading finished: null screen: net.minecraft.client.gui.screens.LevelLoadingScreen@3904778e
[14:57:17] [Server thread/INFO]: Loading 49 chunks for player spawn...
[14:57:17] [Server thread/INFO]: Preparing spawn area: 16%
[14:57:17] [Render thread/INFO]: World loading finished: null screen: net.minecraft.client.gui.screens.LevelLoadingScreen@3904778e
[14:57:17] [Server thread/INFO]: Time elapsed: 268 ms
[14:57:17] [Render thread/INFO]: World loading finished: null screen: net.minecraft.client.gui.screens.LevelLoadingScreen@3904778e
[14:57:17] [Server thread/INFO]: Player413[local:E:d2eddd61] logged in with entity id 3 at (0.5, -60.0, 0.5)
[14:57:17] [Server thread/INFO]: System chat: Player413 joined the game
[14:57:17] [Server thread/INFO]: Changing view distance to 5, from 10
[14:57:17] [Server thread/INFO]: Changing simulation distance to 12, from 0
[14:57:17] [Render thread/INFO]: World loading finished: null screen: net.minecraft.client.gui.screens.LevelLoadingScreen@3904778e
[14:57:17] [Render thread/INFO]: Loaded 2 advancements
[14:57:17] [Render thread/INFO]: World loading finished: ClientLevel screen: net.minecraft.client.gui.screens.LevelLoadingScreen@3904778e
[14:57:17] [Render thread/INFO]: World loading finished: ClientLevel screen: net.minecraft.client.gui.screens.LevelLoadingScreen@3904778e
[14:57:17] [Render thread/INFO]: World loading finished: ClientLevel screen: net.minecraft.client.gui.screens.LevelLoadingScreen@3904778e
[14:57:17] [Render thread/INFO]: World loading finished: ClientLevel screen: net.minecraft.client.gui.screens.LevelLoadingScreen@3904778e
[14:57:17] [Render thread/INFO]: World loading finished: ClientLevel screen: null
[14:57:18] [Server thread/INFO]: Player413 lost connection: Disconnected
[14:57:18] [Server thread/INFO]: System chat: Player413 left the game
[14:57:18] [Server thread/INFO]: Stopping singleplayer server as player logged out
[14:57:18] [Server thread/INFO]: Stopping server
[14:57:18] [Server thread/INFO]: Saving players
[14:57:18] [Server thread/INFO]: Saving worlds
[14:57:18] [Server thread/INFO]: Saving chunks for level 'ServerLevel[New World]'/minecraft:overworld
[14:57:18] [Server thread/INFO]: Saving chunks for level 'ServerLevel[New World]'/minecraft:the_end
[14:57:18] [Server thread/INFO]: Saving chunks for level 'ServerLevel[New World]'/minecraft:the_nether
[14:57:18] [Worker-Main-7/INFO]: Loaded 1872 advancements
[14:57:19] [Thread-2/WARN]: Unable to parse version 27.0 to a codename.
[14:57:19] [Thread-2/INFO]: Environment: Environment[discoveryUrl=https://discovery.minecraftservices.com/minecraft/client, name=PROD]
[14:57:19] [Worker-Main-5/INFO]: Loaded 1872 advancements
[14:57:19] [Thread-2/INFO]: Applied 0 biome modifications to 0 of 67 new biomes in 175.6 μs
[14:57:19] [Server thread/INFO]: Starting minecraft server version 26.3
[14:57:19] [Server thread/INFO]: Loading properties
[14:57:19] [Server thread/INFO]: Default game type: CREATIVE
[14:57:19] [Server thread/INFO]: Generating keypair
[14:57:19] [Server thread/INFO]: Starting Minecraft server on 127.0.0.1:51121
[14:57:19] [Server thread/WARN]: **** SERVER IS RUNNING IN OFFLINE/INSECURE MODE!
[14:57:19] [Server thread/WARN]: The server will make no attempt to authenticate usernames. Beware.
[14:57:19] [Server thread/WARN]: While this makes the game possible to play without internet access, it also opens up the ability for hackers to connect with any username they choose.
[14:57:19] [Server thread/WARN]: To change this, set "online-mode" to "true" in the server.properties file.
[14:57:19] [Server thread/INFO]: Preparing level "world"
[14:57:19] [Server thread/INFO]: Selecting global world spawn...
[14:57:19] [Server thread/INFO]: Loading 0 persistent chunks...
[14:57:19] [Server thread/INFO]: Preparing spawn area: 100%
[14:57:19] [Server thread/INFO]: Time elapsed: 47 ms
[14:57:19] [Server thread/INFO]: Done (0.049s)! For help, type "help"
[14:57:19] [Server thread/INFO]: Saving chunks for level 'ServerLevel[New World]'/minecraft:overworld
[14:57:19] [Server thread/INFO]: Saving chunks for level 'ServerLevel[New World]'/minecraft:the_end
[14:57:19] [Server thread/INFO]: Saving chunks for level 'ServerLevel[New World]'/minecraft:the_nether
[14:57:19] [Render thread/INFO]: Connecting to localhost, 51121
[14:57:19] [Render thread/INFO]: World loading finished: null screen: net.minecraft.client.gui.screens.ConnectScreen@3d9b87bb
[14:57:19] [Render thread/INFO]: World loading finished: null screen: net.minecraft.client.gui.screens.ConnectScreen@3d9b87bb
[14:57:19] [Render thread/INFO]: World loading finished: null screen: net.minecraft.client.gui.screens.ConnectScreen@3d9b87bb
[14:57:19] [Render thread/INFO]: World loading finished: null screen: net.minecraft.client.gui.screens.ConnectScreen@3d9b87bb
[14:57:20] [Render thread/INFO]: World loading finished: null screen: net.minecraft.client.gui.screens.ConnectScreen@3d9b87bb
[14:57:20] [Render thread/INFO]: World loading finished: null screen: net.minecraft.client.gui.screens.ConnectScreen@3d9b87bb
[14:57:20] [Render thread/INFO]: World loading finished: null screen: net.minecraft.client.gui.screens.ConnectScreen@3d9b87bb
[14:57:20] [Render thread/INFO]: World loading finished: null screen: net.minecraft.client.gui.screens.ConnectScreen@3d9b87bb
[14:57:20] [Render thread/INFO]: World loading finished: null screen: net.minecraft.client.gui.screens.ConnectScreen@3d9b87bb
[14:57:20] [Render thread/INFO]: World loading finished: null screen: net.minecraft.client.gui.screens.ConnectScreen@3d9b87bb
[14:57:20] [Render thread/INFO]: World loading finished: null screen: net.minecraft.client.gui.screens.ConnectScreen@3d9b87bb
[14:57:20] [Render thread/INFO]: World loading finished: null screen: net.minecraft.client.gui.screens.ConnectScreen@3d9b87bb
[14:57:20] [Render thread/INFO]: World loading finished: null screen: net.minecraft.client.gui.screens.ConnectScreen@3d9b87bb
[14:57:20] [Render thread/INFO]: World loading finished: null screen: net.minecraft.client.gui.screens.ConnectScreen@3d9b87bb
[14:57:20] [Render thread/INFO]: World loading finished: null screen: net.minecraft.client.gui.screens.ConnectScreen@3d9b87bb
[14:57:20] [Render thread/INFO]: World loading finished: null screen: net.minecraft.client.gui.screens.ConnectScreen@3d9b87bb
[14:57:20] [Render thread/INFO]: World loading finished: null screen: net.minecraft.client.gui.screens.ConnectScreen@3d9b87bb
[14:57:20] [Render thread/INFO]: World loading finished: null screen: net.minecraft.client.gui.screens.ConnectScreen@3d9b87bb
[14:57:20] [Render thread/INFO]: World loading finished: null screen: net.minecraft.client.gui.screens.ConnectScreen@3d9b87bb
[14:57:20] [Render thread/INFO]: World loading finished: null screen: net.minecraft.client.gui.screens.ConnectScreen@3d9b87bb
[14:57:20] [Render thread/INFO]: World loading finished: null screen: net.minecraft.client.gui.screens.ConnectScreen@3d9b87bb
[14:57:20] [Render thread/INFO]: World loading finished: null screen: net.minecraft.client.gui.screens.ConnectScreen@3d9b87bb
[14:57:20] [Render thread/INFO]: World loading finished: null screen: net.minecraft.client.gui.screens.ConnectScreen@3d9b87bb
[14:57:20] [Render thread/INFO]: World loading finished: null screen: net.minecraft.client.gui.screens.ConnectScreen@3d9b87bb
[14:57:21] [Render thread/INFO]: World loading finished: null screen: net.minecraft.client.gui.screens.ConnectScreen@3d9b87bb
[14:57:21] [Render thread/INFO]: World loading finished: null screen: net.minecraft.client.gui.screens.ConnectScreen@3d9b87bb
[14:57:21] [Render thread/INFO]: World loading finished: null screen: net.minecraft.client.gui.screens.ConnectScreen@3d9b87bb
[14:57:21] [Render thread/INFO]: World loading finished: null screen: net.minecraft.client.gui.screens.ConnectScreen@3d9b87bb
[14:57:21] [Render thread/INFO]: World loading finished: null screen: net.minecraft.client.gui.screens.ConnectScreen@3d9b87bb
[14:57:21] [Render thread/INFO]: World loading finished: null screen: net.minecraft.client.gui.screens.ConnectScreen@3d9b87bb
[14:57:21] [Render thread/INFO]: World loading finished: null screen: net.minecraft.client.gui.screens.ConnectScreen@3d9b87bb
[14:57:21] [Render thread/INFO]: World loading finished: null screen: net.minecraft.client.gui.screens.ConnectScreen@3d9b87bb
[14:57:21] [Render thread/INFO]: World loading finished: null screen: net.minecraft.client.gui.screens.ConnectScreen@3d9b87bb
[14:57:21] [Server thread/INFO]: Player413[/127.0.0.1:51238] logged in with entity id 4 at (0.5, -60.0, 0.5)
[14:57:21] [Server thread/INFO]: System chat: Player413 joined the game
[14:57:21] [Render thread/INFO]: Loaded 2 advancements
[14:57:21] [Render thread/INFO]: World loading finished: ClientLevel screen: net.minecraft.client.gui.screens.LevelLoadingScreen@42f68cc0
[14:57:21] [Render thread/INFO]: World loading finished: ClientLevel screen: net.minecraft.client.gui.screens.LevelLoadingScreen@42f68cc0
[14:57:21] [Render thread/INFO]: World loading finished: ClientLevel screen: null
[14:57:22] [Server thread/INFO]: System chat: Gave 2 [Wildcraft Test Core] to Player413
[14:57:22] [Server thread/INFO]: Player413 lost connection: Disconnected
[14:57:22] [Server thread/INFO]: System chat: Player413 left the game
[14:57:22] [Server thread/INFO]: Stopping server
[14:57:22] [Server thread/INFO]: Saving players
[14:57:22] [Server thread/INFO]: Saving worlds
[14:57:22] [Server thread/INFO]: Saving chunks for level 'ServerLevel[New World]'/minecraft:overworld
[14:57:22] [Server thread/INFO]: Saving chunks for level 'ServerLevel[New World]'/minecraft:the_end
[14:57:22] [Server thread/INFO]: Saving chunks for level 'ServerLevel[New World]'/minecraft:the_nether
[14:57:22] [Worker-Main-3/INFO]: Loaded 1872 advancements
[14:57:22] [Render thread/INFO]: World loading finished: null screen: net.minecraft.client.gui.screens.GenericMessageScreen@c814ee6
[14:57:22] [Render thread/INFO]: Applied 0 biome modifications to 0 of 67 new biomes in 298.0 μs
[14:57:22] [Server thread/INFO]: Starting integrated minecraft server version 26.3
[14:57:22] [Server thread/INFO]: Generating keypair
[14:57:23] [Server thread/INFO]: Selecting global world spawn...
[14:57:23] [Server thread/INFO]: Loading 0 persistent chunks...
[14:57:23] [Server thread/INFO]: Preparing spawn area: 16%
[14:57:23] [Server thread/INFO]: Saving chunks for level 'ServerLevel[New World]'/minecraft:overworld
[14:57:23] [Server thread/INFO]: Saving chunks for level 'ServerLevel[New World]'/minecraft:the_end
[14:57:23] [Server thread/INFO]: Saving chunks for level 'ServerLevel[New World]'/minecraft:the_nether
[14:57:23] [Render thread/INFO]: World loading finished: null screen: net.minecraft.client.gui.screens.LevelLoadingScreen@f78f13a
[14:57:23] [Render thread/INFO]: World loading finished: null screen: net.minecraft.client.gui.screens.LevelLoadingScreen@f78f13a
[14:57:23] [Render thread/INFO]: World loading finished: null screen: net.minecraft.client.gui.screens.LevelLoadingScreen@f78f13a
[14:57:23] [Render thread/INFO]: World loading finished: null screen: net.minecraft.client.gui.screens.LevelLoadingScreen@f78f13a
[14:57:23] [Server thread/INFO]: Loading 48 chunks for player spawn...
[14:57:23] [Render thread/INFO]: World loading finished: null screen: net.minecraft.client.gui.screens.LevelLoadingScreen@f78f13a
[14:57:23] [Render thread/INFO]: World loading finished: null screen: net.minecraft.client.gui.screens.LevelLoadingScreen@f78f13a
[14:57:23] [Server thread/INFO]: Time elapsed: 423 ms
[14:57:23] [Render thread/INFO]: World loading finished: null screen: net.minecraft.client.gui.screens.LevelLoadingScreen@f78f13a
[14:57:23] [Server thread/INFO]: Player413[local:E:b4da4125] logged in with entity id 6 at (0.5, -60.0, 0.5)
[14:57:23] [Server thread/INFO]: System chat: Player413 joined the game
[14:57:23] [Server thread/INFO]: Changing view distance to 5, from 10
[14:57:23] [Server thread/INFO]: Changing simulation distance to 12, from 0
[14:57:23] [Render thread/INFO]: World loading finished: null screen: net.minecraft.client.gui.screens.LevelLoadingScreen@f78f13a
[14:57:23] [Render thread/INFO]: Loaded 2 advancements
[14:57:23] [Render thread/INFO]: World loading finished: ClientLevel screen: net.minecraft.client.gui.screens.LevelLoadingScreen@f78f13a
[14:57:23] [Render thread/INFO]: World loading finished: ClientLevel screen: net.minecraft.client.gui.screens.LevelLoadingScreen@f78f13a
[14:57:23] [Render thread/INFO]: World loading finished: ClientLevel screen: net.minecraft.client.gui.screens.LevelLoadingScreen@f78f13a
[14:57:23] [Render thread/INFO]: World loading finished: ClientLevel screen: net.minecraft.client.gui.screens.LevelLoadingScreen@f78f13a
[14:57:23] [Render thread/INFO]: World loading finished: ClientLevel screen: net.minecraft.client.gui.screens.LevelLoadingScreen@f78f13a
[14:57:23] [Render thread/INFO]: World loading finished: ClientLevel screen: net.minecraft.client.gui.screens.LevelLoadingScreen@f78f13a
[14:57:23] [Render thread/INFO]: World loading finished: ClientLevel screen: net.minecraft.client.gui.screens.LevelLoadingScreen@f78f13a
[14:57:23] [Render thread/INFO]: World loading finished: ClientLevel screen: net.minecraft.client.gui.screens.LevelLoadingScreen@f78f13a
[14:57:23] [Render thread/INFO]: World loading finished: ClientLevel screen: net.minecraft.client.gui.screens.LevelLoadingScreen@f78f13a
[14:57:24] [Render thread/INFO]: World loading finished: ClientLevel screen: net.minecraft.client.gui.screens.LevelLoadingScreen@f78f13a
[14:57:24] [Render thread/INFO]: World loading finished: ClientLevel screen: net.minecraft.client.gui.screens.LevelLoadingScreen@f78f13a
[14:57:24] [Render thread/INFO]: World loading finished: ClientLevel screen: net.minecraft.client.gui.screens.LevelLoadingScreen@f78f13a
[14:57:24] [Render thread/INFO]: World loading finished: ClientLevel screen: net.minecraft.client.gui.screens.LevelLoadingScreen@f78f13a
[14:57:24] [Render thread/INFO]: World loading finished: ClientLevel screen: net.minecraft.client.gui.screens.LevelLoadingScreen@f78f13a
[14:57:24] [Render thread/INFO]: World loading finished: ClientLevel screen: null
[14:57:24] [Server thread/INFO]: Player413 lost connection: Disconnected
[14:57:24] [Server thread/INFO]: System chat: Player413 left the game
[14:57:24] [Server thread/INFO]: Stopping singleplayer server as player logged out
[14:57:24] [Server thread/INFO]: Stopping server
[14:57:24] [Server thread/INFO]: Saving players
[14:57:24] [Server thread/INFO]: Saving worlds
[14:57:24] [Server thread/INFO]: Saving chunks for level 'ServerLevel[New World]'/minecraft:overworld
[14:57:25] [Server thread/INFO]: Saving chunks for level 'ServerLevel[New World]'/minecraft:the_end
[14:57:25] [Server thread/INFO]: Saving chunks for level 'ServerLevel[New World]'/minecraft:the_nether
[14:57:25] [Render thread/INFO]: World loading finished: null screen: net.minecraft.client.gui.screens.GenericMessageScreen@78aa1e9a
[14:57:25] [Worker-Main-1/INFO]: Loaded 1872 advancements
[14:57:25] [Render thread/INFO]: Applied 0 biome modifications to 0 of 67 new biomes in 236.2 μs
[14:57:25] [Server thread/INFO]: Starting integrated minecraft server version 26.3
[14:57:25] [Server thread/INFO]: Generating keypair
[14:57:25] [Server thread/INFO]: Loading 0 persistent chunks...
[14:57:25] [Server thread/INFO]: Saving chunks for level 'ServerLevel[New World]'/minecraft:overworld
[14:57:25] [Server thread/INFO]: Saving chunks for level 'ServerLevel[New World]'/minecraft:the_end
[14:57:25] [Server thread/INFO]: Saving chunks for level 'ServerLevel[New World]'/minecraft:the_nether
[14:57:25] [Render thread/INFO]: World loading finished: null screen: net.minecraft.client.gui.screens.LevelLoadingScreen@52aac0a2
[14:57:25] [Render thread/INFO]: World loading finished: null screen: net.minecraft.client.gui.screens.LevelLoadingScreen@52aac0a2
[14:57:25] [Render thread/INFO]: World loading finished: null screen: net.minecraft.client.gui.screens.LevelLoadingScreen@52aac0a2
[14:57:26] [Render thread/INFO]: World loading finished: null screen: net.minecraft.client.gui.screens.LevelLoadingScreen@52aac0a2
[14:57:26] [Render thread/INFO]: World loading finished: null screen: net.minecraft.client.gui.screens.LevelLoadingScreen@52aac0a2
[14:57:26] [Server thread/INFO]: Loading 49 chunks for player spawn...
[14:57:26] [Server thread/INFO]: Preparing spawn area: 16%
[14:57:26] [Render thread/INFO]: World loading finished: null screen: net.minecraft.client.gui.screens.LevelLoadingScreen@52aac0a2
[14:57:26] [Render thread/INFO]: World loading finished: null screen: net.minecraft.client.gui.screens.LevelLoadingScreen@52aac0a2
[14:57:26] [Render thread/INFO]: World loading finished: null screen: net.minecraft.client.gui.screens.LevelLoadingScreen@52aac0a2
[14:57:26] [Server thread/INFO]: Time elapsed: 423 ms
[14:57:26] [Render thread/INFO]: World loading finished: null screen: net.minecraft.client.gui.screens.LevelLoadingScreen@52aac0a2
[14:57:26] [Server thread/INFO]: Player413[local:E:3a81b316] logged in with entity id 11 at (0.5, -60.0, 0.5)
[14:57:26] [Server thread/INFO]: System chat: Player413 joined the game
[14:57:26] [Server thread/INFO]: Changing view distance to 5, from 10
[14:57:26] [Server thread/INFO]: Changing simulation distance to 12, from 0
[14:57:26] [Render thread/INFO]: Loaded 2 advancements
[14:57:26] [Render thread/INFO]: World loading finished: ClientLevel screen: net.minecraft.client.gui.screens.LevelLoadingScreen@52aac0a2
[14:57:26] [Render thread/INFO]: World loading finished: ClientLevel screen: net.minecraft.client.gui.screens.LevelLoadingScreen@52aac0a2
[14:57:26] [Render thread/INFO]: World loading finished: ClientLevel screen: net.minecraft.client.gui.screens.LevelLoadingScreen@52aac0a2
[14:57:26] [Render thread/INFO]: World loading finished: ClientLevel screen: null
[14:57:26] [Server thread/INFO]: Player413 lost connection: Internal Exception: java.nio.channels.ClosedChannelException
[14:57:26] [Server thread/INFO]: System chat: Player413 left the game
[14:57:26] [Server thread/INFO]: Stopping singleplayer server as player logged out
[14:57:26] [Server thread/INFO]: Stopping server
[14:57:26] [Server thread/INFO]: Saving players
[14:57:26] [Server thread/INFO]: Saving worlds
[14:57:26] [Server thread/INFO]: Saving chunks for level 'ServerLevel[New World]'/minecraft:overworld
[14:57:27] [Server thread/INFO]: Saving chunks for level 'ServerLevel[New World]'/minecraft:the_end
[14:57:27] [Server thread/INFO]: Saving chunks for level 'ServerLevel[New World]'/minecraft:the_nether
[14:57:27] [Test thread/INFO]: [STDOUT]: WILDCRAFT R0 real cross-chunk/save/reload/container/drop checks passed
[14:57:27] [Worker-Main-3/INFO]: Loaded 1872 advancements
[14:57:27] [Render thread/INFO]: World loading finished: null screen: net.minecraft.client.gui.screens.GenericMessageScreen@782935c6
[14:57:27] [Render thread/INFO]: Applied 0 biome modifications to 0 of 67 new biomes in 265.6 μs
[14:57:27] [Server thread/INFO]: Starting integrated minecraft server version 26.3
[14:57:27] [Server thread/INFO]: Generating keypair
[14:57:27] [Server thread/INFO]: Selecting global world spawn...
[14:57:27] [Server thread/INFO]: Loading 0 persistent chunks...
[14:57:27] [Server thread/INFO]: Preparing spawn area: 16%
[14:57:27] [Server thread/INFO]: Saving chunks for level 'ServerLevel[New World]'/minecraft:overworld
[14:57:27] [Server thread/INFO]: Saving chunks for level 'ServerLevel[New World]'/minecraft:the_end
[14:57:27] [Server thread/INFO]: Saving chunks for level 'ServerLevel[New World]'/minecraft:the_nether
[14:57:27] [Render thread/INFO]: World loading finished: null screen: net.minecraft.client.gui.screens.LevelLoadingScreen@183444de
[14:57:27] [Render thread/INFO]: World loading finished: null screen: net.minecraft.client.gui.screens.LevelLoadingScreen@183444de
[14:57:27] [Render thread/INFO]: World loading finished: null screen: net.minecraft.client.gui.screens.LevelLoadingScreen@183444de
[14:57:28] [Render thread/INFO]: World loading finished: null screen: net.minecraft.client.gui.screens.LevelLoadingScreen@183444de
[14:57:28] [Server thread/INFO]: Loading 48 chunks for player spawn...
[14:57:28] [Render thread/INFO]: World loading finished: null screen: net.minecraft.client.gui.screens.LevelLoadingScreen@183444de
[14:57:28] [Render thread/INFO]: World loading finished: null screen: net.minecraft.client.gui.screens.LevelLoadingScreen@183444de
[14:57:28] [Server thread/INFO]: Time elapsed: 469 ms
[14:57:28] [Render thread/INFO]: World loading finished: null screen: net.minecraft.client.gui.screens.LevelLoadingScreen@183444de
[14:57:28] [Server thread/INFO]: Player413[local:E:58ca35af] logged in with entity id 12 at (0.5, -60.0, 0.5)
[14:57:28] [Server thread/INFO]: System chat: Player413 joined the game
[14:57:28] [Server thread/INFO]: Changing view distance to 5, from 10
[14:57:28] [Server thread/INFO]: Changing simulation distance to 12, from 0
[14:57:28] [Render thread/INFO]: World loading finished: null screen: net.minecraft.client.gui.screens.LevelLoadingScreen@183444de
[14:57:28] [Render thread/INFO]: Loaded 2 advancements
[14:57:28] [Render thread/INFO]: World loading finished: ClientLevel screen: net.minecraft.client.gui.screens.LevelLoadingScreen@183444de
[14:57:28] [Render thread/INFO]: World loading finished: ClientLevel screen: net.minecraft.client.gui.screens.LevelLoadingScreen@183444de
[14:57:28] [Render thread/INFO]: World loading finished: ClientLevel screen: net.minecraft.client.gui.screens.LevelLoadingScreen@183444de
[14:57:28] [Render thread/INFO]: World loading finished: ClientLevel screen: net.minecraft.client.gui.screens.LevelLoadingScreen@183444de
[14:57:28] [Render thread/INFO]: World loading finished: ClientLevel screen: net.minecraft.client.gui.screens.LevelLoadingScreen@183444de
[14:57:28] [Render thread/INFO]: World loading finished: ClientLevel screen: net.minecraft.client.gui.screens.LevelLoadingScreen@183444de
[14:57:28] [Render thread/INFO]: World loading finished: ClientLevel screen: net.minecraft.client.gui.screens.LevelLoadingScreen@183444de
[14:57:28] [Render thread/INFO]: World loading finished: ClientLevel screen: net.minecraft.client.gui.screens.LevelLoadingScreen@183444de
[14:57:28] [Render thread/INFO]: World loading finished: ClientLevel screen: net.minecraft.client.gui.screens.LevelLoadingScreen@183444de
[14:57:28] [Render thread/INFO]: World loading finished: ClientLevel screen: net.minecraft.client.gui.screens.LevelLoadingScreen@183444de
[14:57:28] [Render thread/INFO]: World loading finished: ClientLevel screen: net.minecraft.client.gui.screens.LevelLoadingScreen@183444de
[14:57:28] [Render thread/INFO]: World loading finished: ClientLevel screen: net.minecraft.client.gui.screens.LevelLoadingScreen@183444de
[14:57:28] [Render thread/INFO]: World loading finished: ClientLevel screen: net.minecraft.client.gui.screens.LevelLoadingScreen@183444de
[14:57:28] [Render thread/INFO]: World loading finished: ClientLevel screen: net.minecraft.client.gui.screens.LevelLoadingScreen@183444de
[14:57:28] [Render thread/INFO]: World loading finished: ClientLevel screen: net.minecraft.client.gui.screens.LevelLoadingScreen@183444de
[14:57:29] [Render thread/INFO]: World loading finished: ClientLevel screen: null
[14:57:29] [Server thread/INFO]: System chat: Set 15 experience levels on Player413
[14:57:29] [Server thread/INFO]: System chat: Set 30 experience levels on Player413
[14:57:29] [Server thread/INFO]: System chat: Set 5 experience levels on Player413
[14:57:29] [Server thread/INFO]: System chat: Stamina refilled
[14:57:29] [Server thread/INFO]: System chat: Consumed 118.0 stamina
[14:57:29] [Render thread/INFO]: Reloading ResourceManager: vanilla, vanilla, fabric-advancement-api-v1, fabric-api, fabric-api-base, fabric-api-lookup-api-v1, fabric-biome-api-v1, fabric-block-api-v1, fabric-block-getter-api-v2, fabric-client-gametest-api-v1, fabric-command-api-v2, fabric-content-registries-v0, fabric-convention-tags-v2, fabric-crash-report-info-v1, fabric-creative-tab-api-v1, fabric-data-attachment-api-v1, fabric-data-generation-api-v1, fabric-debug-api-v1, fabric-dimensions-v1, fabric-entity-events-v1, fabric-events-interaction-v0, fabric-game-rule-api-v1, fabric-gametest-api-v1, fabric-item-api-v1, fabric-key-mapping-api-v1, fabric-lifecycle-events-v1, fabric-loot-api-v3, fabric-menu-api-v1, fabric-message-api-v1, fabric-model-loading-api-v1, fabric-networking-api-v1, fabric-object-builder-api-v1, fabric-particles-v1, fabric-permission-api-v1, fabric-recipe-api-v1, fabric-registry-sync-v0, fabric-renderer-api-v1, fabric-renderer-indigo, fabric-rendering-fluids-v1, fabric-rendering-v1, fabric-resource-conditions-api-v1, fabric-resource-loader-v0, fabric-resource-loader-v1, fabric-screen-api-v1, fabric-serialization-api-v1, fabric-sound-api-v1, fabric-tag-api-v1, fabric-transfer-api-v1, fabric-transitive-access-wideners-v1, fabricloader, wildcraft, wildcraft-test
[14:57:29] [Worker-Main-1/INFO]: Found unifont_all_no_pua-17.0.01.hex, loading
[14:57:29] [Worker-Main-8/INFO]: Found unifont_pua-17.0.01.hex, loading
[14:57:29] [Server thread/INFO]: Saving and pausing game...
[14:57:29] [Server thread/INFO]: Saving chunks for level 'ServerLevel[New World]'/minecraft:overworld
[14:57:29] [Server thread/INFO]: Saving chunks for level 'ServerLevel[New World]'/minecraft:the_end
[14:57:29] [Server thread/INFO]: Saving chunks for level 'ServerLevel[New World]'/minecraft:the_nether
[14:57:29] [Render thread/INFO]: Info log when linking program containing VERTEX minecraft:core/terrain, FRAGMENT minecraft:core/terrain. Log output: WARNING: Output of vertex shader '_interface_variable_01' not read by fragment shader
WARNING: Output of vertex shader '_interface_variable_00' not read by fragment shader
WARNING: Output of vertex shader '_interface_variable_04' not read by fragment shader

[14:57:29] [Render thread/INFO]: Info log when linking program containing VERTEX minecraft:core/entity, FRAGMENT minecraft:core/entity. Log output: WARNING: Output of vertex shader '_interface_variable_01' not read by fragment shader
WARNING: Output of vertex shader '_interface_variable_00' not read by fragment shader

[14:57:29] [Render thread/INFO]: Info log when linking program containing VERTEX minecraft:core/rendertype_lines, FRAGMENT minecraft:core/rendertype_lines. Log output: WARNING: Output of vertex shader '_interface_variable_01' not read by fragment shader
WARNING: Output of vertex shader '_interface_variable_00' not read by fragment shader

[14:57:29] [Render thread/INFO]: Info log when linking program containing VERTEX minecraft:core/rendertype_crumbling, FRAGMENT minecraft:core/rendertype_crumbling. Log output: WARNING: Output of vertex shader '_interface_variable_01' not read by fragment shader
WARNING: Output of vertex shader '_interface_variable_00' not read by fragment shader

[14:57:29] [Worker-Main-1/INFO]: Found unifont_jp_patch-17.0.01.hex, loading
[14:57:29] [Render thread/INFO]: Info log when linking program containing VERTEX minecraft:core/entity, FRAGMENT minecraft:core/entity. Log output: WARNING: Output of vertex shader '_interface_variable_01' not read by fragment shader
WARNING: Output of vertex shader '_interface_variable_00' not read by fragment shader

[14:57:29] [Render thread/INFO]: Info log when linking program containing VERTEX minecraft:core/terrain, FRAGMENT minecraft:core/terrain. Log output: WARNING: Output of vertex shader '_interface_variable_01' not read by fragment shader
WARNING: Output of vertex shader '_interface_variable_00' not read by fragment shader
WARNING: Output of vertex shader '_interface_variable_04' not read by fragment shader

[14:57:29] [Render thread/INFO]: Info log when linking program containing VERTEX minecraft:core/text, FRAGMENT minecraft:core/text. Log output: WARNING: Output of vertex shader '_interface_variable_01' not read by fragment shader
WARNING: Output of vertex shader '_interface_variable_00' not read by fragment shader

[14:57:29] [Render thread/INFO]: Info log when linking program containing VERTEX minecraft:core/block, FRAGMENT minecraft:core/block. Log output: WARNING: Output of vertex shader '_interface_variable_01' not read by fragment shader
WARNING: Output of vertex shader '_interface_variable_00' not read by fragment shader

[14:57:29] [Render thread/INFO]: Info log when linking program containing VERTEX minecraft:core/text, FRAGMENT minecraft:core/text. Log output: WARNING: Output of vertex shader '_interface_variable_01' not read by fragment shader
WARNING: Output of vertex shader '_interface_variable_00' not read by fragment shader

[14:57:29] [Render thread/INFO]: Info log when linking program containing VERTEX minecraft:core/particle, FRAGMENT minecraft:core/particle. Log output: WARNING: Output of vertex shader '_interface_variable_01' not read by fragment shader
WARNING: Output of vertex shader '_interface_variable_00' not read by fragment shader

[14:57:29] [Render thread/INFO]: Info log when linking program containing VERTEX minecraft:core/entity, FRAGMENT minecraft:core/entity. Log output: WARNING: Output of vertex shader '_interface_variable_01' not read by fragment shader
WARNING: Output of vertex shader '_interface_variable_00' not read by fragment shader

[14:57:29] [Render thread/INFO]: Info log when linking program containing VERTEX minecraft:core/rendertype_entity_shadow, FRAGMENT minecraft:core/rendertype_entity_shadow. Log output: WARNING: Output of vertex shader '_interface_variable_01' not read by fragment shader
WARNING: Output of vertex shader '_interface_variable_00' not read by fragment shader

[14:57:29] [Render thread/INFO]: Info log when linking program containing VERTEX minecraft:core/screenquad, FRAGMENT minecraft:core/oit_composite. Log output: WARNING: Output of vertex shader '_interface_variable_00' not read by fragment shader

[14:57:29] [Render thread/INFO]: Info log when linking program containing VERTEX minecraft:core/screenquad, FRAGMENT minecraft:core/integrate_depth. Log output: WARNING: Output of vertex shader '_interface_variable_00' not read by fragment shader

[14:57:29] [Render thread/INFO]: Info log when linking program containing VERTEX minecraft:core/terrain, FRAGMENT minecraft:core/terrain. Log output: WARNING: Output of vertex shader '_interface_variable_01' not read by fragment shader
WARNING: Output of vertex shader '_interface_variable_00' not read by fragment shader
WARNING: Output of vertex shader '_interface_variable_04' not read by fragment shader

[14:57:29] [Render thread/INFO]: Info log when linking program containing VERTEX minecraft:core/entity, FRAGMENT minecraft:core/entity. Log output: WARNING: Output of vertex shader '_interface_variable_01' not read by fragment shader
WARNING: Output of vertex shader '_interface_variable_00' not read by fragment shader

[14:57:29] [Render thread/INFO]: Info log when linking program containing VERTEX minecraft:core/animate_sprite, FRAGMENT minecraft:core/animate_sprite_blit. Log output: WARNING: Output of vertex shader '_interface_variable_00' not read by fragment shader

[14:57:29] [Render thread/INFO]: Info log when linking program containing VERTEX minecraft:core/entity, FRAGMENT minecraft:core/entity. Log output: WARNING: Output of vertex shader '_interface_variable_01' not read by fragment shader
WARNING: Output of vertex shader '_interface_variable_00' not read by fragment shader

[14:57:29] [Render thread/INFO]: Info log when linking program containing VERTEX minecraft:core/entity, FRAGMENT minecraft:core/entity. Log output: WARNING: Output of vertex shader '_interface_variable_01' not read by fragment shader
WARNING: Output of vertex shader '_interface_variable_00' not read by fragment shader

[14:57:29] [Render thread/INFO]: Info log when linking program containing VERTEX minecraft:core/clouds, FRAGMENT minecraft:core/clouds. Log output: WARNING: Output of vertex shader '_interface_variable_00' not read by fragment shader

[14:57:29] [Render thread/INFO]: Info log when linking program containing VERTEX minecraft:core/particle, FRAGMENT minecraft:core/particle. Log output: WARNING: Output of vertex shader '_interface_variable_01' not read by fragment shader
WARNING: Output of vertex shader '_interface_variable_00' not read by fragment shader

[14:57:29] [Render thread/INFO]: Info log when linking program containing VERTEX minecraft:core/entity, FRAGMENT minecraft:core/entity. Log output: WARNING: Output of vertex shader '_interface_variable_01' not read by fragment shader
WARNING: Output of vertex shader '_interface_variable_00' not read by fragment shader

[14:57:29] [Render thread/INFO]: Info log when linking program containing VERTEX minecraft:core/screenquad, FRAGMENT minecraft:core/oit_depth_bounds_cull. Log output: WARNING: Output of vertex shader '_interface_variable_00' not read by fragment shader

[14:57:29] [Render thread/INFO]: Info log when linking program containing VERTEX minecraft:core/block, FRAGMENT minecraft:core/block. Log output: WARNING: Output of vertex shader '_interface_variable_01' not read by fragment shader
WARNING: Output of vertex shader '_interface_variable_00' not read by fragment shader

[14:57:29] [Render thread/INFO]: Info log when linking program containing VERTEX minecraft:core/text, FRAGMENT minecraft:core/text. Log output: WARNING: Output of vertex shader '_interface_variable_01' not read by fragment shader
WARNING: Output of vertex shader '_interface_variable_00' not read by fragment shader

[14:57:29] [Render thread/INFO]: Info log when linking program containing VERTEX minecraft:core/text, FRAGMENT minecraft:core/text. Log output: WARNING: Output of vertex shader '_interface_variable_01' not read by fragment shader
WARNING: Output of vertex shader '_interface_variable_00' not read by fragment shader

[14:57:29] [Render thread/INFO]: Info log when linking program containing VERTEX minecraft:core/text, FRAGMENT minecraft:core/text. Log output: WARNING: Output of vertex shader '_interface_variable_01' not read by fragment shader
WARNING: Output of vertex shader '_interface_variable_00' not read by fragment shader

[14:57:29] [Render thread/INFO]: Info log when linking program containing VERTEX minecraft:core/terrain, FRAGMENT minecraft:core/terrain. Log output: WARNING: Output of vertex shader '_interface_variable_01' not read by fragment shader
WARNING: Output of vertex shader '_interface_variable_00' not read by fragment shader
WARNING: Output of vertex shader '_interface_variable_04' not read by fragment shader

[14:57:29] [Render thread/INFO]: Info log when linking program containing VERTEX minecraft:core/text, FRAGMENT minecraft:core/text. Log output: WARNING: Output of vertex shader '_interface_variable_01' not read by fragment shader
WARNING: Output of vertex shader '_interface_variable_00' not read by fragment shader

[14:57:29] [Render thread/INFO]: Info log when linking program containing VERTEX minecraft:core/clouds, FRAGMENT minecraft:core/clouds. Log output: WARNING: Output of vertex shader '_interface_variable_00' not read by fragment shader

[14:57:29] [Render thread/INFO]: Info log when linking program containing VERTEX minecraft:core/rendertype_entity_shadow, FRAGMENT minecraft:core/rendertype_entity_shadow. Log output: WARNING: Output of vertex shader '_interface_variable_01' not read by fragment shader
WARNING: Output of vertex shader '_interface_variable_00' not read by fragment shader

[14:57:29] [Render thread/INFO]: Info log when linking program containing VERTEX minecraft:core/entity, FRAGMENT minecraft:core/entity. Log output: WARNING: Output of vertex shader '_interface_variable_01' not read by fragment shader
WARNING: Output of vertex shader '_interface_variable_00' not read by fragment shader

[14:57:29] [Render thread/INFO]: Info log when linking program containing VERTEX minecraft:core/rendertype_lines, FRAGMENT minecraft:core/rendertype_lines. Log output: WARNING: Output of vertex shader '_interface_variable_01' not read by fragment shader
WARNING: Output of vertex shader '_interface_variable_00' not read by fragment shader

[14:57:29] [Render thread/INFO]: Info log when linking program containing VERTEX minecraft:core/particle, FRAGMENT minecraft:core/particle. Log output: WARNING: Output of vertex shader '_interface_variable_01' not read by fragment shader
WARNING: Output of vertex shader '_interface_variable_00' not read by fragment shader

[14:57:29] [Render thread/INFO]: Info log when linking program containing VERTEX minecraft:core/entity, FRAGMENT minecraft:core/entity. Log output: WARNING: Output of vertex shader '_interface_variable_01' not read by fragment shader
WARNING: Output of vertex shader '_interface_variable_00' not read by fragment shader

[14:57:29] [Render thread/INFO]: Info log when linking program containing VERTEX minecraft:core/entity, FRAGMENT minecraft:core/entity. Log output: WARNING: Output of vertex shader '_interface_variable_01' not read by fragment shader
WARNING: Output of vertex shader '_interface_variable_00' not read by fragment shader

[14:57:29] [Render thread/INFO]: Info log when linking program containing VERTEX minecraft:core/text, FRAGMENT minecraft:core/text. Log output: WARNING: Output of vertex shader '_interface_variable_01' not read by fragment shader
WARNING: Output of vertex shader '_interface_variable_00' not read by fragment shader

[14:57:29] [Render thread/INFO]: Info log when linking program containing VERTEX minecraft:core/rendertype_crumbling, FRAGMENT minecraft:core/rendertype_crumbling. Log output: WARNING: Output of vertex shader '_interface_variable_01' not read by fragment shader
WARNING: Output of vertex shader '_interface_variable_00' not read by fragment shader

[14:57:29] [Render thread/INFO]: Info log when linking program containing VERTEX minecraft:core/particle, FRAGMENT minecraft:core/particle. Log output: WARNING: Output of vertex shader '_interface_variable_01' not read by fragment shader
WARNING: Output of vertex shader '_interface_variable_00' not read by fragment shader

[14:57:30] [Render thread/INFO]: Info log when linking program containing VERTEX minecraft:core/entity, FRAGMENT minecraft:core/entity. Log output: WARNING: Output of vertex shader '_interface_variable_01' not read by fragment shader
WARNING: Output of vertex shader '_interface_variable_00' not read by fragment shader

[14:57:30] [Render thread/INFO]: Info log when linking program containing VERTEX minecraft:core/entity, FRAGMENT minecraft:core/entity. Log output: WARNING: Output of vertex shader '_interface_variable_01' not read by fragment shader
WARNING: Output of vertex shader '_interface_variable_00' not read by fragment shader

[14:57:30] [Render thread/INFO]: Info log when linking program containing VERTEX minecraft:core/text, FRAGMENT minecraft:core/text. Log output: WARNING: Output of vertex shader '_interface_variable_01' not read by fragment shader
WARNING: Output of vertex shader '_interface_variable_00' not read by fragment shader

[14:57:30] [Render thread/INFO]: OpenAL initialized on device Mac mini扬声器
[14:57:30] [Render thread/INFO]: Sound engine started
[14:57:30] [Render thread/INFO]: Created: 512x256x0 minecraft:textures/atlas/particles.png-atlas
[14:57:30] [Render thread/INFO]: Created: 256x128x0 minecraft:textures/atlas/celestials.png-atlas
[14:57:30] [Render thread/INFO]: Created: 128x128x0 minecraft:textures/atlas/decorated_pot.png-atlas
[14:57:30] [Render thread/INFO]: Created: 512x256x0 minecraft:textures/atlas/paintings.png-atlas
[14:57:30] [Render thread/INFO]: Created: 1024x512x0 minecraft:textures/atlas/shield_patterns.png-atlas
[14:57:30] [Render thread/INFO]: Created: 1024x512x0 minecraft:textures/atlas/banner_patterns.png-atlas
[14:57:30] [Render thread/INFO]: Created: 2048x2048x4 minecraft:textures/atlas/blocks.png-atlas
[14:57:30] [Render thread/INFO]: Created: 1024x512x0 minecraft:textures/atlas/items.png-atlas
[14:57:30] [Render thread/INFO]: Created: 1024x1024x0 minecraft:textures/atlas/gui.png-atlas
[14:57:30] [Render thread/INFO]: Created: 128x64x0 minecraft:textures/atlas/map_decorations.png-atlas
[14:57:30] [Render thread/INFO]: Created: 512x512x0 minecraft:textures/atlas/chest.png-atlas
[14:57:30] [Render thread/INFO]: Created: 512x512x0 minecraft:textures/atlas/shulker_boxes.png-atlas
[14:57:30] [Render thread/WARN]: Requested post effect does not exist: minecraft:end_of_frame
[14:57:32] [Render thread/INFO]: Reloading ResourceManager: vanilla, vanilla, fabric-advancement-api-v1, fabric-api, fabric-api-base, fabric-api-lookup-api-v1, fabric-biome-api-v1, fabric-block-api-v1, fabric-block-getter-api-v2, fabric-client-gametest-api-v1, fabric-command-api-v2, fabric-content-registries-v0, fabric-convention-tags-v2, fabric-crash-report-info-v1, fabric-creative-tab-api-v1, fabric-data-attachment-api-v1, fabric-data-generation-api-v1, fabric-debug-api-v1, fabric-dimensions-v1, fabric-entity-events-v1, fabric-events-interaction-v0, fabric-game-rule-api-v1, fabric-gametest-api-v1, fabric-item-api-v1, fabric-key-mapping-api-v1, fabric-lifecycle-events-v1, fabric-loot-api-v3, fabric-menu-api-v1, fabric-message-api-v1, fabric-model-loading-api-v1, fabric-networking-api-v1, fabric-object-builder-api-v1, fabric-particles-v1, fabric-permission-api-v1, fabric-recipe-api-v1, fabric-registry-sync-v0, fabric-renderer-api-v1, fabric-renderer-indigo, fabric-rendering-fluids-v1, fabric-rendering-v1, fabric-resource-conditions-api-v1, fabric-resource-loader-v0, fabric-resource-loader-v1, fabric-screen-api-v1, fabric-serialization-api-v1, fabric-sound-api-v1, fabric-tag-api-v1, fabric-transfer-api-v1, fabric-transitive-access-wideners-v1, fabricloader, wildcraft, wildcraft-test
[14:57:32] [Server thread/INFO]: Saving and pausing game...
[14:57:32] [Server thread/INFO]: Saving chunks for level 'ServerLevel[New World]'/minecraft:overworld
[14:57:32] [Worker-Main-1/INFO]: Found unifont_all_no_pua-17.0.01.hex, loading
[14:57:32] [Server thread/INFO]: Saving chunks for level 'ServerLevel[New World]'/minecraft:the_end
[14:57:32] [Server thread/INFO]: Saving chunks for level 'ServerLevel[New World]'/minecraft:the_nether
[14:57:32] [Worker-Main-3/INFO]: Found unifont_pua-17.0.01.hex, loading
[14:57:32] [Render thread/INFO]: Info log when linking program containing VERTEX minecraft:core/terrain, FRAGMENT minecraft:core/terrain. Log output: WARNING: Output of vertex shader '_interface_variable_01' not read by fragment shader
WARNING: Output of vertex shader '_interface_variable_00' not read by fragment shader
WARNING: Output of vertex shader '_interface_variable_04' not read by fragment shader

[14:57:32] [Render thread/INFO]: Info log when linking program containing VERTEX minecraft:core/rendertype_crumbling, FRAGMENT minecraft:core/rendertype_crumbling. Log output: WARNING: Output of vertex shader '_interface_variable_01' not read by fragment shader
WARNING: Output of vertex shader '_interface_variable_00' not read by fragment shader

[14:57:32] [Render thread/INFO]: Info log when linking program containing VERTEX minecraft:core/entity, FRAGMENT minecraft:core/entity. Log output: WARNING: Output of vertex shader '_interface_variable_01' not read by fragment shader
WARNING: Output of vertex shader '_interface_variable_00' not read by fragment shader

[14:57:32] [Render thread/INFO]: Info log when linking program containing VERTEX minecraft:core/rendertype_lines, FRAGMENT minecraft:core/rendertype_lines. Log output: WARNING: Output of vertex shader '_interface_variable_01' not read by fragment shader
WARNING: Output of vertex shader '_interface_variable_00' not read by fragment shader

[14:57:32] [Render thread/INFO]: Info log when linking program containing VERTEX minecraft:core/terrain, FRAGMENT minecraft:core/terrain. Log output: WARNING: Output of vertex shader '_interface_variable_01' not read by fragment shader
WARNING: Output of vertex shader '_interface_variable_00' not read by fragment shader
WARNING: Output of vertex shader '_interface_variable_04' not read by fragment shader

[14:57:32] [Render thread/INFO]: Info log when linking program containing VERTEX minecraft:core/text, FRAGMENT minecraft:core/text. Log output: WARNING: Output of vertex shader '_interface_variable_01' not read by fragment shader
WARNING: Output of vertex shader '_interface_variable_00' not read by fragment shader

[14:57:32] [Worker-Main-1/INFO]: Found unifont_jp_patch-17.0.01.hex, loading
[14:57:32] [Render thread/INFO]: Info log when linking program containing VERTEX minecraft:core/entity, FRAGMENT minecraft:core/entity. Log output: WARNING: Output of vertex shader '_interface_variable_01' not read by fragment shader
WARNING: Output of vertex shader '_interface_variable_00' not read by fragment shader

[14:57:32] [Render thread/INFO]: Info log when linking program containing VERTEX minecraft:core/text, FRAGMENT minecraft:core/text. Log output: WARNING: Output of vertex shader '_interface_variable_01' not read by fragment shader
WARNING: Output of vertex shader '_interface_variable_00' not read by fragment shader

[14:57:32] [Render thread/INFO]: Info log when linking program containing VERTEX minecraft:core/block, FRAGMENT minecraft:core/block. Log output: WARNING: Output of vertex shader '_interface_variable_01' not read by fragment shader
WARNING: Output of vertex shader '_interface_variable_00' not read by fragment shader

[14:57:32] [Render thread/INFO]: Info log when linking program containing VERTEX minecraft:core/particle, FRAGMENT minecraft:core/particle. Log output: WARNING: Output of vertex shader '_interface_variable_01' not read by fragment shader
WARNING: Output of vertex shader '_interface_variable_00' not read by fragment shader

[14:57:32] [Render thread/INFO]: Info log when linking program containing VERTEX minecraft:core/entity, FRAGMENT minecraft:core/entity. Log output: WARNING: Output of vertex shader '_interface_variable_01' not read by fragment shader
WARNING: Output of vertex shader '_interface_variable_00' not read by fragment shader

[14:57:32] [Render thread/INFO]: Info log when linking program containing VERTEX minecraft:core/rendertype_entity_shadow, FRAGMENT minecraft:core/rendertype_entity_shadow. Log output: WARNING: Output of vertex shader '_interface_variable_01' not read by fragment shader
WARNING: Output of vertex shader '_interface_variable_00' not read by fragment shader

[14:57:33] [Render thread/INFO]: Info log when linking program containing VERTEX minecraft:core/screenquad, FRAGMENT minecraft:core/oit_composite. Log output: WARNING: Output of vertex shader '_interface_variable_00' not read by fragment shader

[14:57:33] [Render thread/INFO]: Info log when linking program containing VERTEX minecraft:core/screenquad, FRAGMENT minecraft:core/integrate_depth. Log output: WARNING: Output of vertex shader '_interface_variable_00' not read by fragment shader

[14:57:33] [Render thread/INFO]: Info log when linking program containing VERTEX minecraft:core/terrain, FRAGMENT minecraft:core/terrain. Log output: WARNING: Output of vertex shader '_interface_variable_01' not read by fragment shader
WARNING: Output of vertex shader '_interface_variable_00' not read by fragment shader
WARNING: Output of vertex shader '_interface_variable_04' not read by fragment shader

[14:57:33] [Render thread/INFO]: Info log when linking program containing VERTEX minecraft:core/entity, FRAGMENT minecraft:core/entity. Log output: WARNING: Output of vertex shader '_interface_variable_01' not read by fragment shader
WARNING: Output of vertex shader '_interface_variable_00' not read by fragment shader

[14:57:33] [Render thread/INFO]: Info log when linking program containing VERTEX minecraft:core/animate_sprite, FRAGMENT minecraft:core/animate_sprite_blit. Log output: WARNING: Output of vertex shader '_interface_variable_00' not read by fragment shader

[14:57:33] [Render thread/INFO]: Info log when linking program containing VERTEX minecraft:core/entity, FRAGMENT minecraft:core/entity. Log output: WARNING: Output of vertex shader '_interface_variable_01' not read by fragment shader
WARNING: Output of vertex shader '_interface_variable_00' not read by fragment shader

[14:57:33] [Render thread/INFO]: Info log when linking program containing VERTEX minecraft:core/entity, FRAGMENT minecraft:core/entity. Log output: WARNING: Output of vertex shader '_interface_variable_01' not read by fragment shader
WARNING: Output of vertex shader '_interface_variable_00' not read by fragment shader

[14:57:33] [Render thread/INFO]: Info log when linking program containing VERTEX minecraft:core/clouds, FRAGMENT minecraft:core/clouds. Log output: WARNING: Output of vertex shader '_interface_variable_00' not read by fragment shader

[14:57:33] [Render thread/INFO]: Info log when linking program containing VERTEX minecraft:core/particle, FRAGMENT minecraft:core/particle. Log output: WARNING: Output of vertex shader '_interface_variable_01' not read by fragment shader
WARNING: Output of vertex shader '_interface_variable_00' not read by fragment shader

[14:57:33] [Render thread/INFO]: Info log when linking program containing VERTEX minecraft:core/entity, FRAGMENT minecraft:core/entity. Log output: WARNING: Output of vertex shader '_interface_variable_01' not read by fragment shader
WARNING: Output of vertex shader '_interface_variable_00' not read by fragment shader

[14:57:33] [Render thread/INFO]: Info log when linking program containing VERTEX minecraft:core/screenquad, FRAGMENT minecraft:core/oit_depth_bounds_cull. Log output: WARNING: Output of vertex shader '_interface_variable_00' not read by fragment shader

[14:57:33] [Render thread/INFO]: Info log when linking program containing VERTEX minecraft:core/block, FRAGMENT minecraft:core/block. Log output: WARNING: Output of vertex shader '_interface_variable_01' not read by fragment shader
WARNING: Output of vertex shader '_interface_variable_00' not read by fragment shader

[14:57:33] [Render thread/INFO]: Info log when linking program containing VERTEX minecraft:core/text, FRAGMENT minecraft:core/text. Log output: WARNING: Output of vertex shader '_interface_variable_01' not read by fragment shader
WARNING: Output of vertex shader '_interface_variable_00' not read by fragment shader

[14:57:33] [Render thread/INFO]: Info log when linking program containing VERTEX minecraft:core/text, FRAGMENT minecraft:core/text. Log output: WARNING: Output of vertex shader '_interface_variable_01' not read by fragment shader
WARNING: Output of vertex shader '_interface_variable_00' not read by fragment shader

[14:57:33] [Render thread/INFO]: Info log when linking program containing VERTEX minecraft:core/entity, FRAGMENT minecraft:core/entity. Log output: WARNING: Output of vertex shader '_interface_variable_01' not read by fragment shader
WARNING: Output of vertex shader '_interface_variable_00' not read by fragment shader

[14:57:33] [Render thread/INFO]: Info log when linking program containing VERTEX minecraft:core/text, FRAGMENT minecraft:core/text. Log output: WARNING: Output of vertex shader '_interface_variable_01' not read by fragment shader
WARNING: Output of vertex shader '_interface_variable_00' not read by fragment shader

[14:57:33] [Render thread/INFO]: Info log when linking program containing VERTEX minecraft:core/terrain, FRAGMENT minecraft:core/terrain. Log output: WARNING: Output of vertex shader '_interface_variable_01' not read by fragment shader
WARNING: Output of vertex shader '_interface_variable_00' not read by fragment shader
WARNING: Output of vertex shader '_interface_variable_04' not read by fragment shader

[14:57:33] [Render thread/INFO]: Info log when linking program containing VERTEX minecraft:core/text, FRAGMENT minecraft:core/text. Log output: WARNING: Output of vertex shader '_interface_variable_01' not read by fragment shader
WARNING: Output of vertex shader '_interface_variable_00' not read by fragment shader

[14:57:33] [Render thread/INFO]: Info log when linking program containing VERTEX minecraft:core/clouds, FRAGMENT minecraft:core/clouds. Log output: WARNING: Output of vertex shader '_interface_variable_00' not read by fragment shader

[14:57:33] [Render thread/INFO]: Info log when linking program containing VERTEX minecraft:core/rendertype_lines, FRAGMENT minecraft:core/rendertype_lines. Log output: WARNING: Output of vertex shader '_interface_variable_01' not read by fragment shader
WARNING: Output of vertex shader '_interface_variable_00' not read by fragment shader

[14:57:33] [Render thread/INFO]: Info log when linking program containing VERTEX minecraft:core/particle, FRAGMENT minecraft:core/particle. Log output: WARNING: Output of vertex shader '_interface_variable_01' not read by fragment shader
WARNING: Output of vertex shader '_interface_variable_00' not read by fragment shader

[14:57:33] [Render thread/INFO]: Info log when linking program containing VERTEX minecraft:core/entity, FRAGMENT minecraft:core/entity. Log output: WARNING: Output of vertex shader '_interface_variable_01' not read by fragment shader
WARNING: Output of vertex shader '_interface_variable_00' not read by fragment shader

[14:57:33] [Render thread/INFO]: Info log when linking program containing VERTEX minecraft:core/entity, FRAGMENT minecraft:core/entity. Log output: WARNING: Output of vertex shader '_interface_variable_01' not read by fragment shader
WARNING: Output of vertex shader '_interface_variable_00' not read by fragment shader

[14:57:33] [Render thread/INFO]: Info log when linking program containing VERTEX minecraft:core/entity, FRAGMENT minecraft:core/entity. Log output: WARNING: Output of vertex shader '_interface_variable_01' not read by fragment shader
WARNING: Output of vertex shader '_interface_variable_00' not read by fragment shader

[14:57:33] [Render thread/INFO]: Info log when linking program containing VERTEX minecraft:core/text, FRAGMENT minecraft:core/text. Log output: WARNING: Output of vertex shader '_interface_variable_01' not read by fragment shader
WARNING: Output of vertex shader '_interface_variable_00' not read by fragment shader

[14:57:33] [Render thread/INFO]: Info log when linking program containing VERTEX minecraft:core/rendertype_crumbling, FRAGMENT minecraft:core/rendertype_crumbling. Log output: WARNING: Output of vertex shader '_interface_variable_01' not read by fragment shader
WARNING: Output of vertex shader '_interface_variable_00' not read by fragment shader

[14:57:33] [Render thread/INFO]: Info log when linking program containing VERTEX minecraft:core/rendertype_entity_shadow, FRAGMENT minecraft:core/rendertype_entity_shadow. Log output: WARNING: Output of vertex shader '_interface_variable_01' not read by fragment shader
WARNING: Output of vertex shader '_interface_variable_00' not read by fragment shader

[14:57:33] [Render thread/INFO]: Info log when linking program containing VERTEX minecraft:core/particle, FRAGMENT minecraft:core/particle. Log output: WARNING: Output of vertex shader '_interface_variable_01' not read by fragment shader
WARNING: Output of vertex shader '_interface_variable_00' not read by fragment shader

[14:57:33] [Render thread/INFO]: Info log when linking program containing VERTEX minecraft:core/text, FRAGMENT minecraft:core/text. Log output: WARNING: Output of vertex shader '_interface_variable_01' not read by fragment shader
WARNING: Output of vertex shader '_interface_variable_00' not read by fragment shader

[14:57:33] [Render thread/INFO]: Info log when linking program containing VERTEX minecraft:core/entity, FRAGMENT minecraft:core/entity. Log output: WARNING: Output of vertex shader '_interface_variable_01' not read by fragment shader
WARNING: Output of vertex shader '_interface_variable_00' not read by fragment shader

[14:57:33] [Render thread/INFO]: OpenAL initialized on device Mac mini扬声器
[14:57:33] [Render thread/INFO]: Sound engine started
[14:57:33] [Render thread/INFO]: Created: 512x256x0 minecraft:textures/atlas/particles.png-atlas
[14:57:33] [Render thread/INFO]: Created: 256x128x0 minecraft:textures/atlas/celestials.png-atlas
[14:57:33] [Render thread/INFO]: Created: 128x128x0 minecraft:textures/atlas/decorated_pot.png-atlas
[14:57:33] [Render thread/INFO]: Created: 512x256x0 minecraft:textures/atlas/paintings.png-atlas
[14:57:33] [Render thread/INFO]: Created: 1024x512x0 minecraft:textures/atlas/shield_patterns.png-atlas
[14:57:33] [Render thread/INFO]: Created: 1024x512x0 minecraft:textures/atlas/banner_patterns.png-atlas
[14:57:33] [Render thread/INFO]: Created: 2048x2048x4 minecraft:textures/atlas/blocks.png-atlas
[14:57:33] [Render thread/INFO]: Created: 1024x512x0 minecraft:textures/atlas/items.png-atlas
[14:57:33] [Render thread/INFO]: Created: 1024x1024x0 minecraft:textures/atlas/gui.png-atlas
[14:57:33] [Render thread/INFO]: Created: 128x64x0 minecraft:textures/atlas/map_decorations.png-atlas
[14:57:33] [Render thread/INFO]: Created: 512x512x0 minecraft:textures/atlas/chest.png-atlas
[14:57:33] [Render thread/INFO]: Created: 512x512x0 minecraft:textures/atlas/shulker_boxes.png-atlas
[14:57:33] [Render thread/WARN]: Requested post effect does not exist: minecraft:end_of_frame
[14:57:37] [Server thread/INFO]: Player413 lost connection: Disconnected
[14:57:37] [Server thread/INFO]: System chat: Player413 left the game
[14:57:37] [Server thread/INFO]: Stopping singleplayer server as player logged out
[14:57:37] [Server thread/INFO]: Stopping server
[14:57:37] [Server thread/INFO]: Saving players
[14:57:37] [Server thread/INFO]: Saving worlds
[14:57:37] [Server thread/INFO]: Saving chunks for level 'ServerLevel[New World]'/minecraft:overworld
[14:57:37] [Server thread/INFO]: Saving chunks for level 'ServerLevel[New World]'/minecraft:the_end
[14:57:37] [Server thread/INFO]: Saving chunks for level 'ServerLevel[New World]'/minecraft:the_nether
[14:57:37] [Render thread/INFO]: World loading finished: null screen: net.minecraft.client.gui.screens.GenericMessageScreen@14e01af
[14:57:37] [Worker-Main-2/INFO]: Loaded 1872 advancements
[14:57:37] [Render thread/INFO]: Applied 0 biome modifications to 0 of 67 new biomes in 232.3 μs
[14:57:37] [Server thread/INFO]: Starting integrated minecraft server version 26.3
[14:57:37] [Server thread/INFO]: Generating keypair
[14:57:37] [Server thread/INFO]: Loading 0 persistent chunks...
[14:57:37] [Server thread/INFO]: Saving chunks for level 'ServerLevel[New World]'/minecraft:overworld
[14:57:37] [Server thread/INFO]: Saving chunks for level 'ServerLevel[New World]'/minecraft:the_end
[14:57:37] [Server thread/INFO]: Saving chunks for level 'ServerLevel[New World]'/minecraft:the_nether
[14:57:38] [Render thread/INFO]: World loading finished: null screen: net.minecraft.client.gui.screens.LevelLoadingScreen@1edf53be
[14:57:38] [Render thread/INFO]: World loading finished: null screen: net.minecraft.client.gui.screens.LevelLoadingScreen@1edf53be
[14:57:38] [Render thread/INFO]: World loading finished: null screen: net.minecraft.client.gui.screens.LevelLoadingScreen@1edf53be
[14:57:38] [Render thread/INFO]: World loading finished: null screen: net.minecraft.client.gui.screens.LevelLoadingScreen@1edf53be
[14:57:38] [Server thread/INFO]: Loading 49 chunks for player spawn...
[14:57:38] [Server thread/INFO]: Preparing spawn area: 16%
[14:57:38] [Render thread/INFO]: World loading finished: null screen: net.minecraft.client.gui.screens.LevelLoadingScreen@1edf53be
[14:57:38] [Server thread/INFO]: Time elapsed: 273 ms
[14:57:38] [Render thread/INFO]: World loading finished: null screen: net.minecraft.client.gui.screens.LevelLoadingScreen@1edf53be
[14:57:38] [Server thread/INFO]: Player413[local:E:20979f7a] logged in with entity id 13 at (0.5, -48.190513258107906, 0.5)
[14:57:38] [Server thread/INFO]: System chat: Player413 joined the game
[14:57:38] [Server thread/INFO]: Changing view distance to 5, from 10
[14:57:38] [Server thread/INFO]: Changing simulation distance to 12, from 0
[14:57:38] [Render thread/INFO]: World loading finished: null screen: net.minecraft.client.gui.screens.LevelLoadingScreen@1edf53be
[14:57:38] [Render thread/INFO]: Loaded 2 advancements
[14:57:38] [Render thread/INFO]: World loading finished: ClientLevel screen: net.minecraft.client.gui.screens.LevelLoadingScreen@1edf53be
[14:57:38] [Render thread/INFO]: World loading finished: ClientLevel screen: net.minecraft.client.gui.screens.LevelLoadingScreen@1edf53be
[14:57:38] [Render thread/INFO]: World loading finished: ClientLevel screen: net.minecraft.client.gui.screens.LevelLoadingScreen@1edf53be
[14:57:38] [Render thread/INFO]: World loading finished: ClientLevel screen: null
[14:57:38] [Server thread/INFO]: System chat: Player413 has made the advancement [We Need to Go Deeper]
[14:57:38] [Render thread/INFO]: [System] [CHAT] Player413 has made the advancement [We Need to Go Deeper]
[14:57:40] [Render thread/INFO]: Loaded 29 advancements
[14:57:40] [Server thread/INFO]: System chat: Killed Player413
[14:57:44] [Server thread/INFO]: System chat: Player413 fell from a high place
[14:57:44] [Render thread/INFO]: [System] [CHAT] Player413 fell from a high place
[14:57:44] [Server thread/INFO]: System chat: Consumed 40.0 stamina
[14:57:47] [Server thread/INFO]: Player413 lost connection: Disconnected
[14:57:47] [Server thread/INFO]: System chat: Player413 left the game
[14:57:47] [Server thread/INFO]: Stopping singleplayer server as player logged out
[14:57:47] [Server thread/INFO]: Stopping server
[14:57:47] [Server thread/INFO]: Saving players
[14:57:47] [Server thread/INFO]: Saving worlds
[14:57:47] [Server thread/INFO]: Saving chunks for level 'ServerLevel[New World]'/minecraft:overworld
[14:57:48] [Server thread/INFO]: Saving chunks for level 'ServerLevel[New World]'/minecraft:the_end
[14:57:48] [Server thread/INFO]: Saving chunks for level 'ServerLevel[New World]'/minecraft:the_nether
[14:57:49] [Worker-Main-2/INFO]: Loaded 1872 advancements
[14:57:50] [Thread-3/WARN]: Unable to parse version 27.0 to a codename.
[14:57:50] [Thread-3/INFO]: Environment: Environment[discoveryUrl=https://discovery.minecraftservices.com/minecraft/client, name=PROD]
[14:57:50] [Worker-Main-1/INFO]: Loaded 1872 advancements
[14:57:50] [Thread-3/INFO]: Applied 0 biome modifications to 0 of 67 new biomes in 346.7 μs
[14:57:50] [Server thread/INFO]: Starting minecraft server version 26.3
[14:57:50] [Server thread/INFO]: Loading properties
[14:57:50] [Server thread/INFO]: Default game type: SURVIVAL
[14:57:50] [Server thread/INFO]: Generating keypair
[14:57:50] [Server thread/INFO]: Starting Minecraft server on 127.0.0.1:52470
[14:57:50] [Server thread/WARN]: **** SERVER IS RUNNING IN OFFLINE/INSECURE MODE!
[14:57:50] [Server thread/WARN]: The server will make no attempt to authenticate usernames. Beware.
[14:57:50] [Server thread/WARN]: While this makes the game possible to play without internet access, it also opens up the ability for hackers to connect with any username they choose.
[14:57:50] [Server thread/WARN]: To change this, set "online-mode" to "true" in the server.properties file.
[14:57:50] [Server thread/INFO]: Preparing level "world"
[14:57:50] [Server thread/INFO]: Selecting global world spawn...
[14:57:50] [Server thread/INFO]: Loading 0 persistent chunks...
[14:57:50] [Server thread/INFO]: Preparing spawn area: 100%
[14:57:50] [Server thread/INFO]: Time elapsed: 57 ms
[14:57:50] [Server thread/INFO]: Done (0.061s)! For help, type "help"
[14:57:50] [Server thread/INFO]: Saving chunks for level 'ServerLevel[New World]'/minecraft:overworld
[14:57:51] [Server thread/INFO]: Saving chunks for level 'ServerLevel[New World]'/minecraft:the_end
[14:57:51] [Server thread/INFO]: Saving chunks for level 'ServerLevel[New World]'/minecraft:the_nether
[14:57:51] [Render thread/INFO]: Connecting to localhost, 52470
[14:57:51] [Render thread/INFO]: World loading finished: null screen: net.minecraft.client.gui.screens.ConnectScreen@4129c04d
[14:57:51] [Render thread/INFO]: World loading finished: null screen: net.minecraft.client.gui.screens.ConnectScreen@4129c04d
[14:57:51] [Render thread/INFO]: World loading finished: null screen: net.minecraft.client.gui.screens.ConnectScreen@4129c04d
[14:57:51] [Render thread/INFO]: World loading finished: null screen: net.minecraft.client.gui.screens.ConnectScreen@4129c04d
[14:57:51] [Render thread/INFO]: World loading finished: null screen: net.minecraft.client.gui.screens.ConnectScreen@4129c04d
[14:57:51] [Render thread/INFO]: World loading finished: null screen: net.minecraft.client.gui.screens.ConnectScreen@4129c04d
[14:57:51] [Render thread/INFO]: World loading finished: null screen: net.minecraft.client.gui.screens.ConnectScreen@4129c04d
[14:57:51] [Render thread/INFO]: World loading finished: null screen: net.minecraft.client.gui.screens.ConnectScreen@4129c04d
[14:57:51] [Render thread/INFO]: World loading finished: null screen: net.minecraft.client.gui.screens.ConnectScreen@4129c04d
[14:57:51] [Render thread/INFO]: World loading finished: null screen: net.minecraft.client.gui.screens.ConnectScreen@4129c04d
[14:57:51] [Render thread/INFO]: World loading finished: null screen: net.minecraft.client.gui.screens.ConnectScreen@4129c04d
[14:57:51] [Render thread/INFO]: World loading finished: null screen: net.minecraft.client.gui.screens.ConnectScreen@4129c04d
[14:57:51] [Render thread/INFO]: World loading finished: null screen: net.minecraft.client.gui.screens.ConnectScreen@4129c04d
[14:57:51] [Render thread/INFO]: World loading finished: null screen: net.minecraft.client.gui.screens.ConnectScreen@4129c04d
[14:57:51] [Server thread/INFO]: Player413[/127.0.0.1:52609] logged in with entity id 18 at (0.5, -60.0, 0.5)
[14:57:51] [Server thread/INFO]: System chat: Player413 joined the game
[14:57:51] [Render thread/INFO]: Loaded 2 advancements
[14:57:51] [Render thread/INFO]: World loading finished: ClientLevel screen: net.minecraft.client.gui.screens.LevelLoadingScreen@5f487d8d
[14:57:51] [Render thread/INFO]: World loading finished: ClientLevel screen: net.minecraft.client.gui.screens.LevelLoadingScreen@5f487d8d
[14:57:51] [Render thread/INFO]: World loading finished: ClientLevel screen: null
[14:57:52] [Server thread/INFO]: System chat: Set 30 experience levels on Player413
[14:57:52] [Server thread/INFO]: System chat: Set 5 experience levels on Player413
[14:57:52] [Server thread/INFO]: System chat: Stamina refilled
[14:57:52] [Server thread/INFO]: System chat: Consumed 118.0 stamina
[14:57:52] [Server thread/INFO]: Player413 lost connection: Disconnected
[14:57:52] [Server thread/INFO]: System chat: Player413 left the game
[14:57:52] [Render thread/INFO]: Connecting to localhost, 52470
[14:57:52] [Render thread/INFO]: World loading finished: null screen: net.minecraft.client.gui.screens.ConnectScreen@6ab92d1b
[14:57:52] [Render thread/INFO]: World loading finished: null screen: net.minecraft.client.gui.screens.ConnectScreen@6ab92d1b
[14:57:52] [Render thread/INFO]: World loading finished: null screen: net.minecraft.client.gui.screens.ConnectScreen@6ab92d1b
[14:57:52] [Render thread/INFO]: World loading finished: null screen: net.minecraft.client.gui.screens.ConnectScreen@6ab92d1b
[14:57:52] [Render thread/INFO]: World loading finished: null screen: net.minecraft.client.gui.screens.ConnectScreen@6ab92d1b
[14:57:52] [Render thread/INFO]: World loading finished: null screen: net.minecraft.client.gui.screens.ConnectScreen@6ab92d1b
[14:57:52] [Server thread/INFO]: Player413[/127.0.0.1:52699] logged in with entity id 19 at (0.5, -48.0, 0.5)
[14:57:52] [Server thread/INFO]: System chat: Player413 joined the game
[14:57:53] [Render thread/INFO]: Loaded 2 advancements
[14:57:53] [Render thread/INFO]: World loading finished: ClientLevel screen: net.minecraft.client.gui.screens.LevelLoadingScreen@75471030
[14:57:53] [Render thread/INFO]: World loading finished: ClientLevel screen: net.minecraft.client.gui.screens.LevelLoadingScreen@75471030
[14:57:53] [Render thread/INFO]: World loading finished: ClientLevel screen: null
[14:57:53] [Server thread/INFO]: Player413 lost connection: Disconnected
[14:57:53] [Server thread/INFO]: System chat: Player413 left the game
[14:57:53] [Server thread/INFO]: Stopping server
[14:57:53] [Server thread/INFO]: Saving players
[14:57:53] [Server thread/INFO]: Saving worlds
[14:57:53] [Server thread/INFO]: Saving chunks for level 'ServerLevel[New World]'/minecraft:overworld
[14:57:54] [Server thread/INFO]: Saving chunks for level 'ServerLevel[New World]'/minecraft:the_end
[14:57:54] [Server thread/INFO]: Saving chunks for level 'ServerLevel[New World]'/minecraft:the_nether
[14:57:54] [Test thread/INFO]: [STDOUT]: WILDCRAFT P1 real HUD/XP/save/restart/dimension/death/TCP reconnect checks passed
[14:57:54] [Worker-Main-7/INFO]: Loaded 1872 advancements
[14:57:54] [Render thread/INFO]: World loading finished: null screen: net.minecraft.client.gui.screens.GenericMessageScreen@2bc00b7b
[14:57:54] [Render thread/INFO]: Applied 0 biome modifications to 0 of 67 new biomes in 351.0 μs
[14:57:54] [Server thread/INFO]: Starting integrated minecraft server version 26.3
[14:57:54] [Server thread/INFO]: Generating keypair
[14:57:54] [Server thread/INFO]: Selecting global world spawn...
[14:57:54] [Server thread/INFO]: Loading 0 persistent chunks...
[14:57:54] [Server thread/INFO]: Preparing spawn area: 16%
[14:57:54] [Server thread/INFO]: Saving chunks for level 'ServerLevel[New World]'/minecraft:overworld
[14:57:54] [Server thread/INFO]: Saving chunks for level 'ServerLevel[New World]'/minecraft:the_end
[14:57:54] [Server thread/INFO]: Saving chunks for level 'ServerLevel[New World]'/minecraft:the_nether
[14:57:55] [Render thread/INFO]: World loading finished: null screen: net.minecraft.client.gui.screens.LevelLoadingScreen@76d52c82
[14:57:55] [Render thread/INFO]: World loading finished: null screen: net.minecraft.client.gui.screens.LevelLoadingScreen@76d52c82
[14:57:55] [Render thread/INFO]: World loading finished: null screen: net.minecraft.client.gui.screens.LevelLoadingScreen@76d52c82
[14:57:55] [Render thread/INFO]: World loading finished: null screen: net.minecraft.client.gui.screens.LevelLoadingScreen@76d52c82
[14:57:55] [Server thread/INFO]: Loading 48 chunks for player spawn...
[14:57:55] [Render thread/INFO]: World loading finished: null screen: net.minecraft.client.gui.screens.LevelLoadingScreen@76d52c82
[14:57:55] [Render thread/INFO]: World loading finished: null screen: net.minecraft.client.gui.screens.LevelLoadingScreen@76d52c82
[14:57:55] [Server thread/INFO]: Preparing spawn area: 58%
[14:57:55] [Render thread/INFO]: World loading finished: null screen: net.minecraft.client.gui.screens.LevelLoadingScreen@76d52c82
[14:57:55] [Server thread/INFO]: Time elapsed: 572 ms
[14:57:55] [Render thread/INFO]: World loading finished: null screen: net.minecraft.client.gui.screens.LevelLoadingScreen@76d52c82
[14:57:55] [Server thread/INFO]: Player413[local:E:b84a0364] logged in with entity id 20 at (0.5, -60.0, 0.5)
[14:57:55] [Server thread/INFO]: System chat: Player413 joined the game
[14:57:55] [Server thread/INFO]: Changing view distance to 5, from 10
[14:57:55] [Server thread/INFO]: Changing simulation distance to 12, from 0
[14:57:55] [Render thread/INFO]: World loading finished: null screen: net.minecraft.client.gui.screens.LevelLoadingScreen@76d52c82
[14:57:55] [Render thread/INFO]: Loaded 2 advancements
[14:57:55] [Render thread/INFO]: World loading finished: ClientLevel screen: net.minecraft.client.gui.screens.LevelLoadingScreen@76d52c82
[14:57:55] [Render thread/INFO]: World loading finished: ClientLevel screen: net.minecraft.client.gui.screens.LevelLoadingScreen@76d52c82
[14:57:55] [Render thread/INFO]: World loading finished: ClientLevel screen: net.minecraft.client.gui.screens.LevelLoadingScreen@76d52c82
[14:57:55] [Render thread/INFO]: World loading finished: ClientLevel screen: net.minecraft.client.gui.screens.LevelLoadingScreen@76d52c82
[14:57:55] [Render thread/INFO]: World loading finished: ClientLevel screen: net.minecraft.client.gui.screens.LevelLoadingScreen@76d52c82
[14:57:55] [Render thread/INFO]: World loading finished: ClientLevel screen: net.minecraft.client.gui.screens.LevelLoadingScreen@76d52c82
[14:57:55] [Render thread/INFO]: World loading finished: ClientLevel screen: net.minecraft.client.gui.screens.LevelLoadingScreen@76d52c82
[14:57:55] [Render thread/INFO]: World loading finished: ClientLevel screen: net.minecraft.client.gui.screens.LevelLoadingScreen@76d52c82
[14:57:55] [Render thread/INFO]: World loading finished: ClientLevel screen: net.minecraft.client.gui.screens.LevelLoadingScreen@76d52c82
[14:57:55] [Render thread/INFO]: World loading finished: ClientLevel screen: net.minecraft.client.gui.screens.LevelLoadingScreen@76d52c82
[14:57:56] [Render thread/INFO]: World loading finished: ClientLevel screen: net.minecraft.client.gui.screens.LevelLoadingScreen@76d52c82
[14:57:56] [Render thread/INFO]: World loading finished: ClientLevel screen: net.minecraft.client.gui.screens.LevelLoadingScreen@76d52c82
[14:57:56] [Render thread/INFO]: World loading finished: ClientLevel screen: net.minecraft.client.gui.screens.LevelLoadingScreen@76d52c82
[14:57:56] [Render thread/INFO]: World loading finished: ClientLevel screen: net.minecraft.client.gui.screens.LevelLoadingScreen@76d52c82
[14:57:56] [Render thread/INFO]: World loading finished: ClientLevel screen: net.minecraft.client.gui.screens.LevelLoadingScreen@76d52c82
[14:57:56] [Render thread/INFO]: World loading finished: ClientLevel screen: null
[14:57:56] [Server thread/INFO]: System chat: Set minecraft:overworld to time marker minecraft:day
[14:57:56] [Render thread/INFO]: Reloading ResourceManager: vanilla, vanilla, fabric-advancement-api-v1, fabric-api, fabric-api-base, fabric-api-lookup-api-v1, fabric-biome-api-v1, fabric-block-api-v1, fabric-block-getter-api-v2, fabric-client-gametest-api-v1, fabric-command-api-v2, fabric-content-registries-v0, fabric-convention-tags-v2, fabric-crash-report-info-v1, fabric-creative-tab-api-v1, fabric-data-attachment-api-v1, fabric-data-generation-api-v1, fabric-debug-api-v1, fabric-dimensions-v1, fabric-entity-events-v1, fabric-events-interaction-v0, fabric-game-rule-api-v1, fabric-gametest-api-v1, fabric-item-api-v1, fabric-key-mapping-api-v1, fabric-lifecycle-events-v1, fabric-loot-api-v3, fabric-menu-api-v1, fabric-message-api-v1, fabric-model-loading-api-v1, fabric-networking-api-v1, fabric-object-builder-api-v1, fabric-particles-v1, fabric-permission-api-v1, fabric-recipe-api-v1, fabric-registry-sync-v0, fabric-renderer-api-v1, fabric-renderer-indigo, fabric-rendering-fluids-v1, fabric-rendering-v1, fabric-resource-conditions-api-v1, fabric-resource-loader-v0, fabric-resource-loader-v1, fabric-screen-api-v1, fabric-serialization-api-v1, fabric-sound-api-v1, fabric-tag-api-v1, fabric-transfer-api-v1, fabric-transitive-access-wideners-v1, fabricloader, wildcraft, wildcraft-test
[14:57:56] [Worker-Main-1/INFO]: Found unifont_pua-17.0.01.hex, loading
[14:57:56] [Worker-Main-5/INFO]: Found unifont_all_no_pua-17.0.01.hex, loading
[14:57:56] [Server thread/INFO]: Saving and pausing game...
[14:57:56] [Server thread/INFO]: Saving chunks for level 'ServerLevel[New World]'/minecraft:overworld
[14:57:56] [Server thread/INFO]: Saving chunks for level 'ServerLevel[New World]'/minecraft:the_end
[14:57:56] [Server thread/INFO]: Saving chunks for level 'ServerLevel[New World]'/minecraft:the_nether
[14:57:56] [Render thread/INFO]: Info log when linking program containing VERTEX minecraft:core/terrain, FRAGMENT minecraft:core/terrain. Log output: WARNING: Output of vertex shader '_interface_variable_01' not read by fragment shader
WARNING: Output of vertex shader '_interface_variable_00' not read by fragment shader
WARNING: Output of vertex shader '_interface_variable_04' not read by fragment shader

[14:57:56] [Render thread/INFO]: Info log when linking program containing VERTEX minecraft:core/rendertype_crumbling, FRAGMENT minecraft:core/rendertype_crumbling. Log output: WARNING: Output of vertex shader '_interface_variable_01' not read by fragment shader
WARNING: Output of vertex shader '_interface_variable_00' not read by fragment shader

[14:57:56] [Render thread/INFO]: Info log when linking program containing VERTEX minecraft:core/entity, FRAGMENT minecraft:core/entity. Log output: WARNING: Output of vertex shader '_interface_variable_01' not read by fragment shader
WARNING: Output of vertex shader '_interface_variable_00' not read by fragment shader

[14:57:56] [Render thread/INFO]: Info log when linking program containing VERTEX minecraft:core/rendertype_lines, FRAGMENT minecraft:core/rendertype_lines. Log output: WARNING: Output of vertex shader '_interface_variable_01' not read by fragment shader
WARNING: Output of vertex shader '_interface_variable_00' not read by fragment shader

[14:57:56] [Worker-Main-9/INFO]: Found unifont_jp_patch-17.0.01.hex, loading
[14:57:56] [Render thread/INFO]: Info log when linking program containing VERTEX minecraft:core/terrain, FRAGMENT minecraft:core/terrain. Log output: WARNING: Output of vertex shader '_interface_variable_01' not read by fragment shader
WARNING: Output of vertex shader '_interface_variable_00' not read by fragment shader
WARNING: Output of vertex shader '_interface_variable_04' not read by fragment shader

[14:57:56] [Render thread/INFO]: Info log when linking program containing VERTEX minecraft:core/text, FRAGMENT minecraft:core/text. Log output: WARNING: Output of vertex shader '_interface_variable_01' not read by fragment shader
WARNING: Output of vertex shader '_interface_variable_00' not read by fragment shader

[14:57:56] [Render thread/INFO]: Info log when linking program containing VERTEX minecraft:core/text, FRAGMENT minecraft:core/text. Log output: WARNING: Output of vertex shader '_interface_variable_01' not read by fragment shader
WARNING: Output of vertex shader '_interface_variable_00' not read by fragment shader

[14:57:56] [Render thread/INFO]: Info log when linking program containing VERTEX minecraft:core/entity, FRAGMENT minecraft:core/entity. Log output: WARNING: Output of vertex shader '_interface_variable_01' not read by fragment shader
WARNING: Output of vertex shader '_interface_variable_00' not read by fragment shader

[14:57:56] [Render thread/INFO]: Info log when linking program containing VERTEX minecraft:core/block, FRAGMENT minecraft:core/block. Log output: WARNING: Output of vertex shader '_interface_variable_01' not read by fragment shader
WARNING: Output of vertex shader '_interface_variable_00' not read by fragment shader

[14:57:56] [Render thread/INFO]: Info log when linking program containing VERTEX minecraft:core/entity, FRAGMENT minecraft:core/entity. Log output: WARNING: Output of vertex shader '_interface_variable_01' not read by fragment shader
WARNING: Output of vertex shader '_interface_variable_00' not read by fragment shader

[14:57:57] [Render thread/INFO]: Info log when linking program containing VERTEX minecraft:core/screenquad, FRAGMENT minecraft:core/oit_composite. Log output: WARNING: Output of vertex shader '_interface_variable_00' not read by fragment shader

[14:57:57] [Render thread/INFO]: Info log when linking program containing VERTEX minecraft:core/rendertype_entity_shadow, FRAGMENT minecraft:core/rendertype_entity_shadow. Log output: WARNING: Output of vertex shader '_interface_variable_01' not read by fragment shader
WARNING: Output of vertex shader '_interface_variable_00' not read by fragment shader

[14:57:57] [Render thread/INFO]: Info log when linking program containing VERTEX minecraft:core/particle, FRAGMENT minecraft:core/particle. Log output: WARNING: Output of vertex shader '_interface_variable_01' not read by fragment shader
WARNING: Output of vertex shader '_interface_variable_00' not read by fragment shader

[14:57:57] [Render thread/INFO]: Info log when linking program containing VERTEX minecraft:core/animate_sprite, FRAGMENT minecraft:core/animate_sprite_blit. Log output: WARNING: Output of vertex shader '_interface_variable_00' not read by fragment shader

[14:57:57] [Render thread/INFO]: Info log when linking program containing VERTEX minecraft:core/entity, FRAGMENT minecraft:core/entity. Log output: WARNING: Output of vertex shader '_interface_variable_01' not read by fragment shader
WARNING: Output of vertex shader '_interface_variable_00' not read by fragment shader

[14:57:57] [Render thread/INFO]: Info log when linking program containing VERTEX minecraft:core/terrain, FRAGMENT minecraft:core/terrain. Log output: WARNING: Output of vertex shader '_interface_variable_01' not read by fragment shader
WARNING: Output of vertex shader '_interface_variable_00' not read by fragment shader
WARNING: Output of vertex shader '_interface_variable_04' not read by fragment shader

[14:57:57] [Render thread/INFO]: Info log when linking program containing VERTEX minecraft:core/entity, FRAGMENT minecraft:core/entity. Log output: WARNING: Output of vertex shader '_interface_variable_01' not read by fragment shader
WARNING: Output of vertex shader '_interface_variable_00' not read by fragment shader

[14:57:57] [Render thread/INFO]: Info log when linking program containing VERTEX minecraft:core/screenquad, FRAGMENT minecraft:core/integrate_depth. Log output: WARNING: Output of vertex shader '_interface_variable_00' not read by fragment shader

[14:57:57] [Render thread/INFO]: Info log when linking program containing VERTEX minecraft:core/clouds, FRAGMENT minecraft:core/clouds. Log output: WARNING: Output of vertex shader '_interface_variable_00' not read by fragment shader

[14:57:57] [Render thread/INFO]: Info log when linking program containing VERTEX minecraft:core/entity, FRAGMENT minecraft:core/entity. Log output: WARNING: Output of vertex shader '_interface_variable_01' not read by fragment shader
WARNING: Output of vertex shader '_interface_variable_00' not read by fragment shader

[14:57:57] [Render thread/INFO]: Info log when linking program containing VERTEX minecraft:core/screenquad, FRAGMENT minecraft:core/oit_depth_bounds_cull. Log output: WARNING: Output of vertex shader '_interface_variable_00' not read by fragment shader

[14:57:57] [Render thread/INFO]: Info log when linking program containing VERTEX minecraft:core/block, FRAGMENT minecraft:core/block. Log output: WARNING: Output of vertex shader '_interface_variable_01' not read by fragment shader
WARNING: Output of vertex shader '_interface_variable_00' not read by fragment shader

[14:57:57] [Render thread/INFO]: Info log when linking program containing VERTEX minecraft:core/entity, FRAGMENT minecraft:core/entity. Log output: WARNING: Output of vertex shader '_interface_variable_01' not read by fragment shader
WARNING: Output of vertex shader '_interface_variable_00' not read by fragment shader

[14:57:57] [Render thread/INFO]: Info log when linking program containing VERTEX minecraft:core/particle, FRAGMENT minecraft:core/particle. Log output: WARNING: Output of vertex shader '_interface_variable_01' not read by fragment shader
WARNING: Output of vertex shader '_interface_variable_00' not read by fragment shader

[14:57:57] [Render thread/INFO]: Info log when linking program containing VERTEX minecraft:core/text, FRAGMENT minecraft:core/text. Log output: WARNING: Output of vertex shader '_interface_variable_01' not read by fragment shader
WARNING: Output of vertex shader '_interface_variable_00' not read by fragment shader

[14:57:57] [Render thread/INFO]: Info log when linking program containing VERTEX minecraft:core/entity, FRAGMENT minecraft:core/entity. Log output: WARNING: Output of vertex shader '_interface_variable_01' not read by fragment shader
WARNING: Output of vertex shader '_interface_variable_00' not read by fragment shader

[14:57:57] [Render thread/INFO]: Info log when linking program containing VERTEX minecraft:core/terrain, FRAGMENT minecraft:core/terrain. Log output: WARNING: Output of vertex shader '_interface_variable_01' not read by fragment shader
WARNING: Output of vertex shader '_interface_variable_00' not read by fragment shader
WARNING: Output of vertex shader '_interface_variable_04' not read by fragment shader

[14:57:57] [Render thread/INFO]: Info log when linking program containing VERTEX minecraft:core/text, FRAGMENT minecraft:core/text. Log output: WARNING: Output of vertex shader '_interface_variable_01' not read by fragment shader
WARNING: Output of vertex shader '_interface_variable_00' not read by fragment shader

[14:57:57] [Render thread/INFO]: Info log when linking program containing VERTEX minecraft:core/text, FRAGMENT minecraft:core/text. Log output: WARNING: Output of vertex shader '_interface_variable_01' not read by fragment shader
WARNING: Output of vertex shader '_interface_variable_00' not read by fragment shader

[14:57:57] [Render thread/INFO]: Info log when linking program containing VERTEX minecraft:core/text, FRAGMENT minecraft:core/text. Log output: WARNING: Output of vertex shader '_interface_variable_01' not read by fragment shader
WARNING: Output of vertex shader '_interface_variable_00' not read by fragment shader

[14:57:57] [Render thread/INFO]: Info log when linking program containing VERTEX minecraft:core/clouds, FRAGMENT minecraft:core/clouds. Log output: WARNING: Output of vertex shader '_interface_variable_00' not read by fragment shader

[14:57:57] [Render thread/INFO]: Info log when linking program containing VERTEX minecraft:core/rendertype_entity_shadow, FRAGMENT minecraft:core/rendertype_entity_shadow. Log output: WARNING: Output of vertex shader '_interface_variable_01' not read by fragment shader
WARNING: Output of vertex shader '_interface_variable_00' not read by fragment shader

[14:57:57] [Render thread/INFO]: Info log when linking program containing VERTEX minecraft:core/entity, FRAGMENT minecraft:core/entity. Log output: WARNING: Output of vertex shader '_interface_variable_01' not read by fragment shader
WARNING: Output of vertex shader '_interface_variable_00' not read by fragment shader

[14:57:57] [Render thread/INFO]: Info log when linking program containing VERTEX minecraft:core/particle, FRAGMENT minecraft:core/particle. Log output: WARNING: Output of vertex shader '_interface_variable_01' not read by fragment shader
WARNING: Output of vertex shader '_interface_variable_00' not read by fragment shader

[14:57:57] [Render thread/INFO]: Info log when linking program containing VERTEX minecraft:core/rendertype_lines, FRAGMENT minecraft:core/rendertype_lines. Log output: WARNING: Output of vertex shader '_interface_variable_01' not read by fragment shader
WARNING: Output of vertex shader '_interface_variable_00' not read by fragment shader

[14:57:57] [Render thread/INFO]: Info log when linking program containing VERTEX minecraft:core/text, FRAGMENT minecraft:core/text. Log output: WARNING: Output of vertex shader '_interface_variable_01' not read by fragment shader
WARNING: Output of vertex shader '_interface_variable_00' not read by fragment shader

[14:57:57] [Render thread/INFO]: Info log when linking program containing VERTEX minecraft:core/rendertype_crumbling, FRAGMENT minecraft:core/rendertype_crumbling. Log output: WARNING: Output of vertex shader '_interface_variable_01' not read by fragment shader
WARNING: Output of vertex shader '_interface_variable_00' not read by fragment shader

[14:57:57] [Render thread/INFO]: Info log when linking program containing VERTEX minecraft:core/particle, FRAGMENT minecraft:core/particle. Log output: WARNING: Output of vertex shader '_interface_variable_01' not read by fragment shader
WARNING: Output of vertex shader '_interface_variable_00' not read by fragment shader

[14:57:57] [Render thread/INFO]: Info log when linking program containing VERTEX minecraft:core/text, FRAGMENT minecraft:core/text. Log output: WARNING: Output of vertex shader '_interface_variable_01' not read by fragment shader
WARNING: Output of vertex shader '_interface_variable_00' not read by fragment shader

[14:57:57] [Render thread/INFO]: Info log when linking program containing VERTEX minecraft:core/entity, FRAGMENT minecraft:core/entity. Log output: WARNING: Output of vertex shader '_interface_variable_01' not read by fragment shader
WARNING: Output of vertex shader '_interface_variable_00' not read by fragment shader

[14:57:57] [Render thread/INFO]: Info log when linking program containing VERTEX minecraft:core/entity, FRAGMENT minecraft:core/entity. Log output: WARNING: Output of vertex shader '_interface_variable_01' not read by fragment shader
WARNING: Output of vertex shader '_interface_variable_00' not read by fragment shader

[14:57:57] [Render thread/INFO]: Info log when linking program containing VERTEX minecraft:core/entity, FRAGMENT minecraft:core/entity. Log output: WARNING: Output of vertex shader '_interface_variable_01' not read by fragment shader
WARNING: Output of vertex shader '_interface_variable_00' not read by fragment shader

[14:57:57] [Render thread/INFO]: OpenAL initialized on device Mac mini扬声器
[14:57:57] [Render thread/INFO]: Sound engine started
[14:57:57] [Render thread/INFO]: Created: 512x256x0 minecraft:textures/atlas/particles.png-atlas
[14:57:57] [Render thread/INFO]: Created: 256x128x0 minecraft:textures/atlas/celestials.png-atlas
[14:57:57] [Render thread/INFO]: Created: 128x128x0 minecraft:textures/atlas/decorated_pot.png-atlas
[14:57:57] [Render thread/INFO]: Created: 512x256x0 minecraft:textures/atlas/paintings.png-atlas
[14:57:57] [Render thread/INFO]: Created: 1024x512x0 minecraft:textures/atlas/shield_patterns.png-atlas
[14:57:57] [Render thread/INFO]: Created: 1024x512x0 minecraft:textures/atlas/banner_patterns.png-atlas
[14:57:57] [Render thread/INFO]: Created: 2048x2048x4 minecraft:textures/atlas/blocks.png-atlas
[14:57:57] [Render thread/INFO]: Created: 1024x512x0 minecraft:textures/atlas/items.png-atlas
[14:57:57] [Render thread/INFO]: Created: 1024x1024x0 minecraft:textures/atlas/gui.png-atlas
[14:57:57] [Render thread/INFO]: Created: 128x64x0 minecraft:textures/atlas/map_decorations.png-atlas
[14:57:57] [Render thread/INFO]: Created: 512x512x0 minecraft:textures/atlas/chest.png-atlas
[14:57:57] [Render thread/INFO]: Created: 512x512x0 minecraft:textures/atlas/shulker_boxes.png-atlas
[14:57:57] [Render thread/WARN]: Requested post effect does not exist: minecraft:end_of_frame
[14:58:09] [Server thread/INFO]: System chat: 已将1.0伤害施加于Player413
[14:58:11] [Server thread/INFO]: System chat: Player413被杀死了
[14:58:11] [Server thread/INFO]: System chat: 杀死了Player413
[14:58:11] [Render thread/INFO]: [System] [CHAT] Player413被杀死了
[14:58:11] [Server thread/INFO]: System chat: Player413取得了进度[勇往直下]
[14:58:11] [Render thread/INFO]: [System] [CHAT] Player413取得了进度[勇往直下]
[14:58:11] [Render thread/INFO]: Loaded 29 advancements
[14:58:11] [Render thread/INFO]: Reloading ResourceManager: vanilla, vanilla, fabric-advancement-api-v1, fabric-api, fabric-api-base, fabric-api-lookup-api-v1, fabric-biome-api-v1, fabric-block-api-v1, fabric-block-getter-api-v2, fabric-client-gametest-api-v1, fabric-command-api-v2, fabric-content-registries-v0, fabric-convention-tags-v2, fabric-crash-report-info-v1, fabric-creative-tab-api-v1, fabric-data-attachment-api-v1, fabric-data-generation-api-v1, fabric-debug-api-v1, fabric-dimensions-v1, fabric-entity-events-v1, fabric-events-interaction-v0, fabric-game-rule-api-v1, fabric-gametest-api-v1, fabric-item-api-v1, fabric-key-mapping-api-v1, fabric-lifecycle-events-v1, fabric-loot-api-v3, fabric-menu-api-v1, fabric-message-api-v1, fabric-model-loading-api-v1, fabric-networking-api-v1, fabric-object-builder-api-v1, fabric-particles-v1, fabric-permission-api-v1, fabric-recipe-api-v1, fabric-registry-sync-v0, fabric-renderer-api-v1, fabric-renderer-indigo, fabric-rendering-fluids-v1, fabric-rendering-v1, fabric-resource-conditions-api-v1, fabric-resource-loader-v0, fabric-resource-loader-v1, fabric-screen-api-v1, fabric-serialization-api-v1, fabric-sound-api-v1, fabric-tag-api-v1, fabric-transfer-api-v1, fabric-transitive-access-wideners-v1, fabricloader, wildcraft, wildcraft-test
[14:58:11] [Worker-Main-6/INFO]: Found unifont_all_no_pua-17.0.01.hex, loading
[14:58:11] [Worker-Main-7/INFO]: Found unifont_pua-17.0.01.hex, loading
[14:58:12] [Server thread/INFO]: Saving and pausing game...
[14:58:12] [Server thread/INFO]: Saving chunks for level 'ServerLevel[New World]'/minecraft:overworld
[14:58:12] [Server thread/INFO]: Saving chunks for level 'ServerLevel[New World]'/minecraft:the_end
[14:58:12] [Server thread/INFO]: Saving chunks for level 'ServerLevel[New World]'/minecraft:the_nether
[14:58:12] [Render thread/INFO]: Info log when linking program containing VERTEX minecraft:core/rendertype_crumbling, FRAGMENT minecraft:core/rendertype_crumbling. Log output: WARNING: Output of vertex shader '_interface_variable_01' not read by fragment shader
WARNING: Output of vertex shader '_interface_variable_00' not read by fragment shader

[14:58:12] [Render thread/INFO]: Info log when linking program containing VERTEX minecraft:core/entity, FRAGMENT minecraft:core/entity. Log output: WARNING: Output of vertex shader '_interface_variable_01' not read by fragment shader
WARNING: Output of vertex shader '_interface_variable_00' not read by fragment shader

[14:58:12] [Render thread/INFO]: Info log when linking program containing VERTEX minecraft:core/terrain, FRAGMENT minecraft:core/terrain. Log output: WARNING: Output of vertex shader '_interface_variable_01' not read by fragment shader
WARNING: Output of vertex shader '_interface_variable_00' not read by fragment shader
WARNING: Output of vertex shader '_interface_variable_04' not read by fragment shader

[14:58:12] [Render thread/INFO]: Info log when linking program containing VERTEX minecraft:core/rendertype_lines, FRAGMENT minecraft:core/rendertype_lines. Log output: WARNING: Output of vertex shader '_interface_variable_01' not read by fragment shader
WARNING: Output of vertex shader '_interface_variable_00' not read by fragment shader

[14:58:12] [Render thread/INFO]: Info log when linking program containing VERTEX minecraft:core/terrain, FRAGMENT minecraft:core/terrain. Log output: WARNING: Output of vertex shader '_interface_variable_01' not read by fragment shader
WARNING: Output of vertex shader '_interface_variable_00' not read by fragment shader
WARNING: Output of vertex shader '_interface_variable_04' not read by fragment shader

[14:58:12] [Render thread/INFO]: Info log when linking program containing VERTEX minecraft:core/entity, FRAGMENT minecraft:core/entity. Log output: WARNING: Output of vertex shader '_interface_variable_01' not read by fragment shader
WARNING: Output of vertex shader '_interface_variable_00' not read by fragment shader

[14:58:12] [Render thread/INFO]: Info log when linking program containing VERTEX minecraft:core/text, FRAGMENT minecraft:core/text. Log output: WARNING: Output of vertex shader '_interface_variable_01' not read by fragment shader
WARNING: Output of vertex shader '_interface_variable_00' not read by fragment shader

[14:58:12] [Render thread/INFO]: Info log when linking program containing VERTEX minecraft:core/text, FRAGMENT minecraft:core/text. Log output: WARNING: Output of vertex shader '_interface_variable_01' not read by fragment shader
WARNING: Output of vertex shader '_interface_variable_00' not read by fragment shader

[14:58:12] [Worker-Main-6/INFO]: Found unifont_jp_patch-17.0.01.hex, loading
[14:58:12] [Render thread/INFO]: Info log when linking program containing VERTEX minecraft:core/block, FRAGMENT minecraft:core/block. Log output: WARNING: Output of vertex shader '_interface_variable_01' not read by fragment shader
WARNING: Output of vertex shader '_interface_variable_00' not read by fragment shader

[14:58:12] [Render thread/INFO]: Info log when linking program containing VERTEX minecraft:core/entity, FRAGMENT minecraft:core/entity. Log output: WARNING: Output of vertex shader '_interface_variable_01' not read by fragment shader
WARNING: Output of vertex shader '_interface_variable_00' not read by fragment shader

[14:58:12] [Render thread/INFO]: Info log when linking program containing VERTEX minecraft:core/rendertype_entity_shadow, FRAGMENT minecraft:core/rendertype_entity_shadow. Log output: WARNING: Output of vertex shader '_interface_variable_01' not read by fragment shader
WARNING: Output of vertex shader '_interface_variable_00' not read by fragment shader

[14:58:12] [Render thread/INFO]: Info log when linking program containing VERTEX minecraft:core/particle, FRAGMENT minecraft:core/particle. Log output: WARNING: Output of vertex shader '_interface_variable_01' not read by fragment shader
WARNING: Output of vertex shader '_interface_variable_00' not read by fragment shader

[14:58:12] [Render thread/INFO]: Info log when linking program containing VERTEX minecraft:core/screenquad, FRAGMENT minecraft:core/oit_composite. Log output: WARNING: Output of vertex shader '_interface_variable_00' not read by fragment shader

[14:58:12] [Render thread/INFO]: Info log when linking program containing VERTEX minecraft:core/screenquad, FRAGMENT minecraft:core/integrate_depth. Log output: WARNING: Output of vertex shader '_interface_variable_00' not read by fragment shader

[14:58:12] [Render thread/INFO]: Info log when linking program containing VERTEX minecraft:core/terrain, FRAGMENT minecraft:core/terrain. Log output: WARNING: Output of vertex shader '_interface_variable_01' not read by fragment shader
WARNING: Output of vertex shader '_interface_variable_00' not read by fragment shader
WARNING: Output of vertex shader '_interface_variable_04' not read by fragment shader

[14:58:12] [Render thread/INFO]: Info log when linking program containing VERTEX minecraft:core/animate_sprite, FRAGMENT minecraft:core/animate_sprite_blit. Log output: WARNING: Output of vertex shader '_interface_variable_00' not read by fragment shader

[14:58:12] [Render thread/INFO]: Info log when linking program containing VERTEX minecraft:core/entity, FRAGMENT minecraft:core/entity. Log output: WARNING: Output of vertex shader '_interface_variable_01' not read by fragment shader
WARNING: Output of vertex shader '_interface_variable_00' not read by fragment shader

[14:58:12] [Render thread/INFO]: Info log when linking program containing VERTEX minecraft:core/entity, FRAGMENT minecraft:core/entity. Log output: WARNING: Output of vertex shader '_interface_variable_01' not read by fragment shader
WARNING: Output of vertex shader '_interface_variable_00' not read by fragment shader

[14:58:12] [Render thread/INFO]: Info log when linking program containing VERTEX minecraft:core/entity, FRAGMENT minecraft:core/entity. Log output: WARNING: Output of vertex shader '_interface_variable_01' not read by fragment shader
WARNING: Output of vertex shader '_interface_variable_00' not read by fragment shader

[14:58:12] [Render thread/INFO]: Info log when linking program containing VERTEX minecraft:core/clouds, FRAGMENT minecraft:core/clouds. Log output: WARNING: Output of vertex shader '_interface_variable_00' not read by fragment shader

[14:58:12] [Render thread/INFO]: Info log when linking program containing VERTEX minecraft:core/entity, FRAGMENT minecraft:core/entity. Log output: WARNING: Output of vertex shader '_interface_variable_01' not read by fragment shader
WARNING: Output of vertex shader '_interface_variable_00' not read by fragment shader

[14:58:12] [Render thread/INFO]: Info log when linking program containing VERTEX minecraft:core/particle, FRAGMENT minecraft:core/particle. Log output: WARNING: Output of vertex shader '_interface_variable_01' not read by fragment shader
WARNING: Output of vertex shader '_interface_variable_00' not read by fragment shader

[14:58:12] [Render thread/INFO]: Info log when linking program containing VERTEX minecraft:core/block, FRAGMENT minecraft:core/block. Log output: WARNING: Output of vertex shader '_interface_variable_01' not read by fragment shader
WARNING: Output of vertex shader '_interface_variable_00' not read by fragment shader

[14:58:12] [Render thread/INFO]: Info log when linking program containing VERTEX minecraft:core/screenquad, FRAGMENT minecraft:core/oit_depth_bounds_cull. Log output: WARNING: Output of vertex shader '_interface_variable_00' not read by fragment shader

[14:58:12] [Render thread/INFO]: Info log when linking program containing VERTEX minecraft:core/text, FRAGMENT minecraft:core/text. Log output: WARNING: Output of vertex shader '_interface_variable_01' not read by fragment shader
WARNING: Output of vertex shader '_interface_variable_00' not read by fragment shader

[14:58:12] [Render thread/INFO]: Info log when linking program containing VERTEX minecraft:core/entity, FRAGMENT minecraft:core/entity. Log output: WARNING: Output of vertex shader '_interface_variable_01' not read by fragment shader
WARNING: Output of vertex shader '_interface_variable_00' not read by fragment shader

[14:58:12] [Render thread/INFO]: Info log when linking program containing VERTEX minecraft:core/text, FRAGMENT minecraft:core/text. Log output: WARNING: Output of vertex shader '_interface_variable_01' not read by fragment shader
WARNING: Output of vertex shader '_interface_variable_00' not read by fragment shader

[14:58:12] [Render thread/INFO]: Info log when linking program containing VERTEX minecraft:core/text, FRAGMENT minecraft:core/text. Log output: WARNING: Output of vertex shader '_interface_variable_01' not read by fragment shader
WARNING: Output of vertex shader '_interface_variable_00' not read by fragment shader

[14:58:12] [Render thread/INFO]: Info log when linking program containing VERTEX minecraft:core/terrain, FRAGMENT minecraft:core/terrain. Log output: WARNING: Output of vertex shader '_interface_variable_01' not read by fragment shader
WARNING: Output of vertex shader '_interface_variable_00' not read by fragment shader
WARNING: Output of vertex shader '_interface_variable_04' not read by fragment shader

[14:58:12] [Render thread/INFO]: Info log when linking program containing VERTEX minecraft:core/text, FRAGMENT minecraft:core/text. Log output: WARNING: Output of vertex shader '_interface_variable_01' not read by fragment shader
WARNING: Output of vertex shader '_interface_variable_00' not read by fragment shader

[14:58:12] [Render thread/INFO]: Info log when linking program containing VERTEX minecraft:core/rendertype_entity_shadow, FRAGMENT minecraft:core/rendertype_entity_shadow. Log output: WARNING: Output of vertex shader '_interface_variable_01' not read by fragment shader
WARNING: Output of vertex shader '_interface_variable_00' not read by fragment shader

[14:58:12] [Render thread/INFO]: Info log when linking program containing VERTEX minecraft:core/rendertype_lines, FRAGMENT minecraft:core/rendertype_lines. Log output: WARNING: Output of vertex shader '_interface_variable_01' not read by fragment shader
WARNING: Output of vertex shader '_interface_variable_00' not read by fragment shader

[14:58:12] [Render thread/INFO]: Info log when linking program containing VERTEX minecraft:core/clouds, FRAGMENT minecraft:core/clouds. Log output: WARNING: Output of vertex shader '_interface_variable_00' not read by fragment shader

[14:58:12] [Render thread/INFO]: Info log when linking program containing VERTEX minecraft:core/entity, FRAGMENT minecraft:core/entity. Log output: WARNING: Output of vertex shader '_interface_variable_01' not read by fragment shader
WARNING: Output of vertex shader '_interface_variable_00' not read by fragment shader

[14:58:12] [Render thread/INFO]: Info log when linking program containing VERTEX minecraft:core/entity, FRAGMENT minecraft:core/entity. Log output: WARNING: Output of vertex shader '_interface_variable_01' not read by fragment shader
WARNING: Output of vertex shader '_interface_variable_00' not read by fragment shader

[14:58:12] [Render thread/INFO]: Info log when linking program containing VERTEX minecraft:core/text, FRAGMENT minecraft:core/text. Log output: WARNING: Output of vertex shader '_interface_variable_01' not read by fragment shader
WARNING: Output of vertex shader '_interface_variable_00' not read by fragment shader

[14:58:12] [Render thread/INFO]: Info log when linking program containing VERTEX minecraft:core/particle, FRAGMENT minecraft:core/particle. Log output: WARNING: Output of vertex shader '_interface_variable_01' not read by fragment shader
WARNING: Output of vertex shader '_interface_variable_00' not read by fragment shader

[14:58:12] [Render thread/INFO]: Info log when linking program containing VERTEX minecraft:core/entity, FRAGMENT minecraft:core/entity. Log output: WARNING: Output of vertex shader '_interface_variable_01' not read by fragment shader
WARNING: Output of vertex shader '_interface_variable_00' not read by fragment shader

[14:58:12] [Render thread/INFO]: Info log when linking program containing VERTEX minecraft:core/rendertype_crumbling, FRAGMENT minecraft:core/rendertype_crumbling. Log output: WARNING: Output of vertex shader '_interface_variable_01' not read by fragment shader
WARNING: Output of vertex shader '_interface_variable_00' not read by fragment shader

[14:58:12] [Render thread/INFO]: Info log when linking program containing VERTEX minecraft:core/particle, FRAGMENT minecraft:core/particle. Log output: WARNING: Output of vertex shader '_interface_variable_01' not read by fragment shader
WARNING: Output of vertex shader '_interface_variable_00' not read by fragment shader

[14:58:12] [Render thread/INFO]: Info log when linking program containing VERTEX minecraft:core/text, FRAGMENT minecraft:core/text. Log output: WARNING: Output of vertex shader '_interface_variable_01' not read by fragment shader
WARNING: Output of vertex shader '_interface_variable_00' not read by fragment shader

[14:58:12] [Render thread/INFO]: Info log when linking program containing VERTEX minecraft:core/entity, FRAGMENT minecraft:core/entity. Log output: WARNING: Output of vertex shader '_interface_variable_01' not read by fragment shader
WARNING: Output of vertex shader '_interface_variable_00' not read by fragment shader

[14:58:12] [Render thread/INFO]: OpenAL initialized on device Mac mini扬声器
[14:58:12] [Render thread/INFO]: Sound engine started
[14:58:12] [Render thread/INFO]: Created: 512x256x0 minecraft:textures/atlas/particles.png-atlas
[14:58:12] [Render thread/INFO]: Created: 256x128x0 minecraft:textures/atlas/celestials.png-atlas
[14:58:12] [Render thread/INFO]: Created: 128x128x0 minecraft:textures/atlas/decorated_pot.png-atlas
[14:58:12] [Render thread/INFO]: Created: 512x256x0 minecraft:textures/atlas/paintings.png-atlas
[14:58:12] [Render thread/INFO]: Created: 1024x512x0 minecraft:textures/atlas/shield_patterns.png-atlas
[14:58:12] [Render thread/INFO]: Created: 1024x512x0 minecraft:textures/atlas/banner_patterns.png-atlas
[14:58:12] [Render thread/INFO]: Created: 2048x2048x4 minecraft:textures/atlas/blocks.png-atlas
[14:58:12] [Render thread/INFO]: Created: 1024x512x0 minecraft:textures/atlas/items.png-atlas
[14:58:12] [Render thread/INFO]: Created: 1024x1024x0 minecraft:textures/atlas/gui.png-atlas
[14:58:12] [Render thread/INFO]: Created: 128x64x0 minecraft:textures/atlas/map_decorations.png-atlas
[14:58:12] [Render thread/INFO]: Created: 512x512x0 minecraft:textures/atlas/chest.png-atlas
[14:58:12] [Render thread/INFO]: Created: 512x512x0 minecraft:textures/atlas/shulker_boxes.png-atlas
[14:58:12] [Render thread/WARN]: Requested post effect does not exist: minecraft:end_of_frame
[14:58:15] [Server thread/INFO]: Player413 lost connection: Disconnected
[14:58:15] [Server thread/INFO]: System chat: Player413 left the game
[14:58:15] [Server thread/INFO]: Stopping singleplayer server as player logged out
[14:58:15] [Server thread/INFO]: Stopping server
[14:58:15] [Server thread/INFO]: Saving players
[14:58:15] [Server thread/INFO]: Saving worlds
[14:58:15] [Server thread/INFO]: Saving chunks for level 'ServerLevel[New World]'/minecraft:overworld
[14:58:15] [Server thread/INFO]: Saving chunks for level 'ServerLevel[New World]'/minecraft:the_end
[14:58:15] [Server thread/INFO]: Saving chunks for level 'ServerLevel[New World]'/minecraft:the_nether
[14:58:15] [Worker-Main-7/INFO]: Loaded 1872 advancements
[14:58:15] [Thread-4/WARN]: Unable to parse version 27.0 to a codename.
[14:58:15] [Thread-4/INFO]: Environment: Environment[discoveryUrl=https://discovery.minecraftservices.com/minecraft/client, name=PROD]
[14:58:16] [Worker-Main-9/INFO]: Loaded 1872 advancements
[14:58:16] [Thread-4/INFO]: Applied 0 biome modifications to 0 of 67 new biomes in 158.9 μs
[14:58:16] [Server thread/INFO]: Starting minecraft server version 26.3
[14:58:16] [Server thread/INFO]: Loading properties
[14:58:16] [Server thread/INFO]: Default game type: SURVIVAL
[14:58:16] [Server thread/INFO]: Generating keypair
[14:58:16] [Server thread/INFO]: Starting Minecraft server on 127.0.0.1:53756
[14:58:16] [Server thread/WARN]: **** SERVER IS RUNNING IN OFFLINE/INSECURE MODE!
[14:58:16] [Server thread/WARN]: The server will make no attempt to authenticate usernames. Beware.
[14:58:16] [Server thread/WARN]: While this makes the game possible to play without internet access, it also opens up the ability for hackers to connect with any username they choose.
[14:58:16] [Server thread/WARN]: To change this, set "online-mode" to "true" in the server.properties file.
[14:58:16] [Server thread/INFO]: Preparing level "world"
[14:58:16] [Server thread/INFO]: Selecting global world spawn...
[14:58:16] [Server thread/INFO]: Loading 0 persistent chunks...
[14:58:16] [Server thread/INFO]: Preparing spawn area: 100%
[14:58:16] [Server thread/INFO]: Time elapsed: 37 ms
[14:58:16] [Server thread/INFO]: Done (0.039s)! For help, type "help"
[14:58:16] [Server thread/INFO]: Saving chunks for level 'ServerLevel[New World]'/minecraft:overworld
[14:58:16] [Server thread/INFO]: Saving chunks for level 'ServerLevel[New World]'/minecraft:the_end
[14:58:16] [Server thread/INFO]: Saving chunks for level 'ServerLevel[New World]'/minecraft:the_nether
[14:58:16] [Render thread/INFO]: Connecting to localhost, 53756
[14:58:16] [Render thread/INFO]: World loading finished: null screen: net.minecraft.client.gui.screens.ConnectScreen@2c268a95
[14:58:16] [Render thread/INFO]: World loading finished: null screen: net.minecraft.client.gui.screens.ConnectScreen@2c268a95
[14:58:16] [Render thread/INFO]: World loading finished: null screen: net.minecraft.client.gui.screens.ConnectScreen@2c268a95
[14:58:16] [Render thread/INFO]: World loading finished: null screen: net.minecraft.client.gui.screens.ConnectScreen@2c268a95
[14:58:16] [Render thread/INFO]: World loading finished: null screen: net.minecraft.client.gui.screens.ConnectScreen@2c268a95
[14:58:16] [Render thread/INFO]: World loading finished: null screen: net.minecraft.client.gui.screens.ConnectScreen@2c268a95
[14:58:16] [Render thread/INFO]: World loading finished: null screen: net.minecraft.client.gui.screens.ConnectScreen@2c268a95
[14:58:16] [Render thread/INFO]: World loading finished: null screen: net.minecraft.client.gui.screens.ConnectScreen@2c268a95
[14:58:16] [Render thread/INFO]: World loading finished: null screen: net.minecraft.client.gui.screens.ConnectScreen@2c268a95
[14:58:16] [Render thread/INFO]: World loading finished: null screen: net.minecraft.client.gui.screens.ConnectScreen@2c268a95
[14:58:16] [Server thread/INFO]: Player413[/127.0.0.1:53783] logged in with entity id 22 at (0.5, 71.0, 0.5)
[14:58:16] [Server thread/INFO]: System chat: Player413 joined the game
[14:58:16] [Render thread/INFO]: Loaded 2 advancements
[14:58:16] [Render thread/INFO]: World loading finished: ClientLevel screen: net.minecraft.client.gui.screens.LevelLoadingScreen@1d5d6ec5
[14:58:16] [Render thread/INFO]: World loading finished: ClientLevel screen: net.minecraft.client.gui.screens.LevelLoadingScreen@1d5d6ec5
[14:58:16] [Render thread/INFO]: World loading finished: ClientLevel screen: null
[14:58:23] [Server thread/INFO]: Player413 lost connection: Disconnected
[14:58:23] [Server thread/INFO]: System chat: Player413 left the game
[14:58:23] [Render thread/INFO]: Connecting to localhost, 53756
[14:58:23] [Render thread/INFO]: World loading finished: null screen: net.minecraft.client.gui.screens.ConnectScreen@73a7188a
[14:58:23] [Render thread/INFO]: World loading finished: null screen: net.minecraft.client.gui.screens.ConnectScreen@73a7188a
[14:58:23] [Render thread/INFO]: World loading finished: null screen: net.minecraft.client.gui.screens.ConnectScreen@73a7188a
[14:58:23] [Render thread/INFO]: World loading finished: null screen: net.minecraft.client.gui.screens.ConnectScreen@73a7188a
[14:58:23] [Render thread/INFO]: World loading finished: null screen: net.minecraft.client.gui.screens.ConnectScreen@73a7188a
[14:58:23] [Server thread/INFO]: Player413[/127.0.0.1:54061] logged in with entity id 23 at (1.7, 73.40000000000009, 0.5)
[14:58:23] [Server thread/INFO]: System chat: Player413 joined the game
[14:58:23] [Render thread/INFO]: Loaded 2 advancements
[14:58:23] [Render thread/INFO]: World loading finished: ClientLevel screen: net.minecraft.client.gui.screens.LevelLoadingScreen@925cf11
[14:58:23] [Render thread/INFO]: World loading finished: ClientLevel screen: net.minecraft.client.gui.screens.LevelLoadingScreen@925cf11
[14:58:23] [Render thread/INFO]: World loading finished: ClientLevel screen: net.minecraft.client.gui.screens.LevelLoadingScreen@925cf11
[14:58:23] [Render thread/INFO]: World loading finished: ClientLevel screen: null
[14:58:24] [Server thread/INFO]: Player413 lost connection: Disconnected
[14:58:24] [Server thread/INFO]: System chat: Player413 left the game
[14:58:24] [Server thread/INFO]: Stopping server
[14:58:24] [Server thread/INFO]: Saving players
[14:58:24] [Server thread/INFO]: Saving worlds
[14:58:24] [Server thread/INFO]: Saving chunks for level 'ServerLevel[New World]'/minecraft:overworld
[14:58:24] [Server thread/INFO]: Saving chunks for level 'ServerLevel[New World]'/minecraft:the_end
[14:58:24] [Server thread/INFO]: Saving chunks for level 'ServerLevel[New World]'/minecraft:the_nether
[14:58:24] [Test thread/INFO]: [STDOUT]: WILDCRAFT P2 real keys/hold/sideways/descent/ledge/inner-outer-corners/ceiling/damage/exhaustion/death/dimension/TCP reconnect checks passed
[14:58:24] [Worker-Main-9/INFO]: Loaded 1872 advancements
[14:58:24] [Render thread/INFO]: World loading finished: null screen: net.minecraft.client.gui.screens.GenericMessageScreen@7215f64c
[14:58:24] [Render thread/INFO]: Applied 0 biome modifications to 0 of 67 new biomes in 191.4 μs
[14:58:24] [Server thread/INFO]: Starting integrated minecraft server version 26.3
[14:58:24] [Server thread/INFO]: Generating keypair
[14:58:24] [Server thread/INFO]: Selecting global world spawn...
[14:58:24] [Server thread/INFO]: Loading 0 persistent chunks...
[14:58:24] [Server thread/INFO]: Preparing spawn area: 16%
[14:58:24] [Server thread/INFO]: Saving chunks for level 'ServerLevel[New World]'/minecraft:overworld
[14:58:24] [Server thread/INFO]: Saving chunks for level 'ServerLevel[New World]'/minecraft:the_end
[14:58:24] [Server thread/INFO]: Saving chunks for level 'ServerLevel[New World]'/minecraft:the_nether
[14:58:25] [Render thread/INFO]: World loading finished: null screen: net.minecraft.client.gui.screens.LevelLoadingScreen@515cce37
[14:58:25] [Render thread/INFO]: World loading finished: null screen: net.minecraft.client.gui.screens.LevelLoadingScreen@515cce37
[14:58:25] [Render thread/INFO]: World loading finished: null screen: net.minecraft.client.gui.screens.LevelLoadingScreen@515cce37
[14:58:25] [Render thread/INFO]: World loading finished: null screen: net.minecraft.client.gui.screens.LevelLoadingScreen@515cce37
[14:58:25] [Server thread/INFO]: Loading 48 chunks for player spawn...
[14:58:25] [Render thread/INFO]: World loading finished: null screen: net.minecraft.client.gui.screens.LevelLoadingScreen@515cce37
[14:58:25] [Render thread/INFO]: World loading finished: null screen: net.minecraft.client.gui.screens.LevelLoadingScreen@515cce37
[14:58:25] [Render thread/INFO]: World loading finished: null screen: net.minecraft.client.gui.screens.LevelLoadingScreen@515cce37
[14:58:25] [Server thread/INFO]: Time elapsed: 429 ms
[14:58:25] [Render thread/INFO]: World loading finished: null screen: net.minecraft.client.gui.screens.LevelLoadingScreen@515cce37
[14:58:25] [Server thread/INFO]: Player413[local:E:6a42d0ea] logged in with entity id 24 at (0.5, -60.0, 0.5)
[14:58:25] [Server thread/INFO]: System chat: Player413 joined the game
[14:58:25] [Server thread/INFO]: Changing view distance to 5, from 10
[14:58:25] [Server thread/INFO]: Changing simulation distance to 12, from 0
[14:58:25] [Render thread/INFO]: World loading finished: ClientLevel screen: net.minecraft.client.gui.screens.LevelLoadingScreen@515cce37
[14:58:25] [Render thread/INFO]: Loaded 2 advancements
[14:58:25] [Render thread/INFO]: World loading finished: ClientLevel screen: net.minecraft.client.gui.screens.LevelLoadingScreen@515cce37
[14:58:25] [Render thread/INFO]: World loading finished: ClientLevel screen: net.minecraft.client.gui.screens.LevelLoadingScreen@515cce37
[14:58:25] [Render thread/INFO]: World loading finished: ClientLevel screen: net.minecraft.client.gui.screens.LevelLoadingScreen@515cce37
[14:58:25] [Render thread/INFO]: World loading finished: ClientLevel screen: net.minecraft.client.gui.screens.LevelLoadingScreen@515cce37
[14:58:25] [Render thread/INFO]: World loading finished: ClientLevel screen: net.minecraft.client.gui.screens.LevelLoadingScreen@515cce37
[14:58:25] [Render thread/INFO]: World loading finished: ClientLevel screen: net.minecraft.client.gui.screens.LevelLoadingScreen@515cce37
[14:58:25] [Render thread/INFO]: World loading finished: ClientLevel screen: net.minecraft.client.gui.screens.LevelLoadingScreen@515cce37
[14:58:25] [Render thread/INFO]: World loading finished: ClientLevel screen: net.minecraft.client.gui.screens.LevelLoadingScreen@515cce37
[14:58:25] [Render thread/INFO]: World loading finished: ClientLevel screen: net.minecraft.client.gui.screens.LevelLoadingScreen@515cce37
[14:58:25] [Render thread/INFO]: World loading finished: ClientLevel screen: net.minecraft.client.gui.screens.LevelLoadingScreen@515cce37
[14:58:25] [Render thread/INFO]: World loading finished: ClientLevel screen: net.minecraft.client.gui.screens.LevelLoadingScreen@515cce37
[14:58:26] [Render thread/INFO]: World loading finished: ClientLevel screen: net.minecraft.client.gui.screens.LevelLoadingScreen@515cce37
[14:58:26] [Render thread/INFO]: World loading finished: ClientLevel screen: net.minecraft.client.gui.screens.LevelLoadingScreen@515cce37
[14:58:26] [Render thread/INFO]: World loading finished: ClientLevel screen: net.minecraft.client.gui.screens.LevelLoadingScreen@515cce37
[14:58:26] [Render thread/INFO]: World loading finished: ClientLevel screen: net.minecraft.client.gui.screens.LevelLoadingScreen@515cce37
[14:58:26] [Render thread/INFO]: World loading finished: ClientLevel screen: null
[14:58:26] [Server thread/INFO]: System chat: Set minecraft:overworld to time marker minecraft:day
[14:58:26] [Render thread/INFO]: Loaded 3 advancements
[14:58:27] [Render thread/INFO]: Reloading ResourceManager: vanilla, vanilla, fabric-advancement-api-v1, fabric-api, fabric-api-base, fabric-api-lookup-api-v1, fabric-biome-api-v1, fabric-block-api-v1, fabric-block-getter-api-v2, fabric-client-gametest-api-v1, fabric-command-api-v2, fabric-content-registries-v0, fabric-convention-tags-v2, fabric-crash-report-info-v1, fabric-creative-tab-api-v1, fabric-data-attachment-api-v1, fabric-data-generation-api-v1, fabric-debug-api-v1, fabric-dimensions-v1, fabric-entity-events-v1, fabric-events-interaction-v0, fabric-game-rule-api-v1, fabric-gametest-api-v1, fabric-item-api-v1, fabric-key-mapping-api-v1, fabric-lifecycle-events-v1, fabric-loot-api-v3, fabric-menu-api-v1, fabric-message-api-v1, fabric-model-loading-api-v1, fabric-networking-api-v1, fabric-object-builder-api-v1, fabric-particles-v1, fabric-permission-api-v1, fabric-recipe-api-v1, fabric-registry-sync-v0, fabric-renderer-api-v1, fabric-renderer-indigo, fabric-rendering-fluids-v1, fabric-rendering-v1, fabric-resource-conditions-api-v1, fabric-resource-loader-v0, fabric-resource-loader-v1, fabric-screen-api-v1, fabric-serialization-api-v1, fabric-sound-api-v1, fabric-tag-api-v1, fabric-transfer-api-v1, fabric-transitive-access-wideners-v1, fabricloader, wildcraft, wildcraft-test
[14:58:27] [Worker-Main-8/INFO]: Found unifont_pua-17.0.01.hex, loading
[14:58:27] [Worker-Main-2/INFO]: Found unifont_all_no_pua-17.0.01.hex, loading
[14:58:27] [Server thread/INFO]: Saving and pausing game...
[14:58:27] [Server thread/INFO]: Saving chunks for level 'ServerLevel[New World]'/minecraft:overworld
[14:58:27] [Render thread/INFO]: Info log when linking program containing VERTEX minecraft:core/terrain, FRAGMENT minecraft:core/terrain. Log output: WARNING: Output of vertex shader '_interface_variable_01' not read by fragment shader
WARNING: Output of vertex shader '_interface_variable_00' not read by fragment shader
WARNING: Output of vertex shader '_interface_variable_04' not read by fragment shader

[14:58:27] [Server thread/INFO]: Saving chunks for level 'ServerLevel[New World]'/minecraft:the_end
[14:58:27] [Server thread/INFO]: Saving chunks for level 'ServerLevel[New World]'/minecraft:the_nether
[14:58:27] [Render thread/INFO]: Info log when linking program containing VERTEX minecraft:core/rendertype_crumbling, FRAGMENT minecraft:core/rendertype_crumbling. Log output: WARNING: Output of vertex shader '_interface_variable_01' not read by fragment shader
WARNING: Output of vertex shader '_interface_variable_00' not read by fragment shader

[14:58:27] [Render thread/INFO]: Info log when linking program containing VERTEX minecraft:core/rendertype_lines, FRAGMENT minecraft:core/rendertype_lines. Log output: WARNING: Output of vertex shader '_interface_variable_01' not read by fragment shader
WARNING: Output of vertex shader '_interface_variable_00' not read by fragment shader

[14:58:27] [Render thread/INFO]: Info log when linking program containing VERTEX minecraft:core/entity, FRAGMENT minecraft:core/entity. Log output: WARNING: Output of vertex shader '_interface_variable_01' not read by fragment shader
WARNING: Output of vertex shader '_interface_variable_00' not read by fragment shader

[14:58:27] [Render thread/INFO]: Info log when linking program containing VERTEX minecraft:core/entity, FRAGMENT minecraft:core/entity. Log output: WARNING: Output of vertex shader '_interface_variable_01' not read by fragment shader
WARNING: Output of vertex shader '_interface_variable_00' not read by fragment shader

[14:58:27] [Worker-Main-2/INFO]: Found unifont_jp_patch-17.0.01.hex, loading
[14:58:27] [Render thread/INFO]: Info log when linking program containing VERTEX minecraft:core/text, FRAGMENT minecraft:core/text. Log output: WARNING: Output of vertex shader '_interface_variable_01' not read by fragment shader
WARNING: Output of vertex shader '_interface_variable_00' not read by fragment shader

[14:58:27] [Render thread/INFO]: Info log when linking program containing VERTEX minecraft:core/terrain, FRAGMENT minecraft:core/terrain. Log output: WARNING: Output of vertex shader '_interface_variable_01' not read by fragment shader
WARNING: Output of vertex shader '_interface_variable_00' not read by fragment shader
WARNING: Output of vertex shader '_interface_variable_04' not read by fragment shader

[14:58:27] [Render thread/INFO]: Info log when linking program containing VERTEX minecraft:core/text, FRAGMENT minecraft:core/text. Log output: WARNING: Output of vertex shader '_interface_variable_01' not read by fragment shader
WARNING: Output of vertex shader '_interface_variable_00' not read by fragment shader

[14:58:27] [Render thread/INFO]: Info log when linking program containing VERTEX minecraft:core/block, FRAGMENT minecraft:core/block. Log output: WARNING: Output of vertex shader '_interface_variable_01' not read by fragment shader
WARNING: Output of vertex shader '_interface_variable_00' not read by fragment shader

[14:58:27] [Render thread/INFO]: Info log when linking program containing VERTEX minecraft:core/entity, FRAGMENT minecraft:core/entity. Log output: WARNING: Output of vertex shader '_interface_variable_01' not read by fragment shader
WARNING: Output of vertex shader '_interface_variable_00' not read by fragment shader

[14:58:27] [Render thread/INFO]: Info log when linking program containing VERTEX minecraft:core/particle, FRAGMENT minecraft:core/particle. Log output: WARNING: Output of vertex shader '_interface_variable_01' not read by fragment shader
WARNING: Output of vertex shader '_interface_variable_00' not read by fragment shader

[14:58:27] [Render thread/INFO]: Info log when linking program containing VERTEX minecraft:core/rendertype_entity_shadow, FRAGMENT minecraft:core/rendertype_entity_shadow. Log output: WARNING: Output of vertex shader '_interface_variable_01' not read by fragment shader
WARNING: Output of vertex shader '_interface_variable_00' not read by fragment shader

[14:58:27] [Render thread/INFO]: Info log when linking program containing VERTEX minecraft:core/screenquad, FRAGMENT minecraft:core/oit_composite. Log output: WARNING: Output of vertex shader '_interface_variable_00' not read by fragment shader

[14:58:27] [Render thread/INFO]: Info log when linking program containing VERTEX minecraft:core/screenquad, FRAGMENT minecraft:core/integrate_depth. Log output: WARNING: Output of vertex shader '_interface_variable_00' not read by fragment shader

[14:58:27] [Render thread/INFO]: Info log when linking program containing VERTEX minecraft:core/entity, FRAGMENT minecraft:core/entity. Log output: WARNING: Output of vertex shader '_interface_variable_01' not read by fragment shader
WARNING: Output of vertex shader '_interface_variable_00' not read by fragment shader

[14:58:27] [Render thread/INFO]: Info log when linking program containing VERTEX minecraft:core/terrain, FRAGMENT minecraft:core/terrain. Log output: WARNING: Output of vertex shader '_interface_variable_01' not read by fragment shader
WARNING: Output of vertex shader '_interface_variable_00' not read by fragment shader
WARNING: Output of vertex shader '_interface_variable_04' not read by fragment shader

[14:58:27] [Render thread/INFO]: Info log when linking program containing VERTEX minecraft:core/animate_sprite, FRAGMENT minecraft:core/animate_sprite_blit. Log output: WARNING: Output of vertex shader '_interface_variable_00' not read by fragment shader

[14:58:27] [Render thread/INFO]: Info log when linking program containing VERTEX minecraft:core/entity, FRAGMENT minecraft:core/entity. Log output: WARNING: Output of vertex shader '_interface_variable_01' not read by fragment shader
WARNING: Output of vertex shader '_interface_variable_00' not read by fragment shader

[14:58:27] [Render thread/INFO]: Info log when linking program containing VERTEX minecraft:core/entity, FRAGMENT minecraft:core/entity. Log output: WARNING: Output of vertex shader '_interface_variable_01' not read by fragment shader
WARNING: Output of vertex shader '_interface_variable_00' not read by fragment shader

[14:58:27] [Render thread/INFO]: Info log when linking program containing VERTEX minecraft:core/clouds, FRAGMENT minecraft:core/clouds. Log output: WARNING: Output of vertex shader '_interface_variable_00' not read by fragment shader

[14:58:27] [Render thread/INFO]: Info log when linking program containing VERTEX minecraft:core/particle, FRAGMENT minecraft:core/particle. Log output: WARNING: Output of vertex shader '_interface_variable_01' not read by fragment shader
WARNING: Output of vertex shader '_interface_variable_00' not read by fragment shader

[14:58:27] [Render thread/INFO]: Info log when linking program containing VERTEX minecraft:core/entity, FRAGMENT minecraft:core/entity. Log output: WARNING: Output of vertex shader '_interface_variable_01' not read by fragment shader
WARNING: Output of vertex shader '_interface_variable_00' not read by fragment shader

[14:58:27] [Render thread/INFO]: Info log when linking program containing VERTEX minecraft:core/screenquad, FRAGMENT minecraft:core/oit_depth_bounds_cull. Log output: WARNING: Output of vertex shader '_interface_variable_00' not read by fragment shader

[14:58:27] [Render thread/INFO]: Info log when linking program containing VERTEX minecraft:core/block, FRAGMENT minecraft:core/block. Log output: WARNING: Output of vertex shader '_interface_variable_01' not read by fragment shader
WARNING: Output of vertex shader '_interface_variable_00' not read by fragment shader

[14:58:27] [Render thread/INFO]: Info log when linking program containing VERTEX minecraft:core/text, FRAGMENT minecraft:core/text. Log output: WARNING: Output of vertex shader '_interface_variable_01' not read by fragment shader
WARNING: Output of vertex shader '_interface_variable_00' not read by fragment shader

[14:58:28] [Render thread/INFO]: Info log when linking program containing VERTEX minecraft:core/text, FRAGMENT minecraft:core/text. Log output: WARNING: Output of vertex shader '_interface_variable_01' not read by fragment shader
WARNING: Output of vertex shader '_interface_variable_00' not read by fragment shader

[14:58:28] [Render thread/INFO]: Info log when linking program containing VERTEX minecraft:core/entity, FRAGMENT minecraft:core/entity. Log output: WARNING: Output of vertex shader '_interface_variable_01' not read by fragment shader
WARNING: Output of vertex shader '_interface_variable_00' not read by fragment shader

[14:58:28] [Render thread/INFO]: Info log when linking program containing VERTEX minecraft:core/text, FRAGMENT minecraft:core/text. Log output: WARNING: Output of vertex shader '_interface_variable_01' not read by fragment shader
WARNING: Output of vertex shader '_interface_variable_00' not read by fragment shader

[14:58:28] [Render thread/INFO]: Info log when linking program containing VERTEX minecraft:core/terrain, FRAGMENT minecraft:core/terrain. Log output: WARNING: Output of vertex shader '_interface_variable_01' not read by fragment shader
WARNING: Output of vertex shader '_interface_variable_00' not read by fragment shader
WARNING: Output of vertex shader '_interface_variable_04' not read by fragment shader

[14:58:28] [Render thread/INFO]: Info log when linking program containing VERTEX minecraft:core/text, FRAGMENT minecraft:core/text. Log output: WARNING: Output of vertex shader '_interface_variable_01' not read by fragment shader
WARNING: Output of vertex shader '_interface_variable_00' not read by fragment shader

[14:58:28] [Render thread/INFO]: Info log when linking program containing VERTEX minecraft:core/clouds, FRAGMENT minecraft:core/clouds. Log output: WARNING: Output of vertex shader '_interface_variable_00' not read by fragment shader

[14:58:28] [Render thread/INFO]: Info log when linking program containing VERTEX minecraft:core/rendertype_lines, FRAGMENT minecraft:core/rendertype_lines. Log output: WARNING: Output of vertex shader '_interface_variable_01' not read by fragment shader
WARNING: Output of vertex shader '_interface_variable_00' not read by fragment shader

[14:58:28] [Render thread/INFO]: Info log when linking program containing VERTEX minecraft:core/rendertype_entity_shadow, FRAGMENT minecraft:core/rendertype_entity_shadow. Log output: WARNING: Output of vertex shader '_interface_variable_01' not read by fragment shader
WARNING: Output of vertex shader '_interface_variable_00' not read by fragment shader

[14:58:28] [Render thread/INFO]: Info log when linking program containing VERTEX minecraft:core/entity, FRAGMENT minecraft:core/entity. Log output: WARNING: Output of vertex shader '_interface_variable_01' not read by fragment shader
WARNING: Output of vertex shader '_interface_variable_00' not read by fragment shader

[14:58:28] [Render thread/INFO]: Info log when linking program containing VERTEX minecraft:core/entity, FRAGMENT minecraft:core/entity. Log output: WARNING: Output of vertex shader '_interface_variable_01' not read by fragment shader
WARNING: Output of vertex shader '_interface_variable_00' not read by fragment shader

[14:58:28] [Render thread/INFO]: Info log when linking program containing VERTEX minecraft:core/text, FRAGMENT minecraft:core/text. Log output: WARNING: Output of vertex shader '_interface_variable_01' not read by fragment shader
WARNING: Output of vertex shader '_interface_variable_00' not read by fragment shader

[14:58:28] [Render thread/INFO]: Info log when linking program containing VERTEX minecraft:core/rendertype_crumbling, FRAGMENT minecraft:core/rendertype_crumbling. Log output: WARNING: Output of vertex shader '_interface_variable_01' not read by fragment shader
WARNING: Output of vertex shader '_interface_variable_00' not read by fragment shader

[14:58:28] [Render thread/INFO]: Info log when linking program containing VERTEX minecraft:core/particle, FRAGMENT minecraft:core/particle. Log output: WARNING: Output of vertex shader '_interface_variable_01' not read by fragment shader
WARNING: Output of vertex shader '_interface_variable_00' not read by fragment shader

[14:58:28] [Render thread/INFO]: Info log when linking program containing VERTEX minecraft:core/entity, FRAGMENT minecraft:core/entity. Log output: WARNING: Output of vertex shader '_interface_variable_01' not read by fragment shader
WARNING: Output of vertex shader '_interface_variable_00' not read by fragment shader

[14:58:28] [Render thread/INFO]: Info log when linking program containing VERTEX minecraft:core/particle, FRAGMENT minecraft:core/particle. Log output: WARNING: Output of vertex shader '_interface_variable_01' not read by fragment shader
WARNING: Output of vertex shader '_interface_variable_00' not read by fragment shader

[14:58:28] [Render thread/INFO]: Info log when linking program containing VERTEX minecraft:core/text, FRAGMENT minecraft:core/text. Log output: WARNING: Output of vertex shader '_interface_variable_01' not read by fragment shader
WARNING: Output of vertex shader '_interface_variable_00' not read by fragment shader

[14:58:28] [Render thread/INFO]: Info log when linking program containing VERTEX minecraft:core/entity, FRAGMENT minecraft:core/entity. Log output: WARNING: Output of vertex shader '_interface_variable_01' not read by fragment shader
WARNING: Output of vertex shader '_interface_variable_00' not read by fragment shader

[14:58:28] [Render thread/INFO]: OpenAL initialized on device Mac mini扬声器
[14:58:28] [Render thread/INFO]: Sound engine started
[14:58:28] [Render thread/INFO]: Created: 512x256x0 minecraft:textures/atlas/particles.png-atlas
[14:58:28] [Render thread/INFO]: Created: 256x128x0 minecraft:textures/atlas/celestials.png-atlas
[14:58:28] [Render thread/INFO]: Created: 128x128x0 minecraft:textures/atlas/decorated_pot.png-atlas
[14:58:28] [Render thread/INFO]: Created: 512x256x0 minecraft:textures/atlas/paintings.png-atlas
[14:58:28] [Render thread/INFO]: Created: 1024x512x0 minecraft:textures/atlas/shield_patterns.png-atlas
[14:58:28] [Render thread/INFO]: Created: 1024x512x0 minecraft:textures/atlas/banner_patterns.png-atlas
[14:58:28] [Render thread/INFO]: Created: 2048x2048x4 minecraft:textures/atlas/blocks.png-atlas
[14:58:28] [Render thread/INFO]: Created: 1024x512x0 minecraft:textures/atlas/items.png-atlas
[14:58:28] [Render thread/INFO]: Created: 1024x1024x0 minecraft:textures/atlas/gui.png-atlas
[14:58:28] [Render thread/INFO]: Created: 128x64x0 minecraft:textures/atlas/map_decorations.png-atlas
[14:58:28] [Render thread/INFO]: Created: 512x512x0 minecraft:textures/atlas/chest.png-atlas
[14:58:28] [Render thread/INFO]: Created: 512x512x0 minecraft:textures/atlas/shulker_boxes.png-atlas
[14:58:28] [Render thread/WARN]: Requested post effect does not exist: minecraft:end_of_frame
[14:58:30] [Server thread/INFO]: System chat: 已将Player413的游戏模式改为创造模式
[14:58:30] [Render thread/INFO]: [System] [CHAT] 你的游戏模式已被更新为创造模式
[14:58:31] [Server thread/INFO]: System chat: 已将Player413的游戏模式改为生存模式
[14:58:31] [Render thread/INFO]: [System] [CHAT] 你的游戏模式已被更新为生存模式
[14:58:39] [Server thread/INFO]: System chat: 已将1.0伤害施加于Player413
[14:58:42] [Server thread/INFO]: System chat: Player413取得了进度[勇往直下]
[14:58:42] [Render thread/INFO]: [System] [CHAT] Player413取得了进度[勇往直下]
[14:58:42] [Render thread/INFO]: Loaded 30 advancements
[14:58:43] [Server thread/INFO]: System chat: Player413被杀死了
[14:58:43] [Server thread/INFO]: System chat: 杀死了Player413
[14:58:43] [Render thread/INFO]: [System] [CHAT] Player413被杀死了
[14:58:43] [Server thread/INFO]: System chat: Player413被杀死了
[14:58:43] [Server thread/INFO]: System chat: 杀死了Player413
[14:58:43] [Render thread/INFO]: [System] [CHAT] Player413被杀死了
[14:58:44] [Server thread/INFO]: Player413 lost connection: 连接中断
[14:58:44] [Server thread/INFO]: System chat: Player413退出了游戏
[14:58:44] [Server thread/INFO]: Stopping singleplayer server as player logged out
[14:58:44] [Server thread/INFO]: Stopping server
[14:58:44] [Server thread/INFO]: Saving players
[14:58:44] [Server thread/INFO]: Saving worlds
[14:58:44] [Server thread/INFO]: Saving chunks for level 'ServerLevel[New World]'/minecraft:overworld
[14:58:44] [Server thread/INFO]: Saving chunks for level 'ServerLevel[New World]'/minecraft:the_end
[14:58:44] [Server thread/INFO]: Saving chunks for level 'ServerLevel[New World]'/minecraft:the_nether
[14:58:44] [Render thread/INFO]: World loading finished: null screen: net.minecraft.client.gui.screens.GenericMessageScreen@6ad3ab58
[14:58:44] [Worker-Main-9/INFO]: Loaded 1872 advancements
[14:58:44] [Render thread/INFO]: Applied 0 biome modifications to 0 of 67 new biomes in 186.6 μs
[14:58:44] [Server thread/INFO]: Starting integrated minecraft server version 26.3
[14:58:44] [Server thread/INFO]: Generating keypair
[14:58:44] [Server thread/INFO]: Loading 0 persistent chunks...
[14:58:44] [Server thread/INFO]: Saving chunks for level 'ServerLevel[New World]'/minecraft:overworld
[14:58:44] [Server thread/INFO]: Saving chunks for level 'ServerLevel[New World]'/minecraft:the_end
[14:58:44] [Server thread/INFO]: Saving chunks for level 'ServerLevel[New World]'/minecraft:the_nether
[14:58:44] [Render thread/INFO]: World loading finished: null screen: net.minecraft.client.gui.screens.LevelLoadingScreen@5663b9d5
[14:58:44] [Render thread/INFO]: World loading finished: null screen: net.minecraft.client.gui.screens.LevelLoadingScreen@5663b9d5
[14:58:44] [Render thread/INFO]: World loading finished: null screen: net.minecraft.client.gui.screens.LevelLoadingScreen@5663b9d5
[14:58:44] [Render thread/INFO]: World loading finished: null screen: net.minecraft.client.gui.screens.LevelLoadingScreen@5663b9d5
[14:58:44] [Server thread/INFO]: Loading 49 chunks for player spawn...
[14:58:44] [Server thread/INFO]: 准备生成区域中：16%
[14:58:44] [Render thread/INFO]: World loading finished: null screen: net.minecraft.client.gui.screens.LevelLoadingScreen@5663b9d5
[14:58:44] [Server thread/INFO]: Time elapsed: 272 ms
[14:58:45] [Render thread/INFO]: World loading finished: null screen: net.minecraft.client.gui.screens.LevelLoadingScreen@5663b9d5
[14:58:45] [Server thread/INFO]: Player413[local:E:66f7f37f] logged in with entity id 36 at (0.5, 94.76159999847413, 0.8200000000000001)
[14:58:45] [Server thread/INFO]: System chat: Player413加入了游戏
[14:58:45] [Server thread/INFO]: Changing view distance to 5, from 10
[14:58:45] [Server thread/INFO]: Changing simulation distance to 12, from 0
[14:58:45] [Render thread/INFO]: World loading finished: null screen: net.minecraft.client.gui.screens.LevelLoadingScreen@5663b9d5
[14:58:45] [Render thread/INFO]: Loaded 30 advancements
[14:58:45] [Render thread/INFO]: World loading finished: ClientLevel screen: net.minecraft.client.gui.screens.LevelLoadingScreen@5663b9d5
[14:58:45] [Render thread/INFO]: World loading finished: ClientLevel screen: net.minecraft.client.gui.screens.LevelLoadingScreen@5663b9d5
[14:58:45] [Render thread/INFO]: World loading finished: ClientLevel screen: net.minecraft.client.gui.screens.LevelLoadingScreen@5663b9d5
[14:58:45] [Render thread/INFO]: World loading finished: ClientLevel screen: null
[14:58:45] [Server thread/INFO]: Player413 lost connection: 连接中断
[14:58:45] [Server thread/INFO]: System chat: Player413退出了游戏
[14:58:45] [Server thread/INFO]: Stopping singleplayer server as player logged out
[14:58:45] [Server thread/INFO]: Stopping server
[14:58:45] [Server thread/INFO]: Saving players
[14:58:45] [Server thread/INFO]: Saving worlds
[14:58:45] [Server thread/INFO]: Saving chunks for level 'ServerLevel[New World]'/minecraft:overworld
[14:58:46] [Server thread/INFO]: Saving chunks for level 'ServerLevel[New World]'/minecraft:the_end
[14:58:46] [Server thread/INFO]: Saving chunks for level 'ServerLevel[New World]'/minecraft:the_nether
[14:58:46] [Render thread/INFO]: Reloading ResourceManager: vanilla, vanilla, fabric-advancement-api-v1, fabric-api, fabric-api-base, fabric-api-lookup-api-v1, fabric-biome-api-v1, fabric-block-api-v1, fabric-block-getter-api-v2, fabric-client-gametest-api-v1, fabric-command-api-v2, fabric-content-registries-v0, fabric-convention-tags-v2, fabric-crash-report-info-v1, fabric-creative-tab-api-v1, fabric-data-attachment-api-v1, fabric-data-generation-api-v1, fabric-debug-api-v1, fabric-dimensions-v1, fabric-entity-events-v1, fabric-events-interaction-v0, fabric-game-rule-api-v1, fabric-gametest-api-v1, fabric-item-api-v1, fabric-key-mapping-api-v1, fabric-lifecycle-events-v1, fabric-loot-api-v3, fabric-menu-api-v1, fabric-message-api-v1, fabric-model-loading-api-v1, fabric-networking-api-v1, fabric-object-builder-api-v1, fabric-particles-v1, fabric-permission-api-v1, fabric-recipe-api-v1, fabric-registry-sync-v0, fabric-renderer-api-v1, fabric-renderer-indigo, fabric-rendering-fluids-v1, fabric-rendering-v1, fabric-resource-conditions-api-v1, fabric-resource-loader-v0, fabric-resource-loader-v1, fabric-screen-api-v1, fabric-serialization-api-v1, fabric-sound-api-v1, fabric-tag-api-v1, fabric-transfer-api-v1, fabric-transitive-access-wideners-v1, fabricloader, wildcraft, wildcraft-test
[14:58:46] [Worker-Main-9/INFO]: Found unifont_all_no_pua-17.0.01.hex, loading
[14:58:46] [Worker-Main-2/INFO]: Found unifont_pua-17.0.01.hex, loading
[14:58:46] [Render thread/INFO]: Info log when linking program containing VERTEX minecraft:core/terrain, FRAGMENT minecraft:core/terrain. Log output: WARNING: Output of vertex shader '_interface_variable_01' not read by fragment shader
WARNING: Output of vertex shader '_interface_variable_00' not read by fragment shader
WARNING: Output of vertex shader '_interface_variable_04' not read by fragment shader

[14:58:46] [Render thread/INFO]: Info log when linking program containing VERTEX minecraft:core/rendertype_crumbling, FRAGMENT minecraft:core/rendertype_crumbling. Log output: WARNING: Output of vertex shader '_interface_variable_01' not read by fragment shader
WARNING: Output of vertex shader '_interface_variable_00' not read by fragment shader

[14:58:46] [Render thread/INFO]: Info log when linking program containing VERTEX minecraft:core/entity, FRAGMENT minecraft:core/entity. Log output: WARNING: Output of vertex shader '_interface_variable_01' not read by fragment shader
WARNING: Output of vertex shader '_interface_variable_00' not read by fragment shader

[14:58:46] [Render thread/INFO]: Info log when linking program containing VERTEX minecraft:core/rendertype_lines, FRAGMENT minecraft:core/rendertype_lines. Log output: WARNING: Output of vertex shader '_interface_variable_01' not read by fragment shader
WARNING: Output of vertex shader '_interface_variable_00' not read by fragment shader

[14:58:46] [Render thread/INFO]: Info log when linking program containing VERTEX minecraft:core/text, FRAGMENT minecraft:core/text. Log output: WARNING: Output of vertex shader '_interface_variable_01' not read by fragment shader
WARNING: Output of vertex shader '_interface_variable_00' not read by fragment shader

[14:58:46] [Render thread/INFO]: Info log when linking program containing VERTEX minecraft:core/terrain, FRAGMENT minecraft:core/terrain. Log output: WARNING: Output of vertex shader '_interface_variable_01' not read by fragment shader
WARNING: Output of vertex shader '_interface_variable_00' not read by fragment shader
WARNING: Output of vertex shader '_interface_variable_04' not read by fragment shader

[14:58:46] [Render thread/INFO]: Info log when linking program containing VERTEX minecraft:core/text, FRAGMENT minecraft:core/text. Log output: WARNING: Output of vertex shader '_interface_variable_01' not read by fragment shader
WARNING: Output of vertex shader '_interface_variable_00' not read by fragment shader

[14:58:46] [Worker-Main-9/INFO]: Found unifont_jp_patch-17.0.01.hex, loading
[14:58:46] [Render thread/INFO]: Info log when linking program containing VERTEX minecraft:core/entity, FRAGMENT minecraft:core/entity. Log output: WARNING: Output of vertex shader '_interface_variable_01' not read by fragment shader
WARNING: Output of vertex shader '_interface_variable_00' not read by fragment shader

[14:58:46] [Render thread/INFO]: Info log when linking program containing VERTEX minecraft:core/entity, FRAGMENT minecraft:core/entity. Log output: WARNING: Output of vertex shader '_interface_variable_01' not read by fragment shader
WARNING: Output of vertex shader '_interface_variable_00' not read by fragment shader

[14:58:46] [Render thread/INFO]: Info log when linking program containing VERTEX minecraft:core/block, FRAGMENT minecraft:core/block. Log output: WARNING: Output of vertex shader '_interface_variable_01' not read by fragment shader
WARNING: Output of vertex shader '_interface_variable_00' not read by fragment shader

[14:58:46] [Render thread/INFO]: Info log when linking program containing VERTEX minecraft:core/rendertype_entity_shadow, FRAGMENT minecraft:core/rendertype_entity_shadow. Log output: WARNING: Output of vertex shader '_interface_variable_01' not read by fragment shader
WARNING: Output of vertex shader '_interface_variable_00' not read by fragment shader

[14:58:46] [Render thread/INFO]: Info log when linking program containing VERTEX minecraft:core/particle, FRAGMENT minecraft:core/particle. Log output: WARNING: Output of vertex shader '_interface_variable_01' not read by fragment shader
WARNING: Output of vertex shader '_interface_variable_00' not read by fragment shader

[14:58:46] [Render thread/INFO]: Info log when linking program containing VERTEX minecraft:core/screenquad, FRAGMENT minecraft:core/oit_composite. Log output: WARNING: Output of vertex shader '_interface_variable_00' not read by fragment shader

[14:58:46] [Render thread/INFO]: Info log when linking program containing VERTEX minecraft:core/screenquad, FRAGMENT minecraft:core/integrate_depth. Log output: WARNING: Output of vertex shader '_interface_variable_00' not read by fragment shader

[14:58:46] [Render thread/INFO]: Info log when linking program containing VERTEX minecraft:core/entity, FRAGMENT minecraft:core/entity. Log output: WARNING: Output of vertex shader '_interface_variable_01' not read by fragment shader
WARNING: Output of vertex shader '_interface_variable_00' not read by fragment shader

[14:58:46] [Render thread/INFO]: Info log when linking program containing VERTEX minecraft:core/terrain, FRAGMENT minecraft:core/terrain. Log output: WARNING: Output of vertex shader '_interface_variable_01' not read by fragment shader
WARNING: Output of vertex shader '_interface_variable_00' not read by fragment shader
WARNING: Output of vertex shader '_interface_variable_04' not read by fragment shader

[14:58:46] [Render thread/INFO]: Info log when linking program containing VERTEX minecraft:core/entity, FRAGMENT minecraft:core/entity. Log output: WARNING: Output of vertex shader '_interface_variable_01' not read by fragment shader
WARNING: Output of vertex shader '_interface_variable_00' not read by fragment shader

[14:58:46] [Render thread/INFO]: Info log when linking program containing VERTEX minecraft:core/entity, FRAGMENT minecraft:core/entity. Log output: WARNING: Output of vertex shader '_interface_variable_01' not read by fragment shader
WARNING: Output of vertex shader '_interface_variable_00' not read by fragment shader

[14:58:46] [Render thread/INFO]: Info log when linking program containing VERTEX minecraft:core/clouds, FRAGMENT minecraft:core/clouds. Log output: WARNING: Output of vertex shader '_interface_variable_00' not read by fragment shader

[14:58:46] [Render thread/INFO]: Info log when linking program containing VERTEX minecraft:core/animate_sprite, FRAGMENT minecraft:core/animate_sprite_blit. Log output: WARNING: Output of vertex shader '_interface_variable_00' not read by fragment shader

[14:58:46] [Render thread/INFO]: Info log when linking program containing VERTEX minecraft:core/particle, FRAGMENT minecraft:core/particle. Log output: WARNING: Output of vertex shader '_interface_variable_01' not read by fragment shader
WARNING: Output of vertex shader '_interface_variable_00' not read by fragment shader

[14:58:46] [Render thread/INFO]: Info log when linking program containing VERTEX minecraft:core/entity, FRAGMENT minecraft:core/entity. Log output: WARNING: Output of vertex shader '_interface_variable_01' not read by fragment shader
WARNING: Output of vertex shader '_interface_variable_00' not read by fragment shader

[14:58:46] [Render thread/INFO]: Info log when linking program containing VERTEX minecraft:core/screenquad, FRAGMENT minecraft:core/oit_depth_bounds_cull. Log output: WARNING: Output of vertex shader '_interface_variable_00' not read by fragment shader

[14:58:46] [Render thread/INFO]: Info log when linking program containing VERTEX minecraft:core/block, FRAGMENT minecraft:core/block. Log output: WARNING: Output of vertex shader '_interface_variable_01' not read by fragment shader
WARNING: Output of vertex shader '_interface_variable_00' not read by fragment shader

[14:58:46] [Render thread/INFO]: Info log when linking program containing VERTEX minecraft:core/text, FRAGMENT minecraft:core/text. Log output: WARNING: Output of vertex shader '_interface_variable_01' not read by fragment shader
WARNING: Output of vertex shader '_interface_variable_00' not read by fragment shader

[14:58:46] [Render thread/INFO]: Info log when linking program containing VERTEX minecraft:core/text, FRAGMENT minecraft:core/text. Log output: WARNING: Output of vertex shader '_interface_variable_01' not read by fragment shader
WARNING: Output of vertex shader '_interface_variable_00' not read by fragment shader

[14:58:46] [Render thread/INFO]: Info log when linking program containing VERTEX minecraft:core/entity, FRAGMENT minecraft:core/entity. Log output: WARNING: Output of vertex shader '_interface_variable_01' not read by fragment shader
WARNING: Output of vertex shader '_interface_variable_00' not read by fragment shader

[14:58:46] [Render thread/INFO]: Info log when linking program containing VERTEX minecraft:core/text, FRAGMENT minecraft:core/text. Log output: WARNING: Output of vertex shader '_interface_variable_01' not read by fragment shader
WARNING: Output of vertex shader '_interface_variable_00' not read by fragment shader

[14:58:46] [Render thread/INFO]: Info log when linking program containing VERTEX minecraft:core/terrain, FRAGMENT minecraft:core/terrain. Log output: WARNING: Output of vertex shader '_interface_variable_01' not read by fragment shader
WARNING: Output of vertex shader '_interface_variable_00' not read by fragment shader
WARNING: Output of vertex shader '_interface_variable_04' not read by fragment shader

[14:58:46] [Render thread/INFO]: Info log when linking program containing VERTEX minecraft:core/clouds, FRAGMENT minecraft:core/clouds. Log output: WARNING: Output of vertex shader '_interface_variable_00' not read by fragment shader

[14:58:46] [Render thread/INFO]: Info log when linking program containing VERTEX minecraft:core/rendertype_lines, FRAGMENT minecraft:core/rendertype_lines. Log output: WARNING: Output of vertex shader '_interface_variable_01' not read by fragment shader
WARNING: Output of vertex shader '_interface_variable_00' not read by fragment shader

[14:58:46] [Render thread/INFO]: Info log when linking program containing VERTEX minecraft:core/rendertype_entity_shadow, FRAGMENT minecraft:core/rendertype_entity_shadow. Log output: WARNING: Output of vertex shader '_interface_variable_01' not read by fragment shader
WARNING: Output of vertex shader '_interface_variable_00' not read by fragment shader

[14:58:46] [Render thread/INFO]: Info log when linking program containing VERTEX minecraft:core/entity, FRAGMENT minecraft:core/entity. Log output: WARNING: Output of vertex shader '_interface_variable_01' not read by fragment shader
WARNING: Output of vertex shader '_interface_variable_00' not read by fragment shader

[14:58:46] [Render thread/INFO]: Info log when linking program containing VERTEX minecraft:core/text, FRAGMENT minecraft:core/text. Log output: WARNING: Output of vertex shader '_interface_variable_01' not read by fragment shader
WARNING: Output of vertex shader '_interface_variable_00' not read by fragment shader

[14:58:46] [Render thread/INFO]: Info log when linking program containing VERTEX minecraft:core/particle, FRAGMENT minecraft:core/particle. Log output: WARNING: Output of vertex shader '_interface_variable_01' not read by fragment shader
WARNING: Output of vertex shader '_interface_variable_00' not read by fragment shader

[14:58:46] [Render thread/INFO]: Info log when linking program containing VERTEX minecraft:core/entity, FRAGMENT minecraft:core/entity. Log output: WARNING: Output of vertex shader '_interface_variable_01' not read by fragment shader
WARNING: Output of vertex shader '_interface_variable_00' not read by fragment shader

[14:58:46] [Render thread/INFO]: Info log when linking program containing VERTEX minecraft:core/text, FRAGMENT minecraft:core/text. Log output: WARNING: Output of vertex shader '_interface_variable_01' not read by fragment shader
WARNING: Output of vertex shader '_interface_variable_00' not read by fragment shader

[14:58:46] [Render thread/INFO]: Info log when linking program containing VERTEX minecraft:core/entity, FRAGMENT minecraft:core/entity. Log output: WARNING: Output of vertex shader '_interface_variable_01' not read by fragment shader
WARNING: Output of vertex shader '_interface_variable_00' not read by fragment shader

[14:58:46] [Render thread/INFO]: Info log when linking program containing VERTEX minecraft:core/rendertype_crumbling, FRAGMENT minecraft:core/rendertype_crumbling. Log output: WARNING: Output of vertex shader '_interface_variable_01' not read by fragment shader
WARNING: Output of vertex shader '_interface_variable_00' not read by fragment shader

[14:58:46] [Render thread/INFO]: Info log when linking program containing VERTEX minecraft:core/particle, FRAGMENT minecraft:core/particle. Log output: WARNING: Output of vertex shader '_interface_variable_01' not read by fragment shader
WARNING: Output of vertex shader '_interface_variable_00' not read by fragment shader

[14:58:46] [Render thread/INFO]: Info log when linking program containing VERTEX minecraft:core/text, FRAGMENT minecraft:core/text. Log output: WARNING: Output of vertex shader '_interface_variable_01' not read by fragment shader
WARNING: Output of vertex shader '_interface_variable_00' not read by fragment shader

[14:58:46] [Render thread/INFO]: Info log when linking program containing VERTEX minecraft:core/entity, FRAGMENT minecraft:core/entity. Log output: WARNING: Output of vertex shader '_interface_variable_01' not read by fragment shader
WARNING: Output of vertex shader '_interface_variable_00' not read by fragment shader

[14:58:46] [Render thread/INFO]: OpenAL initialized on device Mac mini扬声器
[14:58:46] [Render thread/INFO]: Sound engine started
[14:58:46] [Render thread/INFO]: Created: 512x256x0 minecraft:textures/atlas/particles.png-atlas
[14:58:46] [Render thread/INFO]: Created: 256x128x0 minecraft:textures/atlas/celestials.png-atlas
[14:58:46] [Render thread/INFO]: Created: 128x128x0 minecraft:textures/atlas/decorated_pot.png-atlas
[14:58:46] [Render thread/INFO]: Created: 512x256x0 minecraft:textures/atlas/paintings.png-atlas
[14:58:46] [Render thread/INFO]: Created: 1024x512x0 minecraft:textures/atlas/shield_patterns.png-atlas
[14:58:46] [Render thread/INFO]: Created: 1024x512x0 minecraft:textures/atlas/banner_patterns.png-atlas
[14:58:46] [Render thread/INFO]: Created: 2048x2048x4 minecraft:textures/atlas/blocks.png-atlas
[14:58:46] [Render thread/INFO]: Created: 1024x512x0 minecraft:textures/atlas/items.png-atlas
[14:58:46] [Render thread/INFO]: Created: 1024x1024x0 minecraft:textures/atlas/gui.png-atlas
[14:58:46] [Render thread/INFO]: Created: 128x64x0 minecraft:textures/atlas/map_decorations.png-atlas
[14:58:46] [Render thread/INFO]: Created: 512x512x0 minecraft:textures/atlas/chest.png-atlas
[14:58:46] [Render thread/INFO]: Created: 512x512x0 minecraft:textures/atlas/shulker_boxes.png-atlas
[14:58:49] [Worker-Main-2/INFO]: Loaded 1872 advancements
[14:58:49] [Thread-5/WARN]: Unable to parse version 27.0 to a codename.
[14:58:49] [Thread-5/INFO]: Environment: Environment[discoveryUrl=https://discovery.minecraftservices.com/minecraft/client, name=PROD]
[14:58:49] [Worker-Main-2/INFO]: Loaded 1872 advancements
[14:58:49] [Thread-5/INFO]: Applied 0 biome modifications to 0 of 67 new biomes in 134.0 μs
[14:58:49] [Server thread/INFO]: Starting minecraft server version 26.3
[14:58:49] [Server thread/INFO]: Loading properties
[14:58:49] [Server thread/INFO]: Default game type: SURVIVAL
[14:58:49] [Server thread/INFO]: Generating keypair
[14:58:49] [Server thread/INFO]: Starting Minecraft server on 127.0.0.1:55155
[14:58:49] [Server thread/WARN]: **** SERVER IS RUNNING IN OFFLINE/INSECURE MODE!
[14:58:49] [Server thread/WARN]: The server will make no attempt to authenticate usernames. Beware.
[14:58:49] [Server thread/WARN]: While this makes the game possible to play without internet access, it also opens up the ability for hackers to connect with any username they choose.
[14:58:49] [Server thread/WARN]: To change this, set "online-mode" to "true" in the server.properties file.
[14:58:49] [Server thread/INFO]: Preparing level "world"
[14:58:49] [Server thread/INFO]: Selecting global world spawn...
[14:58:49] [Server thread/INFO]: Loading 0 persistent chunks...
[14:58:49] [Server thread/INFO]: Preparing spawn area: 100%
[14:58:49] [Server thread/INFO]: Time elapsed: 51 ms
[14:58:49] [Server thread/INFO]: Done (0.052s)! For help, type "help"
[14:58:49] [Server thread/INFO]: Saving chunks for level 'ServerLevel[New World]'/minecraft:overworld
[14:58:49] [Server thread/INFO]: Saving chunks for level 'ServerLevel[New World]'/minecraft:the_end
[14:58:49] [Server thread/INFO]: Saving chunks for level 'ServerLevel[New World]'/minecraft:the_nether
[14:58:50] [Render thread/INFO]: Connecting to localhost, 55155
[14:58:50] [Render thread/INFO]: World loading finished: null screen: net.minecraft.client.gui.screens.ConnectScreen@25c7e6dd
[14:58:50] [Render thread/INFO]: World loading finished: null screen: net.minecraft.client.gui.screens.ConnectScreen@25c7e6dd
[14:58:50] [Render thread/INFO]: World loading finished: null screen: net.minecraft.client.gui.screens.ConnectScreen@25c7e6dd
[14:58:50] [Render thread/INFO]: World loading finished: null screen: net.minecraft.client.gui.screens.ConnectScreen@25c7e6dd
[14:58:50] [Render thread/INFO]: World loading finished: null screen: net.minecraft.client.gui.screens.ConnectScreen@25c7e6dd
[14:58:50] [Render thread/INFO]: World loading finished: null screen: net.minecraft.client.gui.screens.ConnectScreen@25c7e6dd
[14:58:50] [Render thread/INFO]: World loading finished: null screen: net.minecraft.client.gui.screens.ConnectScreen@25c7e6dd
[14:58:50] [Render thread/INFO]: World loading finished: null screen: net.minecraft.client.gui.screens.ConnectScreen@25c7e6dd
[14:58:50] [Render thread/INFO]: World loading finished: null screen: net.minecraft.client.gui.screens.ConnectScreen@25c7e6dd
[14:58:50] [Render thread/INFO]: World loading finished: null screen: net.minecraft.client.gui.screens.ConnectScreen@25c7e6dd
[14:58:50] [Server thread/INFO]: Player413[/127.0.0.1:55216] logged in with entity id 37 at (0.5, 71.0, 0.5)
[14:58:50] [Server thread/INFO]: System chat: Player413 joined the game
[14:58:50] [Render thread/INFO]: Loaded 2 advancements
[14:58:50] [Render thread/WARN]: Requested post effect does not exist: minecraft:end_of_frame
[14:58:50] [Render thread/INFO]: World loading finished: ClientLevel screen: net.minecraft.client.gui.screens.LevelLoadingScreen@73a1f518
[14:58:50] [Render thread/INFO]: World loading finished: ClientLevel screen: net.minecraft.client.gui.screens.LevelLoadingScreen@73a1f518
[14:58:50] [Render thread/INFO]: World loading finished: ClientLevel screen: net.minecraft.client.gui.screens.LevelLoadingScreen@73a1f518
[14:58:50] [Render thread/INFO]: World loading finished: ClientLevel screen: null
[14:58:56] [Server thread/INFO]: Player413 lost connection: Disconnected
[14:58:56] [Server thread/INFO]: System chat: Player413 left the game
[14:58:56] [Render thread/INFO]: Connecting to localhost, 55155
[14:58:56] [Render thread/INFO]: World loading finished: null screen: net.minecraft.client.gui.screens.ConnectScreen@76ad5ad9
[14:58:56] [Render thread/INFO]: World loading finished: null screen: net.minecraft.client.gui.screens.ConnectScreen@76ad5ad9
[14:58:56] [Render thread/INFO]: World loading finished: null screen: net.minecraft.client.gui.screens.ConnectScreen@76ad5ad9
[14:58:56] [Render thread/INFO]: World loading finished: null screen: net.minecraft.client.gui.screens.ConnectScreen@76ad5ad9
[14:58:56] [Render thread/INFO]: World loading finished: null screen: net.minecraft.client.gui.screens.ConnectScreen@76ad5ad9
[14:58:56] [Server thread/INFO]: Player413[/127.0.0.1:55455] logged in with entity id 38 at (0.5, 102.48159999847428, 22.43600013732907)
[14:58:56] [Server thread/INFO]: System chat: Player413 joined the game
[14:58:56] [Render thread/INFO]: Loaded 2 advancements
[14:58:56] [Render thread/INFO]: World loading finished: ClientLevel screen: net.minecraft.client.gui.screens.LevelLoadingScreen@63744ee7
[14:58:56] [Render thread/INFO]: World loading finished: ClientLevel screen: null
[14:58:57] [Server thread/INFO]: Player413 lost connection: Disconnected
[14:58:57] [Server thread/INFO]: System chat: Player413 left the game
[14:58:57] [Server thread/INFO]: Stopping server
[14:58:57] [Server thread/INFO]: Saving players
[14:58:57] [Server thread/INFO]: Saving worlds
[14:58:57] [Server thread/INFO]: Saving chunks for level 'ServerLevel[New World]'/minecraft:overworld
[14:58:57] [Server thread/INFO]: Saving chunks for level 'ServerLevel[New World]'/minecraft:the_end
[14:58:57] [Server thread/INFO]: Saving chunks for level 'ServerLevel[New World]'/minecraft:the_nether
[14:58:57] [Test thread/INFO]: [STDOUT]: WILDCRAFT P3 dedicated-slot/native-click/creative-slot-permissions/holstered-hands/jump-toggle/steering/landing/damage/exhaustion/climb-transition/death-drop/keep-inventory/dimension/save-reload/TCP reconnect checks passed
[14:58:57] [Test thread/INFO]: [STDOUT]: WILDCRAFT R1 active clock: 10 cases passed; 5/10/20/60Hz, pause, resume, stall, duplicate
[14:58:57] [Worker-Main-5/INFO]: Loaded 1872 advancements
[14:58:57] [Render thread/INFO]: World loading finished: null screen: net.minecraft.client.gui.screens.GenericMessageScreen@78e10a4a
[14:58:57] [Render thread/INFO]: Applied 0 biome modifications to 0 of 67 new biomes in 157.3 μs
[14:58:57] [Server thread/INFO]: Starting integrated minecraft server version 26.3
[14:58:57] [Server thread/INFO]: Generating keypair
[14:58:57] [Server thread/INFO]: Selecting global world spawn...
[14:58:57] [Server thread/INFO]: Loading 0 persistent chunks...
[14:58:57] [Server thread/INFO]: Preparing spawn area: 16%
[14:58:57] [Server thread/INFO]: Saving chunks for level 'ServerLevel[New World]'/minecraft:overworld
[14:58:57] [Server thread/INFO]: Saving chunks for level 'ServerLevel[New World]'/minecraft:the_end
[14:58:57] [Server thread/INFO]: Saving chunks for level 'ServerLevel[New World]'/minecraft:the_nether
[14:58:57] [Render thread/INFO]: World loading finished: null screen: net.minecraft.client.gui.screens.LevelLoadingScreen@6959f34b
[14:58:57] [Render thread/INFO]: World loading finished: null screen: net.minecraft.client.gui.screens.LevelLoadingScreen@6959f34b
[14:58:57] [Render thread/INFO]: World loading finished: null screen: net.minecraft.client.gui.screens.LevelLoadingScreen@6959f34b
[14:58:57] [Render thread/INFO]: World loading finished: null screen: net.minecraft.client.gui.screens.LevelLoadingScreen@6959f34b
[14:58:57] [Server thread/INFO]: Loading 48 chunks for player spawn...
[14:58:57] [Render thread/INFO]: World loading finished: null screen: net.minecraft.client.gui.screens.LevelLoadingScreen@6959f34b
[14:58:57] [Render thread/INFO]: World loading finished: null screen: net.minecraft.client.gui.screens.LevelLoadingScreen@6959f34b
[14:58:57] [Server thread/INFO]: Time elapsed: 381 ms
[14:58:57] [Render thread/INFO]: World loading finished: null screen: net.minecraft.client.gui.screens.LevelLoadingScreen@6959f34b
[14:58:57] [Server thread/INFO]: Player413[local:E:98b27216] logged in with entity id 39 at (0.5, -60.0, 0.5)
[14:58:57] [Server thread/INFO]: System chat: Player413 joined the game
[14:58:57] [Server thread/INFO]: Changing view distance to 5, from 10
[14:58:57] [Server thread/INFO]: Changing simulation distance to 12, from 0
[14:58:57] [Render thread/INFO]: World loading finished: ClientLevel screen: net.minecraft.client.gui.screens.LevelLoadingScreen@6959f34b
[14:58:57] [Render thread/INFO]: Loaded 2 advancements
[14:58:58] [Render thread/INFO]: World loading finished: ClientLevel screen: net.minecraft.client.gui.screens.LevelLoadingScreen@6959f34b
[14:58:58] [Render thread/INFO]: World loading finished: ClientLevel screen: net.minecraft.client.gui.screens.LevelLoadingScreen@6959f34b
[14:58:58] [Render thread/INFO]: World loading finished: ClientLevel screen: net.minecraft.client.gui.screens.LevelLoadingScreen@6959f34b
[14:58:58] [Render thread/INFO]: World loading finished: ClientLevel screen: net.minecraft.client.gui.screens.LevelLoadingScreen@6959f34b
[14:58:58] [Render thread/INFO]: World loading finished: ClientLevel screen: net.minecraft.client.gui.screens.LevelLoadingScreen@6959f34b
[14:58:58] [Render thread/INFO]: World loading finished: ClientLevel screen: net.minecraft.client.gui.screens.LevelLoadingScreen@6959f34b
[14:58:58] [Render thread/INFO]: World loading finished: ClientLevel screen: net.minecraft.client.gui.screens.LevelLoadingScreen@6959f34b
[14:58:58] [Render thread/INFO]: World loading finished: ClientLevel screen: net.minecraft.client.gui.screens.LevelLoadingScreen@6959f34b
[14:58:58] [Render thread/INFO]: World loading finished: ClientLevel screen: net.minecraft.client.gui.screens.LevelLoadingScreen@6959f34b
[14:58:58] [Render thread/INFO]: World loading finished: ClientLevel screen: net.minecraft.client.gui.screens.LevelLoadingScreen@6959f34b
[14:58:58] [Render thread/INFO]: World loading finished: ClientLevel screen: net.minecraft.client.gui.screens.LevelLoadingScreen@6959f34b
[14:58:58] [Render thread/INFO]: World loading finished: ClientLevel screen: net.minecraft.client.gui.screens.LevelLoadingScreen@6959f34b
[14:58:58] [Render thread/INFO]: World loading finished: ClientLevel screen: net.minecraft.client.gui.screens.LevelLoadingScreen@6959f34b
[14:58:58] [Render thread/INFO]: World loading finished: ClientLevel screen: net.minecraft.client.gui.screens.LevelLoadingScreen@6959f34b
[14:58:58] [Render thread/INFO]: World loading finished: ClientLevel screen: null
[14:58:58] [Server thread/INFO]: System chat: Set minecraft:overworld to time marker minecraft:day
[14:58:58] [Render thread/INFO]: Loaded 3 advancements
[14:59:01] [Server thread/INFO]: System chat: Player413 was killed
[14:59:01] [Render thread/INFO]: [System] [CHAT] Player413 was killed
[14:59:02] [Server thread/INFO]: Saving and pausing game...
[14:59:02] [Server thread/INFO]: Saving chunks for level 'ServerLevel[New World]'/minecraft:overworld
[14:59:02] [Server thread/INFO]: Saving chunks for level 'ServerLevel[New World]'/minecraft:the_end
[14:59:02] [Server thread/INFO]: Saving chunks for level 'ServerLevel[New World]'/minecraft:the_nether
[14:59:04] [Server thread/INFO]: System chat: Player413 has made the advancement [We Need to Go Deeper]
[14:59:04] [Render thread/INFO]: [System] [CHAT] Player413 has made the advancement [We Need to Go Deeper]
[14:59:04] [Render thread/INFO]: Loaded 30 advancements
[14:59:05] [Test thread/INFO]: [STDOUT]: WILDCRAFT R1_WORLD=/Volumes/仕事/Wildcraft/开发环境/cache/builds/f51c43e6462c/run/packaged-client-test/saves/New World (50)
[14:59:05] [Server thread/INFO]: Player413 lost connection: Disconnected
[14:59:05] [Server thread/INFO]: System chat: Player413 left the game
[14:59:05] [Server thread/INFO]: Stopping singleplayer server as player logged out
[14:59:05] [Server thread/INFO]: Stopping server
[14:59:05] [Server thread/INFO]: Saving players
[14:59:05] [Server thread/INFO]: Saving worlds
[14:59:05] [Server thread/INFO]: Saving chunks for level 'ServerLevel[New World]'/minecraft:overworld
[14:59:05] [Server thread/INFO]: Saving chunks for level 'ServerLevel[New World]'/minecraft:the_end
[14:59:05] [Server thread/INFO]: Saving chunks for level 'ServerLevel[New World]'/minecraft:the_nether
[14:59:06] [Render thread/INFO]: World loading finished: null screen: net.minecraft.client.gui.screens.GenericMessageScreen@6bb66497
[14:59:06] [Worker-Main-2/INFO]: Loaded 1872 advancements
[14:59:06] [Render thread/INFO]: Applied 0 biome modifications to 0 of 67 new biomes in 154.6 μs
[14:59:06] [Server thread/INFO]: Starting integrated minecraft server version 26.3
[14:59:06] [Server thread/INFO]: Generating keypair
[14:59:06] [Server thread/INFO]: Loading 0 persistent chunks...
[14:59:06] [Server thread/INFO]: Saving chunks for level 'ServerLevel[New World]'/minecraft:overworld
[14:59:06] [Server thread/INFO]: Saving chunks for level 'ServerLevel[New World]'/minecraft:the_end
[14:59:06] [Server thread/INFO]: Saving chunks for level 'ServerLevel[New World]'/minecraft:the_nether
[14:59:06] [Render thread/INFO]: World loading finished: null screen: net.minecraft.client.gui.screens.LevelLoadingScreen@4531f70f
[14:59:06] [Render thread/INFO]: World loading finished: null screen: net.minecraft.client.gui.screens.LevelLoadingScreen@4531f70f
[14:59:06] [Render thread/INFO]: World loading finished: null screen: net.minecraft.client.gui.screens.LevelLoadingScreen@4531f70f
[14:59:06] [Render thread/INFO]: World loading finished: null screen: net.minecraft.client.gui.screens.LevelLoadingScreen@4531f70f
[14:59:06] [Server thread/INFO]: Loading 49 chunks for player spawn...
[14:59:06] [Server thread/INFO]: Preparing spawn area: 16%
[14:59:06] [Render thread/INFO]: World loading finished: null screen: net.minecraft.client.gui.screens.LevelLoadingScreen@4531f70f
[14:59:06] [Render thread/INFO]: World loading finished: null screen: net.minecraft.client.gui.screens.LevelLoadingScreen@4531f70f
[14:59:06] [Server thread/INFO]: Time elapsed: 323 ms
[14:59:06] [Render thread/INFO]: World loading finished: null screen: net.minecraft.client.gui.screens.LevelLoadingScreen@4531f70f
[14:59:06] [Server thread/INFO]: Player413[local:E:5cf92d65] logged in with entity id 52 at (0.5, 105.0, 0.5)
[14:59:06] [Server thread/INFO]: System chat: Player413 joined the game
[14:59:06] [Server thread/INFO]: Changing view distance to 5, from 10
[14:59:06] [Server thread/INFO]: Changing simulation distance to 12, from 0
[14:59:06] [Render thread/INFO]: World loading finished: null screen: net.minecraft.client.gui.screens.LevelLoadingScreen@4531f70f
[14:59:06] [Render thread/INFO]: Loaded 30 advancements
[14:59:06] [Render thread/INFO]: World loading finished: ClientLevel screen: net.minecraft.client.gui.screens.LevelLoadingScreen@4531f70f
[14:59:06] [Render thread/INFO]: World loading finished: ClientLevel screen: net.minecraft.client.gui.screens.LevelLoadingScreen@4531f70f
[14:59:06] [Render thread/INFO]: World loading finished: ClientLevel screen: net.minecraft.client.gui.screens.LevelLoadingScreen@4531f70f
[14:59:06] [Render thread/INFO]: World loading finished: ClientLevel screen: null
[14:59:08] [Server thread/INFO]: Published LAN server on port 0
[14:59:08] [Server thread/INFO]: Unpublishing integrated server (was on port 0)
[14:59:08] [Server thread/INFO]: Player413 lost connection: Disconnected
[14:59:08] [Server thread/INFO]: System chat: Player413 left the game
[14:59:08] [Server thread/INFO]: Stopping singleplayer server as player logged out
[14:59:08] [Server thread/INFO]: Stopping server
[14:59:08] [Server thread/INFO]: Saving players
[14:59:08] [Server thread/INFO]: Saving worlds
[14:59:08] [Server thread/INFO]: Saving chunks for level 'ServerLevel[New World]'/minecraft:overworld
[14:59:08] [Server thread/INFO]: Saving chunks for level 'ServerLevel[New World]'/minecraft:the_end
[14:59:08] [Server thread/INFO]: Saving chunks for level 'ServerLevel[New World]'/minecraft:the_nether
[14:59:09] [Test thread/INFO]: [STDOUT]: WILDCRAFT R1 lifecycle, ownership, real reload, native item anchor and GPU post-effect checks passed
[14:59:09] [Worker-Main-4/INFO]: Loaded 1872 advancements
[14:59:09] [Render thread/INFO]: World loading finished: null screen: net.minecraft.client.gui.screens.GenericMessageScreen@d1f9016
[14:59:09] [Render thread/INFO]: Applied 0 biome modifications to 0 of 67 new biomes in 195.0 μs
[14:59:09] [Server thread/INFO]: Starting integrated minecraft server version 26.3
[14:59:09] [Server thread/INFO]: Generating keypair
[14:59:09] [Server thread/INFO]: Selecting global world spawn...
[14:59:09] [Server thread/INFO]: Loading 0 persistent chunks...
[14:59:09] [Server thread/INFO]: Preparing spawn area: 16%
[14:59:09] [Server thread/INFO]: Saving chunks for level 'ServerLevel[New World]'/minecraft:overworld
[14:59:09] [Server thread/INFO]: Saving chunks for level 'ServerLevel[New World]'/minecraft:the_end
[14:59:09] [Server thread/INFO]: Saving chunks for level 'ServerLevel[New World]'/minecraft:the_nether
[14:59:09] [Render thread/INFO]: World loading finished: null screen: net.minecraft.client.gui.screens.LevelLoadingScreen@e73b07e
[14:59:09] [Render thread/INFO]: World loading finished: null screen: net.minecraft.client.gui.screens.LevelLoadingScreen@e73b07e
[14:59:09] [Render thread/INFO]: World loading finished: null screen: net.minecraft.client.gui.screens.LevelLoadingScreen@e73b07e
[14:59:09] [Render thread/INFO]: World loading finished: null screen: net.minecraft.client.gui.screens.LevelLoadingScreen@e73b07e
[14:59:09] [Server thread/INFO]: Loading 48 chunks for player spawn...
[14:59:09] [Render thread/INFO]: World loading finished: null screen: net.minecraft.client.gui.screens.LevelLoadingScreen@e73b07e
[14:59:09] [Render thread/INFO]: World loading finished: null screen: net.minecraft.client.gui.screens.LevelLoadingScreen@e73b07e
[14:59:09] [Server thread/INFO]: Time elapsed: 387 ms
[14:59:09] [Render thread/INFO]: World loading finished: null screen: net.minecraft.client.gui.screens.LevelLoadingScreen@e73b07e
[14:59:09] [Server thread/INFO]: Player413[local:E:1b168d01] logged in with entity id 53 at (0.5, -60.0, 0.5)
[14:59:09] [Server thread/INFO]: System chat: Player413 joined the game
[14:59:09] [Server thread/INFO]: Changing view distance to 5, from 10
[14:59:09] [Server thread/INFO]: Changing simulation distance to 12, from 0
[14:59:09] [Render thread/INFO]: World loading finished: null screen: net.minecraft.client.gui.screens.LevelLoadingScreen@e73b07e
[14:59:09] [Render thread/INFO]: Loaded 2 advancements
[14:59:09] [Render thread/INFO]: World loading finished: ClientLevel screen: net.minecraft.client.gui.screens.LevelLoadingScreen@e73b07e
[14:59:09] [Render thread/INFO]: World loading finished: ClientLevel screen: net.minecraft.client.gui.screens.LevelLoadingScreen@e73b07e
[14:59:09] [Render thread/INFO]: World loading finished: ClientLevel screen: net.minecraft.client.gui.screens.LevelLoadingScreen@e73b07e
[14:59:09] [Render thread/INFO]: World loading finished: ClientLevel screen: net.minecraft.client.gui.screens.LevelLoadingScreen@e73b07e
[14:59:09] [Render thread/INFO]: World loading finished: ClientLevel screen: net.minecraft.client.gui.screens.LevelLoadingScreen@e73b07e
[14:59:10] [Render thread/INFO]: World loading finished: ClientLevel screen: net.minecraft.client.gui.screens.LevelLoadingScreen@e73b07e
[14:59:10] [Render thread/INFO]: World loading finished: ClientLevel screen: net.minecraft.client.gui.screens.LevelLoadingScreen@e73b07e
[14:59:10] [Render thread/INFO]: World loading finished: ClientLevel screen: net.minecraft.client.gui.screens.LevelLoadingScreen@e73b07e
[14:59:10] [Render thread/INFO]: World loading finished: ClientLevel screen: net.minecraft.client.gui.screens.LevelLoadingScreen@e73b07e
[14:59:10] [Render thread/INFO]: World loading finished: ClientLevel screen: net.minecraft.client.gui.screens.LevelLoadingScreen@e73b07e
[14:59:10] [Render thread/INFO]: World loading finished: ClientLevel screen: net.minecraft.client.gui.screens.LevelLoadingScreen@e73b07e
[14:59:10] [Render thread/INFO]: World loading finished: ClientLevel screen: net.minecraft.client.gui.screens.LevelLoadingScreen@e73b07e
[14:59:10] [Render thread/INFO]: World loading finished: ClientLevel screen: net.minecraft.client.gui.screens.LevelLoadingScreen@e73b07e
[14:59:10] [Render thread/INFO]: World loading finished: ClientLevel screen: net.minecraft.client.gui.screens.LevelLoadingScreen@e73b07e
[14:59:10] [Render thread/INFO]: World loading finished: ClientLevel screen: net.minecraft.client.gui.screens.LevelLoadingScreen@e73b07e
[14:59:10] [Render thread/INFO]: World loading finished: ClientLevel screen: null
[14:59:10] [Render thread/INFO]: Loaded 3 advancements
[14:59:11] [Server thread/INFO]: System chat: Player413 has made the advancement [Cover Me with Diamonds]
[14:59:11] [Render thread/INFO]: [System] [CHAT] Player413 has made the advancement [Cover Me with Diamonds]
[14:59:11] [Render thread/INFO]: Loaded 10 advancements
[14:59:11] [Render thread/INFO]: Loaded 21 advancements
[14:59:12] [Render thread/INFO]: [STDOUT]: WILDCRAFT P3.1 controlled client skin model=SLIM
[14:59:12] [Server thread/INFO]: System chat: Set 30 experience levels on Player413
[14:59:12] [Server thread/INFO]: System chat: Set 5 experience levels on Player413
[14:59:12] [Server thread/INFO]: System chat: Stamina refilled
[14:59:12] [Server thread/INFO]: System chat: Consumed 145.0 stamina
[14:59:12] [Render thread/INFO]: Reloading ResourceManager: vanilla, vanilla, fabric-advancement-api-v1, fabric-api, fabric-api-base, fabric-api-lookup-api-v1, fabric-biome-api-v1, fabric-block-api-v1, fabric-block-getter-api-v2, fabric-client-gametest-api-v1, fabric-command-api-v2, fabric-content-registries-v0, fabric-convention-tags-v2, fabric-crash-report-info-v1, fabric-creative-tab-api-v1, fabric-data-attachment-api-v1, fabric-data-generation-api-v1, fabric-debug-api-v1, fabric-dimensions-v1, fabric-entity-events-v1, fabric-events-interaction-v0, fabric-game-rule-api-v1, fabric-gametest-api-v1, fabric-item-api-v1, fabric-key-mapping-api-v1, fabric-lifecycle-events-v1, fabric-loot-api-v3, fabric-menu-api-v1, fabric-message-api-v1, fabric-model-loading-api-v1, fabric-networking-api-v1, fabric-object-builder-api-v1, fabric-particles-v1, fabric-permission-api-v1, fabric-recipe-api-v1, fabric-registry-sync-v0, fabric-renderer-api-v1, fabric-renderer-indigo, fabric-rendering-fluids-v1, fabric-rendering-v1, fabric-resource-conditions-api-v1, fabric-resource-loader-v0, fabric-resource-loader-v1, fabric-screen-api-v1, fabric-serialization-api-v1, fabric-sound-api-v1, fabric-tag-api-v1, fabric-transfer-api-v1, fabric-transitive-access-wideners-v1, fabricloader, wildcraft, wildcraft-test
[14:59:12] [Worker-Main-5/INFO]: Found unifont_all_no_pua-17.0.01.hex, loading
[14:59:12] [Worker-Main-4/INFO]: Found unifont_pua-17.0.01.hex, loading
[14:59:12] [Server thread/INFO]: Saving and pausing game...
[14:59:12] [Server thread/INFO]: Saving chunks for level 'ServerLevel[New World]'/minecraft:overworld
[14:59:12] [Render thread/INFO]: Info log when linking program containing VERTEX minecraft:core/rendertype_crumbling, FRAGMENT minecraft:core/rendertype_crumbling. Log output: WARNING: Output of vertex shader '_interface_variable_01' not read by fragment shader
WARNING: Output of vertex shader '_interface_variable_00' not read by fragment shader

[14:59:12] [Render thread/INFO]: Info log when linking program containing VERTEX minecraft:core/terrain, FRAGMENT minecraft:core/terrain. Log output: WARNING: Output of vertex shader '_interface_variable_01' not read by fragment shader
WARNING: Output of vertex shader '_interface_variable_00' not read by fragment shader
WARNING: Output of vertex shader '_interface_variable_04' not read by fragment shader

[14:59:12] [Server thread/INFO]: Saving chunks for level 'ServerLevel[New World]'/minecraft:the_end
[14:59:12] [Server thread/INFO]: Saving chunks for level 'ServerLevel[New World]'/minecraft:the_nether
[14:59:12] [Render thread/INFO]: Info log when linking program containing VERTEX minecraft:core/entity, FRAGMENT minecraft:core/entity. Log output: WARNING: Output of vertex shader '_interface_variable_01' not read by fragment shader
WARNING: Output of vertex shader '_interface_variable_00' not read by fragment shader

[14:59:12] [Worker-Main-5/INFO]: Found unifont_jp_patch-17.0.01.hex, loading
[14:59:12] [Render thread/INFO]: Info log when linking program containing VERTEX minecraft:core/rendertype_lines, FRAGMENT minecraft:core/rendertype_lines. Log output: WARNING: Output of vertex shader '_interface_variable_01' not read by fragment shader
WARNING: Output of vertex shader '_interface_variable_00' not read by fragment shader

[14:59:12] [Render thread/INFO]: Info log when linking program containing VERTEX minecraft:core/terrain, FRAGMENT minecraft:core/terrain. Log output: WARNING: Output of vertex shader '_interface_variable_01' not read by fragment shader
WARNING: Output of vertex shader '_interface_variable_00' not read by fragment shader
WARNING: Output of vertex shader '_interface_variable_04' not read by fragment shader

[14:59:12] [Render thread/INFO]: Info log when linking program containing VERTEX minecraft:core/entity, FRAGMENT minecraft:core/entity. Log output: WARNING: Output of vertex shader '_interface_variable_01' not read by fragment shader
WARNING: Output of vertex shader '_interface_variable_00' not read by fragment shader

[14:59:12] [Render thread/INFO]: Info log when linking program containing VERTEX minecraft:core/text, FRAGMENT minecraft:core/text. Log output: WARNING: Output of vertex shader '_interface_variable_01' not read by fragment shader
WARNING: Output of vertex shader '_interface_variable_00' not read by fragment shader

[14:59:12] [Render thread/INFO]: Info log when linking program containing VERTEX minecraft:core/text, FRAGMENT minecraft:core/text. Log output: WARNING: Output of vertex shader '_interface_variable_01' not read by fragment shader
WARNING: Output of vertex shader '_interface_variable_00' not read by fragment shader

[14:59:12] [Render thread/INFO]: Info log when linking program containing VERTEX minecraft:core/entity, FRAGMENT minecraft:core/entity. Log output: WARNING: Output of vertex shader '_interface_variable_01' not read by fragment shader
WARNING: Output of vertex shader '_interface_variable_00' not read by fragment shader

[14:59:12] [Render thread/INFO]: Info log when linking program containing VERTEX minecraft:core/block, FRAGMENT minecraft:core/block. Log output: WARNING: Output of vertex shader '_interface_variable_01' not read by fragment shader
WARNING: Output of vertex shader '_interface_variable_00' not read by fragment shader

[14:59:12] [Render thread/INFO]: Info log when linking program containing VERTEX minecraft:core/particle, FRAGMENT minecraft:core/particle. Log output: WARNING: Output of vertex shader '_interface_variable_01' not read by fragment shader
WARNING: Output of vertex shader '_interface_variable_00' not read by fragment shader

[14:59:12] [Render thread/INFO]: Info log when linking program containing VERTEX minecraft:core/rendertype_entity_shadow, FRAGMENT minecraft:core/rendertype_entity_shadow. Log output: WARNING: Output of vertex shader '_interface_variable_01' not read by fragment shader
WARNING: Output of vertex shader '_interface_variable_00' not read by fragment shader

[14:59:12] [Render thread/INFO]: Info log when linking program containing VERTEX minecraft:core/screenquad, FRAGMENT minecraft:core/oit_composite. Log output: WARNING: Output of vertex shader '_interface_variable_00' not read by fragment shader

[14:59:12] [Render thread/INFO]: Info log when linking program containing VERTEX minecraft:core/screenquad, FRAGMENT minecraft:core/integrate_depth. Log output: WARNING: Output of vertex shader '_interface_variable_00' not read by fragment shader

[14:59:12] [Render thread/INFO]: Info log when linking program containing VERTEX minecraft:core/entity, FRAGMENT minecraft:core/entity. Log output: WARNING: Output of vertex shader '_interface_variable_01' not read by fragment shader
WARNING: Output of vertex shader '_interface_variable_00' not read by fragment shader

[14:59:12] [Render thread/INFO]: Info log when linking program containing VERTEX minecraft:core/terrain, FRAGMENT minecraft:core/terrain. Log output: WARNING: Output of vertex shader '_interface_variable_01' not read by fragment shader
WARNING: Output of vertex shader '_interface_variable_00' not read by fragment shader
WARNING: Output of vertex shader '_interface_variable_04' not read by fragment shader

[14:59:12] [Render thread/INFO]: Info log when linking program containing VERTEX minecraft:core/animate_sprite, FRAGMENT minecraft:core/animate_sprite_blit. Log output: WARNING: Output of vertex shader '_interface_variable_00' not read by fragment shader

[14:59:12] [Render thread/INFO]: Info log when linking program containing VERTEX minecraft:core/entity, FRAGMENT minecraft:core/entity. Log output: WARNING: Output of vertex shader '_interface_variable_01' not read by fragment shader
WARNING: Output of vertex shader '_interface_variable_00' not read by fragment shader

[14:59:12] [Render thread/INFO]: Info log when linking program containing VERTEX minecraft:core/clouds, FRAGMENT minecraft:core/clouds. Log output: WARNING: Output of vertex shader '_interface_variable_00' not read by fragment shader

[14:59:12] [Render thread/INFO]: Info log when linking program containing VERTEX minecraft:core/particle, FRAGMENT minecraft:core/particle. Log output: WARNING: Output of vertex shader '_interface_variable_01' not read by fragment shader
WARNING: Output of vertex shader '_interface_variable_00' not read by fragment shader

[14:59:12] [Render thread/INFO]: Info log when linking program containing VERTEX minecraft:core/entity, FRAGMENT minecraft:core/entity. Log output: WARNING: Output of vertex shader '_interface_variable_01' not read by fragment shader
WARNING: Output of vertex shader '_interface_variable_00' not read by fragment shader

[14:59:12] [Render thread/INFO]: Info log when linking program containing VERTEX minecraft:core/screenquad, FRAGMENT minecraft:core/oit_depth_bounds_cull. Log output: WARNING: Output of vertex shader '_interface_variable_00' not read by fragment shader

[14:59:12] [Render thread/INFO]: Info log when linking program containing VERTEX minecraft:core/entity, FRAGMENT minecraft:core/entity. Log output: WARNING: Output of vertex shader '_interface_variable_01' not read by fragment shader
WARNING: Output of vertex shader '_interface_variable_00' not read by fragment shader

[14:59:12] [Render thread/INFO]: Info log when linking program containing VERTEX minecraft:core/block, FRAGMENT minecraft:core/block. Log output: WARNING: Output of vertex shader '_interface_variable_01' not read by fragment shader
WARNING: Output of vertex shader '_interface_variable_00' not read by fragment shader

[14:59:12] [Render thread/INFO]: Info log when linking program containing VERTEX minecraft:core/text, FRAGMENT minecraft:core/text. Log output: WARNING: Output of vertex shader '_interface_variable_01' not read by fragment shader
WARNING: Output of vertex shader '_interface_variable_00' not read by fragment shader

[14:59:12] [Render thread/INFO]: Info log when linking program containing VERTEX minecraft:core/text, FRAGMENT minecraft:core/text. Log output: WARNING: Output of vertex shader '_interface_variable_01' not read by fragment shader
WARNING: Output of vertex shader '_interface_variable_00' not read by fragment shader

[14:59:12] [Render thread/INFO]: Info log when linking program containing VERTEX minecraft:core/text, FRAGMENT minecraft:core/text. Log output: WARNING: Output of vertex shader '_interface_variable_01' not read by fragment shader
WARNING: Output of vertex shader '_interface_variable_00' not read by fragment shader

[14:59:12] [Render thread/INFO]: Info log when linking program containing VERTEX minecraft:core/entity, FRAGMENT minecraft:core/entity. Log output: WARNING: Output of vertex shader '_interface_variable_01' not read by fragment shader
WARNING: Output of vertex shader '_interface_variable_00' not read by fragment shader

[14:59:12] [Render thread/INFO]: Info log when linking program containing VERTEX minecraft:core/terrain, FRAGMENT minecraft:core/terrain. Log output: WARNING: Output of vertex shader '_interface_variable_01' not read by fragment shader
WARNING: Output of vertex shader '_interface_variable_00' not read by fragment shader
WARNING: Output of vertex shader '_interface_variable_04' not read by fragment shader

[14:59:12] [Render thread/INFO]: Info log when linking program containing VERTEX minecraft:core/text, FRAGMENT minecraft:core/text. Log output: WARNING: Output of vertex shader '_interface_variable_01' not read by fragment shader
WARNING: Output of vertex shader '_interface_variable_00' not read by fragment shader

[14:59:12] [Render thread/INFO]: Info log when linking program containing VERTEX minecraft:core/rendertype_lines, FRAGMENT minecraft:core/rendertype_lines. Log output: WARNING: Output of vertex shader '_interface_variable_01' not read by fragment shader
WARNING: Output of vertex shader '_interface_variable_00' not read by fragment shader

[14:59:13] [Render thread/INFO]: Info log when linking program containing VERTEX minecraft:core/rendertype_entity_shadow, FRAGMENT minecraft:core/rendertype_entity_shadow. Log output: WARNING: Output of vertex shader '_interface_variable_01' not read by fragment shader
WARNING: Output of vertex shader '_interface_variable_00' not read by fragment shader

[14:59:13] [Render thread/INFO]: Info log when linking program containing VERTEX minecraft:core/clouds, FRAGMENT minecraft:core/clouds. Log output: WARNING: Output of vertex shader '_interface_variable_00' not read by fragment shader

[14:59:13] [Render thread/INFO]: Info log when linking program containing VERTEX minecraft:core/particle, FRAGMENT minecraft:core/particle. Log output: WARNING: Output of vertex shader '_interface_variable_01' not read by fragment shader
WARNING: Output of vertex shader '_interface_variable_00' not read by fragment shader

[14:59:13] [Render thread/INFO]: Info log when linking program containing VERTEX minecraft:core/entity, FRAGMENT minecraft:core/entity. Log output: WARNING: Output of vertex shader '_interface_variable_01' not read by fragment shader
WARNING: Output of vertex shader '_interface_variable_00' not read by fragment shader

[14:59:13] [Render thread/INFO]: Info log when linking program containing VERTEX minecraft:core/entity, FRAGMENT minecraft:core/entity. Log output: WARNING: Output of vertex shader '_interface_variable_01' not read by fragment shader
WARNING: Output of vertex shader '_interface_variable_00' not read by fragment shader

[14:59:13] [Render thread/INFO]: Info log when linking program containing VERTEX minecraft:core/text, FRAGMENT minecraft:core/text. Log output: WARNING: Output of vertex shader '_interface_variable_01' not read by fragment shader
WARNING: Output of vertex shader '_interface_variable_00' not read by fragment shader

[14:59:13] [Render thread/INFO]: Info log when linking program containing VERTEX minecraft:core/entity, FRAGMENT minecraft:core/entity. Log output: WARNING: Output of vertex shader '_interface_variable_01' not read by fragment shader
WARNING: Output of vertex shader '_interface_variable_00' not read by fragment shader

[14:59:13] [Render thread/INFO]: Info log when linking program containing VERTEX minecraft:core/rendertype_crumbling, FRAGMENT minecraft:core/rendertype_crumbling. Log output: WARNING: Output of vertex shader '_interface_variable_01' not read by fragment shader
WARNING: Output of vertex shader '_interface_variable_00' not read by fragment shader

[14:59:13] [Render thread/INFO]: Info log when linking program containing VERTEX minecraft:core/particle, FRAGMENT minecraft:core/particle. Log output: WARNING: Output of vertex shader '_interface_variable_01' not read by fragment shader
WARNING: Output of vertex shader '_interface_variable_00' not read by fragment shader

[14:59:13] [Render thread/INFO]: Info log when linking program containing VERTEX minecraft:core/entity, FRAGMENT minecraft:core/entity. Log output: WARNING: Output of vertex shader '_interface_variable_01' not read by fragment shader
WARNING: Output of vertex shader '_interface_variable_00' not read by fragment shader

[14:59:13] [Render thread/INFO]: Info log when linking program containing VERTEX minecraft:core/text, FRAGMENT minecraft:core/text. Log output: WARNING: Output of vertex shader '_interface_variable_01' not read by fragment shader
WARNING: Output of vertex shader '_interface_variable_00' not read by fragment shader

[14:59:13] [Render thread/INFO]: OpenAL initialized on device Mac mini扬声器
[14:59:13] [Render thread/INFO]: Sound engine started
[14:59:13] [Render thread/INFO]: Created: 512x256x0 minecraft:textures/atlas/particles.png-atlas
[14:59:13] [Render thread/INFO]: Created: 256x128x0 minecraft:textures/atlas/celestials.png-atlas
[14:59:13] [Render thread/INFO]: Created: 128x128x0 minecraft:textures/atlas/decorated_pot.png-atlas
[14:59:13] [Render thread/INFO]: Created: 512x256x0 minecraft:textures/atlas/paintings.png-atlas
[14:59:13] [Render thread/INFO]: Created: 1024x512x0 minecraft:textures/atlas/shield_patterns.png-atlas
[14:59:13] [Render thread/INFO]: Created: 1024x512x0 minecraft:textures/atlas/banner_patterns.png-atlas
[14:59:13] [Render thread/INFO]: Created: 2048x2048x4 minecraft:textures/atlas/blocks.png-atlas
[14:59:13] [Render thread/INFO]: Created: 1024x512x0 minecraft:textures/atlas/items.png-atlas
[14:59:13] [Render thread/INFO]: Created: 1024x1024x0 minecraft:textures/atlas/gui.png-atlas
[14:59:13] [Render thread/INFO]: Created: 128x64x0 minecraft:textures/atlas/map_decorations.png-atlas
[14:59:13] [Render thread/INFO]: Created: 512x512x0 minecraft:textures/atlas/chest.png-atlas
[14:59:13] [Render thread/INFO]: Created: 512x512x0 minecraft:textures/atlas/shulker_boxes.png-atlas
[14:59:13] [Render thread/WARN]: Requested post effect does not exist: minecraft:end_of_frame
[14:59:16] [Server thread/INFO]: System chat: 已将Player413的经验等级设为600000
[14:59:16] [Server thread/INFO]: System chat: 已将Player413的经验等级设为5
[14:59:16] [Server thread/INFO]: System chat: 精力已补满
[14:59:18] [Server thread/INFO]: System chat: Player413达成了目标[天空即为极限]
[14:59:18] [Render thread/INFO]: [System] [CHAT] Player413达成了目标[天空即为极限]
[14:59:18] [Render thread/INFO]: Loaded 26 advancements
[14:59:19] [Server thread/INFO]: Player413 lost connection: 连接中断
[14:59:19] [Server thread/INFO]: System chat: Player413退出了游戏
[14:59:19] [Server thread/INFO]: Stopping singleplayer server as player logged out
[14:59:19] [Server thread/INFO]: Stopping server
[14:59:19] [Server thread/INFO]: Saving players
[14:59:19] [Server thread/INFO]: Saving worlds
[14:59:19] [Server thread/INFO]: Saving chunks for level 'ServerLevel[New World]'/minecraft:overworld
[14:59:19] [Server thread/INFO]: Saving chunks for level 'ServerLevel[New World]'/minecraft:the_end
[14:59:19] [Server thread/INFO]: Saving chunks for level 'ServerLevel[New World]'/minecraft:the_nether
[14:59:19] [Render thread/INFO]: World loading finished: null screen: net.minecraft.client.gui.screens.GenericMessageScreen@47189829
[14:59:19] [Worker-Main-8/INFO]: Loaded 1872 advancements
[14:59:19] [Render thread/INFO]: Applied 0 biome modifications to 0 of 67 new biomes in 140.3 μs
[14:59:19] [Server thread/INFO]: Starting integrated minecraft server version 26.3
[14:59:19] [Server thread/INFO]: Generating keypair
[14:59:19] [Server thread/INFO]: Loading 0 persistent chunks...
[14:59:19] [Server thread/INFO]: Saving chunks for level 'ServerLevel[New World]'/minecraft:overworld
[14:59:19] [Server thread/INFO]: Saving chunks for level 'ServerLevel[New World]'/minecraft:the_end
[14:59:19] [Server thread/INFO]: Saving chunks for level 'ServerLevel[New World]'/minecraft:the_nether
[14:59:19] [Render thread/INFO]: World loading finished: null screen: net.minecraft.client.gui.screens.LevelLoadingScreen@57e31ae2
[14:59:19] [Render thread/INFO]: World loading finished: null screen: net.minecraft.client.gui.screens.LevelLoadingScreen@57e31ae2
[14:59:19] [Render thread/INFO]: World loading finished: null screen: net.minecraft.client.gui.screens.LevelLoadingScreen@57e31ae2
[14:59:19] [Render thread/INFO]: World loading finished: null screen: net.minecraft.client.gui.screens.LevelLoadingScreen@57e31ae2
[14:59:19] [Server thread/INFO]: Loading 49 chunks for player spawn...
[14:59:19] [Server thread/INFO]: 准备生成区域中：16%
[14:59:19] [Render thread/INFO]: World loading finished: null screen: net.minecraft.client.gui.screens.LevelLoadingScreen@57e31ae2
[14:59:19] [Server thread/INFO]: Time elapsed: 274 ms
[14:59:20] [Render thread/INFO]: World loading finished: null screen: net.minecraft.client.gui.screens.LevelLoadingScreen@57e31ae2
[14:59:20] [Server thread/INFO]: Player413[local:E:ceeebbd8] logged in with entity id 58 at (0.5, 109.80148674189209, 1.0985782655241343)
[14:59:20] [Server thread/INFO]: System chat: Player413加入了游戏
[14:59:20] [Server thread/INFO]: Changing view distance to 5, from 10
[14:59:20] [Server thread/INFO]: Changing simulation distance to 12, from 0
[14:59:20] [Render thread/INFO]: World loading finished: ClientLevel screen: net.minecraft.client.gui.screens.LevelLoadingScreen@57e31ae2
[14:59:20] [Render thread/INFO]: Loaded 26 advancements
[14:59:20] [Render thread/INFO]: World loading finished: ClientLevel screen: net.minecraft.client.gui.screens.LevelLoadingScreen@57e31ae2
[14:59:20] [Render thread/INFO]: World loading finished: ClientLevel screen: net.minecraft.client.gui.screens.LevelLoadingScreen@57e31ae2
[14:59:20] [Render thread/INFO]: World loading finished: ClientLevel screen: net.minecraft.client.gui.screens.LevelLoadingScreen@57e31ae2
[14:59:20] [Render thread/INFO]: World loading finished: ClientLevel screen: net.minecraft.client.gui.screens.LevelLoadingScreen@57e31ae2
[14:59:20] [Render thread/INFO]: World loading finished: ClientLevel screen: net.minecraft.client.gui.screens.LevelLoadingScreen@57e31ae2
[14:59:20] [Render thread/INFO]: World loading finished: ClientLevel screen: null
[14:59:20] [Server thread/INFO]: System chat: Player413取得了进度[勇往直下]
[14:59:20] [Render thread/INFO]: [System] [CHAT] Player413取得了进度[勇往直下]
[14:59:20] [Render thread/INFO]: Loaded 49 advancements
[14:59:20] [Server thread/INFO]: System chat: Player413被杀死了
[14:59:20] [Server thread/INFO]: System chat: 杀死了Player413
[14:59:20] [Render thread/INFO]: [System] [CHAT] Player413被杀死了
[14:59:20] [Server thread/INFO]: System chat: Player413被杀死了
[14:59:20] [Server thread/INFO]: System chat: 杀死了Player413
[14:59:20] [Render thread/INFO]: [System] [CHAT] Player413被杀死了
[14:59:21] [Server thread/INFO]: Player413 lost connection: 连接中断
[14:59:21] [Server thread/INFO]: System chat: Player413退出了游戏
[14:59:21] [Server thread/INFO]: Stopping singleplayer server as player logged out
[14:59:21] [Server thread/INFO]: Stopping server
[14:59:21] [Server thread/INFO]: Saving players
[14:59:21] [Server thread/INFO]: Saving worlds
[14:59:21] [Server thread/INFO]: Saving chunks for level 'ServerLevel[New World]'/minecraft:overworld
[14:59:21] [Server thread/INFO]: Saving chunks for level 'ServerLevel[New World]'/minecraft:the_end
[14:59:21] [Server thread/INFO]: Saving chunks for level 'ServerLevel[New World]'/minecraft:the_nether
[14:59:21] [Test thread/INFO]: [STDOUT]: WILDCRAFT P3.1 actual network attack/shield/bow, save/reload/dimension/death, private view and merged HUD passed
[14:59:21] [Worker-Main-2/INFO]: Loaded 1872 advancements
[14:59:21] [Render thread/INFO]: World loading finished: null screen: net.minecraft.client.gui.screens.GenericMessageScreen@12d6c9b1
[14:59:21] [Render thread/INFO]: Applied 0 biome modifications to 0 of 67 new biomes in 139.9 μs
[14:59:21] [Server thread/INFO]: Starting integrated minecraft server version 26.3
[14:59:21] [Server thread/INFO]: Generating keypair
[14:59:21] [Server thread/INFO]: Selecting global world spawn...
[14:59:21] [Server thread/INFO]: Loading 0 persistent chunks...
[14:59:21] [Server thread/INFO]: 准备生成区域中：16%
[14:59:21] [Server thread/INFO]: Saving chunks for level 'ServerLevel[新的世界]'/minecraft:overworld
[14:59:21] [Server thread/INFO]: Saving chunks for level 'ServerLevel[新的世界]'/minecraft:the_end
[14:59:21] [Server thread/INFO]: Saving chunks for level 'ServerLevel[新的世界]'/minecraft:the_nether
[14:59:21] [Render thread/INFO]: World loading finished: null screen: net.minecraft.client.gui.screens.LevelLoadingScreen@25fac6d7
[14:59:21] [Render thread/INFO]: World loading finished: null screen: net.minecraft.client.gui.screens.LevelLoadingScreen@25fac6d7
[14:59:21] [Render thread/INFO]: World loading finished: null screen: net.minecraft.client.gui.screens.LevelLoadingScreen@25fac6d7
[14:59:21] [Render thread/INFO]: World loading finished: null screen: net.minecraft.client.gui.screens.LevelLoadingScreen@25fac6d7
[14:59:21] [Server thread/INFO]: Loading 48 chunks for player spawn...
[14:59:21] [Render thread/INFO]: World loading finished: null screen: net.minecraft.client.gui.screens.LevelLoadingScreen@25fac6d7
[14:59:21] [Render thread/INFO]: World loading finished: null screen: net.minecraft.client.gui.screens.LevelLoadingScreen@25fac6d7
[14:59:21] [Server thread/INFO]: Time elapsed: 352 ms
[14:59:21] [Render thread/INFO]: World loading finished: null screen: net.minecraft.client.gui.screens.LevelLoadingScreen@25fac6d7
[14:59:21] [Server thread/INFO]: Player413[local:E:7c1d46e0] logged in with entity id 68 at (0.5, -60.0, 0.5)
[14:59:21] [Server thread/INFO]: System chat: Player413加入了游戏
[14:59:21] [Server thread/INFO]: Changing view distance to 5, from 10
[14:59:21] [Server thread/INFO]: Changing simulation distance to 12, from 0
[14:59:21] [Render thread/INFO]: World loading finished: ClientLevel screen: net.minecraft.client.gui.screens.LevelLoadingScreen@25fac6d7
[14:59:21] [Render thread/INFO]: Loaded 2 advancements
[14:59:21] [Render thread/INFO]: World loading finished: ClientLevel screen: net.minecraft.client.gui.screens.LevelLoadingScreen@25fac6d7
[14:59:22] [Render thread/INFO]: World loading finished: ClientLevel screen: net.minecraft.client.gui.screens.LevelLoadingScreen@25fac6d7
[14:59:22] [Render thread/INFO]: World loading finished: ClientLevel screen: net.minecraft.client.gui.screens.LevelLoadingScreen@25fac6d7
[14:59:22] [Render thread/INFO]: World loading finished: ClientLevel screen: net.minecraft.client.gui.screens.LevelLoadingScreen@25fac6d7
[14:59:22] [Render thread/INFO]: World loading finished: ClientLevel screen: net.minecraft.client.gui.screens.LevelLoadingScreen@25fac6d7
[14:59:22] [Render thread/INFO]: World loading finished: ClientLevel screen: net.minecraft.client.gui.screens.LevelLoadingScreen@25fac6d7
[14:59:22] [Render thread/INFO]: World loading finished: ClientLevel screen: net.minecraft.client.gui.screens.LevelLoadingScreen@25fac6d7
[14:59:22] [Render thread/INFO]: World loading finished: ClientLevel screen: net.minecraft.client.gui.screens.LevelLoadingScreen@25fac6d7
[14:59:22] [Render thread/INFO]: World loading finished: ClientLevel screen: net.minecraft.client.gui.screens.LevelLoadingScreen@25fac6d7
[14:59:22] [Render thread/INFO]: World loading finished: ClientLevel screen: net.minecraft.client.gui.screens.LevelLoadingScreen@25fac6d7
[14:59:22] [Render thread/INFO]: World loading finished: ClientLevel screen: net.minecraft.client.gui.screens.LevelLoadingScreen@25fac6d7
[14:59:22] [Render thread/INFO]: World loading finished: ClientLevel screen: net.minecraft.client.gui.screens.LevelLoadingScreen@25fac6d7
[14:59:22] [Render thread/INFO]: World loading finished: ClientLevel screen: net.minecraft.client.gui.screens.LevelLoadingScreen@25fac6d7
[14:59:22] [Render thread/INFO]: World loading finished: ClientLevel screen: net.minecraft.client.gui.screens.LevelLoadingScreen@25fac6d7
[14:59:22] [Render thread/INFO]: World loading finished: ClientLevel screen: null
[14:59:22] [Server thread/INFO]: System chat: 已将minecraft:overworld调至时间标记minecraft:day的时刻
[14:59:22] [Render thread/INFO]: Loaded 3 advancements
[14:59:25] [Server thread/INFO]: System chat: Player413被杀死了
[14:59:25] [Render thread/INFO]: [System] [CHAT] Player413被杀死了
[14:59:26] [Server thread/INFO]: Saving and pausing game...
[14:59:26] [Server thread/INFO]: Saving chunks for level 'ServerLevel[新的世界]'/minecraft:overworld
[14:59:26] [Server thread/INFO]: Saving chunks for level 'ServerLevel[新的世界]'/minecraft:the_end
[14:59:26] [Server thread/INFO]: Saving chunks for level 'ServerLevel[新的世界]'/minecraft:the_nether
[14:59:27] [Server thread/INFO]: System chat: Player413取得了进度[勇往直下]
[14:59:27] [Render thread/INFO]: [System] [CHAT] Player413取得了进度[勇往直下]
[14:59:27] [Render thread/INFO]: Loaded 30 advancements
[14:59:28] [Test thread/INFO]: [STDOUT]: WILDCRAFT P3.2_WORLD=/Volumes/仕事/Wildcraft/开发环境/cache/builds/f51c43e6462c/run/packaged-client-test/saves/新的世界 (25)
[14:59:28] [Server thread/INFO]: Player413 lost connection: 连接中断
[14:59:28] [Server thread/INFO]: System chat: Player413退出了游戏
[14:59:28] [Server thread/INFO]: Stopping singleplayer server as player logged out
[14:59:28] [Server thread/INFO]: Stopping server
[14:59:28] [Server thread/INFO]: Saving players
[14:59:28] [Server thread/INFO]: Saving worlds
[14:59:29] [Server thread/INFO]: Saving chunks for level 'ServerLevel[新的世界]'/minecraft:overworld
[14:59:29] [Server thread/INFO]: Saving chunks for level 'ServerLevel[新的世界]'/minecraft:the_end
[14:59:29] [Server thread/INFO]: Saving chunks for level 'ServerLevel[新的世界]'/minecraft:the_nether
[14:59:29] [Render thread/INFO]: World loading finished: null screen: net.minecraft.client.gui.screens.GenericMessageScreen@6e4ecaeb
[14:59:29] [Worker-Main-1/INFO]: Loaded 1872 advancements
[14:59:29] [Render thread/INFO]: Applied 0 biome modifications to 0 of 67 new biomes in 141.0 μs
[14:59:29] [Server thread/INFO]: Starting integrated minecraft server version 26.3
[14:59:29] [Server thread/INFO]: Generating keypair
[14:59:29] [Server thread/INFO]: Loading 0 persistent chunks...
[14:59:29] [Server thread/INFO]: Saving chunks for level 'ServerLevel[新的世界]'/minecraft:overworld
[14:59:29] [Server thread/INFO]: Saving chunks for level 'ServerLevel[新的世界]'/minecraft:the_end
[14:59:29] [Server thread/INFO]: Saving chunks for level 'ServerLevel[新的世界]'/minecraft:the_nether
[14:59:29] [Render thread/INFO]: World loading finished: null screen: net.minecraft.client.gui.screens.LevelLoadingScreen@496b3628
[14:59:29] [Render thread/INFO]: World loading finished: null screen: net.minecraft.client.gui.screens.LevelLoadingScreen@496b3628
[14:59:29] [Render thread/INFO]: World loading finished: null screen: net.minecraft.client.gui.screens.LevelLoadingScreen@496b3628
[14:59:29] [Render thread/INFO]: World loading finished: null screen: net.minecraft.client.gui.screens.LevelLoadingScreen@496b3628
[14:59:29] [Server thread/INFO]: Loading 49 chunks for player spawn...
[14:59:29] [Server thread/INFO]: 准备生成区域中：16%
[14:59:29] [Render thread/INFO]: World loading finished: null screen: net.minecraft.client.gui.screens.LevelLoadingScreen@496b3628
[14:59:29] [Server thread/INFO]: Time elapsed: 269 ms
[14:59:29] [Render thread/INFO]: World loading finished: null screen: net.minecraft.client.gui.screens.LevelLoadingScreen@496b3628
[14:59:29] [Server thread/INFO]: Player413[local:E:2d851dfb] logged in with entity id 81 at (0.5, 105.0, 0.5)
[14:59:29] [Server thread/INFO]: System chat: Player413加入了游戏
[14:59:29] [Server thread/INFO]: Changing view distance to 5, from 10
[14:59:29] [Server thread/INFO]: Changing simulation distance to 12, from 0
[14:59:29] [Render thread/INFO]: World loading finished: ClientLevel screen: net.minecraft.client.gui.screens.LevelLoadingScreen@496b3628
[14:59:29] [Render thread/INFO]: Loaded 30 advancements
[14:59:30] [Render thread/INFO]: World loading finished: ClientLevel screen: net.minecraft.client.gui.screens.LevelLoadingScreen@496b3628
[14:59:30] [Render thread/INFO]: World loading finished: ClientLevel screen: net.minecraft.client.gui.screens.LevelLoadingScreen@496b3628
[14:59:30] [Render thread/INFO]: World loading finished: ClientLevel screen: net.minecraft.client.gui.screens.LevelLoadingScreen@496b3628
[14:59:30] [Render thread/INFO]: World loading finished: ClientLevel screen: null
[14:59:34] [Server thread/INFO]: Saving and pausing game...
[14:59:34] [Server thread/INFO]: Saving chunks for level 'ServerLevel[新的世界]'/minecraft:overworld
[14:59:34] [Server thread/INFO]: Saving chunks for level 'ServerLevel[新的世界]'/minecraft:the_end
[14:59:34] [Server thread/INFO]: Saving chunks for level 'ServerLevel[新的世界]'/minecraft:the_nether
[14:59:37] [Test thread/INFO]: [STDOUT]: WILDCRAFT P3.2 initial fall distance=0.9784000366926193
[14:59:38] [Test thread/INFO]: [STDOUT]: WILDCRAFT P3.2 toggled fall distance=2.917470321059227
[14:59:39] [Test thread/INFO]: [STDOUT]: WILDCRAFT P3.2 toggled fall distance=4.856540605425835
[14:59:40] [Test thread/INFO]: [STDOUT]: WILDCRAFT P3.2 toggled fall distance=6.795610889792442
[14:59:42] [Server thread/INFO]: System chat: Player413从高处摔了下来
[14:59:42] [Render thread/INFO]: [System] [CHAT] Player413从高处摔了下来
[14:59:42] [Server thread/INFO]: [STDOUT]: WILDCRAFT P3.2 landing health=0.0 ground=true loaded=false dimensionChanging=false mayfly=false noGravity=false remainingFall=0.0 y=71.0 block=Block{minecraft:stone} fallDamageRule=true
[14:59:43] [Server thread/INFO]: Published LAN server on port 0
[14:59:43] [Server thread/INFO]: Unpublishing integrated server (was on port 0)
[14:59:43] [Server thread/INFO]: Player413 lost connection: 连接中断
[14:59:43] [Server thread/INFO]: System chat: Player413退出了游戏
[14:59:43] [Server thread/INFO]: Stopping singleplayer server as player logged out
[14:59:43] [Server thread/INFO]: Stopping server
[14:59:43] [Server thread/INFO]: Saving players
[14:59:43] [Server thread/INFO]: Saving worlds
[14:59:43] [Server thread/INFO]: Saving chunks for level 'ServerLevel[新的世界]'/minecraft:overworld
[14:59:43] [Server thread/INFO]: Saving chunks for level 'ServerLevel[新的世界]'/minecraft:the_end
[14:59:43] [Server thread/INFO]: Saving chunks for level 'ServerLevel[新的世界]'/minecraft:the_nether
[14:59:43] [Test thread/INFO]: [STDOUT]: WILDCRAFT P3.2 automatic bow, lifecycle, ownership, reload and production GPU presentation checks passed
[14:59:43] [Worker-Main-7/INFO]: Loaded 1872 advancements
[14:59:43] [Render thread/INFO]: World loading finished: null screen: net.minecraft.client.gui.screens.GenericMessageScreen@54d42ac5
[14:59:43] [Render thread/INFO]: Applied 0 biome modifications to 0 of 67 new biomes in 182.7 μs
[14:59:43] [Server thread/INFO]: Starting integrated minecraft server version 26.3
[14:59:43] [Server thread/INFO]: Generating keypair
[14:59:43] [Server thread/INFO]: Selecting global world spawn...
[14:59:43] [Server thread/INFO]: Loading 0 persistent chunks...
[14:59:43] [Server thread/INFO]: 准备生成区域中：16%
[14:59:43] [Server thread/INFO]: Saving chunks for level 'ServerLevel[新的世界]'/minecraft:overworld
[14:59:43] [Server thread/INFO]: Saving chunks for level 'ServerLevel[新的世界]'/minecraft:the_end
[14:59:43] [Server thread/INFO]: Saving chunks for level 'ServerLevel[新的世界]'/minecraft:the_nether
[14:59:43] [Render thread/INFO]: World loading finished: null screen: net.minecraft.client.gui.screens.LevelLoadingScreen@38688081
[14:59:44] [Render thread/INFO]: World loading finished: null screen: net.minecraft.client.gui.screens.LevelLoadingScreen@38688081
[14:59:44] [Render thread/INFO]: World loading finished: null screen: net.minecraft.client.gui.screens.LevelLoadingScreen@38688081
[14:59:44] [Render thread/INFO]: World loading finished: null screen: net.minecraft.client.gui.screens.LevelLoadingScreen@38688081
[14:59:44] [Server thread/INFO]: Loading 48 chunks for player spawn...
[14:59:44] [Render thread/INFO]: World loading finished: null screen: net.minecraft.client.gui.screens.LevelLoadingScreen@38688081
[14:59:44] [Render thread/INFO]: World loading finished: null screen: net.minecraft.client.gui.screens.LevelLoadingScreen@38688081
[14:59:44] [Server thread/INFO]: Time elapsed: 352 ms
[14:59:44] [Render thread/INFO]: World loading finished: null screen: net.minecraft.client.gui.screens.LevelLoadingScreen@38688081
[14:59:44] [Server thread/INFO]: Player413[local:E:9cd91ef2] logged in with entity id 95 at (0.5, -60.0, 0.5)
[14:59:44] [Server thread/INFO]: System chat: Player413加入了游戏
[14:59:44] [Server thread/INFO]: Changing view distance to 5, from 10
[14:59:44] [Server thread/INFO]: Changing simulation distance to 12, from 0
[14:59:44] [Render thread/INFO]: World loading finished: ClientLevel screen: net.minecraft.client.gui.screens.LevelLoadingScreen@38688081
[14:59:44] [Render thread/INFO]: Loaded 2 advancements
[14:59:44] [Render thread/INFO]: World loading finished: ClientLevel screen: net.minecraft.client.gui.screens.LevelLoadingScreen@38688081
[14:59:44] [Render thread/INFO]: World loading finished: ClientLevel screen: net.minecraft.client.gui.screens.LevelLoadingScreen@38688081
[14:59:44] [Render thread/INFO]: World loading finished: ClientLevel screen: net.minecraft.client.gui.screens.LevelLoadingScreen@38688081
[14:59:44] [Render thread/INFO]: World loading finished: ClientLevel screen: net.minecraft.client.gui.screens.LevelLoadingScreen@38688081
[14:59:44] [Render thread/INFO]: World loading finished: ClientLevel screen: net.minecraft.client.gui.screens.LevelLoadingScreen@38688081
[14:59:44] [Render thread/INFO]: World loading finished: ClientLevel screen: net.minecraft.client.gui.screens.LevelLoadingScreen@38688081
[14:59:44] [Render thread/INFO]: World loading finished: ClientLevel screen: net.minecraft.client.gui.screens.LevelLoadingScreen@38688081
[14:59:44] [Render thread/INFO]: World loading finished: ClientLevel screen: net.minecraft.client.gui.screens.LevelLoadingScreen@38688081
[14:59:44] [Render thread/INFO]: World loading finished: ClientLevel screen: net.minecraft.client.gui.screens.LevelLoadingScreen@38688081
[14:59:44] [Render thread/INFO]: World loading finished: ClientLevel screen: net.minecraft.client.gui.screens.LevelLoadingScreen@38688081
[14:59:44] [Render thread/INFO]: World loading finished: ClientLevel screen: net.minecraft.client.gui.screens.LevelLoadingScreen@38688081
[14:59:44] [Render thread/INFO]: World loading finished: ClientLevel screen: net.minecraft.client.gui.screens.LevelLoadingScreen@38688081
[14:59:44] [Render thread/INFO]: World loading finished: ClientLevel screen: net.minecraft.client.gui.screens.LevelLoadingScreen@38688081
[14:59:45] [Render thread/INFO]: World loading finished: ClientLevel screen: net.minecraft.client.gui.screens.LevelLoadingScreen@38688081
[14:59:45] [Render thread/INFO]: World loading finished: ClientLevel screen: null
[14:59:45] [Server thread/INFO]: System chat: 已将minecraft:overworld调至时间标记minecraft:day的时刻
[14:59:46] [Server thread/INFO]: Saving and pausing game...
[14:59:46] [Server thread/INFO]: Saving chunks for level 'ServerLevel[新的世界]'/minecraft:overworld
[14:59:46] [Server thread/INFO]: Saving chunks for level 'ServerLevel[新的世界]'/minecraft:the_end
[14:59:46] [Server thread/INFO]: Saving chunks for level 'ServerLevel[新的世界]'/minecraft:the_nether
[14:59:46] [Server thread/INFO]: Player413 lost connection: 连接中断
[14:59:46] [Server thread/INFO]: System chat: Player413退出了游戏
[14:59:46] [Server thread/INFO]: Stopping singleplayer server as player logged out
[14:59:46] [Server thread/INFO]: Stopping server
[14:59:46] [Server thread/INFO]: Saving players
[14:59:46] [Server thread/INFO]: Saving worlds
[14:59:46] [Server thread/INFO]: Saving chunks for level 'ServerLevel[新的世界]'/minecraft:overworld
[14:59:46] [Server thread/INFO]: Saving chunks for level 'ServerLevel[新的世界]'/minecraft:the_end
[14:59:46] [Server thread/INFO]: Saving chunks for level 'ServerLevel[新的世界]'/minecraft:the_nether
[14:59:46] [Test thread/INFO]: [STDOUT]: WILDCRAFT CORE ART native standard/slim grip, first-person mesh, compact layout, exact-reference ownership checks passed
[14:59:46] [Render thread/INFO]: Reloading ResourceManager: vanilla, vanilla, fabric-advancement-api-v1, fabric-api, fabric-api-base, fabric-api-lookup-api-v1, fabric-biome-api-v1, fabric-block-api-v1, fabric-block-getter-api-v2, fabric-client-gametest-api-v1, fabric-command-api-v2, fabric-content-registries-v0, fabric-convention-tags-v2, fabric-crash-report-info-v1, fabric-creative-tab-api-v1, fabric-data-attachment-api-v1, fabric-data-generation-api-v1, fabric-debug-api-v1, fabric-dimensions-v1, fabric-entity-events-v1, fabric-events-interaction-v0, fabric-game-rule-api-v1, fabric-gametest-api-v1, fabric-item-api-v1, fabric-key-mapping-api-v1, fabric-lifecycle-events-v1, fabric-loot-api-v3, fabric-menu-api-v1, fabric-message-api-v1, fabric-model-loading-api-v1, fabric-networking-api-v1, fabric-object-builder-api-v1, fabric-particles-v1, fabric-permission-api-v1, fabric-recipe-api-v1, fabric-registry-sync-v0, fabric-renderer-api-v1, fabric-renderer-indigo, fabric-rendering-fluids-v1, fabric-rendering-v1, fabric-resource-conditions-api-v1, fabric-resource-loader-v0, fabric-resource-loader-v1, fabric-screen-api-v1, fabric-serialization-api-v1, fabric-sound-api-v1, fabric-tag-api-v1, fabric-transfer-api-v1, fabric-transitive-access-wideners-v1, fabricloader, wildcraft, wildcraft-test
[14:59:46] [Worker-Main-7/INFO]: Found unifont_all_no_pua-17.0.01.hex, loading
[14:59:46] [Worker-Main-4/INFO]: Found unifont_pua-17.0.01.hex, loading
[14:59:47] [Render thread/INFO]: Info log when linking program containing VERTEX minecraft:core/terrain, FRAGMENT minecraft:core/terrain. Log output: WARNING: Output of vertex shader '_interface_variable_01' not read by fragment shader
WARNING: Output of vertex shader '_interface_variable_00' not read by fragment shader
WARNING: Output of vertex shader '_interface_variable_04' not read by fragment shader

[14:59:47] [Render thread/INFO]: Info log when linking program containing VERTEX minecraft:core/entity, FRAGMENT minecraft:core/entity. Log output: WARNING: Output of vertex shader '_interface_variable_01' not read by fragment shader
WARNING: Output of vertex shader '_interface_variable_00' not read by fragment shader

[14:59:47] [Render thread/INFO]: Info log when linking program containing VERTEX minecraft:core/rendertype_lines, FRAGMENT minecraft:core/rendertype_lines. Log output: WARNING: Output of vertex shader '_interface_variable_01' not read by fragment shader
WARNING: Output of vertex shader '_interface_variable_00' not read by fragment shader

[14:59:47] [Render thread/INFO]: Info log when linking program containing VERTEX minecraft:core/rendertype_crumbling, FRAGMENT minecraft:core/rendertype_crumbling. Log output: WARNING: Output of vertex shader '_interface_variable_01' not read by fragment shader
WARNING: Output of vertex shader '_interface_variable_00' not read by fragment shader

[14:59:47] [Render thread/INFO]: Info log when linking program containing VERTEX minecraft:core/terrain, FRAGMENT minecraft:core/terrain. Log output: WARNING: Output of vertex shader '_interface_variable_01' not read by fragment shader
WARNING: Output of vertex shader '_interface_variable_00' not read by fragment shader
WARNING: Output of vertex shader '_interface_variable_04' not read by fragment shader

[14:59:47] [Render thread/INFO]: Info log when linking program containing VERTEX minecraft:core/text, FRAGMENT minecraft:core/text. Log output: WARNING: Output of vertex shader '_interface_variable_01' not read by fragment shader
WARNING: Output of vertex shader '_interface_variable_00' not read by fragment shader

[14:59:47] [Render thread/INFO]: Info log when linking program containing VERTEX minecraft:core/entity, FRAGMENT minecraft:core/entity. Log output: WARNING: Output of vertex shader '_interface_variable_01' not read by fragment shader
WARNING: Output of vertex shader '_interface_variable_00' not read by fragment shader

[14:59:47] [Render thread/INFO]: Info log when linking program containing VERTEX minecraft:core/text, FRAGMENT minecraft:core/text. Log output: WARNING: Output of vertex shader '_interface_variable_01' not read by fragment shader
WARNING: Output of vertex shader '_interface_variable_00' not read by fragment shader

[14:59:47] [Render thread/INFO]: Info log when linking program containing VERTEX minecraft:core/block, FRAGMENT minecraft:core/block. Log output: WARNING: Output of vertex shader '_interface_variable_01' not read by fragment shader
WARNING: Output of vertex shader '_interface_variable_00' not read by fragment shader

[14:59:47] [Worker-Main-7/INFO]: Found unifont_jp_patch-17.0.01.hex, loading
[14:59:47] [Render thread/INFO]: Info log when linking program containing VERTEX minecraft:core/particle, FRAGMENT minecraft:core/particle. Log output: WARNING: Output of vertex shader '_interface_variable_01' not read by fragment shader
WARNING: Output of vertex shader '_interface_variable_00' not read by fragment shader

[14:59:47] [Render thread/INFO]: Info log when linking program containing VERTEX minecraft:core/entity, FRAGMENT minecraft:core/entity. Log output: WARNING: Output of vertex shader '_interface_variable_01' not read by fragment shader
WARNING: Output of vertex shader '_interface_variable_00' not read by fragment shader

[14:59:47] [Render thread/INFO]: Info log when linking program containing VERTEX minecraft:core/rendertype_entity_shadow, FRAGMENT minecraft:core/rendertype_entity_shadow. Log output: WARNING: Output of vertex shader '_interface_variable_01' not read by fragment shader
WARNING: Output of vertex shader '_interface_variable_00' not read by fragment shader

[14:59:47] [Render thread/INFO]: Info log when linking program containing VERTEX minecraft:core/screenquad, FRAGMENT minecraft:core/oit_composite. Log output: WARNING: Output of vertex shader '_interface_variable_00' not read by fragment shader

[14:59:47] [Render thread/INFO]: Info log when linking program containing VERTEX minecraft:core/screenquad, FRAGMENT minecraft:core/integrate_depth. Log output: WARNING: Output of vertex shader '_interface_variable_00' not read by fragment shader

[14:59:47] [Render thread/INFO]: Info log when linking program containing VERTEX minecraft:core/entity, FRAGMENT minecraft:core/entity. Log output: WARNING: Output of vertex shader '_interface_variable_01' not read by fragment shader
WARNING: Output of vertex shader '_interface_variable_00' not read by fragment shader

[14:59:47] [Render thread/INFO]: Info log when linking program containing VERTEX minecraft:core/terrain, FRAGMENT minecraft:core/terrain. Log output: WARNING: Output of vertex shader '_interface_variable_01' not read by fragment shader
WARNING: Output of vertex shader '_interface_variable_00' not read by fragment shader
WARNING: Output of vertex shader '_interface_variable_04' not read by fragment shader

[14:59:47] [Render thread/INFO]: Info log when linking program containing VERTEX minecraft:core/animate_sprite, FRAGMENT minecraft:core/animate_sprite_blit. Log output: WARNING: Output of vertex shader '_interface_variable_00' not read by fragment shader

[14:59:47] [Render thread/INFO]: Info log when linking program containing VERTEX minecraft:core/entity, FRAGMENT minecraft:core/entity. Log output: WARNING: Output of vertex shader '_interface_variable_01' not read by fragment shader
WARNING: Output of vertex shader '_interface_variable_00' not read by fragment shader

[14:59:47] [Render thread/INFO]: Info log when linking program containing VERTEX minecraft:core/entity, FRAGMENT minecraft:core/entity. Log output: WARNING: Output of vertex shader '_interface_variable_01' not read by fragment shader
WARNING: Output of vertex shader '_interface_variable_00' not read by fragment shader

[14:59:47] [Render thread/INFO]: Info log when linking program containing VERTEX minecraft:core/clouds, FRAGMENT minecraft:core/clouds. Log output: WARNING: Output of vertex shader '_interface_variable_00' not read by fragment shader

[14:59:47] [Render thread/INFO]: Info log when linking program containing VERTEX minecraft:core/entity, FRAGMENT minecraft:core/entity. Log output: WARNING: Output of vertex shader '_interface_variable_01' not read by fragment shader
WARNING: Output of vertex shader '_interface_variable_00' not read by fragment shader

[14:59:47] [Render thread/INFO]: Info log when linking program containing VERTEX minecraft:core/particle, FRAGMENT minecraft:core/particle. Log output: WARNING: Output of vertex shader '_interface_variable_01' not read by fragment shader
WARNING: Output of vertex shader '_interface_variable_00' not read by fragment shader

[14:59:47] [Render thread/INFO]: Info log when linking program containing VERTEX minecraft:core/screenquad, FRAGMENT minecraft:core/oit_depth_bounds_cull. Log output: WARNING: Output of vertex shader '_interface_variable_00' not read by fragment shader

[14:59:47] [Render thread/INFO]: Info log when linking program containing VERTEX minecraft:core/block, FRAGMENT minecraft:core/block. Log output: WARNING: Output of vertex shader '_interface_variable_01' not read by fragment shader
WARNING: Output of vertex shader '_interface_variable_00' not read by fragment shader

[14:59:47] [Render thread/INFO]: Info log when linking program containing VERTEX minecraft:core/text, FRAGMENT minecraft:core/text. Log output: WARNING: Output of vertex shader '_interface_variable_01' not read by fragment shader
WARNING: Output of vertex shader '_interface_variable_00' not read by fragment shader

[14:59:47] [Render thread/INFO]: Info log when linking program containing VERTEX minecraft:core/text, FRAGMENT minecraft:core/text. Log output: WARNING: Output of vertex shader '_interface_variable_01' not read by fragment shader
WARNING: Output of vertex shader '_interface_variable_00' not read by fragment shader

[14:59:47] [Render thread/INFO]: Info log when linking program containing VERTEX minecraft:core/entity, FRAGMENT minecraft:core/entity. Log output: WARNING: Output of vertex shader '_interface_variable_01' not read by fragment shader
WARNING: Output of vertex shader '_interface_variable_00' not read by fragment shader

[14:59:47] [Render thread/INFO]: Info log when linking program containing VERTEX minecraft:core/text, FRAGMENT minecraft:core/text. Log output: WARNING: Output of vertex shader '_interface_variable_01' not read by fragment shader
WARNING: Output of vertex shader '_interface_variable_00' not read by fragment shader

[14:59:47] [Render thread/INFO]: Info log when linking program containing VERTEX minecraft:core/text, FRAGMENT minecraft:core/text. Log output: WARNING: Output of vertex shader '_interface_variable_01' not read by fragment shader
WARNING: Output of vertex shader '_interface_variable_00' not read by fragment shader

[14:59:47] [Render thread/INFO]: Info log when linking program containing VERTEX minecraft:core/clouds, FRAGMENT minecraft:core/clouds. Log output: WARNING: Output of vertex shader '_interface_variable_00' not read by fragment shader

[14:59:47] [Render thread/INFO]: Info log when linking program containing VERTEX minecraft:core/terrain, FRAGMENT minecraft:core/terrain. Log output: WARNING: Output of vertex shader '_interface_variable_01' not read by fragment shader
WARNING: Output of vertex shader '_interface_variable_00' not read by fragment shader
WARNING: Output of vertex shader '_interface_variable_04' not read by fragment shader

[14:59:47] [Render thread/INFO]: Info log when linking program containing VERTEX minecraft:core/rendertype_entity_shadow, FRAGMENT minecraft:core/rendertype_entity_shadow. Log output: WARNING: Output of vertex shader '_interface_variable_01' not read by fragment shader
WARNING: Output of vertex shader '_interface_variable_00' not read by fragment shader

[14:59:47] [Render thread/INFO]: Info log when linking program containing VERTEX minecraft:core/rendertype_lines, FRAGMENT minecraft:core/rendertype_lines. Log output: WARNING: Output of vertex shader '_interface_variable_01' not read by fragment shader
WARNING: Output of vertex shader '_interface_variable_00' not read by fragment shader

[14:59:47] [Render thread/INFO]: Info log when linking program containing VERTEX minecraft:core/entity, FRAGMENT minecraft:core/entity. Log output: WARNING: Output of vertex shader '_interface_variable_01' not read by fragment shader
WARNING: Output of vertex shader '_interface_variable_00' not read by fragment shader

[14:59:47] [Render thread/INFO]: Info log when linking program containing VERTEX minecraft:core/particle, FRAGMENT minecraft:core/particle. Log output: WARNING: Output of vertex shader '_interface_variable_01' not read by fragment shader
WARNING: Output of vertex shader '_interface_variable_00' not read by fragment shader

[14:59:47] [Render thread/INFO]: Info log when linking program containing VERTEX minecraft:core/entity, FRAGMENT minecraft:core/entity. Log output: WARNING: Output of vertex shader '_interface_variable_01' not read by fragment shader
WARNING: Output of vertex shader '_interface_variable_00' not read by fragment shader

[14:59:47] [Render thread/INFO]: Info log when linking program containing VERTEX minecraft:core/text, FRAGMENT minecraft:core/text. Log output: WARNING: Output of vertex shader '_interface_variable_01' not read by fragment shader
WARNING: Output of vertex shader '_interface_variable_00' not read by fragment shader

[14:59:47] [Render thread/INFO]: Info log when linking program containing VERTEX minecraft:core/rendertype_crumbling, FRAGMENT minecraft:core/rendertype_crumbling. Log output: WARNING: Output of vertex shader '_interface_variable_01' not read by fragment shader
WARNING: Output of vertex shader '_interface_variable_00' not read by fragment shader

[14:59:47] [Render thread/INFO]: Info log when linking program containing VERTEX minecraft:core/particle, FRAGMENT minecraft:core/particle. Log output: WARNING: Output of vertex shader '_interface_variable_01' not read by fragment shader
WARNING: Output of vertex shader '_interface_variable_00' not read by fragment shader

[14:59:47] [Render thread/INFO]: Info log when linking program containing VERTEX minecraft:core/entity, FRAGMENT minecraft:core/entity. Log output: WARNING: Output of vertex shader '_interface_variable_01' not read by fragment shader
WARNING: Output of vertex shader '_interface_variable_00' not read by fragment shader

[14:59:47] [Render thread/INFO]: Info log when linking program containing VERTEX minecraft:core/text, FRAGMENT minecraft:core/text. Log output: WARNING: Output of vertex shader '_interface_variable_01' not read by fragment shader
WARNING: Output of vertex shader '_interface_variable_00' not read by fragment shader

[14:59:47] [Render thread/INFO]: Info log when linking program containing VERTEX minecraft:core/entity, FRAGMENT minecraft:core/entity. Log output: WARNING: Output of vertex shader '_interface_variable_01' not read by fragment shader
WARNING: Output of vertex shader '_interface_variable_00' not read by fragment shader

[14:59:47] [Render thread/INFO]: OpenAL initialized on device Mac mini扬声器
[14:59:47] [Render thread/INFO]: Sound engine started
[14:59:47] [Render thread/INFO]: Created: 512x256x0 minecraft:textures/atlas/particles.png-atlas
[14:59:47] [Render thread/INFO]: Created: 256x128x0 minecraft:textures/atlas/celestials.png-atlas
[14:59:47] [Render thread/INFO]: Created: 128x128x0 minecraft:textures/atlas/decorated_pot.png-atlas
[14:59:47] [Render thread/INFO]: Created: 512x256x0 minecraft:textures/atlas/paintings.png-atlas
[14:59:47] [Render thread/INFO]: Created: 1024x512x0 minecraft:textures/atlas/shield_patterns.png-atlas
[14:59:47] [Render thread/INFO]: Created: 1024x512x0 minecraft:textures/atlas/banner_patterns.png-atlas
[14:59:47] [Render thread/INFO]: Created: 2048x2048x4 minecraft:textures/atlas/blocks.png-atlas
[14:59:47] [Render thread/INFO]: Created: 1024x512x0 minecraft:textures/atlas/items.png-atlas
[14:59:47] [Render thread/INFO]: Created: 1024x1024x0 minecraft:textures/atlas/gui.png-atlas
[14:59:47] [Render thread/INFO]: Created: 128x64x0 minecraft:textures/atlas/map_decorations.png-atlas
[14:59:47] [Render thread/INFO]: Created: 512x512x0 minecraft:textures/atlas/chest.png-atlas
[14:59:47] [Render thread/INFO]: Created: 512x512x0 minecraft:textures/atlas/shulker_boxes.png-atlas
[14:59:50] [Worker-Main-3/INFO]: Loaded 1872 advancements
[14:59:50] [Render thread/INFO]: World loading finished: null screen: net.minecraft.client.gui.screens.GenericMessageScreen@60e6231a
[14:59:50] [Render thread/INFO]: Applied 0 biome modifications to 0 of 67 new biomes in 141.4 μs
[14:59:50] [Server thread/INFO]: Starting integrated minecraft server version 26.3
[14:59:50] [Server thread/INFO]: Generating keypair
[14:59:50] [Server thread/INFO]: Selecting global world spawn...
[14:59:50] [Server thread/INFO]: Loading 0 persistent chunks...
[14:59:50] [Server thread/INFO]: 准备生成区域中：16%
[14:59:50] [Server thread/INFO]: Saving chunks for level 'ServerLevel[新的世界]'/minecraft:overworld
[14:59:50] [Server thread/INFO]: Saving chunks for level 'ServerLevel[新的世界]'/minecraft:the_end
[14:59:50] [Server thread/INFO]: Saving chunks for level 'ServerLevel[新的世界]'/minecraft:the_nether
[14:59:50] [Render thread/INFO]: World loading finished: null screen: net.minecraft.client.gui.screens.LevelLoadingScreen@65ffbbe0
[14:59:50] [Render thread/INFO]: World loading finished: null screen: net.minecraft.client.gui.screens.LevelLoadingScreen@65ffbbe0
[14:59:50] [Render thread/INFO]: World loading finished: null screen: net.minecraft.client.gui.screens.LevelLoadingScreen@65ffbbe0
[14:59:50] [Render thread/INFO]: World loading finished: null screen: net.minecraft.client.gui.screens.LevelLoadingScreen@65ffbbe0
[14:59:50] [Server thread/INFO]: Loading 48 chunks for player spawn...
[14:59:50] [Render thread/INFO]: World loading finished: null screen: net.minecraft.client.gui.screens.LevelLoadingScreen@65ffbbe0
[14:59:50] [Render thread/INFO]: World loading finished: null screen: net.minecraft.client.gui.screens.LevelLoadingScreen@65ffbbe0
[14:59:50] [Server thread/INFO]: Time elapsed: 357 ms
[14:59:50] [Render thread/INFO]: World loading finished: null screen: net.minecraft.client.gui.screens.LevelLoadingScreen@65ffbbe0
[14:59:50] [Server thread/INFO]: Player413[local:E:33ec6b79] logged in with entity id 96 at (0.5, -60.0, 0.5)
[14:59:50] [Server thread/INFO]: System chat: Player413加入了游戏
[14:59:50] [Server thread/INFO]: Changing view distance to 5, from 10
[14:59:50] [Server thread/INFO]: Changing simulation distance to 12, from 0
[14:59:50] [Render thread/INFO]: World loading finished: ClientLevel screen: net.minecraft.client.gui.screens.LevelLoadingScreen@65ffbbe0
[14:59:50] [Render thread/WARN]: Requested post effect does not exist: minecraft:end_of_frame
[14:59:50] [Render thread/INFO]: Loaded 2 advancements
[14:59:50] [Render thread/INFO]: World loading finished: ClientLevel screen: net.minecraft.client.gui.screens.LevelLoadingScreen@65ffbbe0
[14:59:50] [Render thread/INFO]: World loading finished: ClientLevel screen: net.minecraft.client.gui.screens.LevelLoadingScreen@65ffbbe0
[14:59:50] [Render thread/INFO]: World loading finished: ClientLevel screen: net.minecraft.client.gui.screens.LevelLoadingScreen@65ffbbe0
[14:59:50] [Render thread/INFO]: World loading finished: ClientLevel screen: net.minecraft.client.gui.screens.LevelLoadingScreen@65ffbbe0
[14:59:50] [Render thread/INFO]: World loading finished: ClientLevel screen: net.minecraft.client.gui.screens.LevelLoadingScreen@65ffbbe0
[14:59:50] [Render thread/INFO]: World loading finished: ClientLevel screen: net.minecraft.client.gui.screens.LevelLoadingScreen@65ffbbe0
[14:59:51] [Render thread/INFO]: World loading finished: ClientLevel screen: net.minecraft.client.gui.screens.LevelLoadingScreen@65ffbbe0
[14:59:51] [Render thread/INFO]: World loading finished: ClientLevel screen: net.minecraft.client.gui.screens.LevelLoadingScreen@65ffbbe0
[14:59:51] [Render thread/INFO]: World loading finished: ClientLevel screen: net.minecraft.client.gui.screens.LevelLoadingScreen@65ffbbe0
[14:59:51] [Render thread/INFO]: World loading finished: ClientLevel screen: net.minecraft.client.gui.screens.LevelLoadingScreen@65ffbbe0
[14:59:51] [Render thread/INFO]: World loading finished: ClientLevel screen: net.minecraft.client.gui.screens.LevelLoadingScreen@65ffbbe0
[14:59:51] [Render thread/INFO]: World loading finished: ClientLevel screen: net.minecraft.client.gui.screens.LevelLoadingScreen@65ffbbe0
[14:59:51] [Render thread/INFO]: World loading finished: ClientLevel screen: net.minecraft.client.gui.screens.LevelLoadingScreen@65ffbbe0
[14:59:51] [Render thread/INFO]: World loading finished: ClientLevel screen: net.minecraft.client.gui.screens.LevelLoadingScreen@65ffbbe0
[14:59:51] [Render thread/INFO]: World loading finished: ClientLevel screen: net.minecraft.client.gui.screens.LevelLoadingScreen@65ffbbe0
[14:59:51] [Render thread/INFO]: World loading finished: ClientLevel screen: null
[14:59:51] [Server thread/INFO]: System chat: 已将minecraft:overworld调至时间标记minecraft:day的时刻
[14:59:51] [Server thread/INFO]: System chat: 天气已设为晴天
[14:59:51] [Server thread/INFO]: System chat: 已在-8, 80, -8与8, 160, 8之间设置525个生物群系单元
[14:59:55] [Server thread/INFO]: System chat: 已在-8, 80, -8与8, 160, 8之间设置525个生物群系单元
[14:59:59] [Render thread/INFO]: Loaded 13 advancements
[14:59:59] [Server thread/INFO]: System chat: 已在-8, 80, -8与8, 160, 8之间设置525个生物群系单元
[15:00:00] [Render thread/INFO]: Loaded 14 advancements
[15:00:01] [Server thread/INFO]: System chat: 已在-8, 80, -8与8, 160, 8之间设置525个生物群系单元
[15:00:01] [Render thread/INFO]: Loaded 15 advancements
[15:00:02] [Server thread/INFO]: System chat: 已将Player413的游戏模式改为旁观模式
[15:00:02] [Render thread/INFO]: [System] [CHAT] 你的游戏模式已被更新为旁观模式
[15:00:02] [Server thread/INFO]: System chat: 已将Player413的游戏模式改为生存模式
[15:00:02] [Render thread/INFO]: [System] [CHAT] 你的游戏模式已被更新为生存模式
[15:00:02] [Server thread/INFO]: System chat: 已在-8, 80, -8与8, 160, 8之间设置525个生物群系单元
[15:00:02] [Server thread/INFO]: System chat: Player413被杀死了
[15:00:02] [Server thread/INFO]: System chat: 杀死了Player413
[15:00:02] [Render thread/INFO]: [System] [CHAT] Player413被杀死了
[15:00:02] [Server thread/INFO]: System chat: Player413取得了进度[勇往直下]
[15:00:02] [Render thread/INFO]: [System] [CHAT] Player413取得了进度[勇往直下]
[15:00:02] [Render thread/INFO]: Loaded 42 advancements
[15:00:02] [Server thread/INFO]: TemperatureGuest[embedded] logged in with entity id 102 at (0.0, 0.0, 0.0)
[15:00:02] [Server thread/INFO]: System chat: TemperatureGuest加入了游戏
[15:00:02] [Render thread/INFO]: [System] [CHAT] TemperatureGuest加入了游戏
[15:00:02] [Server thread/INFO]: Player413 lost connection: 连接中断
[15:00:02] [Server thread/INFO]: System chat: Player413退出了游戏
[15:00:02] [Server thread/INFO]: Stopping singleplayer server as player logged out
[15:00:02] [Server thread/INFO]: Stopping server
[15:00:02] [Server thread/INFO]: Saving players
[15:00:02] [Server thread/INFO]: Saving worlds
[15:00:02] [Server thread/INFO]: Saving chunks for level 'ServerLevel[新的世界]'/minecraft:overworld
[15:00:03] [Server thread/INFO]: Saving chunks for level 'ServerLevel[新的世界]'/minecraft:the_end
[15:00:03] [Server thread/INFO]: Saving chunks for level 'ServerLevel[新的世界]'/minecraft:the_nether
[15:00:03] [Render thread/INFO]: World loading finished: null screen: net.minecraft.client.gui.screens.GenericMessageScreen@645c3e3e
[15:00:03] [Worker-Main-5/INFO]: Loaded 1872 advancements
[15:00:03] [Render thread/INFO]: Applied 0 biome modifications to 0 of 67 new biomes in 179.3 μs
[15:00:03] [Server thread/INFO]: Starting integrated minecraft server version 26.3
[15:00:03] [Server thread/INFO]: Generating keypair
[15:00:03] [Server thread/INFO]: Loading 0 persistent chunks...
[15:00:03] [Server thread/INFO]: Saving chunks for level 'ServerLevel[新的世界]'/minecraft:overworld
[15:00:03] [Server thread/INFO]: Saving chunks for level 'ServerLevel[新的世界]'/minecraft:the_end
[15:00:03] [Server thread/INFO]: Saving chunks for level 'ServerLevel[新的世界]'/minecraft:the_nether
[15:00:03] [Render thread/INFO]: World loading finished: null screen: net.minecraft.client.gui.screens.LevelLoadingScreen@682ef48c
[15:00:03] [Render thread/INFO]: World loading finished: null screen: net.minecraft.client.gui.screens.LevelLoadingScreen@682ef48c
[15:00:03] [Render thread/INFO]: World loading finished: null screen: net.minecraft.client.gui.screens.LevelLoadingScreen@682ef48c
[15:00:03] [Render thread/INFO]: World loading finished: null screen: net.minecraft.client.gui.screens.LevelLoadingScreen@682ef48c
[15:00:03] [Server thread/INFO]: Loading 49 chunks for player spawn...
[15:00:03] [Server thread/INFO]: 准备生成区域中：16%
[15:00:03] [Render thread/INFO]: World loading finished: null screen: net.minecraft.client.gui.screens.LevelLoadingScreen@682ef48c
[15:00:04] [Render thread/INFO]: World loading finished: null screen: net.minecraft.client.gui.screens.LevelLoadingScreen@682ef48c
[15:00:04] [Render thread/INFO]: World loading finished: null screen: net.minecraft.client.gui.screens.LevelLoadingScreen@682ef48c
[15:00:04] [Render thread/INFO]: World loading finished: null screen: net.minecraft.client.gui.screens.LevelLoadingScreen@682ef48c
[15:00:04] [Render thread/INFO]: World loading finished: null screen: net.minecraft.client.gui.screens.LevelLoadingScreen@682ef48c
[15:00:04] [Server thread/INFO]: Time elapsed: 479 ms
[15:00:04] [Render thread/INFO]: World loading finished: null screen: net.minecraft.client.gui.screens.LevelLoadingScreen@682ef48c
[15:00:04] [Server thread/INFO]: Player413[local:E:e455a339] logged in with entity id 103 at (0.5, 120.0, 0.5)
[15:00:04] [Server thread/INFO]: System chat: Player413加入了游戏
[15:00:04] [Server thread/INFO]: Changing view distance to 5, from 10
[15:00:04] [Server thread/INFO]: Changing simulation distance to 12, from 0
[15:00:04] [Render thread/INFO]: World loading finished: ClientLevel screen: net.minecraft.client.gui.screens.LevelLoadingScreen@682ef48c
[15:00:04] [Render thread/INFO]: Loaded 42 advancements
[15:00:04] [Render thread/INFO]: World loading finished: ClientLevel screen: net.minecraft.client.gui.screens.LevelLoadingScreen@682ef48c
[15:00:04] [Render thread/INFO]: World loading finished: ClientLevel screen: net.minecraft.client.gui.screens.LevelLoadingScreen@682ef48c
[15:00:04] [Render thread/INFO]: World loading finished: ClientLevel screen: net.minecraft.client.gui.screens.LevelLoadingScreen@682ef48c
[15:00:04] [Render thread/INFO]: World loading finished: ClientLevel screen: net.minecraft.client.gui.screens.LevelLoadingScreen@682ef48c
[15:00:04] [Render thread/INFO]: World loading finished: ClientLevel screen: null
[15:00:05] [Render thread/INFO]: Loaded 42 advancements
[15:00:05] [Server thread/INFO]: Player413 lost connection: 连接中断
[15:00:05] [Server thread/INFO]: System chat: Player413退出了游戏
[15:00:05] [Server thread/INFO]: Stopping singleplayer server as player logged out
[15:00:06] [Server thread/INFO]: Stopping server
[15:00:06] [Server thread/INFO]: Saving players
[15:00:06] [Server thread/INFO]: Saving worlds
[15:00:06] [Server thread/INFO]: Saving chunks for level 'ServerLevel[新的世界]'/minecraft:overworld
[15:00:06] [Server thread/INFO]: Saving chunks for level 'ServerLevel[新的世界]'/minecraft:the_end
[15:00:06] [Server thread/INFO]: Saving chunks for level 'ServerLevel[新的世界]'/minecraft:the_nether
[15:00:06] [Render thread/INFO]: Reloading ResourceManager: vanilla, vanilla, fabric-advancement-api-v1, fabric-api, fabric-api-base, fabric-api-lookup-api-v1, fabric-biome-api-v1, fabric-block-api-v1, fabric-block-getter-api-v2, fabric-client-gametest-api-v1, fabric-command-api-v2, fabric-content-registries-v0, fabric-convention-tags-v2, fabric-crash-report-info-v1, fabric-creative-tab-api-v1, fabric-data-attachment-api-v1, fabric-data-generation-api-v1, fabric-debug-api-v1, fabric-dimensions-v1, fabric-entity-events-v1, fabric-events-interaction-v0, fabric-game-rule-api-v1, fabric-gametest-api-v1, fabric-item-api-v1, fabric-key-mapping-api-v1, fabric-lifecycle-events-v1, fabric-loot-api-v3, fabric-menu-api-v1, fabric-message-api-v1, fabric-model-loading-api-v1, fabric-networking-api-v1, fabric-object-builder-api-v1, fabric-particles-v1, fabric-permission-api-v1, fabric-recipe-api-v1, fabric-registry-sync-v0, fabric-renderer-api-v1, fabric-renderer-indigo, fabric-rendering-fluids-v1, fabric-rendering-v1, fabric-resource-conditions-api-v1, fabric-resource-loader-v0, fabric-resource-loader-v1, fabric-screen-api-v1, fabric-serialization-api-v1, fabric-sound-api-v1, fabric-tag-api-v1, fabric-transfer-api-v1, fabric-transitive-access-wideners-v1, fabricloader, wildcraft, wildcraft-test
[15:00:06] [Worker-Main-2/INFO]: Found unifont_all_no_pua-17.0.01.hex, loading
[15:00:06] [Worker-Main-1/INFO]: Found unifont_pua-17.0.01.hex, loading
[15:00:06] [Render thread/INFO]: Info log when linking program containing VERTEX minecraft:core/terrain, FRAGMENT minecraft:core/terrain. Log output: WARNING: Output of vertex shader '_interface_variable_01' not read by fragment shader
WARNING: Output of vertex shader '_interface_variable_00' not read by fragment shader
WARNING: Output of vertex shader '_interface_variable_04' not read by fragment shader

[15:00:06] [Render thread/INFO]: Info log when linking program containing VERTEX minecraft:core/rendertype_crumbling, FRAGMENT minecraft:core/rendertype_crumbling. Log output: WARNING: Output of vertex shader '_interface_variable_01' not read by fragment shader
WARNING: Output of vertex shader '_interface_variable_00' not read by fragment shader

[15:00:06] [Render thread/INFO]: Info log when linking program containing VERTEX minecraft:core/entity, FRAGMENT minecraft:core/entity. Log output: WARNING: Output of vertex shader '_interface_variable_01' not read by fragment shader
WARNING: Output of vertex shader '_interface_variable_00' not read by fragment shader

[15:00:06] [Render thread/INFO]: Info log when linking program containing VERTEX minecraft:core/rendertype_lines, FRAGMENT minecraft:core/rendertype_lines. Log output: WARNING: Output of vertex shader '_interface_variable_01' not read by fragment shader
WARNING: Output of vertex shader '_interface_variable_00' not read by fragment shader

[15:00:06] [Render thread/INFO]: Info log when linking program containing VERTEX minecraft:core/entity, FRAGMENT minecraft:core/entity. Log output: WARNING: Output of vertex shader '_interface_variable_01' not read by fragment shader
WARNING: Output of vertex shader '_interface_variable_00' not read by fragment shader

[15:00:06] [Worker-Main-2/INFO]: Found unifont_jp_patch-17.0.01.hex, loading
[15:00:06] [Render thread/INFO]: Info log when linking program containing VERTEX minecraft:core/terrain, FRAGMENT minecraft:core/terrain. Log output: WARNING: Output of vertex shader '_interface_variable_01' not read by fragment shader
WARNING: Output of vertex shader '_interface_variable_00' not read by fragment shader
WARNING: Output of vertex shader '_interface_variable_04' not read by fragment shader

[15:00:06] [Render thread/INFO]: Info log when linking program containing VERTEX minecraft:core/text, FRAGMENT minecraft:core/text. Log output: WARNING: Output of vertex shader '_interface_variable_01' not read by fragment shader
WARNING: Output of vertex shader '_interface_variable_00' not read by fragment shader

[15:00:06] [Render thread/INFO]: Info log when linking program containing VERTEX minecraft:core/text, FRAGMENT minecraft:core/text. Log output: WARNING: Output of vertex shader '_interface_variable_01' not read by fragment shader
WARNING: Output of vertex shader '_interface_variable_00' not read by fragment shader

[15:00:06] [Render thread/INFO]: Info log when linking program containing VERTEX minecraft:core/block, FRAGMENT minecraft:core/block. Log output: WARNING: Output of vertex shader '_interface_variable_01' not read by fragment shader
WARNING: Output of vertex shader '_interface_variable_00' not read by fragment shader

[15:00:06] [Render thread/INFO]: Info log when linking program containing VERTEX minecraft:core/entity, FRAGMENT minecraft:core/entity. Log output: WARNING: Output of vertex shader '_interface_variable_01' not read by fragment shader
WARNING: Output of vertex shader '_interface_variable_00' not read by fragment shader

[15:00:06] [Render thread/INFO]: Info log when linking program containing VERTEX minecraft:core/particle, FRAGMENT minecraft:core/particle. Log output: WARNING: Output of vertex shader '_interface_variable_01' not read by fragment shader
WARNING: Output of vertex shader '_interface_variable_00' not read by fragment shader

[15:00:06] [Render thread/INFO]: Info log when linking program containing VERTEX minecraft:core/rendertype_entity_shadow, FRAGMENT minecraft:core/rendertype_entity_shadow. Log output: WARNING: Output of vertex shader '_interface_variable_01' not read by fragment shader
WARNING: Output of vertex shader '_interface_variable_00' not read by fragment shader

[15:00:06] [Render thread/INFO]: Info log when linking program containing VERTEX minecraft:core/screenquad, FRAGMENT minecraft:core/oit_composite. Log output: WARNING: Output of vertex shader '_interface_variable_00' not read by fragment shader

[15:00:06] [Render thread/INFO]: Info log when linking program containing VERTEX minecraft:core/screenquad, FRAGMENT minecraft:core/integrate_depth. Log output: WARNING: Output of vertex shader '_interface_variable_00' not read by fragment shader

[15:00:06] [Render thread/INFO]: Info log when linking program containing VERTEX minecraft:core/entity, FRAGMENT minecraft:core/entity. Log output: WARNING: Output of vertex shader '_interface_variable_01' not read by fragment shader
WARNING: Output of vertex shader '_interface_variable_00' not read by fragment shader

[15:00:06] [Render thread/INFO]: Info log when linking program containing VERTEX minecraft:core/terrain, FRAGMENT minecraft:core/terrain. Log output: WARNING: Output of vertex shader '_interface_variable_01' not read by fragment shader
WARNING: Output of vertex shader '_interface_variable_00' not read by fragment shader
WARNING: Output of vertex shader '_interface_variable_04' not read by fragment shader

[15:00:06] [Render thread/INFO]: Info log when linking program containing VERTEX minecraft:core/animate_sprite, FRAGMENT minecraft:core/animate_sprite_blit. Log output: WARNING: Output of vertex shader '_interface_variable_00' not read by fragment shader

[15:00:06] [Render thread/INFO]: Info log when linking program containing VERTEX minecraft:core/entity, FRAGMENT minecraft:core/entity. Log output: WARNING: Output of vertex shader '_interface_variable_01' not read by fragment shader
WARNING: Output of vertex shader '_interface_variable_00' not read by fragment shader

[15:00:06] [Render thread/INFO]: Info log when linking program containing VERTEX minecraft:core/entity, FRAGMENT minecraft:core/entity. Log output: WARNING: Output of vertex shader '_interface_variable_01' not read by fragment shader
WARNING: Output of vertex shader '_interface_variable_00' not read by fragment shader

[15:00:06] [Render thread/INFO]: Info log when linking program containing VERTEX minecraft:core/clouds, FRAGMENT minecraft:core/clouds. Log output: WARNING: Output of vertex shader '_interface_variable_00' not read by fragment shader

[15:00:06] [Render thread/INFO]: Info log when linking program containing VERTEX minecraft:core/particle, FRAGMENT minecraft:core/particle. Log output: WARNING: Output of vertex shader '_interface_variable_01' not read by fragment shader
WARNING: Output of vertex shader '_interface_variable_00' not read by fragment shader

[15:00:06] [Render thread/INFO]: Info log when linking program containing VERTEX minecraft:core/screenquad, FRAGMENT minecraft:core/oit_depth_bounds_cull. Log output: WARNING: Output of vertex shader '_interface_variable_00' not read by fragment shader

[15:00:06] [Render thread/INFO]: Info log when linking program containing VERTEX minecraft:core/block, FRAGMENT minecraft:core/block. Log output: WARNING: Output of vertex shader '_interface_variable_01' not read by fragment shader
WARNING: Output of vertex shader '_interface_variable_00' not read by fragment shader

[15:00:06] [Render thread/INFO]: Info log when linking program containing VERTEX minecraft:core/text, FRAGMENT minecraft:core/text. Log output: WARNING: Output of vertex shader '_interface_variable_01' not read by fragment shader
WARNING: Output of vertex shader '_interface_variable_00' not read by fragment shader

[15:00:06] [Render thread/INFO]: Info log when linking program containing VERTEX minecraft:core/text, FRAGMENT minecraft:core/text. Log output: WARNING: Output of vertex shader '_interface_variable_01' not read by fragment shader
WARNING: Output of vertex shader '_interface_variable_00' not read by fragment shader

[15:00:06] [Render thread/INFO]: Info log when linking program containing VERTEX minecraft:core/entity, FRAGMENT minecraft:core/entity. Log output: WARNING: Output of vertex shader '_interface_variable_01' not read by fragment shader
WARNING: Output of vertex shader '_interface_variable_00' not read by fragment shader

[15:00:06] [Render thread/INFO]: Info log when linking program containing VERTEX minecraft:core/text, FRAGMENT minecraft:core/text. Log output: WARNING: Output of vertex shader '_interface_variable_01' not read by fragment shader
WARNING: Output of vertex shader '_interface_variable_00' not read by fragment shader

[15:00:06] [Render thread/INFO]: Info log when linking program containing VERTEX minecraft:core/entity, FRAGMENT minecraft:core/entity. Log output: WARNING: Output of vertex shader '_interface_variable_01' not read by fragment shader
WARNING: Output of vertex shader '_interface_variable_00' not read by fragment shader

[15:00:06] [Render thread/INFO]: Info log when linking program containing VERTEX minecraft:core/text, FRAGMENT minecraft:core/text. Log output: WARNING: Output of vertex shader '_interface_variable_01' not read by fragment shader
WARNING: Output of vertex shader '_interface_variable_00' not read by fragment shader

[15:00:06] [Render thread/INFO]: Info log when linking program containing VERTEX minecraft:core/clouds, FRAGMENT minecraft:core/clouds. Log output: WARNING: Output of vertex shader '_interface_variable_00' not read by fragment shader

[15:00:06] [Render thread/INFO]: Info log when linking program containing VERTEX minecraft:core/rendertype_lines, FRAGMENT minecraft:core/rendertype_lines. Log output: WARNING: Output of vertex shader '_interface_variable_01' not read by fragment shader
WARNING: Output of vertex shader '_interface_variable_00' not read by fragment shader

[15:00:06] [Render thread/INFO]: Info log when linking program containing VERTEX minecraft:core/rendertype_entity_shadow, FRAGMENT minecraft:core/rendertype_entity_shadow. Log output: WARNING: Output of vertex shader '_interface_variable_01' not read by fragment shader
WARNING: Output of vertex shader '_interface_variable_00' not read by fragment shader

[15:00:06] [Render thread/INFO]: Info log when linking program containing VERTEX minecraft:core/terrain, FRAGMENT minecraft:core/terrain. Log output: WARNING: Output of vertex shader '_interface_variable_01' not read by fragment shader
WARNING: Output of vertex shader '_interface_variable_00' not read by fragment shader
WARNING: Output of vertex shader '_interface_variable_04' not read by fragment shader

[15:00:06] [Render thread/INFO]: Info log when linking program containing VERTEX minecraft:core/entity, FRAGMENT minecraft:core/entity. Log output: WARNING: Output of vertex shader '_interface_variable_01' not read by fragment shader
WARNING: Output of vertex shader '_interface_variable_00' not read by fragment shader

[15:00:06] [Render thread/INFO]: Info log when linking program containing VERTEX minecraft:core/particle, FRAGMENT minecraft:core/particle. Log output: WARNING: Output of vertex shader '_interface_variable_01' not read by fragment shader
WARNING: Output of vertex shader '_interface_variable_00' not read by fragment shader

[15:00:06] [Render thread/INFO]: Info log when linking program containing VERTEX minecraft:core/entity, FRAGMENT minecraft:core/entity. Log output: WARNING: Output of vertex shader '_interface_variable_01' not read by fragment shader
WARNING: Output of vertex shader '_interface_variable_00' not read by fragment shader

[15:00:06] [Render thread/INFO]: Info log when linking program containing VERTEX minecraft:core/entity, FRAGMENT minecraft:core/entity. Log output: WARNING: Output of vertex shader '_interface_variable_01' not read by fragment shader
WARNING: Output of vertex shader '_interface_variable_00' not read by fragment shader

[15:00:06] [Render thread/INFO]: Info log when linking program containing VERTEX minecraft:core/text, FRAGMENT minecraft:core/text. Log output: WARNING: Output of vertex shader '_interface_variable_01' not read by fragment shader
WARNING: Output of vertex shader '_interface_variable_00' not read by fragment shader

[15:00:06] [Render thread/INFO]: Info log when linking program containing VERTEX minecraft:core/rendertype_crumbling, FRAGMENT minecraft:core/rendertype_crumbling. Log output: WARNING: Output of vertex shader '_interface_variable_01' not read by fragment shader
WARNING: Output of vertex shader '_interface_variable_00' not read by fragment shader

[15:00:06] [Render thread/INFO]: Info log when linking program containing VERTEX minecraft:core/particle, FRAGMENT minecraft:core/particle. Log output: WARNING: Output of vertex shader '_interface_variable_01' not read by fragment shader
WARNING: Output of vertex shader '_interface_variable_00' not read by fragment shader

[15:00:06] [Render thread/INFO]: Info log when linking program containing VERTEX minecraft:core/entity, FRAGMENT minecraft:core/entity. Log output: WARNING: Output of vertex shader '_interface_variable_01' not read by fragment shader
WARNING: Output of vertex shader '_interface_variable_00' not read by fragment shader

[15:00:06] [Render thread/INFO]: Info log when linking program containing VERTEX minecraft:core/text, FRAGMENT minecraft:core/text. Log output: WARNING: Output of vertex shader '_interface_variable_01' not read by fragment shader
WARNING: Output of vertex shader '_interface_variable_00' not read by fragment shader

[15:00:07] [Render thread/INFO]: OpenAL initialized on device Mac mini扬声器
[15:00:07] [Render thread/INFO]: Sound engine started
[15:00:07] [Render thread/INFO]: Created: 512x256x0 minecraft:textures/atlas/particles.png-atlas
[15:00:07] [Render thread/INFO]: Created: 256x128x0 minecraft:textures/atlas/celestials.png-atlas
[15:00:07] [Render thread/INFO]: Created: 128x128x0 minecraft:textures/atlas/decorated_pot.png-atlas
[15:00:07] [Render thread/INFO]: Created: 512x256x0 minecraft:textures/atlas/paintings.png-atlas
[15:00:07] [Render thread/INFO]: Created: 1024x512x0 minecraft:textures/atlas/shield_patterns.png-atlas
[15:00:07] [Render thread/INFO]: Created: 1024x512x0 minecraft:textures/atlas/banner_patterns.png-atlas
[15:00:07] [Render thread/INFO]: Created: 2048x2048x4 minecraft:textures/atlas/blocks.png-atlas
[15:00:07] [Render thread/INFO]: Created: 1024x512x0 minecraft:textures/atlas/items.png-atlas
[15:00:07] [Render thread/INFO]: Created: 1024x1024x0 minecraft:textures/atlas/gui.png-atlas
[15:00:07] [Render thread/INFO]: Created: 128x64x0 minecraft:textures/atlas/map_decorations.png-atlas
[15:00:07] [Render thread/INFO]: Created: 512x512x0 minecraft:textures/atlas/chest.png-atlas
[15:00:07] [Render thread/INFO]: Created: 512x512x0 minecraft:textures/atlas/shulker_boxes.png-atlas
[15:00:09] [Test thread/INFO]: [STDOUT]: WILDCRAFT P4A actual biome/water/heat, native powder snow/leather, smooth HUD, gliding/focus, local preference, spectator/death, owner-only sync, dimension and reload checks passed
[15:00:09] [Render thread/INFO]: Reloading ResourceManager: vanilla, vanilla, fabric-advancement-api-v1, fabric-api, fabric-api-base, fabric-api-lookup-api-v1, fabric-biome-api-v1, fabric-block-api-v1, fabric-block-getter-api-v2, fabric-client-gametest-api-v1, fabric-command-api-v2, fabric-content-registries-v0, fabric-convention-tags-v2, fabric-crash-report-info-v1, fabric-creative-tab-api-v1, fabric-data-attachment-api-v1, fabric-data-generation-api-v1, fabric-debug-api-v1, fabric-dimensions-v1, fabric-entity-events-v1, fabric-events-interaction-v0, fabric-game-rule-api-v1, fabric-gametest-api-v1, fabric-item-api-v1, fabric-key-mapping-api-v1, fabric-lifecycle-events-v1, fabric-loot-api-v3, fabric-menu-api-v1, fabric-message-api-v1, fabric-model-loading-api-v1, fabric-networking-api-v1, fabric-object-builder-api-v1, fabric-particles-v1, fabric-permission-api-v1, fabric-recipe-api-v1, fabric-registry-sync-v0, fabric-renderer-api-v1, fabric-renderer-indigo, fabric-rendering-fluids-v1, fabric-rendering-v1, fabric-resource-conditions-api-v1, fabric-resource-loader-v0, fabric-resource-loader-v1, fabric-screen-api-v1, fabric-serialization-api-v1, fabric-sound-api-v1, fabric-tag-api-v1, fabric-transfer-api-v1, fabric-transitive-access-wideners-v1, fabricloader, wildcraft, wildcraft-test
[15:00:09] [Worker-Main-2/INFO]: Found unifont_pua-17.0.01.hex, loading
[15:00:09] [Worker-Main-1/INFO]: Found unifont_all_no_pua-17.0.01.hex, loading
[15:00:09] [Render thread/INFO]: Info log when linking program containing VERTEX minecraft:core/terrain, FRAGMENT minecraft:core/terrain. Log output: WARNING: Output of vertex shader '_interface_variable_01' not read by fragment shader
WARNING: Output of vertex shader '_interface_variable_00' not read by fragment shader
WARNING: Output of vertex shader '_interface_variable_04' not read by fragment shader

[15:00:09] [Render thread/INFO]: Info log when linking program containing VERTEX minecraft:core/rendertype_crumbling, FRAGMENT minecraft:core/rendertype_crumbling. Log output: WARNING: Output of vertex shader '_interface_variable_01' not read by fragment shader
WARNING: Output of vertex shader '_interface_variable_00' not read by fragment shader

[15:00:09] [Render thread/INFO]: Info log when linking program containing VERTEX minecraft:core/entity, FRAGMENT minecraft:core/entity. Log output: WARNING: Output of vertex shader '_interface_variable_01' not read by fragment shader
WARNING: Output of vertex shader '_interface_variable_00' not read by fragment shader

[15:00:09] [Render thread/INFO]: Info log when linking program containing VERTEX minecraft:core/rendertype_lines, FRAGMENT minecraft:core/rendertype_lines. Log output: WARNING: Output of vertex shader '_interface_variable_01' not read by fragment shader
WARNING: Output of vertex shader '_interface_variable_00' not read by fragment shader

[15:00:09] [Render thread/INFO]: Info log when linking program containing VERTEX minecraft:core/terrain, FRAGMENT minecraft:core/terrain. Log output: WARNING: Output of vertex shader '_interface_variable_01' not read by fragment shader
WARNING: Output of vertex shader '_interface_variable_00' not read by fragment shader
WARNING: Output of vertex shader '_interface_variable_04' not read by fragment shader

[15:00:09] [Render thread/INFO]: Info log when linking program containing VERTEX minecraft:core/text, FRAGMENT minecraft:core/text. Log output: WARNING: Output of vertex shader '_interface_variable_01' not read by fragment shader
WARNING: Output of vertex shader '_interface_variable_00' not read by fragment shader

[15:00:09] [Worker-Main-1/INFO]: Found unifont_jp_patch-17.0.01.hex, loading
[15:00:09] [Render thread/INFO]: Info log when linking program containing VERTEX minecraft:core/entity, FRAGMENT minecraft:core/entity. Log output: WARNING: Output of vertex shader '_interface_variable_01' not read by fragment shader
WARNING: Output of vertex shader '_interface_variable_00' not read by fragment shader

[15:00:09] [Render thread/INFO]: Info log when linking program containing VERTEX minecraft:core/text, FRAGMENT minecraft:core/text. Log output: WARNING: Output of vertex shader '_interface_variable_01' not read by fragment shader
WARNING: Output of vertex shader '_interface_variable_00' not read by fragment shader

[15:00:09] [Render thread/INFO]: Info log when linking program containing VERTEX minecraft:core/block, FRAGMENT minecraft:core/block. Log output: WARNING: Output of vertex shader '_interface_variable_01' not read by fragment shader
WARNING: Output of vertex shader '_interface_variable_00' not read by fragment shader

[15:00:09] [Render thread/INFO]: Info log when linking program containing VERTEX minecraft:core/entity, FRAGMENT minecraft:core/entity. Log output: WARNING: Output of vertex shader '_interface_variable_01' not read by fragment shader
WARNING: Output of vertex shader '_interface_variable_00' not read by fragment shader

[15:00:09] [Render thread/INFO]: Info log when linking program containing VERTEX minecraft:core/rendertype_entity_shadow, FRAGMENT minecraft:core/rendertype_entity_shadow. Log output: WARNING: Output of vertex shader '_interface_variable_01' not read by fragment shader
WARNING: Output of vertex shader '_interface_variable_00' not read by fragment shader

[15:00:09] [Render thread/INFO]: Info log when linking program containing VERTEX minecraft:core/particle, FRAGMENT minecraft:core/particle. Log output: WARNING: Output of vertex shader '_interface_variable_01' not read by fragment shader
WARNING: Output of vertex shader '_interface_variable_00' not read by fragment shader

[15:00:09] [Render thread/INFO]: Info log when linking program containing VERTEX minecraft:core/screenquad, FRAGMENT minecraft:core/oit_composite. Log output: WARNING: Output of vertex shader '_interface_variable_00' not read by fragment shader

[15:00:09] [Render thread/INFO]: Info log when linking program containing VERTEX minecraft:core/screenquad, FRAGMENT minecraft:core/integrate_depth. Log output: WARNING: Output of vertex shader '_interface_variable_00' not read by fragment shader

[15:00:09] [Render thread/INFO]: Info log when linking program containing VERTEX minecraft:core/entity, FRAGMENT minecraft:core/entity. Log output: WARNING: Output of vertex shader '_interface_variable_01' not read by fragment shader
WARNING: Output of vertex shader '_interface_variable_00' not read by fragment shader

[15:00:09] [Render thread/INFO]: Info log when linking program containing VERTEX minecraft:core/terrain, FRAGMENT minecraft:core/terrain. Log output: WARNING: Output of vertex shader '_interface_variable_01' not read by fragment shader
WARNING: Output of vertex shader '_interface_variable_00' not read by fragment shader
WARNING: Output of vertex shader '_interface_variable_04' not read by fragment shader

[15:00:09] [Render thread/INFO]: Info log when linking program containing VERTEX minecraft:core/animate_sprite, FRAGMENT minecraft:core/animate_sprite_blit. Log output: WARNING: Output of vertex shader '_interface_variable_00' not read by fragment shader

[15:00:09] [Render thread/INFO]: Info log when linking program containing VERTEX minecraft:core/entity, FRAGMENT minecraft:core/entity. Log output: WARNING: Output of vertex shader '_interface_variable_01' not read by fragment shader
WARNING: Output of vertex shader '_interface_variable_00' not read by fragment shader

[15:00:09] [Render thread/INFO]: Info log when linking program containing VERTEX minecraft:core/entity, FRAGMENT minecraft:core/entity. Log output: WARNING: Output of vertex shader '_interface_variable_01' not read by fragment shader
WARNING: Output of vertex shader '_interface_variable_00' not read by fragment shader

[15:00:09] [Render thread/INFO]: Info log when linking program containing VERTEX minecraft:core/clouds, FRAGMENT minecraft:core/clouds. Log output: WARNING: Output of vertex shader '_interface_variable_00' not read by fragment shader

[15:00:09] [Render thread/INFO]: Info log when linking program containing VERTEX minecraft:core/particle, FRAGMENT minecraft:core/particle. Log output: WARNING: Output of vertex shader '_interface_variable_01' not read by fragment shader
WARNING: Output of vertex shader '_interface_variable_00' not read by fragment shader

[15:00:09] [Render thread/INFO]: Info log when linking program containing VERTEX minecraft:core/entity, FRAGMENT minecraft:core/entity. Log output: WARNING: Output of vertex shader '_interface_variable_01' not read by fragment shader
WARNING: Output of vertex shader '_interface_variable_00' not read by fragment shader

[15:00:09] [Render thread/INFO]: Info log when linking program containing VERTEX minecraft:core/screenquad, FRAGMENT minecraft:core/oit_depth_bounds_cull. Log output: WARNING: Output of vertex shader '_interface_variable_00' not read by fragment shader

[15:00:09] [Render thread/INFO]: Info log when linking program containing VERTEX minecraft:core/block, FRAGMENT minecraft:core/block. Log output: WARNING: Output of vertex shader '_interface_variable_01' not read by fragment shader
WARNING: Output of vertex shader '_interface_variable_00' not read by fragment shader

[15:00:09] [Render thread/INFO]: Info log when linking program containing VERTEX minecraft:core/text, FRAGMENT minecraft:core/text. Log output: WARNING: Output of vertex shader '_interface_variable_01' not read by fragment shader
WARNING: Output of vertex shader '_interface_variable_00' not read by fragment shader

[15:00:09] [Render thread/INFO]: Info log when linking program containing VERTEX minecraft:core/text, FRAGMENT minecraft:core/text. Log output: WARNING: Output of vertex shader '_interface_variable_01' not read by fragment shader
WARNING: Output of vertex shader '_interface_variable_00' not read by fragment shader

[15:00:09] [Render thread/INFO]: Info log when linking program containing VERTEX minecraft:core/text, FRAGMENT minecraft:core/text. Log output: WARNING: Output of vertex shader '_interface_variable_01' not read by fragment shader
WARNING: Output of vertex shader '_interface_variable_00' not read by fragment shader

[15:00:09] [Render thread/INFO]: Info log when linking program containing VERTEX minecraft:core/entity, FRAGMENT minecraft:core/entity. Log output: WARNING: Output of vertex shader '_interface_variable_01' not read by fragment shader
WARNING: Output of vertex shader '_interface_variable_00' not read by fragment shader

[15:00:09] [Render thread/INFO]: Info log when linking program containing VERTEX minecraft:core/text, FRAGMENT minecraft:core/text. Log output: WARNING: Output of vertex shader '_interface_variable_01' not read by fragment shader
WARNING: Output of vertex shader '_interface_variable_00' not read by fragment shader

[15:00:09] [Render thread/INFO]: Info log when linking program containing VERTEX minecraft:core/clouds, FRAGMENT minecraft:core/clouds. Log output: WARNING: Output of vertex shader '_interface_variable_00' not read by fragment shader

[15:00:09] [Render thread/INFO]: Info log when linking program containing VERTEX minecraft:core/terrain, FRAGMENT minecraft:core/terrain. Log output: WARNING: Output of vertex shader '_interface_variable_01' not read by fragment shader
WARNING: Output of vertex shader '_interface_variable_00' not read by fragment shader
WARNING: Output of vertex shader '_interface_variable_04' not read by fragment shader

[15:00:09] [Render thread/INFO]: Info log when linking program containing VERTEX minecraft:core/rendertype_lines, FRAGMENT minecraft:core/rendertype_lines. Log output: WARNING: Output of vertex shader '_interface_variable_01' not read by fragment shader
WARNING: Output of vertex shader '_interface_variable_00' not read by fragment shader

[15:00:09] [Render thread/INFO]: Info log when linking program containing VERTEX minecraft:core/rendertype_entity_shadow, FRAGMENT minecraft:core/rendertype_entity_shadow. Log output: WARNING: Output of vertex shader '_interface_variable_01' not read by fragment shader
WARNING: Output of vertex shader '_interface_variable_00' not read by fragment shader

[15:00:09] [Render thread/INFO]: Info log when linking program containing VERTEX minecraft:core/entity, FRAGMENT minecraft:core/entity. Log output: WARNING: Output of vertex shader '_interface_variable_01' not read by fragment shader
WARNING: Output of vertex shader '_interface_variable_00' not read by fragment shader

[15:00:09] [Render thread/INFO]: Info log when linking program containing VERTEX minecraft:core/particle, FRAGMENT minecraft:core/particle. Log output: WARNING: Output of vertex shader '_interface_variable_01' not read by fragment shader
WARNING: Output of vertex shader '_interface_variable_00' not read by fragment shader

[15:00:09] [Render thread/INFO]: Info log when linking program containing VERTEX minecraft:core/entity, FRAGMENT minecraft:core/entity. Log output: WARNING: Output of vertex shader '_interface_variable_01' not read by fragment shader
WARNING: Output of vertex shader '_interface_variable_00' not read by fragment shader

[15:00:09] [Render thread/INFO]: Info log when linking program containing VERTEX minecraft:core/rendertype_crumbling, FRAGMENT minecraft:core/rendertype_crumbling. Log output: WARNING: Output of vertex shader '_interface_variable_01' not read by fragment shader
WARNING: Output of vertex shader '_interface_variable_00' not read by fragment shader

[15:00:09] [Render thread/INFO]: Info log when linking program containing VERTEX minecraft:core/text, FRAGMENT minecraft:core/text. Log output: WARNING: Output of vertex shader '_interface_variable_01' not read by fragment shader
WARNING: Output of vertex shader '_interface_variable_00' not read by fragment shader

[15:00:09] [Render thread/INFO]: Info log when linking program containing VERTEX minecraft:core/entity, FRAGMENT minecraft:core/entity. Log output: WARNING: Output of vertex shader '_interface_variable_01' not read by fragment shader
WARNING: Output of vertex shader '_interface_variable_00' not read by fragment shader

[15:00:09] [Render thread/INFO]: Info log when linking program containing VERTEX minecraft:core/particle, FRAGMENT minecraft:core/particle. Log output: WARNING: Output of vertex shader '_interface_variable_01' not read by fragment shader
WARNING: Output of vertex shader '_interface_variable_00' not read by fragment shader

[15:00:10] [Render thread/INFO]: Info log when linking program containing VERTEX minecraft:core/entity, FRAGMENT minecraft:core/entity. Log output: WARNING: Output of vertex shader '_interface_variable_01' not read by fragment shader
WARNING: Output of vertex shader '_interface_variable_00' not read by fragment shader

[15:00:10] [Render thread/INFO]: Info log when linking program containing VERTEX minecraft:core/text, FRAGMENT minecraft:core/text. Log output: WARNING: Output of vertex shader '_interface_variable_01' not read by fragment shader
WARNING: Output of vertex shader '_interface_variable_00' not read by fragment shader

[15:00:10] [Render thread/INFO]: OpenAL initialized on device Mac mini扬声器
[15:00:10] [Render thread/INFO]: Sound engine started
[15:00:10] [Render thread/INFO]: Created: 512x256x0 minecraft:textures/atlas/particles.png-atlas
[15:00:10] [Render thread/INFO]: Created: 256x128x0 minecraft:textures/atlas/celestials.png-atlas
[15:00:10] [Render thread/INFO]: Created: 128x128x0 minecraft:textures/atlas/decorated_pot.png-atlas
[15:00:10] [Render thread/INFO]: Created: 512x256x0 minecraft:textures/atlas/paintings.png-atlas
[15:00:10] [Render thread/INFO]: Created: 1024x512x0 minecraft:textures/atlas/shield_patterns.png-atlas
[15:00:10] [Render thread/INFO]: Created: 1024x512x0 minecraft:textures/atlas/banner_patterns.png-atlas
[15:00:10] [Render thread/INFO]: Created: 2048x2048x4 minecraft:textures/atlas/blocks.png-atlas
[15:00:10] [Render thread/INFO]: Created: 1024x512x0 minecraft:textures/atlas/items.png-atlas
[15:00:10] [Render thread/INFO]: Created: 1024x1024x0 minecraft:textures/atlas/gui.png-atlas
[15:00:10] [Render thread/INFO]: Created: 128x64x0 minecraft:textures/atlas/map_decorations.png-atlas
[15:00:10] [Render thread/INFO]: Created: 512x512x0 minecraft:textures/atlas/chest.png-atlas
[15:00:10] [Render thread/INFO]: Created: 512x512x0 minecraft:textures/atlas/shulker_boxes.png-atlas
[15:00:12] [Worker-Main-1/INFO]: Loaded 1872 advancements
[15:00:12] [Render thread/INFO]: World loading finished: null screen: net.minecraft.client.gui.screens.GenericMessageScreen@1a74ba4
[15:00:12] [Render thread/INFO]: Applied 0 biome modifications to 0 of 67 new biomes in 152.3 μs
[15:00:12] [Server thread/INFO]: Starting integrated minecraft server version 26.3
[15:00:12] [Server thread/INFO]: Generating keypair
[15:00:12] [Server thread/INFO]: Selecting global world spawn...
[15:00:12] [Server thread/INFO]: Loading 0 persistent chunks...
[15:00:12] [Server thread/INFO]: 准备生成区域中：16%
[15:00:12] [Server thread/INFO]: Saving chunks for level 'ServerLevel[新的世界]'/minecraft:overworld
[15:00:12] [Server thread/INFO]: Saving chunks for level 'ServerLevel[新的世界]'/minecraft:the_end
[15:00:12] [Server thread/INFO]: Saving chunks for level 'ServerLevel[新的世界]'/minecraft:the_nether
[15:00:13] [Render thread/INFO]: World loading finished: null screen: net.minecraft.client.gui.screens.LevelLoadingScreen@429a7e78
[15:00:13] [Render thread/INFO]: World loading finished: null screen: net.minecraft.client.gui.screens.LevelLoadingScreen@429a7e78
[15:00:13] [Render thread/INFO]: World loading finished: null screen: net.minecraft.client.gui.screens.LevelLoadingScreen@429a7e78
[15:00:13] [Render thread/INFO]: World loading finished: null screen: net.minecraft.client.gui.screens.LevelLoadingScreen@429a7e78
[15:00:13] [Server thread/INFO]: Loading 48 chunks for player spawn...
[15:00:13] [Render thread/INFO]: World loading finished: null screen: net.minecraft.client.gui.screens.LevelLoadingScreen@429a7e78
[15:00:13] [Render thread/INFO]: World loading finished: null screen: net.minecraft.client.gui.screens.LevelLoadingScreen@429a7e78
[15:00:13] [Server thread/INFO]: Time elapsed: 359 ms
[15:00:13] [Render thread/INFO]: World loading finished: null screen: net.minecraft.client.gui.screens.LevelLoadingScreen@429a7e78
[15:00:13] [Server thread/INFO]: Player413[local:E:dc6a3281] logged in with entity id 104 at (0.5, -60.0, 0.5)
[15:00:13] [Server thread/INFO]: System chat: Player413加入了游戏
[15:00:13] [Server thread/INFO]: Changing view distance to 5, from 10
[15:00:13] [Server thread/INFO]: Changing simulation distance to 12, from 0
[15:00:13] [Render thread/INFO]: World loading finished: ClientLevel screen: net.minecraft.client.gui.screens.LevelLoadingScreen@429a7e78
[15:00:13] [Render thread/WARN]: Requested post effect does not exist: minecraft:end_of_frame
[15:00:13] [Render thread/INFO]: Loaded 2 advancements
[15:00:13] [Render thread/INFO]: World loading finished: ClientLevel screen: net.minecraft.client.gui.screens.LevelLoadingScreen@429a7e78
[15:00:13] [Render thread/INFO]: World loading finished: ClientLevel screen: net.minecraft.client.gui.screens.LevelLoadingScreen@429a7e78
[15:00:13] [Render thread/INFO]: World loading finished: ClientLevel screen: net.minecraft.client.gui.screens.LevelLoadingScreen@429a7e78
[15:00:13] [Render thread/INFO]: World loading finished: ClientLevel screen: net.minecraft.client.gui.screens.LevelLoadingScreen@429a7e78
[15:00:13] [Render thread/INFO]: World loading finished: ClientLevel screen: net.minecraft.client.gui.screens.LevelLoadingScreen@429a7e78
[15:00:13] [Render thread/INFO]: World loading finished: ClientLevel screen: net.minecraft.client.gui.screens.LevelLoadingScreen@429a7e78
[15:00:13] [Render thread/INFO]: World loading finished: ClientLevel screen: net.minecraft.client.gui.screens.LevelLoadingScreen@429a7e78
[15:00:13] [Render thread/INFO]: World loading finished: ClientLevel screen: net.minecraft.client.gui.screens.LevelLoadingScreen@429a7e78
[15:00:13] [Render thread/INFO]: World loading finished: ClientLevel screen: net.minecraft.client.gui.screens.LevelLoadingScreen@429a7e78
[15:00:13] [Render thread/INFO]: World loading finished: ClientLevel screen: net.minecraft.client.gui.screens.LevelLoadingScreen@429a7e78
[15:00:13] [Render thread/INFO]: World loading finished: ClientLevel screen: net.minecraft.client.gui.screens.LevelLoadingScreen@429a7e78
[15:00:13] [Render thread/INFO]: World loading finished: ClientLevel screen: net.minecraft.client.gui.screens.LevelLoadingScreen@429a7e78
[15:00:14] [Render thread/INFO]: World loading finished: ClientLevel screen: net.minecraft.client.gui.screens.LevelLoadingScreen@429a7e78
[15:00:14] [Render thread/INFO]: World loading finished: ClientLevel screen: net.minecraft.client.gui.screens.LevelLoadingScreen@429a7e78
[15:00:14] [Render thread/INFO]: World loading finished: ClientLevel screen: null
[15:00:21] [Render thread/INFO]: Loaded 25 advancements
[15:00:21] [Server thread/INFO]: Saving and pausing game...
[15:00:21] [Server thread/INFO]: Saving chunks for level 'ServerLevel[新的世界]'/minecraft:overworld
[15:00:21] [Server thread/INFO]: Saving chunks for level 'ServerLevel[新的世界]'/minecraft:the_end
[15:00:21] [Server thread/INFO]: Saving chunks for level 'ServerLevel[新的世界]'/minecraft:the_nether
[15:00:28] [Server thread/INFO]: [STDOUT]: P4B freeze probe pos=(0.5, 120.0, 0.5) freeze=13 powder=true can=true warm=MealEffects[schema=1, warmth=Effect[strength=2, millis=28045], cooling=Effect[strength=0, millis=0], recovery=Effect[strength=0, millis=0]]
[15:00:48] [Render thread/INFO]: Loaded 26 advancements
[15:00:51] [Render thread/INFO]: Loaded 27 advancements
[15:00:54] [Server thread/INFO]: System chat: Player413取得了进度[勇往直下]
[15:00:54] [Render thread/INFO]: [System] [CHAT] Player413取得了进度[勇往直下]
[15:00:54] [Server thread/INFO]: Player413 lost connection: 连接中断
[15:00:54] [Server thread/INFO]: System chat: Player413退出了游戏
[15:00:54] [Server thread/INFO]: Stopping singleplayer server as player logged out
[15:00:54] [Server thread/INFO]: Stopping server
[15:00:54] [Server thread/INFO]: Saving players
[15:00:54] [Server thread/INFO]: Saving worlds
[15:00:54] [Server thread/INFO]: Saving chunks for level 'ServerLevel[新的世界]'/minecraft:overworld
[15:00:54] [Server thread/INFO]: Saving chunks for level 'ServerLevel[新的世界]'/minecraft:the_end
[15:00:54] [Server thread/INFO]: Saving chunks for level 'ServerLevel[新的世界]'/minecraft:the_nether
[15:00:55] [Render thread/INFO]: World loading finished: null screen: net.minecraft.client.gui.screens.GenericMessageScreen@31dc6f67
[15:00:55] [Worker-Main-4/INFO]: Loaded 1872 advancements
[15:00:55] [Render thread/INFO]: Applied 0 biome modifications to 0 of 67 new biomes in 188.8 μs
[15:00:55] [Server thread/INFO]: Starting integrated minecraft server version 26.3
[15:00:55] [Server thread/INFO]: Generating keypair
[15:00:55] [Server thread/INFO]: Loading 0 persistent chunks...
[15:00:55] [Server thread/INFO]: Saving chunks for level 'ServerLevel[新的世界]'/minecraft:overworld
[15:00:55] [Server thread/INFO]: Saving chunks for level 'ServerLevel[新的世界]'/minecraft:the_end
[15:00:55] [Server thread/INFO]: Saving chunks for level 'ServerLevel[新的世界]'/minecraft:the_nether
[15:00:55] [Render thread/INFO]: World loading finished: null screen: net.minecraft.client.gui.screens.LevelLoadingScreen@6d6c7d0b
[15:00:55] [Render thread/INFO]: World loading finished: null screen: net.minecraft.client.gui.screens.LevelLoadingScreen@6d6c7d0b
[15:00:55] [Render thread/INFO]: World loading finished: null screen: net.minecraft.client.gui.screens.LevelLoadingScreen@6d6c7d0b
[15:00:55] [Render thread/INFO]: World loading finished: null screen: net.minecraft.client.gui.screens.LevelLoadingScreen@6d6c7d0b
[15:00:55] [Server thread/INFO]: Loading 49 chunks for player spawn...
[15:00:55] [Server thread/INFO]: 准备生成区域中：16%
[15:00:55] [Render thread/INFO]: World loading finished: null screen: net.minecraft.client.gui.screens.LevelLoadingScreen@6d6c7d0b
[15:00:55] [Render thread/INFO]: World loading finished: null screen: net.minecraft.client.gui.screens.LevelLoadingScreen@6d6c7d0b
[15:00:55] [Render thread/INFO]: World loading finished: null screen: net.minecraft.client.gui.screens.LevelLoadingScreen@6d6c7d0b
[15:00:55] [Render thread/INFO]: World loading finished: null screen: net.minecraft.client.gui.screens.LevelLoadingScreen@6d6c7d0b
[15:00:55] [Server thread/INFO]: Time elapsed: 419 ms
[15:00:55] [Render thread/INFO]: World loading finished: null screen: net.minecraft.client.gui.screens.LevelLoadingScreen@6d6c7d0b
[15:00:55] [Server thread/INFO]: Player413[local:E:69146346] logged in with entity id 106 at (0.5, 120.0, 0.5)
[15:00:55] [Server thread/INFO]: System chat: Player413加入了游戏
[15:00:55] [Server thread/INFO]: Changing view distance to 5, from 10
[15:00:55] [Server thread/INFO]: Changing simulation distance to 12, from 0
[15:00:55] [Render thread/INFO]: World loading finished: ClientLevel screen: net.minecraft.client.gui.screens.LevelLoadingScreen@6d6c7d0b
[15:00:56] [Render thread/INFO]: Loaded 54 advancements
[15:00:56] [Render thread/INFO]: World loading finished: ClientLevel screen: net.minecraft.client.gui.screens.LevelLoadingScreen@6d6c7d0b
[15:00:56] [Render thread/INFO]: World loading finished: ClientLevel screen: net.minecraft.client.gui.screens.LevelLoadingScreen@6d6c7d0b
[15:00:56] [Render thread/INFO]: World loading finished: ClientLevel screen: net.minecraft.client.gui.screens.LevelLoadingScreen@6d6c7d0b
[15:00:56] [Render thread/INFO]: World loading finished: ClientLevel screen: net.minecraft.client.gui.screens.LevelLoadingScreen@6d6c7d0b
[15:00:56] [Render thread/INFO]: World loading finished: ClientLevel screen: null
[15:00:56] [Render thread/INFO]: Loaded 54 advancements
[15:00:57] [Server thread/INFO]: System chat: Player413被杀死了
[15:00:57] [Server thread/INFO]: System chat: 杀死了Player413
[15:00:57] [Render thread/INFO]: [System] [CHAT] Player413被杀死了
[15:00:57] [Server thread/INFO]: Player413 lost connection: 连接中断
[15:00:57] [Server thread/INFO]: System chat: Player413退出了游戏
[15:00:57] [Server thread/INFO]: Stopping singleplayer server as player logged out
[15:00:57] [Server thread/INFO]: Stopping server
[15:00:57] [Server thread/INFO]: Saving players
[15:00:57] [Server thread/INFO]: Saving worlds
[15:00:57] [Server thread/INFO]: Saving chunks for level 'ServerLevel[新的世界]'/minecraft:overworld
[15:00:57] [Server thread/INFO]: Saving chunks for level 'ServerLevel[新的世界]'/minecraft:the_end
[15:00:57] [Server thread/INFO]: Saving chunks for level 'ServerLevel[新的世界]'/minecraft:the_nether
[15:00:57] [Render thread/INFO]: Reloading ResourceManager: vanilla, vanilla, fabric-advancement-api-v1, fabric-api, fabric-api-base, fabric-api-lookup-api-v1, fabric-biome-api-v1, fabric-block-api-v1, fabric-block-getter-api-v2, fabric-client-gametest-api-v1, fabric-command-api-v2, fabric-content-registries-v0, fabric-convention-tags-v2, fabric-crash-report-info-v1, fabric-creative-tab-api-v1, fabric-data-attachment-api-v1, fabric-data-generation-api-v1, fabric-debug-api-v1, fabric-dimensions-v1, fabric-entity-events-v1, fabric-events-interaction-v0, fabric-game-rule-api-v1, fabric-gametest-api-v1, fabric-item-api-v1, fabric-key-mapping-api-v1, fabric-lifecycle-events-v1, fabric-loot-api-v3, fabric-menu-api-v1, fabric-message-api-v1, fabric-model-loading-api-v1, fabric-networking-api-v1, fabric-object-builder-api-v1, fabric-particles-v1, fabric-permission-api-v1, fabric-recipe-api-v1, fabric-registry-sync-v0, fabric-renderer-api-v1, fabric-renderer-indigo, fabric-rendering-fluids-v1, fabric-rendering-v1, fabric-resource-conditions-api-v1, fabric-resource-loader-v0, fabric-resource-loader-v1, fabric-screen-api-v1, fabric-serialization-api-v1, fabric-sound-api-v1, fabric-tag-api-v1, fabric-transfer-api-v1, fabric-transitive-access-wideners-v1, fabricloader, wildcraft, wildcraft-test
[15:00:57] [Worker-Main-4/INFO]: Found unifont_pua-17.0.01.hex, loading
[15:00:57] [Worker-Main-6/INFO]: Found unifont_all_no_pua-17.0.01.hex, loading
[15:00:57] [Render thread/INFO]: Info log when linking program containing VERTEX minecraft:core/terrain, FRAGMENT minecraft:core/terrain. Log output: WARNING: Output of vertex shader '_interface_variable_01' not read by fragment shader
WARNING: Output of vertex shader '_interface_variable_00' not read by fragment shader
WARNING: Output of vertex shader '_interface_variable_04' not read by fragment shader

[15:00:57] [Render thread/INFO]: Info log when linking program containing VERTEX minecraft:core/rendertype_crumbling, FRAGMENT minecraft:core/rendertype_crumbling. Log output: WARNING: Output of vertex shader '_interface_variable_01' not read by fragment shader
WARNING: Output of vertex shader '_interface_variable_00' not read by fragment shader

[15:00:57] [Render thread/INFO]: Info log when linking program containing VERTEX minecraft:core/rendertype_lines, FRAGMENT minecraft:core/rendertype_lines. Log output: WARNING: Output of vertex shader '_interface_variable_01' not read by fragment shader
WARNING: Output of vertex shader '_interface_variable_00' not read by fragment shader

[15:00:57] [Render thread/INFO]: Info log when linking program containing VERTEX minecraft:core/entity, FRAGMENT minecraft:core/entity. Log output: WARNING: Output of vertex shader '_interface_variable_01' not read by fragment shader
WARNING: Output of vertex shader '_interface_variable_00' not read by fragment shader

[15:00:57] [Render thread/INFO]: Info log when linking program containing VERTEX minecraft:core/entity, FRAGMENT minecraft:core/entity. Log output: WARNING: Output of vertex shader '_interface_variable_01' not read by fragment shader
WARNING: Output of vertex shader '_interface_variable_00' not read by fragment shader

[15:00:57] [Render thread/INFO]: Info log when linking program containing VERTEX minecraft:core/text, FRAGMENT minecraft:core/text. Log output: WARNING: Output of vertex shader '_interface_variable_01' not read by fragment shader
WARNING: Output of vertex shader '_interface_variable_00' not read by fragment shader

[15:00:57] [Render thread/INFO]: Info log when linking program containing VERTEX minecraft:core/terrain, FRAGMENT minecraft:core/terrain. Log output: WARNING: Output of vertex shader '_interface_variable_01' not read by fragment shader
WARNING: Output of vertex shader '_interface_variable_00' not read by fragment shader
WARNING: Output of vertex shader '_interface_variable_04' not read by fragment shader

[15:00:57] [Worker-Main-6/INFO]: Found unifont_jp_patch-17.0.01.hex, loading
[15:00:57] [Render thread/INFO]: Info log when linking program containing VERTEX minecraft:core/text, FRAGMENT minecraft:core/text. Log output: WARNING: Output of vertex shader '_interface_variable_01' not read by fragment shader
WARNING: Output of vertex shader '_interface_variable_00' not read by fragment shader

[15:00:57] [Render thread/INFO]: Info log when linking program containing VERTEX minecraft:core/block, FRAGMENT minecraft:core/block. Log output: WARNING: Output of vertex shader '_interface_variable_01' not read by fragment shader
WARNING: Output of vertex shader '_interface_variable_00' not read by fragment shader

[15:00:57] [Render thread/INFO]: Info log when linking program containing VERTEX minecraft:core/entity, FRAGMENT minecraft:core/entity. Log output: WARNING: Output of vertex shader '_interface_variable_01' not read by fragment shader
WARNING: Output of vertex shader '_interface_variable_00' not read by fragment shader

[15:00:57] [Render thread/INFO]: Info log when linking program containing VERTEX minecraft:core/particle, FRAGMENT minecraft:core/particle. Log output: WARNING: Output of vertex shader '_interface_variable_01' not read by fragment shader
WARNING: Output of vertex shader '_interface_variable_00' not read by fragment shader

[15:00:57] [Render thread/INFO]: Info log when linking program containing VERTEX minecraft:core/rendertype_entity_shadow, FRAGMENT minecraft:core/rendertype_entity_shadow. Log output: WARNING: Output of vertex shader '_interface_variable_01' not read by fragment shader
WARNING: Output of vertex shader '_interface_variable_00' not read by fragment shader

[15:00:57] [Render thread/INFO]: Info log when linking program containing VERTEX minecraft:core/screenquad, FRAGMENT minecraft:core/oit_composite. Log output: WARNING: Output of vertex shader '_interface_variable_00' not read by fragment shader

[15:00:58] [Render thread/INFO]: Info log when linking program containing VERTEX minecraft:core/screenquad, FRAGMENT minecraft:core/integrate_depth. Log output: WARNING: Output of vertex shader '_interface_variable_00' not read by fragment shader

[15:00:58] [Render thread/INFO]: Info log when linking program containing VERTEX minecraft:core/entity, FRAGMENT minecraft:core/entity. Log output: WARNING: Output of vertex shader '_interface_variable_01' not read by fragment shader
WARNING: Output of vertex shader '_interface_variable_00' not read by fragment shader

[15:00:58] [Render thread/INFO]: Info log when linking program containing VERTEX minecraft:core/animate_sprite, FRAGMENT minecraft:core/animate_sprite_blit. Log output: WARNING: Output of vertex shader '_interface_variable_00' not read by fragment shader

[15:00:58] [Render thread/INFO]: Info log when linking program containing VERTEX minecraft:core/terrain, FRAGMENT minecraft:core/terrain. Log output: WARNING: Output of vertex shader '_interface_variable_01' not read by fragment shader
WARNING: Output of vertex shader '_interface_variable_00' not read by fragment shader
WARNING: Output of vertex shader '_interface_variable_04' not read by fragment shader

[15:00:58] [Render thread/INFO]: Info log when linking program containing VERTEX minecraft:core/entity, FRAGMENT minecraft:core/entity. Log output: WARNING: Output of vertex shader '_interface_variable_01' not read by fragment shader
WARNING: Output of vertex shader '_interface_variable_00' not read by fragment shader

[15:00:58] [Render thread/INFO]: Info log when linking program containing VERTEX minecraft:core/entity, FRAGMENT minecraft:core/entity. Log output: WARNING: Output of vertex shader '_interface_variable_01' not read by fragment shader
WARNING: Output of vertex shader '_interface_variable_00' not read by fragment shader

[15:00:58] [Render thread/INFO]: Info log when linking program containing VERTEX minecraft:core/clouds, FRAGMENT minecraft:core/clouds. Log output: WARNING: Output of vertex shader '_interface_variable_00' not read by fragment shader

[15:00:58] [Render thread/INFO]: Info log when linking program containing VERTEX minecraft:core/particle, FRAGMENT minecraft:core/particle. Log output: WARNING: Output of vertex shader '_interface_variable_01' not read by fragment shader
WARNING: Output of vertex shader '_interface_variable_00' not read by fragment shader

[15:00:58] [Render thread/INFO]: Info log when linking program containing VERTEX minecraft:core/entity, FRAGMENT minecraft:core/entity. Log output: WARNING: Output of vertex shader '_interface_variable_01' not read by fragment shader
WARNING: Output of vertex shader '_interface_variable_00' not read by fragment shader

[15:00:58] [Render thread/INFO]: Info log when linking program containing VERTEX minecraft:core/block, FRAGMENT minecraft:core/block. Log output: WARNING: Output of vertex shader '_interface_variable_01' not read by fragment shader
WARNING: Output of vertex shader '_interface_variable_00' not read by fragment shader

[15:00:58] [Render thread/INFO]: Info log when linking program containing VERTEX minecraft:core/screenquad, FRAGMENT minecraft:core/oit_depth_bounds_cull. Log output: WARNING: Output of vertex shader '_interface_variable_00' not read by fragment shader

[15:00:58] [Render thread/INFO]: Info log when linking program containing VERTEX minecraft:core/text, FRAGMENT minecraft:core/text. Log output: WARNING: Output of vertex shader '_interface_variable_01' not read by fragment shader
WARNING: Output of vertex shader '_interface_variable_00' not read by fragment shader

[15:00:58] [Render thread/INFO]: Info log when linking program containing VERTEX minecraft:core/text, FRAGMENT minecraft:core/text. Log output: WARNING: Output of vertex shader '_interface_variable_01' not read by fragment shader
WARNING: Output of vertex shader '_interface_variable_00' not read by fragment shader

[15:00:58] [Render thread/INFO]: Info log when linking program containing VERTEX minecraft:core/text, FRAGMENT minecraft:core/text. Log output: WARNING: Output of vertex shader '_interface_variable_01' not read by fragment shader
WARNING: Output of vertex shader '_interface_variable_00' not read by fragment shader

[15:00:58] [Render thread/INFO]: Info log when linking program containing VERTEX minecraft:core/terrain, FRAGMENT minecraft:core/terrain. Log output: WARNING: Output of vertex shader '_interface_variable_01' not read by fragment shader
WARNING: Output of vertex shader '_interface_variable_00' not read by fragment shader
WARNING: Output of vertex shader '_interface_variable_04' not read by fragment shader

[15:00:58] [Render thread/INFO]: Info log when linking program containing VERTEX minecraft:core/entity, FRAGMENT minecraft:core/entity. Log output: WARNING: Output of vertex shader '_interface_variable_01' not read by fragment shader
WARNING: Output of vertex shader '_interface_variable_00' not read by fragment shader

[15:00:58] [Render thread/INFO]: Info log when linking program containing VERTEX minecraft:core/text, FRAGMENT minecraft:core/text. Log output: WARNING: Output of vertex shader '_interface_variable_01' not read by fragment shader
WARNING: Output of vertex shader '_interface_variable_00' not read by fragment shader

[15:00:58] [Render thread/INFO]: Info log when linking program containing VERTEX minecraft:core/rendertype_lines, FRAGMENT minecraft:core/rendertype_lines. Log output: WARNING: Output of vertex shader '_interface_variable_01' not read by fragment shader
WARNING: Output of vertex shader '_interface_variable_00' not read by fragment shader

[15:00:58] [Render thread/INFO]: Info log when linking program containing VERTEX minecraft:core/clouds, FRAGMENT minecraft:core/clouds. Log output: WARNING: Output of vertex shader '_interface_variable_00' not read by fragment shader

[15:00:58] [Render thread/INFO]: Info log when linking program containing VERTEX minecraft:core/rendertype_entity_shadow, FRAGMENT minecraft:core/rendertype_entity_shadow. Log output: WARNING: Output of vertex shader '_interface_variable_01' not read by fragment shader
WARNING: Output of vertex shader '_interface_variable_00' not read by fragment shader

[15:00:58] [Render thread/INFO]: Info log when linking program containing VERTEX minecraft:core/entity, FRAGMENT minecraft:core/entity. Log output: WARNING: Output of vertex shader '_interface_variable_01' not read by fragment shader
WARNING: Output of vertex shader '_interface_variable_00' not read by fragment shader

[15:00:58] [Render thread/INFO]: Info log when linking program containing VERTEX minecraft:core/particle, FRAGMENT minecraft:core/particle. Log output: WARNING: Output of vertex shader '_interface_variable_01' not read by fragment shader
WARNING: Output of vertex shader '_interface_variable_00' not read by fragment shader

[15:00:58] [Render thread/INFO]: Info log when linking program containing VERTEX minecraft:core/entity, FRAGMENT minecraft:core/entity. Log output: WARNING: Output of vertex shader '_interface_variable_01' not read by fragment shader
WARNING: Output of vertex shader '_interface_variable_00' not read by fragment shader

[15:00:58] [Render thread/INFO]: Info log when linking program containing VERTEX minecraft:core/entity, FRAGMENT minecraft:core/entity. Log output: WARNING: Output of vertex shader '_interface_variable_01' not read by fragment shader
WARNING: Output of vertex shader '_interface_variable_00' not read by fragment shader

[15:00:58] [Render thread/INFO]: Info log when linking program containing VERTEX minecraft:core/particle, FRAGMENT minecraft:core/particle. Log output: WARNING: Output of vertex shader '_interface_variable_01' not read by fragment shader
WARNING: Output of vertex shader '_interface_variable_00' not read by fragment shader

[15:00:58] [Render thread/INFO]: Info log when linking program containing VERTEX minecraft:core/text, FRAGMENT minecraft:core/text. Log output: WARNING: Output of vertex shader '_interface_variable_01' not read by fragment shader
WARNING: Output of vertex shader '_interface_variable_00' not read by fragment shader

[15:00:58] [Render thread/INFO]: Info log when linking program containing VERTEX minecraft:core/rendertype_crumbling, FRAGMENT minecraft:core/rendertype_crumbling. Log output: WARNING: Output of vertex shader '_interface_variable_01' not read by fragment shader
WARNING: Output of vertex shader '_interface_variable_00' not read by fragment shader

[15:00:58] [Render thread/INFO]: Info log when linking program containing VERTEX minecraft:core/text, FRAGMENT minecraft:core/text. Log output: WARNING: Output of vertex shader '_interface_variable_01' not read by fragment shader
WARNING: Output of vertex shader '_interface_variable_00' not read by fragment shader

[15:00:58] [Render thread/INFO]: Info log when linking program containing VERTEX minecraft:core/entity, FRAGMENT minecraft:core/entity. Log output: WARNING: Output of vertex shader '_interface_variable_01' not read by fragment shader
WARNING: Output of vertex shader '_interface_variable_00' not read by fragment shader

[15:00:58] [Render thread/INFO]: OpenAL initialized on device Mac mini扬声器
[15:00:58] [Render thread/INFO]: Sound engine started
[15:00:58] [Render thread/INFO]: Created: 512x256x0 minecraft:textures/atlas/particles.png-atlas
[15:00:58] [Render thread/INFO]: Created: 256x128x0 minecraft:textures/atlas/celestials.png-atlas
[15:00:58] [Render thread/INFO]: Created: 128x128x0 minecraft:textures/atlas/decorated_pot.png-atlas
[15:00:58] [Render thread/INFO]: Created: 512x256x0 minecraft:textures/atlas/paintings.png-atlas
[15:00:58] [Render thread/INFO]: Created: 1024x512x0 minecraft:textures/atlas/shield_patterns.png-atlas
[15:00:58] [Render thread/INFO]: Created: 1024x512x0 minecraft:textures/atlas/banner_patterns.png-atlas
[15:00:58] [Render thread/INFO]: Created: 2048x2048x4 minecraft:textures/atlas/blocks.png-atlas
[15:00:58] [Render thread/INFO]: Created: 1024x512x0 minecraft:textures/atlas/items.png-atlas
[15:00:58] [Render thread/INFO]: Created: 1024x1024x0 minecraft:textures/atlas/gui.png-atlas
[15:00:58] [Render thread/INFO]: Created: 128x64x0 minecraft:textures/atlas/map_decorations.png-atlas
[15:00:58] [Render thread/INFO]: Created: 512x512x0 minecraft:textures/atlas/chest.png-atlas
[15:00:58] [Render thread/INFO]: Created: 512x512x0 minecraft:textures/atlas/shulker_boxes.png-atlas
[15:00:58] [Test thread/INFO]: [STDOUT]: WILDCRAFT P4B native pot/menu/consumption/bowl, real expiry, pause, finite freezing/leather/fire, focus, dimension/reload/death passed
[15:01:00] [Render thread/INFO]: Reloading ResourceManager: vanilla, vanilla, fabric-advancement-api-v1, fabric-api, fabric-api-base, fabric-api-lookup-api-v1, fabric-biome-api-v1, fabric-block-api-v1, fabric-block-getter-api-v2, fabric-client-gametest-api-v1, fabric-command-api-v2, fabric-content-registries-v0, fabric-convention-tags-v2, fabric-crash-report-info-v1, fabric-creative-tab-api-v1, fabric-data-attachment-api-v1, fabric-data-generation-api-v1, fabric-debug-api-v1, fabric-dimensions-v1, fabric-entity-events-v1, fabric-events-interaction-v0, fabric-game-rule-api-v1, fabric-gametest-api-v1, fabric-item-api-v1, fabric-key-mapping-api-v1, fabric-lifecycle-events-v1, fabric-loot-api-v3, fabric-menu-api-v1, fabric-message-api-v1, fabric-model-loading-api-v1, fabric-networking-api-v1, fabric-object-builder-api-v1, fabric-particles-v1, fabric-permission-api-v1, fabric-recipe-api-v1, fabric-registry-sync-v0, fabric-renderer-api-v1, fabric-renderer-indigo, fabric-rendering-fluids-v1, fabric-rendering-v1, fabric-resource-conditions-api-v1, fabric-resource-loader-v0, fabric-resource-loader-v1, fabric-screen-api-v1, fabric-serialization-api-v1, fabric-sound-api-v1, fabric-tag-api-v1, fabric-transfer-api-v1, fabric-transitive-access-wideners-v1, fabricloader, wildcraft, wildcraft-test
[15:01:00] [Worker-Main-3/INFO]: Found unifont_pua-17.0.01.hex, loading
[15:01:00] [Worker-Main-5/INFO]: Found unifont_all_no_pua-17.0.01.hex, loading
[15:01:00] [Render thread/INFO]: Info log when linking program containing VERTEX minecraft:core/rendertype_crumbling, FRAGMENT minecraft:core/rendertype_crumbling. Log output: WARNING: Output of vertex shader '_interface_variable_01' not read by fragment shader
WARNING: Output of vertex shader '_interface_variable_00' not read by fragment shader

[15:01:00] [Render thread/INFO]: Info log when linking program containing VERTEX minecraft:core/terrain, FRAGMENT minecraft:core/terrain. Log output: WARNING: Output of vertex shader '_interface_variable_01' not read by fragment shader
WARNING: Output of vertex shader '_interface_variable_00' not read by fragment shader
WARNING: Output of vertex shader '_interface_variable_04' not read by fragment shader

[15:01:00] [Render thread/INFO]: Info log when linking program containing VERTEX minecraft:core/entity, FRAGMENT minecraft:core/entity. Log output: WARNING: Output of vertex shader '_interface_variable_01' not read by fragment shader
WARNING: Output of vertex shader '_interface_variable_00' not read by fragment shader

[15:01:00] [Render thread/INFO]: Info log when linking program containing VERTEX minecraft:core/rendertype_lines, FRAGMENT minecraft:core/rendertype_lines. Log output: WARNING: Output of vertex shader '_interface_variable_01' not read by fragment shader
WARNING: Output of vertex shader '_interface_variable_00' not read by fragment shader

[15:01:00] [Render thread/INFO]: Info log when linking program containing VERTEX minecraft:core/terrain, FRAGMENT minecraft:core/terrain. Log output: WARNING: Output of vertex shader '_interface_variable_01' not read by fragment shader
WARNING: Output of vertex shader '_interface_variable_00' not read by fragment shader
WARNING: Output of vertex shader '_interface_variable_04' not read by fragment shader

[15:01:00] [Render thread/INFO]: Info log when linking program containing VERTEX minecraft:core/text, FRAGMENT minecraft:core/text. Log output: WARNING: Output of vertex shader '_interface_variable_01' not read by fragment shader
WARNING: Output of vertex shader '_interface_variable_00' not read by fragment shader

[15:01:00] [Render thread/INFO]: Info log when linking program containing VERTEX minecraft:core/text, FRAGMENT minecraft:core/text. Log output: WARNING: Output of vertex shader '_interface_variable_01' not read by fragment shader
WARNING: Output of vertex shader '_interface_variable_00' not read by fragment shader

[15:01:00] [Render thread/INFO]: Info log when linking program containing VERTEX minecraft:core/entity, FRAGMENT minecraft:core/entity. Log output: WARNING: Output of vertex shader '_interface_variable_01' not read by fragment shader
WARNING: Output of vertex shader '_interface_variable_00' not read by fragment shader

[15:01:01] [Render thread/INFO]: Info log when linking program containing VERTEX minecraft:core/entity, FRAGMENT minecraft:core/entity. Log output: WARNING: Output of vertex shader '_interface_variable_01' not read by fragment shader
WARNING: Output of vertex shader '_interface_variable_00' not read by fragment shader

[15:01:01] [Render thread/INFO]: Info log when linking program containing VERTEX minecraft:core/block, FRAGMENT minecraft:core/block. Log output: WARNING: Output of vertex shader '_interface_variable_01' not read by fragment shader
WARNING: Output of vertex shader '_interface_variable_00' not read by fragment shader

[15:01:01] [Worker-Main-5/INFO]: Found unifont_jp_patch-17.0.01.hex, loading
[15:01:01] [Render thread/INFO]: Info log when linking program containing VERTEX minecraft:core/rendertype_entity_shadow, FRAGMENT minecraft:core/rendertype_entity_shadow. Log output: WARNING: Output of vertex shader '_interface_variable_01' not read by fragment shader
WARNING: Output of vertex shader '_interface_variable_00' not read by fragment shader

[15:01:01] [Render thread/INFO]: Info log when linking program containing VERTEX minecraft:core/particle, FRAGMENT minecraft:core/particle. Log output: WARNING: Output of vertex shader '_interface_variable_01' not read by fragment shader
WARNING: Output of vertex shader '_interface_variable_00' not read by fragment shader

[15:01:01] [Render thread/INFO]: Info log when linking program containing VERTEX minecraft:core/screenquad, FRAGMENT minecraft:core/oit_composite. Log output: WARNING: Output of vertex shader '_interface_variable_00' not read by fragment shader

[15:01:01] [Render thread/INFO]: Info log when linking program containing VERTEX minecraft:core/screenquad, FRAGMENT minecraft:core/integrate_depth. Log output: WARNING: Output of vertex shader '_interface_variable_00' not read by fragment shader

[15:01:01] [Render thread/INFO]: Info log when linking program containing VERTEX minecraft:core/terrain, FRAGMENT minecraft:core/terrain. Log output: WARNING: Output of vertex shader '_interface_variable_01' not read by fragment shader
WARNING: Output of vertex shader '_interface_variable_00' not read by fragment shader
WARNING: Output of vertex shader '_interface_variable_04' not read by fragment shader

[15:01:01] [Render thread/INFO]: Info log when linking program containing VERTEX minecraft:core/entity, FRAGMENT minecraft:core/entity. Log output: WARNING: Output of vertex shader '_interface_variable_01' not read by fragment shader
WARNING: Output of vertex shader '_interface_variable_00' not read by fragment shader

[15:01:01] [Render thread/INFO]: Info log when linking program containing VERTEX minecraft:core/animate_sprite, FRAGMENT minecraft:core/animate_sprite_blit. Log output: WARNING: Output of vertex shader '_interface_variable_00' not read by fragment shader

[15:01:01] [Render thread/INFO]: Info log when linking program containing VERTEX minecraft:core/entity, FRAGMENT minecraft:core/entity. Log output: WARNING: Output of vertex shader '_interface_variable_01' not read by fragment shader
WARNING: Output of vertex shader '_interface_variable_00' not read by fragment shader

[15:01:01] [Render thread/INFO]: Info log when linking program containing VERTEX minecraft:core/entity, FRAGMENT minecraft:core/entity. Log output: WARNING: Output of vertex shader '_interface_variable_01' not read by fragment shader
WARNING: Output of vertex shader '_interface_variable_00' not read by fragment shader

[15:01:01] [Render thread/INFO]: Info log when linking program containing VERTEX minecraft:core/clouds, FRAGMENT minecraft:core/clouds. Log output: WARNING: Output of vertex shader '_interface_variable_00' not read by fragment shader

[15:01:01] [Render thread/INFO]: Info log when linking program containing VERTEX minecraft:core/particle, FRAGMENT minecraft:core/particle. Log output: WARNING: Output of vertex shader '_interface_variable_01' not read by fragment shader
WARNING: Output of vertex shader '_interface_variable_00' not read by fragment shader

[15:01:01] [Render thread/INFO]: Info log when linking program containing VERTEX minecraft:core/entity, FRAGMENT minecraft:core/entity. Log output: WARNING: Output of vertex shader '_interface_variable_01' not read by fragment shader
WARNING: Output of vertex shader '_interface_variable_00' not read by fragment shader

[15:01:01] [Render thread/INFO]: Info log when linking program containing VERTEX minecraft:core/screenquad, FRAGMENT minecraft:core/oit_depth_bounds_cull. Log output: WARNING: Output of vertex shader '_interface_variable_00' not read by fragment shader

[15:01:01] [Render thread/INFO]: Info log when linking program containing VERTEX minecraft:core/block, FRAGMENT minecraft:core/block. Log output: WARNING: Output of vertex shader '_interface_variable_01' not read by fragment shader
WARNING: Output of vertex shader '_interface_variable_00' not read by fragment shader

[15:01:01] [Render thread/INFO]: Info log when linking program containing VERTEX minecraft:core/text, FRAGMENT minecraft:core/text. Log output: WARNING: Output of vertex shader '_interface_variable_01' not read by fragment shader
WARNING: Output of vertex shader '_interface_variable_00' not read by fragment shader

[15:01:01] [Render thread/INFO]: Info log when linking program containing VERTEX minecraft:core/entity, FRAGMENT minecraft:core/entity. Log output: WARNING: Output of vertex shader '_interface_variable_01' not read by fragment shader
WARNING: Output of vertex shader '_interface_variable_00' not read by fragment shader

[15:01:01] [Render thread/INFO]: Info log when linking program containing VERTEX minecraft:core/text, FRAGMENT minecraft:core/text. Log output: WARNING: Output of vertex shader '_interface_variable_01' not read by fragment shader
WARNING: Output of vertex shader '_interface_variable_00' not read by fragment shader

[15:01:01] [Render thread/INFO]: Info log when linking program containing VERTEX minecraft:core/text, FRAGMENT minecraft:core/text. Log output: WARNING: Output of vertex shader '_interface_variable_01' not read by fragment shader
WARNING: Output of vertex shader '_interface_variable_00' not read by fragment shader

[15:01:01] [Render thread/INFO]: Info log when linking program containing VERTEX minecraft:core/text, FRAGMENT minecraft:core/text. Log output: WARNING: Output of vertex shader '_interface_variable_01' not read by fragment shader
WARNING: Output of vertex shader '_interface_variable_00' not read by fragment shader

[15:01:01] [Render thread/INFO]: Info log when linking program containing VERTEX minecraft:core/rendertype_lines, FRAGMENT minecraft:core/rendertype_lines. Log output: WARNING: Output of vertex shader '_interface_variable_01' not read by fragment shader
WARNING: Output of vertex shader '_interface_variable_00' not read by fragment shader

[15:01:01] [Render thread/INFO]: Info log when linking program containing VERTEX minecraft:core/clouds, FRAGMENT minecraft:core/clouds. Log output: WARNING: Output of vertex shader '_interface_variable_00' not read by fragment shader

[15:01:01] [Render thread/INFO]: Info log when linking program containing VERTEX minecraft:core/rendertype_entity_shadow, FRAGMENT minecraft:core/rendertype_entity_shadow. Log output: WARNING: Output of vertex shader '_interface_variable_01' not read by fragment shader
WARNING: Output of vertex shader '_interface_variable_00' not read by fragment shader

[15:01:01] [Render thread/INFO]: Info log when linking program containing VERTEX minecraft:core/terrain, FRAGMENT minecraft:core/terrain. Log output: WARNING: Output of vertex shader '_interface_variable_01' not read by fragment shader
WARNING: Output of vertex shader '_interface_variable_00' not read by fragment shader
WARNING: Output of vertex shader '_interface_variable_04' not read by fragment shader

[15:01:01] [Render thread/INFO]: Info log when linking program containing VERTEX minecraft:core/entity, FRAGMENT minecraft:core/entity. Log output: WARNING: Output of vertex shader '_interface_variable_01' not read by fragment shader
WARNING: Output of vertex shader '_interface_variable_00' not read by fragment shader

[15:01:01] [Render thread/INFO]: Info log when linking program containing VERTEX minecraft:core/particle, FRAGMENT minecraft:core/particle. Log output: WARNING: Output of vertex shader '_interface_variable_01' not read by fragment shader
WARNING: Output of vertex shader '_interface_variable_00' not read by fragment shader

[15:01:01] [Render thread/INFO]: Info log when linking program containing VERTEX minecraft:core/entity, FRAGMENT minecraft:core/entity. Log output: WARNING: Output of vertex shader '_interface_variable_01' not read by fragment shader
WARNING: Output of vertex shader '_interface_variable_00' not read by fragment shader

[15:01:01] [Render thread/INFO]: Info log when linking program containing VERTEX minecraft:core/entity, FRAGMENT minecraft:core/entity. Log output: WARNING: Output of vertex shader '_interface_variable_01' not read by fragment shader
WARNING: Output of vertex shader '_interface_variable_00' not read by fragment shader

[15:01:01] [Render thread/INFO]: Info log when linking program containing VERTEX minecraft:core/text, FRAGMENT minecraft:core/text. Log output: WARNING: Output of vertex shader '_interface_variable_01' not read by fragment shader
WARNING: Output of vertex shader '_interface_variable_00' not read by fragment shader

[15:01:01] [Render thread/INFO]: Info log when linking program containing VERTEX minecraft:core/rendertype_crumbling, FRAGMENT minecraft:core/rendertype_crumbling. Log output: WARNING: Output of vertex shader '_interface_variable_01' not read by fragment shader
WARNING: Output of vertex shader '_interface_variable_00' not read by fragment shader

[15:01:01] [Render thread/INFO]: Info log when linking program containing VERTEX minecraft:core/particle, FRAGMENT minecraft:core/particle. Log output: WARNING: Output of vertex shader '_interface_variable_01' not read by fragment shader
WARNING: Output of vertex shader '_interface_variable_00' not read by fragment shader

[15:01:01] [Render thread/INFO]: Info log when linking program containing VERTEX minecraft:core/entity, FRAGMENT minecraft:core/entity. Log output: WARNING: Output of vertex shader '_interface_variable_01' not read by fragment shader
WARNING: Output of vertex shader '_interface_variable_00' not read by fragment shader

[15:01:01] [Render thread/INFO]: Info log when linking program containing VERTEX minecraft:core/text, FRAGMENT minecraft:core/text. Log output: WARNING: Output of vertex shader '_interface_variable_01' not read by fragment shader
WARNING: Output of vertex shader '_interface_variable_00' not read by fragment shader

[15:01:01] [Render thread/INFO]: OpenAL initialized on device Mac mini扬声器
[15:01:01] [Render thread/INFO]: Sound engine started
[15:01:01] [Render thread/INFO]: Created: 512x256x0 minecraft:textures/atlas/particles.png-atlas
[15:01:01] [Render thread/INFO]: Created: 256x128x0 minecraft:textures/atlas/celestials.png-atlas
[15:01:01] [Render thread/INFO]: Created: 128x128x0 minecraft:textures/atlas/decorated_pot.png-atlas
[15:01:01] [Render thread/INFO]: Created: 512x256x0 minecraft:textures/atlas/paintings.png-atlas
[15:01:01] [Render thread/INFO]: Created: 1024x512x0 minecraft:textures/atlas/shield_patterns.png-atlas
[15:01:01] [Render thread/INFO]: Created: 1024x512x0 minecraft:textures/atlas/banner_patterns.png-atlas
[15:01:01] [Render thread/INFO]: Created: 2048x2048x4 minecraft:textures/atlas/blocks.png-atlas
[15:01:01] [Render thread/INFO]: Created: 1024x512x0 minecraft:textures/atlas/items.png-atlas
[15:01:01] [Render thread/INFO]: Created: 1024x1024x0 minecraft:textures/atlas/gui.png-atlas
[15:01:01] [Render thread/INFO]: Created: 128x64x0 minecraft:textures/atlas/map_decorations.png-atlas
[15:01:01] [Render thread/INFO]: Created: 512x512x0 minecraft:textures/atlas/chest.png-atlas
[15:01:01] [Render thread/INFO]: Created: 512x512x0 minecraft:textures/atlas/shulker_boxes.png-atlas
[15:01:04] [Worker-Main-5/INFO]: Loaded 1872 advancements
[15:01:04] [Render thread/INFO]: World loading finished: null screen: net.minecraft.client.gui.screens.GenericMessageScreen@11df1c4f
[15:01:04] [Render thread/INFO]: Applied 0 biome modifications to 0 of 67 new biomes in 144.7 μs
[15:01:04] [Server thread/INFO]: Starting integrated minecraft server version 26.3
[15:01:04] [Server thread/INFO]: Generating keypair
[15:01:04] [Server thread/INFO]: Selecting global world spawn...
[15:01:04] [Server thread/INFO]: Loading 0 persistent chunks...
[15:01:04] [Server thread/INFO]: 准备生成区域中：16%
[15:01:04] [Server thread/INFO]: Saving chunks for level 'ServerLevel[新的世界]'/minecraft:overworld
[15:01:04] [Server thread/INFO]: Saving chunks for level 'ServerLevel[新的世界]'/minecraft:the_end
[15:01:04] [Server thread/INFO]: Saving chunks for level 'ServerLevel[新的世界]'/minecraft:the_nether
[15:01:04] [Render thread/INFO]: World loading finished: null screen: net.minecraft.client.gui.screens.LevelLoadingScreen@4142ce98
[15:01:04] [Render thread/INFO]: World loading finished: null screen: net.minecraft.client.gui.screens.LevelLoadingScreen@4142ce98
[15:01:04] [Render thread/INFO]: World loading finished: null screen: net.minecraft.client.gui.screens.LevelLoadingScreen@4142ce98
[15:01:04] [Render thread/INFO]: World loading finished: null screen: net.minecraft.client.gui.screens.LevelLoadingScreen@4142ce98
[15:01:04] [Server thread/INFO]: Loading 48 chunks for player spawn...
[15:01:04] [Render thread/INFO]: World loading finished: null screen: net.minecraft.client.gui.screens.LevelLoadingScreen@4142ce98
[15:01:04] [Render thread/INFO]: World loading finished: null screen: net.minecraft.client.gui.screens.LevelLoadingScreen@4142ce98
[15:01:04] [Server thread/INFO]: Time elapsed: 356 ms
[15:01:04] [Render thread/INFO]: World loading finished: null screen: net.minecraft.client.gui.screens.LevelLoadingScreen@4142ce98
[15:01:04] [Server thread/INFO]: Player413[local:E:dbf10037] logged in with entity id 111 at (0.5, -60.0, 0.5)
[15:01:04] [Server thread/INFO]: System chat: Player413加入了游戏
[15:01:04] [Server thread/INFO]: Changing view distance to 5, from 10
[15:01:04] [Server thread/INFO]: Changing simulation distance to 12, from 0
[15:01:04] [Render thread/INFO]: World loading finished: ClientLevel screen: net.minecraft.client.gui.screens.LevelLoadingScreen@4142ce98
[15:01:04] [Render thread/WARN]: Requested post effect does not exist: minecraft:end_of_frame
[15:01:04] [Render thread/INFO]: Loaded 2 advancements
[15:01:04] [Render thread/INFO]: World loading finished: ClientLevel screen: net.minecraft.client.gui.screens.LevelLoadingScreen@4142ce98
[15:01:04] [Render thread/INFO]: World loading finished: ClientLevel screen: net.minecraft.client.gui.screens.LevelLoadingScreen@4142ce98
[15:01:04] [Render thread/INFO]: World loading finished: ClientLevel screen: net.minecraft.client.gui.screens.LevelLoadingScreen@4142ce98
[15:01:04] [Render thread/INFO]: World loading finished: ClientLevel screen: net.minecraft.client.gui.screens.LevelLoadingScreen@4142ce98
[15:01:04] [Render thread/INFO]: World loading finished: ClientLevel screen: net.minecraft.client.gui.screens.LevelLoadingScreen@4142ce98
[15:01:04] [Render thread/INFO]: World loading finished: ClientLevel screen: net.minecraft.client.gui.screens.LevelLoadingScreen@4142ce98
[15:01:04] [Render thread/INFO]: World loading finished: ClientLevel screen: net.minecraft.client.gui.screens.LevelLoadingScreen@4142ce98
[15:01:04] [Render thread/INFO]: World loading finished: ClientLevel screen: net.minecraft.client.gui.screens.LevelLoadingScreen@4142ce98
[15:01:05] [Render thread/INFO]: World loading finished: ClientLevel screen: net.minecraft.client.gui.screens.LevelLoadingScreen@4142ce98
[15:01:05] [Render thread/INFO]: World loading finished: ClientLevel screen: net.minecraft.client.gui.screens.LevelLoadingScreen@4142ce98
[15:01:05] [Render thread/INFO]: World loading finished: ClientLevel screen: net.minecraft.client.gui.screens.LevelLoadingScreen@4142ce98
[15:01:05] [Render thread/INFO]: World loading finished: ClientLevel screen: net.minecraft.client.gui.screens.LevelLoadingScreen@4142ce98
[15:01:05] [Render thread/INFO]: World loading finished: ClientLevel screen: net.minecraft.client.gui.screens.LevelLoadingScreen@4142ce98
[15:01:05] [Render thread/INFO]: World loading finished: ClientLevel screen: net.minecraft.client.gui.screens.LevelLoadingScreen@4142ce98
[15:01:05] [Render thread/INFO]: World loading finished: ClientLevel screen: null
[15:01:05] [Render thread/INFO]: Loaded 3 advancements
[15:01:09] [Server thread/INFO]: Player413 lost connection: 连接中断
[15:01:09] [Server thread/INFO]: System chat: Player413退出了游戏
[15:01:09] [Server thread/INFO]: Stopping singleplayer server as player logged out
[15:01:09] [Server thread/INFO]: Stopping server
[15:01:09] [Server thread/INFO]: Saving players
[15:01:09] [Server thread/INFO]: Saving worlds
[15:01:09] [Server thread/INFO]: Saving chunks for level 'ServerLevel[新的世界]'/minecraft:overworld
[15:01:09] [Server thread/INFO]: Saving chunks for level 'ServerLevel[新的世界]'/minecraft:the_end
[15:01:09] [Server thread/INFO]: Saving chunks for level 'ServerLevel[新的世界]'/minecraft:the_nether
[15:01:09] [Render thread/INFO]: World loading finished: null screen: net.minecraft.client.gui.screens.GenericMessageScreen@1e52ceb
[15:01:09] [Worker-Main-5/INFO]: Loaded 1872 advancements
[15:01:09] [Render thread/INFO]: Applied 0 biome modifications to 0 of 67 new biomes in 258.4 μs
[15:01:09] [Server thread/INFO]: Starting integrated minecraft server version 26.3
[15:01:09] [Server thread/INFO]: Generating keypair
[15:01:09] [Server thread/INFO]: Loading 0 persistent chunks...
[15:01:09] [Server thread/INFO]: Saving chunks for level 'ServerLevel[新的世界]'/minecraft:overworld
[15:01:09] [Server thread/INFO]: Saving chunks for level 'ServerLevel[新的世界]'/minecraft:the_end
[15:01:09] [Server thread/INFO]: Saving chunks for level 'ServerLevel[新的世界]'/minecraft:the_nether
[15:01:09] [Render thread/INFO]: World loading finished: null screen: net.minecraft.client.gui.screens.LevelLoadingScreen@2466a002
[15:01:09] [Render thread/INFO]: World loading finished: null screen: net.minecraft.client.gui.screens.LevelLoadingScreen@2466a002
[15:01:09] [Render thread/INFO]: World loading finished: null screen: net.minecraft.client.gui.screens.LevelLoadingScreen@2466a002
[15:01:09] [Render thread/INFO]: World loading finished: null screen: net.minecraft.client.gui.screens.LevelLoadingScreen@2466a002
[15:01:09] [Server thread/INFO]: Loading 49 chunks for player spawn...
[15:01:09] [Server thread/INFO]: 准备生成区域中：16%
[15:01:09] [Render thread/INFO]: World loading finished: null screen: net.minecraft.client.gui.screens.LevelLoadingScreen@2466a002
[15:01:09] [Server thread/INFO]: Time elapsed: 269 ms
[15:01:10] [Render thread/INFO]: World loading finished: null screen: net.minecraft.client.gui.screens.LevelLoadingScreen@2466a002
[15:01:10] [Server thread/INFO]: Player413[local:E:a7e11776] logged in with entity id 112 at (0.5, 120.0, 0.5)
[15:01:10] [Server thread/INFO]: System chat: Player413加入了游戏
[15:01:10] [Server thread/INFO]: Changing view distance to 5, from 10
[15:01:10] [Server thread/INFO]: Changing simulation distance to 12, from 0
[15:01:10] [Render thread/INFO]: World loading finished: ClientLevel screen: net.minecraft.client.gui.screens.LevelLoadingScreen@2466a002
[15:01:10] [Render thread/INFO]: Loaded 3 advancements
[15:01:10] [Render thread/INFO]: World loading finished: ClientLevel screen: net.minecraft.client.gui.screens.LevelLoadingScreen@2466a002
[15:01:10] [Render thread/INFO]: World loading finished: ClientLevel screen: net.minecraft.client.gui.screens.LevelLoadingScreen@2466a002
[15:01:10] [Render thread/INFO]: World loading finished: ClientLevel screen: net.minecraft.client.gui.screens.LevelLoadingScreen@2466a002
[15:01:10] [Render thread/INFO]: World loading finished: ClientLevel screen: net.minecraft.client.gui.screens.LevelLoadingScreen@2466a002
[15:01:10] [Render thread/INFO]: World loading finished: ClientLevel screen: null
[15:01:11] [Server thread/INFO]: Player413 lost connection: 连接中断
[15:01:11] [Server thread/INFO]: System chat: Player413退出了游戏
[15:01:11] [Server thread/INFO]: Stopping singleplayer server as player logged out
[15:01:11] [Server thread/INFO]: Stopping server
[15:01:11] [Server thread/INFO]: Saving players
[15:01:11] [Server thread/INFO]: Saving worlds
[15:01:11] [Server thread/INFO]: Saving chunks for level 'ServerLevel[新的世界]'/minecraft:overworld
[15:01:11] [Server thread/INFO]: Saving chunks for level 'ServerLevel[新的世界]'/minecraft:the_end
[15:01:11] [Server thread/INFO]: Saving chunks for level 'ServerLevel[新的世界]'/minecraft:the_nether
[15:01:11] [Render thread/INFO]: Reloading ResourceManager: vanilla, vanilla, fabric-advancement-api-v1, fabric-api, fabric-api-base, fabric-api-lookup-api-v1, fabric-biome-api-v1, fabric-block-api-v1, fabric-block-getter-api-v2, fabric-client-gametest-api-v1, fabric-command-api-v2, fabric-content-registries-v0, fabric-convention-tags-v2, fabric-crash-report-info-v1, fabric-creative-tab-api-v1, fabric-data-attachment-api-v1, fabric-data-generation-api-v1, fabric-debug-api-v1, fabric-dimensions-v1, fabric-entity-events-v1, fabric-events-interaction-v0, fabric-game-rule-api-v1, fabric-gametest-api-v1, fabric-item-api-v1, fabric-key-mapping-api-v1, fabric-lifecycle-events-v1, fabric-loot-api-v3, fabric-menu-api-v1, fabric-message-api-v1, fabric-model-loading-api-v1, fabric-networking-api-v1, fabric-object-builder-api-v1, fabric-particles-v1, fabric-permission-api-v1, fabric-recipe-api-v1, fabric-registry-sync-v0, fabric-renderer-api-v1, fabric-renderer-indigo, fabric-rendering-fluids-v1, fabric-rendering-v1, fabric-resource-conditions-api-v1, fabric-resource-loader-v0, fabric-resource-loader-v1, fabric-screen-api-v1, fabric-serialization-api-v1, fabric-sound-api-v1, fabric-tag-api-v1, fabric-transfer-api-v1, fabric-transitive-access-wideners-v1, fabricloader, wildcraft, wildcraft-test
[15:01:11] [Worker-Main-3/INFO]: Found unifont_all_no_pua-17.0.01.hex, loading
[15:01:11] [Worker-Main-2/INFO]: Found unifont_pua-17.0.01.hex, loading
[15:01:11] [Render thread/INFO]: Info log when linking program containing VERTEX minecraft:core/terrain, FRAGMENT minecraft:core/terrain. Log output: WARNING: Output of vertex shader '_interface_variable_01' not read by fragment shader
WARNING: Output of vertex shader '_interface_variable_00' not read by fragment shader
WARNING: Output of vertex shader '_interface_variable_04' not read by fragment shader

[15:01:11] [Render thread/INFO]: Info log when linking program containing VERTEX minecraft:core/rendertype_crumbling, FRAGMENT minecraft:core/rendertype_crumbling. Log output: WARNING: Output of vertex shader '_interface_variable_01' not read by fragment shader
WARNING: Output of vertex shader '_interface_variable_00' not read by fragment shader

[15:01:11] [Render thread/INFO]: Info log when linking program containing VERTEX minecraft:core/entity, FRAGMENT minecraft:core/entity. Log output: WARNING: Output of vertex shader '_interface_variable_01' not read by fragment shader
WARNING: Output of vertex shader '_interface_variable_00' not read by fragment shader

[15:01:11] [Render thread/INFO]: Info log when linking program containing VERTEX minecraft:core/rendertype_lines, FRAGMENT minecraft:core/rendertype_lines. Log output: WARNING: Output of vertex shader '_interface_variable_01' not read by fragment shader
WARNING: Output of vertex shader '_interface_variable_00' not read by fragment shader

[15:01:11] [Worker-Main-3/INFO]: Found unifont_jp_patch-17.0.01.hex, loading
[15:01:11] [Render thread/INFO]: Info log when linking program containing VERTEX minecraft:core/entity, FRAGMENT minecraft:core/entity. Log output: WARNING: Output of vertex shader '_interface_variable_01' not read by fragment shader
WARNING: Output of vertex shader '_interface_variable_00' not read by fragment shader

[15:01:11] [Render thread/INFO]: Info log when linking program containing VERTEX minecraft:core/text, FRAGMENT minecraft:core/text. Log output: WARNING: Output of vertex shader '_interface_variable_01' not read by fragment shader
WARNING: Output of vertex shader '_interface_variable_00' not read by fragment shader

[15:01:11] [Render thread/INFO]: Info log when linking program containing VERTEX minecraft:core/terrain, FRAGMENT minecraft:core/terrain. Log output: WARNING: Output of vertex shader '_interface_variable_01' not read by fragment shader
WARNING: Output of vertex shader '_interface_variable_00' not read by fragment shader
WARNING: Output of vertex shader '_interface_variable_04' not read by fragment shader

[15:01:11] [Render thread/INFO]: Info log when linking program containing VERTEX minecraft:core/text, FRAGMENT minecraft:core/text. Log output: WARNING: Output of vertex shader '_interface_variable_01' not read by fragment shader
WARNING: Output of vertex shader '_interface_variable_00' not read by fragment shader

[15:01:11] [Render thread/INFO]: Info log when linking program containing VERTEX minecraft:core/entity, FRAGMENT minecraft:core/entity. Log output: WARNING: Output of vertex shader '_interface_variable_01' not read by fragment shader
WARNING: Output of vertex shader '_interface_variable_00' not read by fragment shader

[15:01:11] [Render thread/INFO]: Info log when linking program containing VERTEX minecraft:core/block, FRAGMENT minecraft:core/block. Log output: WARNING: Output of vertex shader '_interface_variable_01' not read by fragment shader
WARNING: Output of vertex shader '_interface_variable_00' not read by fragment shader

[15:01:11] [Render thread/INFO]: Info log when linking program containing VERTEX minecraft:core/particle, FRAGMENT minecraft:core/particle. Log output: WARNING: Output of vertex shader '_interface_variable_01' not read by fragment shader
WARNING: Output of vertex shader '_interface_variable_00' not read by fragment shader

[15:01:11] [Render thread/INFO]: Info log when linking program containing VERTEX minecraft:core/rendertype_entity_shadow, FRAGMENT minecraft:core/rendertype_entity_shadow. Log output: WARNING: Output of vertex shader '_interface_variable_01' not read by fragment shader
WARNING: Output of vertex shader '_interface_variable_00' not read by fragment shader

[15:01:11] [Render thread/INFO]: Info log when linking program containing VERTEX minecraft:core/screenquad, FRAGMENT minecraft:core/oit_composite. Log output: WARNING: Output of vertex shader '_interface_variable_00' not read by fragment shader

[15:01:11] [Render thread/INFO]: Info log when linking program containing VERTEX minecraft:core/screenquad, FRAGMENT minecraft:core/integrate_depth. Log output: WARNING: Output of vertex shader '_interface_variable_00' not read by fragment shader

[15:01:11] [Render thread/INFO]: Info log when linking program containing VERTEX minecraft:core/terrain, FRAGMENT minecraft:core/terrain. Log output: WARNING: Output of vertex shader '_interface_variable_01' not read by fragment shader
WARNING: Output of vertex shader '_interface_variable_00' not read by fragment shader
WARNING: Output of vertex shader '_interface_variable_04' not read by fragment shader

[15:01:11] [Render thread/INFO]: Info log when linking program containing VERTEX minecraft:core/entity, FRAGMENT minecraft:core/entity. Log output: WARNING: Output of vertex shader '_interface_variable_01' not read by fragment shader
WARNING: Output of vertex shader '_interface_variable_00' not read by fragment shader

[15:01:11] [Render thread/INFO]: Info log when linking program containing VERTEX minecraft:core/animate_sprite, FRAGMENT minecraft:core/animate_sprite_blit. Log output: WARNING: Output of vertex shader '_interface_variable_00' not read by fragment shader

[15:01:11] [Render thread/INFO]: Info log when linking program containing VERTEX minecraft:core/entity, FRAGMENT minecraft:core/entity. Log output: WARNING: Output of vertex shader '_interface_variable_01' not read by fragment shader
WARNING: Output of vertex shader '_interface_variable_00' not read by fragment shader

[15:01:11] [Render thread/INFO]: Info log when linking program containing VERTEX minecraft:core/entity, FRAGMENT minecraft:core/entity. Log output: WARNING: Output of vertex shader '_interface_variable_01' not read by fragment shader
WARNING: Output of vertex shader '_interface_variable_00' not read by fragment shader

[15:01:11] [Render thread/INFO]: Info log when linking program containing VERTEX minecraft:core/clouds, FRAGMENT minecraft:core/clouds. Log output: WARNING: Output of vertex shader '_interface_variable_00' not read by fragment shader

[15:01:11] [Render thread/INFO]: Info log when linking program containing VERTEX minecraft:core/particle, FRAGMENT minecraft:core/particle. Log output: WARNING: Output of vertex shader '_interface_variable_01' not read by fragment shader
WARNING: Output of vertex shader '_interface_variable_00' not read by fragment shader

[15:01:11] [Render thread/INFO]: Info log when linking program containing VERTEX minecraft:core/entity, FRAGMENT minecraft:core/entity. Log output: WARNING: Output of vertex shader '_interface_variable_01' not read by fragment shader
WARNING: Output of vertex shader '_interface_variable_00' not read by fragment shader

[15:01:11] [Render thread/INFO]: Info log when linking program containing VERTEX minecraft:core/screenquad, FRAGMENT minecraft:core/oit_depth_bounds_cull. Log output: WARNING: Output of vertex shader '_interface_variable_00' not read by fragment shader

[15:01:11] [Render thread/INFO]: Info log when linking program containing VERTEX minecraft:core/block, FRAGMENT minecraft:core/block. Log output: WARNING: Output of vertex shader '_interface_variable_01' not read by fragment shader
WARNING: Output of vertex shader '_interface_variable_00' not read by fragment shader

[15:01:11] [Render thread/INFO]: Info log when linking program containing VERTEX minecraft:core/text, FRAGMENT minecraft:core/text. Log output: WARNING: Output of vertex shader '_interface_variable_01' not read by fragment shader
WARNING: Output of vertex shader '_interface_variable_00' not read by fragment shader

[15:01:11] [Render thread/INFO]: Info log when linking program containing VERTEX minecraft:core/text, FRAGMENT minecraft:core/text. Log output: WARNING: Output of vertex shader '_interface_variable_01' not read by fragment shader
WARNING: Output of vertex shader '_interface_variable_00' not read by fragment shader

[15:01:11] [Render thread/INFO]: Info log when linking program containing VERTEX minecraft:core/entity, FRAGMENT minecraft:core/entity. Log output: WARNING: Output of vertex shader '_interface_variable_01' not read by fragment shader
WARNING: Output of vertex shader '_interface_variable_00' not read by fragment shader

[15:01:11] [Render thread/INFO]: Info log when linking program containing VERTEX minecraft:core/text, FRAGMENT minecraft:core/text. Log output: WARNING: Output of vertex shader '_interface_variable_01' not read by fragment shader
WARNING: Output of vertex shader '_interface_variable_00' not read by fragment shader

[15:01:11] [Render thread/INFO]: Info log when linking program containing VERTEX minecraft:core/text, FRAGMENT minecraft:core/text. Log output: WARNING: Output of vertex shader '_interface_variable_01' not read by fragment shader
WARNING: Output of vertex shader '_interface_variable_00' not read by fragment shader

[15:01:11] [Render thread/INFO]: Info log when linking program containing VERTEX minecraft:core/clouds, FRAGMENT minecraft:core/clouds. Log output: WARNING: Output of vertex shader '_interface_variable_00' not read by fragment shader

[15:01:11] [Render thread/INFO]: Info log when linking program containing VERTEX minecraft:core/rendertype_lines, FRAGMENT minecraft:core/rendertype_lines. Log output: WARNING: Output of vertex shader '_interface_variable_01' not read by fragment shader
WARNING: Output of vertex shader '_interface_variable_00' not read by fragment shader

[15:01:11] [Render thread/INFO]: Info log when linking program containing VERTEX minecraft:core/terrain, FRAGMENT minecraft:core/terrain. Log output: WARNING: Output of vertex shader '_interface_variable_01' not read by fragment shader
WARNING: Output of vertex shader '_interface_variable_00' not read by fragment shader
WARNING: Output of vertex shader '_interface_variable_04' not read by fragment shader

[15:01:11] [Render thread/INFO]: Info log when linking program containing VERTEX minecraft:core/rendertype_entity_shadow, FRAGMENT minecraft:core/rendertype_entity_shadow. Log output: WARNING: Output of vertex shader '_interface_variable_01' not read by fragment shader
WARNING: Output of vertex shader '_interface_variable_00' not read by fragment shader

[15:01:11] [Render thread/INFO]: Info log when linking program containing VERTEX minecraft:core/entity, FRAGMENT minecraft:core/entity. Log output: WARNING: Output of vertex shader '_interface_variable_01' not read by fragment shader
WARNING: Output of vertex shader '_interface_variable_00' not read by fragment shader

[15:01:11] [Render thread/INFO]: Info log when linking program containing VERTEX minecraft:core/particle, FRAGMENT minecraft:core/particle. Log output: WARNING: Output of vertex shader '_interface_variable_01' not read by fragment shader
WARNING: Output of vertex shader '_interface_variable_00' not read by fragment shader

[15:01:11] [Render thread/INFO]: Info log when linking program containing VERTEX minecraft:core/entity, FRAGMENT minecraft:core/entity. Log output: WARNING: Output of vertex shader '_interface_variable_01' not read by fragment shader
WARNING: Output of vertex shader '_interface_variable_00' not read by fragment shader

[15:01:11] [Render thread/INFO]: Info log when linking program containing VERTEX minecraft:core/entity, FRAGMENT minecraft:core/entity. Log output: WARNING: Output of vertex shader '_interface_variable_01' not read by fragment shader
WARNING: Output of vertex shader '_interface_variable_00' not read by fragment shader

[15:01:11] [Render thread/INFO]: Info log when linking program containing VERTEX minecraft:core/text, FRAGMENT minecraft:core/text. Log output: WARNING: Output of vertex shader '_interface_variable_01' not read by fragment shader
WARNING: Output of vertex shader '_interface_variable_00' not read by fragment shader

[15:01:11] [Render thread/INFO]: Info log when linking program containing VERTEX minecraft:core/rendertype_crumbling, FRAGMENT minecraft:core/rendertype_crumbling. Log output: WARNING: Output of vertex shader '_interface_variable_01' not read by fragment shader
WARNING: Output of vertex shader '_interface_variable_00' not read by fragment shader

[15:01:11] [Render thread/INFO]: Info log when linking program containing VERTEX minecraft:core/particle, FRAGMENT minecraft:core/particle. Log output: WARNING: Output of vertex shader '_interface_variable_01' not read by fragment shader
WARNING: Output of vertex shader '_interface_variable_00' not read by fragment shader

[15:01:11] [Render thread/INFO]: Info log when linking program containing VERTEX minecraft:core/text, FRAGMENT minecraft:core/text. Log output: WARNING: Output of vertex shader '_interface_variable_01' not read by fragment shader
WARNING: Output of vertex shader '_interface_variable_00' not read by fragment shader

[15:01:11] [Render thread/INFO]: Info log when linking program containing VERTEX minecraft:core/entity, FRAGMENT minecraft:core/entity. Log output: WARNING: Output of vertex shader '_interface_variable_01' not read by fragment shader
WARNING: Output of vertex shader '_interface_variable_00' not read by fragment shader

[15:01:11] [Render thread/INFO]: OpenAL initialized on device Mac mini扬声器
[15:01:11] [Render thread/INFO]: Sound engine started
[15:01:11] [Render thread/INFO]: Created: 512x256x0 minecraft:textures/atlas/particles.png-atlas
[15:01:11] [Render thread/INFO]: Created: 256x128x0 minecraft:textures/atlas/celestials.png-atlas
[15:01:11] [Render thread/INFO]: Created: 128x128x0 minecraft:textures/atlas/decorated_pot.png-atlas
[15:01:11] [Render thread/INFO]: Created: 512x256x0 minecraft:textures/atlas/paintings.png-atlas
[15:01:11] [Render thread/INFO]: Created: 1024x512x0 minecraft:textures/atlas/shield_patterns.png-atlas
[15:01:11] [Render thread/INFO]: Created: 1024x512x0 minecraft:textures/atlas/banner_patterns.png-atlas
[15:01:11] [Render thread/INFO]: Created: 2048x2048x4 minecraft:textures/atlas/blocks.png-atlas
[15:01:11] [Render thread/INFO]: Created: 1024x512x0 minecraft:textures/atlas/items.png-atlas
[15:01:11] [Render thread/INFO]: Created: 1024x1024x0 minecraft:textures/atlas/gui.png-atlas
[15:01:11] [Render thread/INFO]: Created: 128x64x0 minecraft:textures/atlas/map_decorations.png-atlas
[15:01:11] [Render thread/INFO]: Created: 512x512x0 minecraft:textures/atlas/chest.png-atlas
[15:01:11] [Render thread/INFO]: Created: 512x512x0 minecraft:textures/atlas/shulker_boxes.png-atlas
[15:01:12] [Test thread/INFO]: [STDOUT]: WILDCRAFT P5 native signal/carried-source rejection, charging/full UI, extracted finite cost, transfer/save/reload passed
[15:01:12] [Worker-Main-3/INFO]: Loaded 1872 advancements
[15:01:12] [Render thread/INFO]: World loading finished: null screen: net.minecraft.client.gui.screens.GenericMessageScreen@397ca2ba
[15:01:12] [Render thread/INFO]: Applied 0 biome modifications to 0 of 67 new biomes in 142.0 μs
[15:01:12] [Server thread/INFO]: Starting integrated minecraft server version 26.3
[15:01:12] [Server thread/INFO]: Generating keypair
[15:01:12] [Server thread/INFO]: Selecting global world spawn...
[15:01:12] [Server thread/INFO]: Loading 0 persistent chunks...
[15:01:12] [Server thread/INFO]: Preparing spawn area: 16%
[15:01:12] [Server thread/INFO]: Saving chunks for level 'ServerLevel[New World]'/minecraft:overworld
[15:01:12] [Server thread/INFO]: Saving chunks for level 'ServerLevel[New World]'/minecraft:the_end
[15:01:12] [Server thread/INFO]: Saving chunks for level 'ServerLevel[New World]'/minecraft:the_nether
[15:01:12] [Render thread/INFO]: World loading finished: null screen: net.minecraft.client.gui.screens.LevelLoadingScreen@2c831bd
[15:01:12] [Render thread/INFO]: World loading finished: null screen: net.minecraft.client.gui.screens.LevelLoadingScreen@2c831bd
[15:01:12] [Render thread/INFO]: World loading finished: null screen: net.minecraft.client.gui.screens.LevelLoadingScreen@2c831bd
[15:01:12] [Render thread/INFO]: World loading finished: null screen: net.minecraft.client.gui.screens.LevelLoadingScreen@2c831bd
[15:01:12] [Render thread/INFO]: World loading finished: null screen: net.minecraft.client.gui.screens.LevelLoadingScreen@2c831bd
[15:01:12] [Render thread/INFO]: World loading finished: null screen: net.minecraft.client.gui.screens.LevelLoadingScreen@2c831bd
[15:01:12] [Render thread/INFO]: World loading finished: null screen: net.minecraft.client.gui.screens.LevelLoadingScreen@2c831bd
[15:01:12] [Render thread/INFO]: World loading finished: null screen: net.minecraft.client.gui.screens.LevelLoadingScreen@2c831bd
[15:01:13] [Render thread/INFO]: World loading finished: null screen: net.minecraft.client.gui.screens.LevelLoadingScreen@2c831bd
[15:01:13] [Render thread/INFO]: World loading finished: null screen: net.minecraft.client.gui.screens.LevelLoadingScreen@2c831bd
[15:01:13] [Render thread/INFO]: World loading finished: null screen: net.minecraft.client.gui.screens.LevelLoadingScreen@2c831bd
[15:01:13] [Render thread/INFO]: World loading finished: null screen: net.minecraft.client.gui.screens.LevelLoadingScreen@2c831bd
[15:01:13] [Render thread/INFO]: World loading finished: null screen: net.minecraft.client.gui.screens.LevelLoadingScreen@2c831bd
[15:01:13] [Render thread/INFO]: World loading finished: null screen: net.minecraft.client.gui.screens.LevelLoadingScreen@2c831bd
[15:01:13] [Render thread/INFO]: World loading finished: null screen: net.minecraft.client.gui.screens.LevelLoadingScreen@2c831bd
[15:01:13] [Render thread/INFO]: World loading finished: null screen: net.minecraft.client.gui.screens.LevelLoadingScreen@2c831bd
[15:01:13] [Render thread/INFO]: World loading finished: null screen: net.minecraft.client.gui.screens.LevelLoadingScreen@2c831bd
[15:01:13] [Render thread/INFO]: World loading finished: null screen: net.minecraft.client.gui.screens.LevelLoadingScreen@2c831bd
[15:01:13] [Render thread/INFO]: World loading finished: null screen: net.minecraft.client.gui.screens.LevelLoadingScreen@2c831bd
[15:01:13] [Render thread/INFO]: World loading finished: null screen: net.minecraft.client.gui.screens.LevelLoadingScreen@2c831bd
[15:01:13] [Render thread/INFO]: World loading finished: null screen: net.minecraft.client.gui.screens.LevelLoadingScreen@2c831bd
[15:01:13] [Render thread/INFO]: World loading finished: null screen: net.minecraft.client.gui.screens.LevelLoadingScreen@2c831bd
[15:01:13] [Render thread/INFO]: World loading finished: null screen: net.minecraft.client.gui.screens.LevelLoadingScreen@2c831bd
[15:01:13] [Render thread/INFO]: World loading finished: null screen: net.minecraft.client.gui.screens.LevelLoadingScreen@2c831bd
[15:01:13] [Render thread/INFO]: World loading finished: null screen: net.minecraft.client.gui.screens.LevelLoadingScreen@2c831bd
[15:01:13] [Render thread/INFO]: World loading finished: null screen: net.minecraft.client.gui.screens.LevelLoadingScreen@2c831bd
[15:01:13] [Render thread/INFO]: World loading finished: null screen: net.minecraft.client.gui.screens.LevelLoadingScreen@2c831bd
[15:01:13] [Render thread/INFO]: World loading finished: null screen: net.minecraft.client.gui.screens.LevelLoadingScreen@2c831bd
[15:01:14] [Render thread/INFO]: World loading finished: null screen: net.minecraft.client.gui.screens.LevelLoadingScreen@2c831bd
[15:01:14] [Render thread/INFO]: World loading finished: null screen: net.minecraft.client.gui.screens.LevelLoadingScreen@2c831bd
[15:01:14] [Render thread/INFO]: World loading finished: null screen: net.minecraft.client.gui.screens.LevelLoadingScreen@2c831bd
[15:01:14] [Render thread/INFO]: World loading finished: null screen: net.minecraft.client.gui.screens.LevelLoadingScreen@2c831bd
[15:01:14] [Render thread/INFO]: World loading finished: null screen: net.minecraft.client.gui.screens.LevelLoadingScreen@2c831bd
[15:01:14] [Render thread/INFO]: World loading finished: null screen: net.minecraft.client.gui.screens.LevelLoadingScreen@2c831bd
[15:01:14] [Render thread/INFO]: World loading finished: null screen: net.minecraft.client.gui.screens.LevelLoadingScreen@2c831bd
[15:01:14] [Render thread/INFO]: World loading finished: null screen: net.minecraft.client.gui.screens.LevelLoadingScreen@2c831bd
[15:01:14] [Render thread/INFO]: World loading finished: null screen: net.minecraft.client.gui.screens.LevelLoadingScreen@2c831bd
[15:01:14] [Render thread/INFO]: World loading finished: null screen: net.minecraft.client.gui.screens.LevelLoadingScreen@2c831bd
[15:01:14] [Server thread/INFO]: Loading 48 chunks for player spawn...
[15:01:14] [Server thread/INFO]: Preparing spawn area: 16%
[15:01:14] [Render thread/INFO]: World loading finished: null screen: net.minecraft.client.gui.screens.LevelLoadingScreen@2c831bd
[15:01:14] [Server thread/INFO]: Preparing spawn area: 58%
[15:01:14] [Render thread/INFO]: World loading finished: null screen: net.minecraft.client.gui.screens.LevelLoadingScreen@2c831bd
[15:01:14] [Server thread/INFO]: Preparing spawn area: 100%
[15:01:14] [Server thread/INFO]: Time elapsed: 2059 ms
[15:01:14] [Render thread/INFO]: World loading finished: null screen: net.minecraft.client.gui.screens.LevelLoadingScreen@2c831bd
[15:01:14] [Server thread/INFO]: Player413[local:E:77af02d2] logged in with entity id 113 at (0.5, -60.0, 0.5)
[15:01:14] [Server thread/INFO]: System chat: Player413 joined the game
[15:01:14] [Server thread/INFO]: Changing view distance to 5, from 10
[15:01:14] [Server thread/INFO]: Changing simulation distance to 12, from 0
[15:01:14] [Render thread/INFO]: World loading finished: ClientLevel screen: net.minecraft.client.gui.screens.LevelLoadingScreen@2c831bd
[15:01:14] [Render thread/WARN]: Requested post effect does not exist: minecraft:end_of_frame
[15:01:14] [Render thread/INFO]: Loaded 2 advancements
[15:01:14] [Render thread/INFO]: World loading finished: ClientLevel screen: net.minecraft.client.gui.screens.LevelLoadingScreen@2c831bd
[15:01:14] [Render thread/INFO]: World loading finished: ClientLevel screen: net.minecraft.client.gui.screens.LevelLoadingScreen@2c831bd
[15:01:14] [Render thread/INFO]: World loading finished: ClientLevel screen: net.minecraft.client.gui.screens.LevelLoadingScreen@2c831bd
[15:01:14] [Render thread/INFO]: World loading finished: ClientLevel screen: net.minecraft.client.gui.screens.LevelLoadingScreen@2c831bd
[15:01:14] [Render thread/INFO]: World loading finished: ClientLevel screen: net.minecraft.client.gui.screens.LevelLoadingScreen@2c831bd
[15:01:14] [Render thread/INFO]: World loading finished: ClientLevel screen: net.minecraft.client.gui.screens.LevelLoadingScreen@2c831bd
[15:01:15] [Render thread/INFO]: World loading finished: ClientLevel screen: net.minecraft.client.gui.screens.LevelLoadingScreen@2c831bd
[15:01:15] [Render thread/INFO]: World loading finished: ClientLevel screen: net.minecraft.client.gui.screens.LevelLoadingScreen@2c831bd
[15:01:15] [Render thread/INFO]: World loading finished: ClientLevel screen: net.minecraft.client.gui.screens.LevelLoadingScreen@2c831bd
[15:01:15] [Render thread/INFO]: World loading finished: ClientLevel screen: net.minecraft.client.gui.screens.LevelLoadingScreen@2c831bd
[15:01:15] [Render thread/INFO]: World loading finished: ClientLevel screen: net.minecraft.client.gui.screens.LevelLoadingScreen@2c831bd
[15:01:15] [Render thread/INFO]: World loading finished: ClientLevel screen: net.minecraft.client.gui.screens.LevelLoadingScreen@2c831bd
[15:01:15] [Render thread/INFO]: World loading finished: ClientLevel screen: net.minecraft.client.gui.screens.LevelLoadingScreen@2c831bd
[15:01:15] [Render thread/INFO]: World loading finished: ClientLevel screen: net.minecraft.client.gui.screens.LevelLoadingScreen@2c831bd
[15:01:15] [Render thread/INFO]: World loading finished: ClientLevel screen: net.minecraft.client.gui.screens.LevelLoadingScreen@2c831bd
[15:01:15] [Render thread/INFO]: World loading finished: ClientLevel screen: null
[15:01:20] [Server thread/INFO]: Player413 lost connection: Disconnected
[15:01:20] [Server thread/INFO]: System chat: Player413 left the game
[15:01:20] [Server thread/INFO]: Stopping singleplayer server as player logged out
[15:01:20] [Server thread/INFO]: Stopping server
[15:01:20] [Server thread/INFO]: Saving players
[15:01:20] [Server thread/INFO]: Saving worlds
[15:01:20] [Server thread/INFO]: Saving chunks for level 'ServerLevel[New World]'/minecraft:overworld
[15:01:20] [Server thread/INFO]: Saving chunks for level 'ServerLevel[New World]'/minecraft:the_end
[15:01:20] [Server thread/INFO]: Saving chunks for level 'ServerLevel[New World]'/minecraft:the_nether
[15:01:20] [Render thread/INFO]: World loading finished: null screen: net.minecraft.client.gui.screens.GenericMessageScreen@457ba65f
[15:01:20] [Worker-Main-3/INFO]: Loaded 1872 advancements
[15:01:20] [Render thread/INFO]: Applied 0 biome modifications to 0 of 67 new biomes in 133.1 μs
[15:01:20] [Server thread/INFO]: Starting integrated minecraft server version 26.3
[15:01:20] [Server thread/INFO]: Generating keypair
[15:01:20] [Server thread/INFO]: Loading 0 persistent chunks...
[15:01:20] [Server thread/INFO]: Saving chunks for level 'ServerLevel[New World]'/minecraft:overworld
[15:01:20] [Server thread/INFO]: Saving chunks for level 'ServerLevel[New World]'/minecraft:the_end
[15:01:20] [Server thread/INFO]: Saving chunks for level 'ServerLevel[New World]'/minecraft:the_nether
[15:01:20] [Render thread/INFO]: World loading finished: null screen: net.minecraft.client.gui.screens.LevelLoadingScreen@2e69a91c
[15:01:20] [Render thread/INFO]: World loading finished: null screen: net.minecraft.client.gui.screens.LevelLoadingScreen@2e69a91c
[15:01:21] [Render thread/INFO]: World loading finished: null screen: net.minecraft.client.gui.screens.LevelLoadingScreen@2e69a91c
[15:01:21] [Server thread/INFO]: Loading 49 chunks for player spawn...
[15:01:21] [Server thread/INFO]: Preparing spawn area: 16%
[15:01:21] [Render thread/INFO]: World loading finished: null screen: net.minecraft.client.gui.screens.LevelLoadingScreen@2e69a91c
[15:01:21] [Server thread/INFO]: Time elapsed: 220 ms
[15:01:21] [Render thread/INFO]: World loading finished: null screen: net.minecraft.client.gui.screens.LevelLoadingScreen@2e69a91c
[15:01:21] [Server thread/INFO]: Player413[local:E:2ec4d26d] logged in with entity id 116 at (24.384138742728673, 120.0, 0.5)
[15:01:21] [Server thread/INFO]: System chat: Player413 joined the game
[15:01:21] [Server thread/INFO]: Changing view distance to 5, from 10
[15:01:21] [Server thread/INFO]: Changing simulation distance to 12, from 0
[15:01:21] [Render thread/INFO]: World loading finished: ClientLevel screen: net.minecraft.client.gui.screens.LevelLoadingScreen@2e69a91c
[15:01:21] [Render thread/INFO]: Loaded 2 advancements
[15:01:21] [Render thread/INFO]: World loading finished: ClientLevel screen: net.minecraft.client.gui.screens.LevelLoadingScreen@2e69a91c
[15:01:21] [Render thread/INFO]: World loading finished: ClientLevel screen: net.minecraft.client.gui.screens.LevelLoadingScreen@2e69a91c
[15:01:21] [Render thread/INFO]: World loading finished: ClientLevel screen: net.minecraft.client.gui.screens.LevelLoadingScreen@2e69a91c
[15:01:21] [Render thread/INFO]: World loading finished: ClientLevel screen: net.minecraft.client.gui.screens.LevelLoadingScreen@2e69a91c
[15:01:21] [Render thread/INFO]: World loading finished: ClientLevel screen: null
[15:01:22] [Server thread/INFO]: Player413 lost connection: Disconnected
[15:01:22] [Server thread/INFO]: System chat: Player413 left the game
[15:01:22] [Server thread/INFO]: Stopping singleplayer server as player logged out
[15:01:22] [Server thread/INFO]: Stopping server
[15:01:22] [Server thread/INFO]: Saving players
[15:01:22] [Server thread/INFO]: Saving worlds
[15:01:22] [Server thread/INFO]: Saving chunks for level 'ServerLevel[New World]'/minecraft:overworld
[15:01:22] [Server thread/INFO]: Saving chunks for level 'ServerLevel[New World]'/minecraft:the_end
[15:01:22] [Server thread/INFO]: Saving chunks for level 'ServerLevel[New World]'/minecraft:the_nether
[15:01:22] [Worker-Main-4/INFO]: Loaded 1872 advancements
[15:01:22] [Render thread/INFO]: World loading finished: null screen: net.minecraft.client.gui.screens.GenericMessageScreen@99128e0
[15:01:22] [Render thread/INFO]: Applied 0 biome modifications to 0 of 67 new biomes in 175.3 μs
[15:01:22] [Server thread/INFO]: Starting integrated minecraft server version 26.3
[15:01:22] [Server thread/INFO]: Generating keypair
[15:01:22] [Server thread/INFO]: Selecting global world spawn...
[15:01:22] [Server thread/INFO]: Loading 0 persistent chunks...
[15:01:22] [Server thread/INFO]: Preparing spawn area: 16%
[15:01:22] [Server thread/INFO]: Saving chunks for level 'ServerLevel[New World]'/minecraft:overworld
[15:01:22] [Server thread/INFO]: Saving chunks for level 'ServerLevel[New World]'/minecraft:the_end
[15:01:22] [Server thread/INFO]: Saving chunks for level 'ServerLevel[New World]'/minecraft:the_nether
[15:01:22] [Render thread/INFO]: World loading finished: null screen: net.minecraft.client.gui.screens.LevelLoadingScreen@a9ced23
[15:01:22] [Render thread/INFO]: World loading finished: null screen: net.minecraft.client.gui.screens.LevelLoadingScreen@a9ced23
[15:01:22] [Render thread/INFO]: World loading finished: null screen: net.minecraft.client.gui.screens.LevelLoadingScreen@a9ced23
[15:01:22] [Render thread/INFO]: World loading finished: null screen: net.minecraft.client.gui.screens.LevelLoadingScreen@a9ced23
[15:01:22] [Server thread/INFO]: Loading 48 chunks for player spawn...
[15:01:22] [Render thread/INFO]: World loading finished: null screen: net.minecraft.client.gui.screens.LevelLoadingScreen@a9ced23
[15:01:22] [Render thread/INFO]: World loading finished: null screen: net.minecraft.client.gui.screens.LevelLoadingScreen@a9ced23
[15:01:22] [Server thread/INFO]: Time elapsed: 354 ms
[15:01:23] [Render thread/INFO]: World loading finished: null screen: net.minecraft.client.gui.screens.LevelLoadingScreen@a9ced23
[15:01:23] [Server thread/INFO]: Player413[local:E:511bf0ec] logged in with entity id 117 at (0.5, -60.0, 0.5)
[15:01:23] [Server thread/INFO]: System chat: Player413 joined the game
[15:01:23] [Server thread/INFO]: Changing view distance to 5, from 10
[15:01:23] [Server thread/INFO]: Changing simulation distance to 12, from 0
[15:01:23] [Render thread/INFO]: World loading finished: ClientLevel screen: net.minecraft.client.gui.screens.LevelLoadingScreen@a9ced23
[15:01:23] [Render thread/INFO]: Loaded 2 advancements
[15:01:23] [Render thread/INFO]: World loading finished: ClientLevel screen: net.minecraft.client.gui.screens.LevelLoadingScreen@a9ced23
[15:01:23] [Render thread/INFO]: World loading finished: ClientLevel screen: net.minecraft.client.gui.screens.LevelLoadingScreen@a9ced23
[15:01:23] [Render thread/INFO]: World loading finished: ClientLevel screen: net.minecraft.client.gui.screens.LevelLoadingScreen@a9ced23
[15:01:23] [Render thread/INFO]: World loading finished: ClientLevel screen: net.minecraft.client.gui.screens.LevelLoadingScreen@a9ced23
[15:01:23] [Render thread/INFO]: World loading finished: ClientLevel screen: net.minecraft.client.gui.screens.LevelLoadingScreen@a9ced23
[15:01:23] [Render thread/INFO]: World loading finished: ClientLevel screen: net.minecraft.client.gui.screens.LevelLoadingScreen@a9ced23
[15:01:23] [Render thread/INFO]: World loading finished: ClientLevel screen: net.minecraft.client.gui.screens.LevelLoadingScreen@a9ced23
[15:01:23] [Render thread/INFO]: World loading finished: ClientLevel screen: net.minecraft.client.gui.screens.LevelLoadingScreen@a9ced23
[15:01:23] [Render thread/INFO]: World loading finished: ClientLevel screen: net.minecraft.client.gui.screens.LevelLoadingScreen@a9ced23
[15:01:23] [Render thread/INFO]: World loading finished: ClientLevel screen: net.minecraft.client.gui.screens.LevelLoadingScreen@a9ced23
[15:01:23] [Render thread/INFO]: World loading finished: ClientLevel screen: net.minecraft.client.gui.screens.LevelLoadingScreen@a9ced23
[15:01:23] [Render thread/INFO]: World loading finished: ClientLevel screen: net.minecraft.client.gui.screens.LevelLoadingScreen@a9ced23
[15:01:23] [Render thread/INFO]: World loading finished: ClientLevel screen: net.minecraft.client.gui.screens.LevelLoadingScreen@a9ced23
[15:01:23] [Render thread/INFO]: World loading finished: ClientLevel screen: net.minecraft.client.gui.screens.LevelLoadingScreen@a9ced23
[15:01:23] [Render thread/INFO]: World loading finished: ClientLevel screen: null
[15:01:29] [Server thread/INFO]: Player413 lost connection: Disconnected
[15:01:29] [Server thread/INFO]: System chat: Player413 left the game
[15:01:29] [Server thread/INFO]: Stopping singleplayer server as player logged out
[15:01:29] [Server thread/INFO]: Stopping server
[15:01:29] [Server thread/INFO]: Saving players
[15:01:29] [Server thread/INFO]: Saving worlds
[15:01:29] [Server thread/INFO]: Saving chunks for level 'ServerLevel[New World]'/minecraft:overworld
[15:01:29] [Server thread/INFO]: Saving chunks for level 'ServerLevel[New World]'/minecraft:the_end
[15:01:29] [Server thread/INFO]: Saving chunks for level 'ServerLevel[New World]'/minecraft:the_nether
[15:01:29] [Render thread/INFO]: World loading finished: null screen: net.minecraft.client.gui.screens.GenericMessageScreen@5877a962
[15:01:30] [Worker-Main-3/INFO]: Loaded 1872 advancements
[15:01:30] [Render thread/INFO]: Applied 0 biome modifications to 0 of 67 new biomes in 124.4 μs
[15:01:30] [Server thread/INFO]: Starting integrated minecraft server version 26.3
[15:01:30] [Server thread/INFO]: Generating keypair
[15:01:30] [Server thread/INFO]: Loading 0 persistent chunks...
[15:01:30] [Server thread/INFO]: Saving chunks for level 'ServerLevel[New World]'/minecraft:overworld
[15:01:30] [Server thread/INFO]: Saving chunks for level 'ServerLevel[New World]'/minecraft:the_end
[15:01:30] [Server thread/INFO]: Saving chunks for level 'ServerLevel[New World]'/minecraft:the_nether
[15:01:30] [Render thread/INFO]: World loading finished: null screen: net.minecraft.client.gui.screens.LevelLoadingScreen@335b5b86
[15:01:30] [Render thread/INFO]: World loading finished: null screen: net.minecraft.client.gui.screens.LevelLoadingScreen@335b5b86
[15:01:30] [Render thread/INFO]: World loading finished: null screen: net.minecraft.client.gui.screens.LevelLoadingScreen@335b5b86
[15:01:30] [Server thread/INFO]: Loading 49 chunks for player spawn...
[15:01:30] [Server thread/INFO]: Preparing spawn area: 16%
[15:01:30] [Render thread/INFO]: World loading finished: null screen: net.minecraft.client.gui.screens.LevelLoadingScreen@335b5b86
[15:01:30] [Server thread/INFO]: Time elapsed: 219 ms
[15:01:30] [Render thread/INFO]: World loading finished: null screen: net.minecraft.client.gui.screens.LevelLoadingScreen@335b5b86
[15:01:30] [Server thread/INFO]: Player413[local:E:f465d287] logged in with entity id 120 at (0.1976962463851623, 120.64999997615814, 4.422464119494211)
[15:01:30] [Server thread/INFO]: System chat: Player413 joined the game
[15:01:30] [Server thread/INFO]: Changing view distance to 5, from 10
[15:01:30] [Server thread/INFO]: Changing simulation distance to 12, from 0
[15:01:30] [Render thread/INFO]: World loading finished: ClientLevel screen: net.minecraft.client.gui.screens.LevelLoadingScreen@335b5b86
[15:01:30] [Render thread/INFO]: Loaded 2 advancements
[15:01:30] [Render thread/INFO]: World loading finished: ClientLevel screen: net.minecraft.client.gui.screens.LevelLoadingScreen@335b5b86
[15:01:30] [Render thread/INFO]: World loading finished: ClientLevel screen: net.minecraft.client.gui.screens.LevelLoadingScreen@335b5b86
[15:01:30] [Render thread/INFO]: World loading finished: ClientLevel screen: net.minecraft.client.gui.screens.LevelLoadingScreen@335b5b86
[15:01:30] [Render thread/INFO]: World loading finished: ClientLevel screen: net.minecraft.client.gui.screens.LevelLoadingScreen@335b5b86
[15:01:30] [Render thread/INFO]: World loading finished: ClientLevel screen: null
[15:01:31] [Render thread/INFO]: Loaded 21 advancements
[15:01:37] [Server thread/INFO]: Player413 lost connection: Disconnected
[15:01:37] [Server thread/INFO]: System chat: Player413 left the game
[15:01:37] [Server thread/INFO]: Stopping singleplayer server as player logged out
[15:01:37] [Server thread/INFO]: Stopping server
[15:01:37] [Server thread/INFO]: Saving players
[15:01:37] [Server thread/INFO]: Saving worlds
[15:01:37] [Server thread/INFO]: Saving chunks for level 'ServerLevel[New World]'/minecraft:overworld
[15:01:37] [Server thread/INFO]: Saving chunks for level 'ServerLevel[New World]'/minecraft:the_end
[15:01:37] [Server thread/INFO]: Saving chunks for level 'ServerLevel[New World]'/minecraft:the_nether
[15:01:37] [Test thread/INFO]: [STDOUT]: WILDCRAFT P6 native placement, snap preview, actual clicks/replay, malformed intent, riding/steering/R, disk reload and native recovery passed
[15:01:37] [Test thread/INFO]: [STDOUT]: WILDCRAFT P6 core tracking/model, native passenger, finite motion across chunk, real world save/reload and API recovery passed; input is a separate check
[15:01:37] [Worker-Main-8/INFO]: Loaded 1872 advancements
[15:01:37] [Render thread/INFO]: World loading finished: null screen: net.minecraft.client.gui.screens.GenericMessageScreen@2ee50c4e
[15:01:37] [Render thread/INFO]: Applied 0 biome modifications to 0 of 67 new biomes in 174.4 μs
[15:01:37] [Server thread/INFO]: Starting integrated minecraft server version 26.3
[15:01:37] [Server thread/INFO]: Generating keypair
[15:01:37] [Server thread/INFO]: Selecting global world spawn...
[15:01:37] [Server thread/INFO]: Loading 0 persistent chunks...
[15:01:37] [Server thread/INFO]: Preparing spawn area: 16%
[15:01:37] [Server thread/INFO]: Saving chunks for level 'ServerLevel[New World]'/minecraft:overworld
[15:01:37] [Server thread/INFO]: Saving chunks for level 'ServerLevel[New World]'/minecraft:the_end
[15:01:37] [Server thread/INFO]: Saving chunks for level 'ServerLevel[New World]'/minecraft:the_nether
[15:01:37] [Render thread/INFO]: World loading finished: null screen: net.minecraft.client.gui.screens.LevelLoadingScreen@6e83126c
[15:01:38] [Render thread/INFO]: World loading finished: null screen: net.minecraft.client.gui.screens.LevelLoadingScreen@6e83126c
[15:01:38] [Render thread/INFO]: World loading finished: null screen: net.minecraft.client.gui.screens.LevelLoadingScreen@6e83126c
[15:01:38] [Render thread/INFO]: World loading finished: null screen: net.minecraft.client.gui.screens.LevelLoadingScreen@6e83126c
[15:01:38] [Server thread/INFO]: Loading 48 chunks for player spawn...
[15:01:38] [Render thread/INFO]: World loading finished: null screen: net.minecraft.client.gui.screens.LevelLoadingScreen@6e83126c
[15:01:38] [Render thread/INFO]: World loading finished: null screen: net.minecraft.client.gui.screens.LevelLoadingScreen@6e83126c
[15:01:38] [Server thread/INFO]: Time elapsed: 353 ms
[15:01:38] [Render thread/INFO]: World loading finished: null screen: net.minecraft.client.gui.screens.LevelLoadingScreen@6e83126c
[15:01:38] [Server thread/INFO]: Player413[local:E:7a5abd5b] logged in with entity id 121 at (0.5, -60.0, 0.5)
[15:01:38] [Server thread/INFO]: System chat: Player413 joined the game
[15:01:38] [Server thread/INFO]: Changing view distance to 5, from 10
[15:01:38] [Server thread/INFO]: Changing simulation distance to 12, from 0
[15:01:38] [Render thread/INFO]: World loading finished: ClientLevel screen: net.minecraft.client.gui.screens.LevelLoadingScreen@6e83126c
[15:01:38] [Render thread/INFO]: Loaded 2 advancements
[15:01:38] [Render thread/INFO]: World loading finished: ClientLevel screen: net.minecraft.client.gui.screens.LevelLoadingScreen@6e83126c
[15:01:38] [Render thread/INFO]: World loading finished: ClientLevel screen: net.minecraft.client.gui.screens.LevelLoadingScreen@6e83126c
[15:01:38] [Render thread/INFO]: World loading finished: ClientLevel screen: net.minecraft.client.gui.screens.LevelLoadingScreen@6e83126c
[15:01:38] [Render thread/INFO]: World loading finished: ClientLevel screen: net.minecraft.client.gui.screens.LevelLoadingScreen@6e83126c
[15:01:38] [Render thread/INFO]: World loading finished: ClientLevel screen: net.minecraft.client.gui.screens.LevelLoadingScreen@6e83126c
[15:01:38] [Render thread/INFO]: World loading finished: ClientLevel screen: net.minecraft.client.gui.screens.LevelLoadingScreen@6e83126c
[15:01:38] [Render thread/INFO]: World loading finished: ClientLevel screen: net.minecraft.client.gui.screens.LevelLoadingScreen@6e83126c
[15:01:38] [Render thread/INFO]: World loading finished: ClientLevel screen: net.minecraft.client.gui.screens.LevelLoadingScreen@6e83126c
[15:01:38] [Render thread/INFO]: World loading finished: ClientLevel screen: net.minecraft.client.gui.screens.LevelLoadingScreen@6e83126c
[15:01:38] [Render thread/INFO]: World loading finished: ClientLevel screen: net.minecraft.client.gui.screens.LevelLoadingScreen@6e83126c
[15:01:38] [Render thread/INFO]: World loading finished: ClientLevel screen: net.minecraft.client.gui.screens.LevelLoadingScreen@6e83126c
[15:01:38] [Render thread/INFO]: World loading finished: ClientLevel screen: net.minecraft.client.gui.screens.LevelLoadingScreen@6e83126c
[15:01:38] [Render thread/INFO]: World loading finished: ClientLevel screen: net.minecraft.client.gui.screens.LevelLoadingScreen@6e83126c
[15:01:39] [Render thread/INFO]: World loading finished: ClientLevel screen: net.minecraft.client.gui.screens.LevelLoadingScreen@6e83126c
[15:01:39] [Render thread/INFO]: World loading finished: ClientLevel screen: null
[15:01:46] [Server thread/INFO]: Player413 lost connection: Disconnected
[15:01:46] [Server thread/INFO]: System chat: Player413 left the game
[15:01:46] [Server thread/INFO]: Stopping singleplayer server as player logged out
[15:01:46] [Server thread/INFO]: Stopping server
[15:01:46] [Server thread/INFO]: Saving players
[15:01:46] [Server thread/INFO]: Saving worlds
[15:01:46] [Server thread/INFO]: Saving chunks for level 'ServerLevel[New World]'/minecraft:overworld
[15:01:47] [Server thread/INFO]: Saving chunks for level 'ServerLevel[New World]'/minecraft:the_end
[15:01:47] [Server thread/INFO]: Saving chunks for level 'ServerLevel[New World]'/minecraft:the_nether
[15:01:47] [Render thread/INFO]: World loading finished: null screen: net.minecraft.client.gui.screens.GenericMessageScreen@5f9c8869
[15:01:47] [Worker-Main-9/INFO]: Loaded 1872 advancements
[15:01:47] [Render thread/INFO]: Applied 0 biome modifications to 0 of 67 new biomes in 171.7 μs
[15:01:47] [Server thread/INFO]: Starting integrated minecraft server version 26.3
[15:01:47] [Server thread/INFO]: Generating keypair
[15:01:47] [Server thread/INFO]: Loading 0 persistent chunks...
[15:01:47] [Server thread/INFO]: Saving chunks for level 'ServerLevel[New World]'/minecraft:overworld
[15:01:47] [Server thread/INFO]: Saving chunks for level 'ServerLevel[New World]'/minecraft:the_end
[15:01:47] [Server thread/INFO]: Saving chunks for level 'ServerLevel[New World]'/minecraft:the_nether
[15:01:47] [Render thread/INFO]: World loading finished: null screen: net.minecraft.client.gui.screens.LevelLoadingScreen@263c1b14
[15:01:47] [Render thread/INFO]: World loading finished: null screen: net.minecraft.client.gui.screens.LevelLoadingScreen@263c1b14
[15:01:47] [Render thread/INFO]: World loading finished: null screen: net.minecraft.client.gui.screens.LevelLoadingScreen@263c1b14
[15:01:47] [Render thread/INFO]: World loading finished: null screen: net.minecraft.client.gui.screens.LevelLoadingScreen@263c1b14
[15:01:47] [Server thread/INFO]: Loading 49 chunks for player spawn...
[15:01:47] [Server thread/INFO]: Preparing spawn area: 16%
[15:01:47] [Render thread/INFO]: World loading finished: null screen: net.minecraft.client.gui.screens.LevelLoadingScreen@263c1b14
[15:01:47] [Server thread/INFO]: Time elapsed: 270 ms
[15:01:47] [Render thread/INFO]: World loading finished: null screen: net.minecraft.client.gui.screens.LevelLoadingScreen@263c1b14
[15:01:47] [Server thread/INFO]: Player413[local:E:24eaf6da] logged in with entity id 124 at (0.5, 120.64999997615814, 8.699999988079071)
[15:01:47] [Server thread/INFO]: System chat: Player413 joined the game
[15:01:47] [Server thread/INFO]: Changing view distance to 5, from 10
[15:01:47] [Server thread/INFO]: Changing simulation distance to 12, from 0
[15:01:47] [Render thread/INFO]: World loading finished: ClientLevel screen: net.minecraft.client.gui.screens.LevelLoadingScreen@263c1b14
[15:01:47] [Render thread/INFO]: Loaded 2 advancements
[15:01:47] [Render thread/INFO]: World loading finished: ClientLevel screen: net.minecraft.client.gui.screens.LevelLoadingScreen@263c1b14
[15:01:47] [Render thread/INFO]: World loading finished: ClientLevel screen: net.minecraft.client.gui.screens.LevelLoadingScreen@263c1b14
[15:01:47] [Render thread/INFO]: World loading finished: ClientLevel screen: net.minecraft.client.gui.screens.LevelLoadingScreen@263c1b14
[15:01:47] [Render thread/INFO]: World loading finished: ClientLevel screen: net.minecraft.client.gui.screens.LevelLoadingScreen@263c1b14
[15:01:47] [Render thread/INFO]: World loading finished: ClientLevel screen: null
[15:01:49] [Server thread/INFO]: Player413 lost connection: Disconnected
[15:01:49] [Server thread/INFO]: System chat: Player413 left the game
[15:01:49] [Server thread/INFO]: Stopping singleplayer server as player logged out
[15:01:49] [Server thread/INFO]: Stopping server
[15:01:49] [Server thread/INFO]: Saving players
[15:01:49] [Server thread/INFO]: Saving worlds
[15:01:49] [Server thread/INFO]: Saving chunks for level 'ServerLevel[New World]'/minecraft:overworld
[15:01:49] [Server thread/INFO]: Saving chunks for level 'ServerLevel[New World]'/minecraft:the_end
[15:01:49] [Server thread/INFO]: Saving chunks for level 'ServerLevel[New World]'/minecraft:the_nether
[15:01:50] [Worker-Main-1/INFO]: Loaded 1872 advancements
[15:01:50] [Render thread/INFO]: World loading finished: null screen: net.minecraft.client.gui.screens.GenericMessageScreen@3a6f0b67
[15:01:50] [Render thread/INFO]: Applied 0 biome modifications to 0 of 67 new biomes in 152.6 μs
[15:01:50] [Server thread/INFO]: Starting integrated minecraft server version 26.3
[15:01:50] [Server thread/INFO]: Generating keypair
[15:01:50] [Server thread/INFO]: Selecting global world spawn...
[15:01:50] [Server thread/INFO]: Loading 0 persistent chunks...
[15:01:50] [Server thread/INFO]: Preparing spawn area: 16%
[15:01:50] [Server thread/INFO]: Saving chunks for level 'ServerLevel[New World]'/minecraft:overworld
[15:01:50] [Server thread/INFO]: Saving chunks for level 'ServerLevel[New World]'/minecraft:the_end
[15:01:50] [Server thread/INFO]: Saving chunks for level 'ServerLevel[New World]'/minecraft:the_nether
[15:01:50] [Render thread/INFO]: World loading finished: null screen: net.minecraft.client.gui.screens.LevelLoadingScreen@6f0a0eb4
[15:01:50] [Render thread/INFO]: World loading finished: null screen: net.minecraft.client.gui.screens.LevelLoadingScreen@6f0a0eb4
[15:01:50] [Render thread/INFO]: World loading finished: null screen: net.minecraft.client.gui.screens.LevelLoadingScreen@6f0a0eb4
[15:01:50] [Server thread/INFO]: Loading 48 chunks for player spawn...
[15:01:50] [Render thread/INFO]: World loading finished: null screen: net.minecraft.client.gui.screens.LevelLoadingScreen@6f0a0eb4
[15:01:50] [Render thread/INFO]: World loading finished: null screen: net.minecraft.client.gui.screens.LevelLoadingScreen@6f0a0eb4
[15:01:50] [Server thread/INFO]: Time elapsed: 304 ms
[15:01:50] [Render thread/INFO]: World loading finished: null screen: net.minecraft.client.gui.screens.LevelLoadingScreen@6f0a0eb4
[15:01:50] [Server thread/INFO]: Player413[local:E:c66308f8] logged in with entity id 125 at (0.5, -60.0, 0.5)
[15:01:50] [Server thread/INFO]: System chat: Player413 joined the game
[15:01:50] [Server thread/INFO]: Changing view distance to 5, from 10
[15:01:50] [Server thread/INFO]: Changing simulation distance to 12, from 0
[15:01:50] [Render thread/INFO]: World loading finished: ClientLevel screen: net.minecraft.client.gui.screens.LevelLoadingScreen@6f0a0eb4
[15:01:50] [Render thread/INFO]: Loaded 2 advancements
[15:01:50] [Render thread/INFO]: World loading finished: ClientLevel screen: net.minecraft.client.gui.screens.LevelLoadingScreen@6f0a0eb4
[15:01:50] [Render thread/INFO]: World loading finished: ClientLevel screen: net.minecraft.client.gui.screens.LevelLoadingScreen@6f0a0eb4
[15:01:50] [Render thread/INFO]: World loading finished: ClientLevel screen: net.minecraft.client.gui.screens.LevelLoadingScreen@6f0a0eb4
[15:01:50] [Render thread/INFO]: World loading finished: ClientLevel screen: net.minecraft.client.gui.screens.LevelLoadingScreen@6f0a0eb4
[15:01:50] [Render thread/INFO]: World loading finished: ClientLevel screen: net.minecraft.client.gui.screens.LevelLoadingScreen@6f0a0eb4
[15:01:50] [Render thread/INFO]: World loading finished: ClientLevel screen: net.minecraft.client.gui.screens.LevelLoadingScreen@6f0a0eb4
[15:01:50] [Render thread/INFO]: World loading finished: ClientLevel screen: net.minecraft.client.gui.screens.LevelLoadingScreen@6f0a0eb4
[15:01:50] [Render thread/INFO]: World loading finished: ClientLevel screen: net.minecraft.client.gui.screens.LevelLoadingScreen@6f0a0eb4
[15:01:50] [Render thread/INFO]: World loading finished: ClientLevel screen: net.minecraft.client.gui.screens.LevelLoadingScreen@6f0a0eb4
[15:01:51] [Render thread/INFO]: World loading finished: ClientLevel screen: net.minecraft.client.gui.screens.LevelLoadingScreen@6f0a0eb4
[15:01:51] [Render thread/INFO]: World loading finished: ClientLevel screen: net.minecraft.client.gui.screens.LevelLoadingScreen@6f0a0eb4
[15:01:51] [Render thread/INFO]: World loading finished: ClientLevel screen: net.minecraft.client.gui.screens.LevelLoadingScreen@6f0a0eb4
[15:01:51] [Render thread/INFO]: World loading finished: ClientLevel screen: net.minecraft.client.gui.screens.LevelLoadingScreen@6f0a0eb4
[15:01:51] [Render thread/INFO]: World loading finished: ClientLevel screen: net.minecraft.client.gui.screens.LevelLoadingScreen@6f0a0eb4
[15:01:51] [Render thread/INFO]: World loading finished: ClientLevel screen: null
[15:02:01] [Server thread/INFO]: Player413 lost connection: Disconnected
[15:02:01] [Server thread/INFO]: System chat: Player413 left the game
[15:02:01] [Server thread/INFO]: Stopping singleplayer server as player logged out
[15:02:01] [Server thread/INFO]: Stopping server
[15:02:01] [Server thread/INFO]: Saving players
[15:02:01] [Server thread/INFO]: Saving worlds
[15:02:01] [Server thread/INFO]: Saving chunks for level 'ServerLevel[New World]'/minecraft:overworld
[15:02:01] [Server thread/INFO]: Saving chunks for level 'ServerLevel[New World]'/minecraft:the_end
[15:02:01] [Server thread/INFO]: Saving chunks for level 'ServerLevel[New World]'/minecraft:the_nether
[15:02:02] [Render thread/INFO]: World loading finished: null screen: net.minecraft.client.gui.screens.GenericMessageScreen@2bc77dc3
[15:02:02] [Worker-Main-9/INFO]: Loaded 1872 advancements
[15:02:02] [Render thread/INFO]: Applied 0 biome modifications to 0 of 67 new biomes in 137.4 μs
[15:02:02] [Server thread/INFO]: Starting integrated minecraft server version 26.3
[15:02:02] [Server thread/INFO]: Generating keypair
[15:02:02] [Server thread/INFO]: Loading 0 persistent chunks...
[15:02:02] [Server thread/INFO]: Saving chunks for level 'ServerLevel[New World]'/minecraft:overworld
[15:02:02] [Server thread/INFO]: Saving chunks for level 'ServerLevel[New World]'/minecraft:the_end
[15:02:02] [Server thread/INFO]: Saving chunks for level 'ServerLevel[New World]'/minecraft:the_nether
[15:02:02] [Render thread/INFO]: World loading finished: null screen: net.minecraft.client.gui.screens.LevelLoadingScreen@3fa7b7d4
[15:02:02] [Render thread/INFO]: World loading finished: null screen: net.minecraft.client.gui.screens.LevelLoadingScreen@3fa7b7d4
[15:02:02] [Render thread/INFO]: World loading finished: null screen: net.minecraft.client.gui.screens.LevelLoadingScreen@3fa7b7d4
[15:02:02] [Render thread/INFO]: World loading finished: null screen: net.minecraft.client.gui.screens.LevelLoadingScreen@3fa7b7d4
[15:02:02] [Server thread/INFO]: Loading 49 chunks for player spawn...
[15:02:02] [Server thread/INFO]: Preparing spawn area: 16%
[15:02:02] [Render thread/INFO]: World loading finished: null screen: net.minecraft.client.gui.screens.LevelLoadingScreen@3fa7b7d4
[15:02:02] [Server thread/INFO]: Time elapsed: 271 ms
[15:02:02] [Render thread/INFO]: World loading finished: null screen: net.minecraft.client.gui.screens.LevelLoadingScreen@3fa7b7d4
[15:02:02] [Server thread/INFO]: Player413[local:E:b08d524b] logged in with entity id 128 at (0.5, 120.0, 1.2000000000000002)
[15:02:02] [Server thread/INFO]: System chat: Player413 joined the game
[15:02:02] [Server thread/INFO]: Changing view distance to 5, from 10
[15:02:02] [Server thread/INFO]: Changing simulation distance to 12, from 0
[15:02:02] [Render thread/INFO]: World loading finished: ClientLevel screen: net.minecraft.client.gui.screens.LevelLoadingScreen@3fa7b7d4
[15:02:02] [Render thread/INFO]: Loaded 2 advancements
[15:02:02] [Render thread/INFO]: World loading finished: ClientLevel screen: net.minecraft.client.gui.screens.LevelLoadingScreen@3fa7b7d4
[15:02:02] [Render thread/INFO]: World loading finished: ClientLevel screen: net.minecraft.client.gui.screens.LevelLoadingScreen@3fa7b7d4
[15:02:02] [Render thread/INFO]: World loading finished: ClientLevel screen: net.minecraft.client.gui.screens.LevelLoadingScreen@3fa7b7d4
[15:02:02] [Render thread/INFO]: World loading finished: ClientLevel screen: net.minecraft.client.gui.screens.LevelLoadingScreen@3fa7b7d4
[15:02:02] [Render thread/INFO]: World loading finished: ClientLevel screen: null
[15:02:07] [Server thread/INFO]: Player413 lost connection: Disconnected
[15:02:07] [Server thread/INFO]: System chat: Player413 left the game
[15:02:07] [Server thread/INFO]: Stopping singleplayer server as player logged out
[15:02:07] [Server thread/INFO]: Stopping server
[15:02:07] [Server thread/INFO]: Saving players
[15:02:07] [Server thread/INFO]: Saving worlds
[15:02:07] [Server thread/INFO]: Saving chunks for level 'ServerLevel[New World]'/minecraft:overworld
[15:02:07] [Server thread/INFO]: Saving chunks for level 'ServerLevel[New World]'/minecraft:the_end
[15:02:07] [Server thread/INFO]: Saving chunks for level 'ServerLevel[New World]'/minecraft:the_nether
[15:02:07] [Test thread/INFO]: [STDOUT]: WILDCRAFT P7 actual native bottom spring/rocket/stabilizer/float install, finite spring launch, irreversible burning, disk reload, named casing recovery, spent rejection and loaded passive water float passed
[15:02:07] [Test thread/INFO]: [STDOUT]: WILDCRAFT P7 wing/wheel actual input, preview, W/S driving, one-block step/tall wall, idle cost, real disk reload and loaded passive glide passed
[15:02:07] [Render thread/INFO]: Stopping!

BUILD SUCCESSFUL in 5m 8s
14 actionable tasks: 3 executed, 11 up-to-date
