
> Configure project :
Fabric Loom: 1.18.2

> Task :compileJava UP-TO-DATE
> Task :processResources UP-TO-DATE
> Task :classes UP-TO-DATE
> Task :compileClientJava UP-TO-DATE
> Task :processClientResources UP-TO-DATE
> Task :processIncludeJars UP-TO-DATE
> Task :jar UP-TO-DATE
> Task :sourcesJar UP-TO-DATE
> Task :assemble UP-TO-DATE
> Task :clientClasses UP-TO-DATE

> Task :compileGametestJava
/Volumes/仕事/Wildcraft/开发环境/project/src/gametest/java/dev/wildcraft/test/research/ResearchGameTests.java:75: 警告: [removal] GameTestHelper 中的 makeMockServerPlayerInLevel() 已过时, 且标记为待删除
        var player = helper.makeMockServerPlayerInLevel();
                           ^
/Volumes/仕事/Wildcraft/开发环境/project/src/gametest/java/dev/wildcraft/test/research/ResearchGameTests.java:101: 警告: [removal] GameTestHelper 中的 makeMockServerPlayerInLevel() 已过时, 且标记为待删除
        var rider = helper.makeMockServerPlayerInLevel();
                          ^
/Volumes/仕事/Wildcraft/开发环境/project/src/gametest/java/dev/wildcraft/test/MechanicsGameTests.java:22: 警告: [removal] GameTestHelper 中的 makeMockServerPlayerInLevel() 已过时, 且标记为待删除
            var p=h.makeMockServerPlayerInLevel();body.setOwner(p.getUUID());p.setGameMode(net.minecraft.world.level.GameType.CREATIVE);
                   ^
/Volumes/仕事/Wildcraft/开发环境/project/src/gametest/java/dev/wildcraft/test/MechanicsGameTests.java:38: 警告: [removal] GameTestHelper 中的 makeMockServerPlayerInLevel() 已过时, 且标记为待删除
        var p=h.makeMockServerPlayerInLevel();body.setOwner(p.getUUID());p.setPos(body.position().add(0,0,-2));look(p,body.position().add(MachineNodes.point(2)));
               ^
/Volumes/仕事/Wildcraft/开发环境/project/src/gametest/java/dev/wildcraft/test/MechanicsGameTests.java:44: 警告: [removal] GameTestHelper 中的 makeMockServerPlayerInLevel() 已过时, 且标记为待删除
        var guest=h.makeMockServerPlayerInLevel();guest.setPos(p.position());look(guest,body.position().add(MachineNodes.point(2)));
                   ^
/Volumes/仕事/Wildcraft/开发环境/project/src/gametest/java/dev/wildcraft/test/MechanicsGameTests.java:61: 警告: [removal] GameTestHelper 中的 makeMockServerPlayerInLevel() 已过时, 且标记为待删除
        var p=h.makeMockServerPlayerInLevel();body.setOwner(p.getUUID());
               ^
/Volumes/仕事/Wildcraft/开发环境/project/src/gametest/java/dev/wildcraft/test/MechanicsGameTests.java:82: 警告: [removal] GameTestHelper 中的 makeMockServerPlayerInLevel() 已过时, 且标记为待删除
        var p=h.makeMockServerPlayerInLevel();p.setPos(body.position());body.setOwner(p.getUUID());
               ^
/Volumes/仕事/Wildcraft/开发环境/project/src/gametest/java/dev/wildcraft/test/MechanicsGameTests.java:96: 警告: [removal] GameTestHelper 中的 makeMockServerPlayerInLevel() 已过时, 且标记为待删除
        var p=h.makeMockServerPlayerInLevel();p.setPos(body.position());body.setOwner(p.getUUID());
               ^
/Volumes/仕事/Wildcraft/开发环境/project/src/gametest/java/dev/wildcraft/test/MechanicsGameTests.java:108: 警告: [removal] GameTestHelper 中的 makeMockServerPlayerInLevel() 已过时, 且标记为待删除
        var p=h.makeMockServerPlayerInLevel();var target=h.absolutePos(new BlockPos(1,1,1));
               ^
/Volumes/仕事/Wildcraft/开发环境/project/src/gametest/java/dev/wildcraft/test/MechanicsGameTests.java:122: 警告: [removal] GameTestHelper 中的 makeMockServerPlayerInLevel() 已过时, 且标记为待删除
        var p=h.makeMockServerPlayerInLevel();p.setPos(body.position());body.setOwner(p.getUUID());
               ^
/Volumes/仕事/Wildcraft/开发环境/project/src/gametest/java/dev/wildcraft/test/MechanicsGameTests.java:137: 警告: [removal] GameTestHelper 中的 makeMockServerPlayerInLevel() 已过时, 且标记为待删除
        var p=h.makeMockServerPlayerInLevel();p.setPos(body.position());body.setOwner(p.getUUID());
               ^
/Volumes/仕事/Wildcraft/开发环境/project/src/gametest/java/dev/wildcraft/test/MechanicsGameTests.java:150: 警告: [removal] GameTestHelper 中的 makeMockServerPlayerInLevel() 已过时, 且标记为待删除
        var guest=h.makeMockServerPlayerInLevel();guest.setPos(body.position());
                   ^
/Volumes/仕事/Wildcraft/开发环境/project/src/gametest/java/dev/wildcraft/test/MechanicsGameTests.java:166: 警告: [removal] GameTestHelper 中的 makeMockServerPlayerInLevel() 已过时, 且标记为待删除
        var body=h.spawn(MechanicsContent.MACHINE,new Vec3(1,2,1),EntitySpawnReason.COMMAND);var p=h.makeMockServerPlayerInLevel();p.setPos(body.position());body.setOwner(p.getUUID());
                                                                                                    ^
/Volumes/仕事/Wildcraft/开发环境/project/src/gametest/java/dev/wildcraft/test/MechanicsGameTests.java:179: 警告: [removal] GameTestHelper 中的 makeMockServerPlayerInLevel() 已过时, 且标记为待删除
        var p=h.makeMockServerPlayerInLevel();p.setPos(body.position());body.setOwner(p.getUUID());
               ^
/Volumes/仕事/Wildcraft/开发环境/project/src/gametest/java/dev/wildcraft/test/MechanicsGameTests.java:196: 警告: [removal] GameTestHelper 中的 makeMockServerPlayerInLevel() 已过时, 且标记为待删除
        var body=h.spawn(MechanicsContent.MACHINE,new Vec3(2,4,2),EntitySpawnReason.COMMAND);var p=h.makeMockServerPlayerInLevel();p.setPos(body.position());body.setOwner(p.getUUID());
                                                                                                    ^
/Volumes/仕事/Wildcraft/开发环境/project/src/gametest/java/dev/wildcraft/test/BackEquipmentGameTests.java:29: 警告: [removal] GameTestHelper 中的 makeMockServerPlayerInLevel() 已过时, 且标记为待删除
        ServerPlayer p=h.makeMockServerPlayerInLevel();
                        ^
/Volumes/仕事/Wildcraft/开发环境/project/src/gametest/java/dev/wildcraft/test/BackEquipmentGameTests.java:46: 警告: [removal] GameTestHelper 中的 makeMockServerPlayerInLevel() 已过时, 且标记为待删除
        ServerPlayer p = h.makeMockServerPlayerInLevel();
                          ^
/Volumes/仕事/Wildcraft/开发环境/project/src/gametest/java/dev/wildcraft/test/BackEquipmentGameTests.java:52: 警告: [removal] GameTestHelper 中的 makeMockServerPlayerInLevel() 已过时, 且标记为待删除
        var victim = h.makeMockServerPlayerInLevel();
                      ^
/Volumes/仕事/Wildcraft/开发环境/project/src/gametest/java/dev/wildcraft/test/BackEquipmentGameTests.java:80: 警告: [removal] GameTestHelper 中的 makeMockServerPlayerInLevel() 已过时, 且标记为待删除
        ServerPlayer p = h.makeMockServerPlayerInLevel();
                          ^
/Volumes/仕事/Wildcraft/开发环境/project/src/gametest/java/dev/wildcraft/test/BackEquipmentGameTests.java:98: 警告: [removal] GameTestHelper 中的 makeMockServerPlayerInLevel() 已过时, 且标记为待删除
        ServerPlayer p = h.makeMockServerPlayerInLevel();
                          ^
/Volumes/仕事/Wildcraft/开发环境/project/src/gametest/java/dev/wildcraft/test/BackEquipmentGameTests.java:122: 警告: [removal] GameTestHelper 中的 makeMockServerPlayerInLevel() 已过时, 且标记为待删除
        ServerPlayer p = h.makeMockServerPlayerInLevel();
                          ^
/Volumes/仕事/Wildcraft/开发环境/project/src/gametest/java/dev/wildcraft/test/BackEquipmentGameTests.java:141: 警告: [removal] GameTestHelper 中的 makeMockServerPlayerInLevel() 已过时, 且标记为待删除
        ServerPlayer p = h.makeMockServerPlayerInLevel();
                          ^
/Volumes/仕事/Wildcraft/开发环境/project/src/gametest/java/dev/wildcraft/test/CookingGameTests.java:77: 警告: [removal] GameTestHelper 中的 makeMockServerPlayerInLevel() 已过时, 且标记为待删除
        var p=h.makeMockServerPlayerInLevel();
               ^
/Volumes/仕事/Wildcraft/开发环境/project/src/gametest/java/dev/wildcraft/test/CookingGameTests.java:103: 警告: [removal] GameTestHelper 中的 makeMockServerPlayerInLevel() 已过时, 且标记为待删除
        var p=h.makeMockServerPlayerInLevel();var level=h.getLevel();var pos=h.absolutePos(new net.minecraft.core.BlockPos(1,2,1));
               ^
/Volumes/仕事/Wildcraft/开发环境/project/src/gametest/java/dev/wildcraft/test/SecondArtGameTests.java:18: 警告: [removal] GameTestHelper 中的 makeMockServerPlayerInLevel() 已过时, 且标记为待删除
        var p=h.makeMockServerPlayerInLevel();p.setPos(Vec3.atCenterOf(machine.getBlockPos()).add(0,0,-2));h.assertTrue(machine.start(p),"Actual committed job starts");var pending=machine.pendingResult();
               ^
/Volumes/仕事/Wildcraft/开发环境/project/src/gametest/java/dev/wildcraft/test/WindGameTests.java:47: 警告: [removal] GameTestHelper 中的 makeMockServerPlayerInLevel() 已过时, 且标记为待删除
        var p=h.makeMockServerPlayerInLevel();p.setPos(Vec3.atCenterOf(h.absolutePos(new BlockPos(1,3,1))));
               ^
/Volumes/仕事/Wildcraft/开发环境/project/src/gametest/java/dev/wildcraft/test/WindGameTests.java:71: 警告: [removal] GameTestHelper 中的 makeMockServerPlayerInLevel() 已过时, 且标记为待删除
        var p=h.makeMockServerPlayerInLevel();var body=h.spawn(MechanicsContent.MACHINE,new Vec3(2,4,2),EntitySpawnReason.COMMAND);
               ^
/Volumes/仕事/Wildcraft/开发环境/project/src/gametest/java/dev/wildcraft/test/WindGameTests.java:86: 警告: [removal] GameTestHelper 中的 makeMockServerPlayerInLevel() 已过时, 且标记为待删除
        var p=h.makeMockServerPlayerInLevel();var body=h.spawn(MechanicsContent.MACHINE,new Vec3(2,4,2),EntitySpawnReason.COMMAND);
               ^
/Volumes/仕事/Wildcraft/开发环境/project/src/gametest/java/dev/wildcraft/test/TemperatureGameTests.java:21: 警告: [removal] GameTestHelper 中的 makeMockServerPlayerInLevel() 已过时, 且标记为待删除
        var p=h.makeMockServerPlayerInLevel();var pos=h.absolutePos(new BlockPos(1,3,1));p.teleportTo(pos.getX()+.5,pos.getY(),pos.getZ()+.5);
               ^
/Volumes/仕事/Wildcraft/开发环境/project/src/gametest/java/dev/wildcraft/test/TemperatureGameTests.java:43: 警告: [removal] GameTestHelper 中的 makeMockServerPlayerInLevel() 已过时, 且标记为待删除
        var p=h.makeMockServerPlayerInLevel();var pos=h.absolutePos(new BlockPos(1,2,1));p.teleportTo(pos.getX()+.5,pos.getY(),pos.getZ()+.5);
               ^
/Volumes/仕事/Wildcraft/开发环境/project/src/gametest/java/dev/wildcraft/test/TemperatureGameTests.java:61: 警告: [removal] GameTestHelper 中的 makeMockServerPlayerInLevel() 已过时, 且标记为待删除
        var p=h.makeMockServerPlayerInLevel();var pos=h.absolutePos(new BlockPos(1,2,1));p.teleportTo(pos.getX()+.5,pos.getY(),pos.getZ()+.5);
               ^
/Volumes/仕事/Wildcraft/开发环境/project/src/gametest/java/dev/wildcraft/test/TemperatureGameTests.java:84: 警告: [removal] GameTestHelper 中的 makeMockServerPlayerInLevel() 已过时, 且标记为待删除
        var a=h.makeMockServerPlayerInLevel();var b=h.makeMockServerPlayerInLevel();
               ^
/Volumes/仕事/Wildcraft/开发环境/project/src/gametest/java/dev/wildcraft/test/TemperatureGameTests.java:84: 警告: [removal] GameTestHelper 中的 makeMockServerPlayerInLevel() 已过时, 且标记为待删除
        var a=h.makeMockServerPlayerInLevel();var b=h.makeMockServerPlayerInLevel();
                                                     ^
/Volumes/仕事/Wildcraft/开发环境/project/src/gametest/java/dev/wildcraft/test/FabricationGameTests.java:22: 警告: [removal] GameTestHelper 中的 makeMockServerPlayerInLevel() 已过时, 且标记为待删除
    private static ServerPlayer user(GameTestHelper h,FabricatorEntity b){var p=h.makeMockServerPlayerInLevel();p.setPos(Vec3.atCenterOf(b.getBlockPos()).add(0,0,-2));return p;}
                                                                                 ^
/Volumes/仕事/Wildcraft/开发环境/project/src/gametest/java/dev/wildcraft/test/GlidingGameTests.java:171: 警告: [removal] GameTestHelper 中的 makeMockServerPlayerInLevel() 已过时, 且标记为待删除
        ServerPlayer p = h.makeMockServerPlayerInLevel();
                          ^
/Volumes/仕事/Wildcraft/开发环境/project/src/gametest/java/dev/wildcraft/test/ClimbingGameTests.java:131: 警告: [removal] GameTestHelper 中的 makeMockServerPlayerInLevel() 已过时, 且标记为待删除
        ServerPlayer p = h.makeMockServerPlayerInLevel();
                          ^
/Volumes/仕事/Wildcraft/开发环境/project/src/gametest/java/dev/wildcraft/test/FusionIntegrationGameTests.java:15: 警告: [removal] GameTestHelper 中的 makeMockServerPlayerInLevel() 已过时, 且标记为待删除
        var p=h.makeMockServerPlayerInLevel();p.setGameMode(net.minecraft.world.level.GameType.SURVIVAL);p.connection.handleAcceptPlayerLoad(new net.minecraft.network.protocol.game.ServerboundPlayerLoadedPacket());p.setAttached(PlayerStamina.DATA,new StaminaData(1,20,60,0));CookingEffects.eat(p,new MealData(1,MealData.RECOVERY,2,30));
               ^
/Volumes/仕事/Wildcraft/开发环境/project/src/gametest/java/dev/wildcraft/test/FocusGameTests.java:17: 警告: [removal] GameTestHelper 中的 makeMockServerPlayerInLevel() 已过时, 且标记为待删除
        var p = h.makeMockServerPlayerInLevel();
                 ^
/Volumes/仕事/Wildcraft/开发环境/project/src/gametest/java/dev/wildcraft/test/FocusGameTests.java:30: 警告: [removal] GameTestHelper 中的 makeMockServerPlayerInLevel() 已过时, 且标记为待删除
        var p = h.makeMockServerPlayerInLevel(); p.getAbilities().mayfly = false; p.setOnGround(false);
                 ^
/Volumes/仕事/Wildcraft/开发环境/project/src/gametest/java/dev/wildcraft/test/PartsGameTests.java:35: 警告: [removal] GameTestHelper 中的 makeMockServerPlayerInLevel() 已过时, 且标记为待删除
        var p=h.makeMockServerPlayerInLevel();var b=body(h,p,new Vec3(2,2,2));var rocket=new ItemStack(MechanicsContent.ROCKET);
               ^
/Volumes/仕事/Wildcraft/开发环境/project/src/gametest/java/dev/wildcraft/test/PartsGameTests.java:43: 警告: [removal] GameTestHelper 中的 makeMockServerPlayerInLevel() 已过时, 且标记为待删除
        room(h);var p=h.makeMockServerPlayerInLevel();var b=body(h,p,new Vec3(2,2,2));install(h,b,p,1,new ItemStack(MechanicsContent.SPRING));
                       ^
/Volumes/仕事/Wildcraft/开发环境/project/src/gametest/java/dev/wildcraft/test/PartsGameTests.java:51: 警告: [removal] GameTestHelper 中的 makeMockServerPlayerInLevel() 已过时, 且标记为待删除
        room(h);var p=h.makeMockServerPlayerInLevel();var b=body(h,p,new Vec3(2,6,2));install(h,b,p,4,new ItemStack(MechanicsContent.STABILIZER));
                       ^
/Volumes/仕事/Wildcraft/开发环境/project/src/gametest/java/dev/wildcraft/test/PartsGameTests.java:59: 警告: [removal] GameTestHelper 中的 makeMockServerPlayerInLevel() 已过时, 且标记为待删除
        var p=h.makeMockServerPlayerInLevel();var b=body(h,p,new Vec3(2,3,2));install(h,b,p,0,new ItemStack(MechanicsContent.BUOYANCY));double start=b.getY();double[] loadedY={0};
               ^
/Volumes/仕事/Wildcraft/开发环境/project/src/gametest/java/dev/wildcraft/test/PartsGameTests.java:68: 警告: [removal] GameTestHelper 中的 makeMockServerPlayerInLevel() 已过时, 且标记为待删除
        room(h);var p=h.makeMockServerPlayerInLevel();var b=body(h,p,new Vec3(2,2,2));
                       ^
/Volumes/仕事/Wildcraft/开发环境/project/src/gametest/java/dev/wildcraft/test/EnergyGameTests.java:60: 警告: [removal] GameTestHelper 中的 makeMockServerPlayerInLevel() 已过时, 且标记为待删除
        var p=h.makeMockServerPlayerInLevel();var menu=(ChargerMenu)charger.createMenu(4,p.getInventory(),p);
               ^
/Volumes/仕事/Wildcraft/开发环境/project/src/gametest/java/dev/wildcraft/test/FusionGameTests.java:49: 警告: [removal] GameTestHelper 中的 makeMockServerPlayerInLevel() 已过时, 且标记为待删除
    private static net.minecraft.server.level.ServerPlayer survival(GameTestHelper h){var p=h.makeMockServerPlayerInLevel();p.setGameMode(net.minecraft.world.level.GameType.SURVIVAL);p.connection.handleAcceptPlayerLoad(new net.minecraft.network.protocol.game.ServerboundPlayerLoadedPacket());h.setBlock(new net.minecraft.core.BlockPos(1,0,1),net.minecraft.world.level.block.Blocks.STONE);p.setPos(h.absoluteVec(new net.minecraft.world.phys.Vec3(1.5,1,1.5)));return p;}
                                                                                             ^
/Volumes/仕事/Wildcraft/开发环境/project/src/gametest/java/dev/wildcraft/test/PlayerStaminaGameTests.java:55: 警告: [removal] GameTestHelper 中的 makeMockServerPlayerInLevel() 已过时, 且标记为待删除
        ServerPlayer first = helper.makeMockServerPlayerInLevel();
                                   ^
/Volumes/仕事/Wildcraft/开发环境/project/src/gametest/java/dev/wildcraft/test/PlayerStaminaGameTests.java:56: 警告: [removal] GameTestHelper 中的 makeMockServerPlayerInLevel() 已过时, 且标记为待删除
        ServerPlayer second = helper.makeMockServerPlayerInLevel();
                                    ^
/Volumes/仕事/Wildcraft/开发环境/project/src/gametest/java/dev/wildcraft/test/PlayerStaminaGameTests.java:78: 警告: [removal] GameTestHelper 中的 makeMockServerPlayerInLevel() 已过时, 且标记为待删除
        ServerPlayer player = helper.makeMockServerPlayerInLevel();
                                    ^
注: 某些输入文件使用或覆盖了已过时的 API。
注: 有关详细信息, 请使用 -Xlint:deprecation 重新编译。
49 个警告

> Task :deleteGameTestRunDir
> Task :acceptGameTestEula
> Task :generateLog4jConfig UP-TO-DATE
> Task :generateDLIConfig UP-TO-DATE
> Task :configureLaunch
> Task :processGametestResources UP-TO-DATE
> Task :gametestClasses

> Task :runGameTest
[34m[12:32:32][m [32m[main/INFO][m [36m(FabricLoader/GameProvider)[m [0mLoading Minecraft 26.3 with Fabric Loader 0.19.5
[m[34m[12:32:32][m [32m[main/INFO][m [36m(FabricLoader/Mappings)[m [0mMappings not present!
[m[34m[12:32:32][m [32m[main/INFO][m [36m(FabricLoader)[m [0mLoading 45 mods:
	- fabric-advancement-api-v1 1.0.0+38c7a2d55d
	- fabric-api 0.161.0+26.3
	- fabric-api-base 2.0.6+fcdff87f5d
	- fabric-api-lookup-api-v1 2.0.24+3434d6d95d
	- fabric-biome-api-v1 20.0.9+74ed1ea55d
	- fabric-block-api-v1 3.1.0+0ae6f9115d
	- fabric-block-getter-api-v2 2.0.9+3434d6d95d
	- fabric-command-api-v2 3.1.2+fcdff87f5d
	- fabric-content-registries-v0 15.0.4+74ed1ea55d
	- fabric-convention-tags-v2 4.10.3+6b5b47fd5d
	- fabric-crash-report-info-v1 1.0.7+fcdff87f5d
	- fabric-creative-tab-api-v1 5.0.21+fcdff87f5d
	- fabric-data-attachment-api-v1 2.2.30+3434d6d95d
	- fabric-data-generation-api-v1 27.2.4+427eab975d
	- fabric-debug-api-v1 1.0.4+3434d6d95d
	- fabric-dimensions-v1 5.1.19+47f74c985d
	- fabric-entity-events-v1 6.0.4+3434d6d95d
	- fabric-events-interaction-v0 5.3.6+3434d6d95d
	- fabric-game-rule-api-v1 4.0.10+3434d6d95d
	- fabric-gametest-api-v1 4.0.32+3434d6d95d
	- fabric-item-api-v1 14.7.0+cf6bc2db5d
	- fabric-lifecycle-events-v1 4.1.9+ffef5f675d
	- fabric-loot-api-v3 4.0.8+4068fd645d
	- fabric-menu-api-v1 2.0.27+ed66f0a35d
	- fabric-message-api-v1 7.0.10+3434d6d95d
	- fabric-networking-api-v1 6.3.8+fcdff87f5d
	- fabric-object-builder-api-v1 24.1.9+3434d6d95d
	- fabric-particles-v1 5.0.24+3434d6d95d
	- fabric-permission-api-v1 1.0.8+fcdff87f5d
	- fabric-recipe-api-v1 10.0.8+fcdff87f5d
	- fabric-registry-sync-v0 8.0.1+fcdff87f5d
	- fabric-rendering-fluids-v1 6.0.6+3434d6d95d
	- fabric-resource-conditions-api-v1 6.1.5+3434d6d95d
	- fabric-resource-loader-v0 3.3.26+4fc5413f5d
	- fabric-resource-loader-v1 3.0.4+fcdff87f5d
	- fabric-serialization-api-v1 2.0.7+74ed1ea55d
	- fabric-tag-api-v1 2.1.10+fcdff87f5d
	- fabric-transfer-api-v1 8.0.25+fcdff87f5d
	- fabric-transitive-access-wideners-v1 8.1.16+52268a0e5d
	- fabricloader 0.19.5
	- java 25
	- minecraft 26.3
	- mixinextras 0.5.5
	- wildcraft 0.1.0-dev.16
	- wildcraft-test 1.0.0
[m[34m[12:32:32][m [32m[main/INFO][m [36m(FabricLoader/Mixin)[m [0mSpongePowered MIXIN Subsystem Version=0.8.7 Source=file:/Volumes/%e4%bb%95%e4%ba%8b/Wildcraft/%e5%bc%80%e5%8f%91%e7%8e%af%e5%a2%83/cache/gradle/caches/modules-2/files-2.1/net.fabricmc/sponge-mixin/0.17.4+mixin.0.8.7/5f66cc9f59b8efaa942155a3d5a30599bf6640dd/sponge-mixin-0.17.4+mixin.0.8.7.jar Service=Knot/Fabric Env=SERVER
[m[34m[12:32:33][m [32m[main/INFO][m [36m(FabricLoader/MixinExtras|Service)[m [0mInitializing MixinExtras via com.llamalad7.mixinextras.service.MixinExtrasServiceImpl(version=0.5.5).
[m[34m[12:32:34][m [33m[main/WARN][m [36m(MacOperatingSystem)[m [0mUnable to parse version 27.0 to a codename.
[m[34m[12:32:37][m [32m[main/INFO][m [36m(wildcraft)[m [0mWildcraft wind/weather initialized; fusion, fabrication, mechanics, energy, cooking, temperature and traversal registered.
[m[34m[12:32:37][m [32m[main/INFO][m [36m(Minecraft)[m [0mEnvironment: Environment[discoveryUrl=https://discovery.minecraftservices.com/minecraft/client, name=PROD]
[m[34m[12:32:37][m [32m[main/INFO][m [36m(FabricGameTestRunner)[m [0mStarting test server
[m[34m[12:32:38][m [32m[Worker-Main-2/INFO][m [36m(Minecraft)[m [0mLoaded 1872 advancements
[m[34m[12:32:38][m [32m[main/INFO][m [36m(BiomeModificationImpl)[m [0mApplied 0 biome modifications to 0 of 67 new biomes in 1.313 ms
[m[34m[12:32:38][m [32m[Server thread/INFO][m [36m(Minecraft)[m [0mSelecting global world spawn...
[m[34m[12:32:38][m [32m[Server thread/INFO][m [36m(Minecraft)[m [0mLoading 0 persistent chunks...
[m[34m[12:32:38][m [32m[Server thread/INFO][m [36m(Minecraft)[m [0mPreparing spawn area: 100%
[m[34m[12:32:38][m [32m[Server thread/INFO][m [36m(Minecraft)[m [0mTime elapsed: 138 ms
[m[34m[12:32:38][m [32m[Server thread/INFO][m [36m(Minecraft)[m [0mStarted game test server
[m[34m[12:32:38][m [33m[Server thread/WARN][m [36m(TranslationConventionLogWarnings)[m [0m
	Dev warning - Untranslated Item Tags detected. Please translate your item tags so other mods such as recipe viewers can properly display your tag's name.
	The format desired is tag.item.<namespace>.<path> for the translation key with slashes in path turned into periods.
	To disable this message, set this system property in your runs: `-Dfabric-tag-conventions-v2.missingTagTranslationWarning=SILENCED`.
	To see individual untranslated item tags found, set the system property to `-Dfabric-tag-conventions-v2.missingTagTranslationWarning=VERBOSE`.
	Default is `SHORT`.

[m[34m[12:32:38][m [32m[Server thread/INFO][m [36m(Minecraft)[m [0m80 tests are now running at position 8594756, 4, -7824497!
[m[34m[12:32:39][m [32m[Server thread/INFO][m [36m(Minecraft)[m [0mRunning test environment 'minecraft:default' batch 0 (50 tests)...
[m[34m[12:32:39][m [32m[Server thread/INFO][m [36m(Minecraft)[m [0mtest-mock-player[embedded] logged in with entity id 10 at (0.0, 0.0, 0.0)
[m[34m[12:32:39][m [32m[Server thread/INFO][m [36m(Minecraft)[m [0mSystem chat: test-mock-player joined the game
[m[34m[12:32:39][m [32m[Server thread/INFO][m [36m(Minecraft)[m [0mtest-mock-player[embedded] logged in with entity id 12 at (0.0, 0.0, 0.0)
[m[34m[12:32:39][m [32m[Server thread/INFO][m [36m(Minecraft)[m [0mSystem chat: test-mock-player joined the game
[m[34m[12:32:39][m [32m[Server thread/INFO][m [36m(Minecraft)[m [0mtest-mock-player[embedded] logged in with entity id 14 at (0.0, 0.0, 0.0)
[m[34m[12:32:39][m [32m[Server thread/INFO][m [36m(Minecraft)[m [0mSystem chat: test-mock-player joined the game
[m[34m[12:32:39][m [32m[Server thread/INFO][m [36m(Minecraft)[m [0mtest-mock-player[embedded] logged in with entity id 15 at (0.0, 0.0, 0.0)
[m[34m[12:32:39][m [32m[Server thread/INFO][m [36m(Minecraft)[m [0mSystem chat: test-mock-player joined the game
[m[34m[12:32:40][m [32m[Server thread/INFO][m [36m(Minecraft)[m [0mtest-mock-player[embedded] logged in with entity id 16 at (0.0, 0.0, 0.0)
[m[34m[12:32:40][m [32m[Server thread/INFO][m [36m(Minecraft)[m [0mSystem chat: test-mock-player joined the game
[m[34m[12:32:40][m [32m[Server thread/INFO][m [36m(Minecraft)[m [0mtest-mock-player[embedded] logged in with entity id 20 at (0.0, 0.0, 0.0)
[m[34m[12:32:40][m [32m[Server thread/INFO][m [36m(Minecraft)[m [0mSystem chat: test-mock-player joined the game
[m[34m[12:32:40][m [32m[Server thread/INFO][m [36m(Minecraft)[m [0mtest-mock-player[embedded] logged in with entity id 21 at (0.0, 0.0, 0.0)
[m[34m[12:32:40][m [32m[Server thread/INFO][m [36m(Minecraft)[m [0mSystem chat: test-mock-player joined the game
[m[34m[12:32:40][m [32m[Server thread/INFO][m [36m(Minecraft)[m [0mtest-mock-player[embedded] logged in with entity id 22 at (0.0, 0.0, 0.0)
[m[34m[12:32:40][m [32m[Server thread/INFO][m [36m(Minecraft)[m [0mSystem chat: test-mock-player joined the game
[m[34m[12:32:40][m [32m[Server thread/INFO][m [36m(Minecraft)[m [0mtest-mock-player[embedded] logged in with entity id 24 at (0.0, 0.0, 0.0)
[m[34m[12:32:40][m [32m[Server thread/INFO][m [36m(Minecraft)[m [0mSystem chat: test-mock-player joined the game
[m[34m[12:32:40][m [32m[Server thread/INFO][m [36m(Minecraft)[m [0mtest-mock-player[embedded] logged in with entity id 25 at (0.0, 0.0, 0.0)
[m[34m[12:32:40][m [32m[Server thread/INFO][m [36m(Minecraft)[m [0mSystem chat: test-mock-player joined the game
[m[34m[12:32:40][m [32m[Server thread/INFO][m [36m(Minecraft)[m [0mtest-mock-player[embedded] logged in with entity id 26 at (0.0, 0.0, 0.0)
[m[34m[12:32:40][m [32m[Server thread/INFO][m [36m(Minecraft)[m [0mSystem chat: test-mock-player joined the game
[m[34m[12:32:40][m [32m[Server thread/INFO][m [36m(Minecraft)[m [0mtest-mock-player[embedded] logged in with entity id 27 at (0.0, 0.0, 0.0)
[m[34m[12:32:40][m [32m[Server thread/INFO][m [36m(Minecraft)[m [0mSystem chat: test-mock-player joined the game
[m[34m[12:32:40][m [32m[Server thread/INFO][m [36m(Minecraft)[m [0mtest-mock-player[embedded] logged in with entity id 28 at (0.0, 0.0, 0.0)
[m[34m[12:32:40][m [32m[Server thread/INFO][m [36m(Minecraft)[m [0mSystem chat: test-mock-player joined the game
[m[34m[12:32:40][m [32m[Server thread/INFO][m [36m(Minecraft)[m [0mtest-mock-player[embedded] logged in with entity id 29 at (0.0, 0.0, 0.0)
[m[34m[12:32:40][m [32m[Server thread/INFO][m [36m(Minecraft)[m [0mSystem chat: test-mock-player joined the game
[m[34m[12:32:40][m [32m[Server thread/INFO][m [36m(Minecraft)[m [0mtest-mock-player[embedded] logged in with entity id 30 at (0.0, 0.0, 0.0)
[m[34m[12:32:40][m [32m[Server thread/INFO][m [36m(Minecraft)[m [0mSystem chat: test-mock-player joined the game
[m[34m[12:32:40][m [32m[Server thread/INFO][m [36m(Minecraft)[m [0mtest-mock-player[embedded] logged in with entity id 32 at (0.0, 0.0, 0.0)
[m[34m[12:32:40][m [32m[Server thread/INFO][m [36m(Minecraft)[m [0mSystem chat: test-mock-player joined the game
[m[34m[12:32:40][m [32m[Server thread/INFO][m [36m(Minecraft)[m [0mtest-mock-player[embedded] logged in with entity id 34 at (0.0, 0.0, 0.0)
[m[34m[12:32:40][m [32m[Server thread/INFO][m [36m(Minecraft)[m [0mSystem chat: test-mock-player joined the game
[m[34m[12:32:40][m [32m[Server thread/INFO][m [36m(Minecraft)[m [0mtest-mock-player[embedded] logged in with entity id 35 at (0.0, 0.0, 0.0)
[m[34m[12:32:40][m [32m[Server thread/INFO][m [36m(Minecraft)[m [0mSystem chat: test-mock-player joined the game
[m[34m[12:32:40][m [32m[Server thread/INFO][m [36m(Minecraft)[m [0mtest-mock-player[embedded] logged in with entity id 36 at (0.0, 0.0, 0.0)
[m[34m[12:32:40][m [32m[Server thread/INFO][m [36m(Minecraft)[m [0mSystem chat: test-mock-player joined the game
[m[34m[12:32:40][m [32m[Server thread/INFO][m [36m(Minecraft)[m [0mtest-mock-player[embedded] logged in with entity id 37 at (0.0, 0.0, 0.0)
[m[34m[12:32:40][m [32m[Server thread/INFO][m [36m(Minecraft)[m [0mSystem chat: test-mock-player joined the game
[m[34m[12:32:40][m [32m[Server thread/INFO][m [36m(Minecraft)[m [0mtest-mock-player[embedded] logged in with entity id 38 at (0.0, 0.0, 0.0)
[m[34m[12:32:40][m [32m[Server thread/INFO][m [36m(Minecraft)[m [0mSystem chat: test-mock-player joined the game
[m[34m[12:32:40][m [32m[Server thread/INFO][m [36m(Minecraft)[m [0mSystem chat: test-mock-player has made the advancement [Ol' Betsy]
[m[34m[12:32:40][m [32m[Server thread/INFO][m [36m(Minecraft)[m [0mtest-mock-player[embedded] logged in with entity id 40 at (0.0, 0.0, 0.0)
[m[34m[12:32:40][m [32m[Server thread/INFO][m [36m(Minecraft)[m [0mSystem chat: test-mock-player joined the game
[m[34m[12:32:40][m [32m[Server thread/INFO][m [36m(Minecraft)[m [0mtest-mock-player[embedded] logged in with entity id 41 at (0.0, 0.0, 0.0)
[m[34m[12:32:40][m [32m[Server thread/INFO][m [36m(Minecraft)[m [0mSystem chat: test-mock-player joined the game
[m[34m[12:32:40][m [32m[Server thread/INFO][m [36m(Minecraft)[m [0mtest-mock-player[embedded] logged in with entity id 43 at (0.0, 0.0, 0.0)
[m[34m[12:32:40][m [32m[Server thread/INFO][m [36m(Minecraft)[m [0mSystem chat: test-mock-player joined the game
[m[34m[12:32:40][m [32m[Server thread/INFO][m [36m(Minecraft)[m [0mtest-mock-player[embedded] logged in with entity id 44 at (0.0, 0.0, 0.0)
[m[34m[12:32:40][m [32m[Server thread/INFO][m [36m(Minecraft)[m [0mSystem chat: test-mock-player joined the game
[m[34m[12:32:40][m [32m[Server thread/INFO][m [36m(Minecraft)[m [0mtest-mock-player[embedded] logged in with entity id 45 at (0.0, 0.0, 0.0)
[m[34m[12:32:40][m [32m[Server thread/INFO][m [36m(Minecraft)[m [0mSystem chat: test-mock-player joined the game
[m[34m[12:32:40][m [32m[Server thread/INFO][m [36m(Minecraft)[m [0mtest-mock-player[embedded] logged in with entity id 46 at (0.0, 0.0, 0.0)
[m[34m[12:32:40][m [32m[Server thread/INFO][m [36m(Minecraft)[m [0mSystem chat: test-mock-player joined the game
[m[34m[12:32:40][m [32m[Server thread/INFO][m [36m(Minecraft)[m [0m[STDOUT]: WILDCRAFT P4A sample probe: 100 samples 8.6885ms; block reads=27200
[m[34m[12:32:40][m [32m[Server thread/INFO][m [36m(Minecraft)[m [0mtest-mock-player[embedded] logged in with entity id 47 at (0.0, 0.0, 0.0)
[m[34m[12:32:40][m [32m[Server thread/INFO][m [36m(Minecraft)[m [0mSystem chat: test-mock-player joined the game
[m[34m[12:32:40][m [32m[Server thread/INFO][m [36m(Minecraft)[m [0mtest-mock-player[embedded] logged in with entity id 48 at (0.0, 0.0, 0.0)
[m[34m[12:32:40][m [32m[Server thread/INFO][m [36m(Minecraft)[m [0mSystem chat: test-mock-player joined the game
[m[34m[12:32:40][m [32m[Server thread/INFO][m [36m(Minecraft)[m [0mtest-mock-player[embedded] logged in with entity id 50 at (0.0, 0.0, 0.0)
[m[34m[12:32:40][m [32m[Server thread/INFO][m [36m(Minecraft)[m [0mSystem chat: test-mock-player joined the game
[m[34m[12:32:40][m [32m[Server thread/INFO][m [36m(Minecraft)[m [0mtest-mock-player[embedded] logged in with entity id 52 at (0.0, 0.0, 0.0)
[m[34m[12:32:40][m [32m[Server thread/INFO][m [36m(Minecraft)[m [0mSystem chat: test-mock-player joined the game
[m[34m[12:32:40][m [32m[Server thread/INFO][m [36m(Minecraft)[m [0mtest-mock-player[embedded] logged in with entity id 57 at (0.0, 0.0, 0.0)
[m[34m[12:32:40][m [32m[Server thread/INFO][m [36m(Minecraft)[m [0mSystem chat: test-mock-player joined the game
[m[34m[12:32:40][m [32m[Server thread/INFO][m [36m(Minecraft)[m [0mtest-mock-player[embedded] logged in with entity id 68 at (0.0, 0.0, 0.0)
[m[34m[12:32:40][m [32m[Server thread/INFO][m [36m(Minecraft)[m [0mSystem chat: test-mock-player joined the game
[m[34m[12:32:40][m [32m[Server thread/INFO][m [36m(Minecraft)[m [0mtest-mock-player[embedded] logged in with entity id 70 at (0.0, 0.0, 0.0)
[m[34m[12:32:40][m [32m[Server thread/INFO][m [36m(Minecraft)[m [0mSystem chat: test-mock-player joined the game
[m[34m[12:32:40][m [32m[Server thread/INFO][m [36m(Minecraft)[m [0mtest-mock-player[embedded] logged in with entity id 72 at (0.0, 0.0, 0.0)
[m[34m[12:32:40][m [32m[Server thread/INFO][m [36m(Minecraft)[m [0mSystem chat: test-mock-player joined the game
[m[34m[12:32:40][m [32m[Server thread/INFO][m [36m(Minecraft)[m [0mtest-mock-player[embedded] logged in with entity id 74 at (0.0, 0.0, 0.0)
[m[34m[12:32:40][m [32m[Server thread/INFO][m [36m(Minecraft)[m [0mSystem chat: test-mock-player joined the game
[m[34m[12:32:40][m [32m[Server thread/INFO][m [36m(Minecraft)[m [0mtest-mock-player[embedded] logged in with entity id 76 at (0.0, 0.0, 0.0)
[m[34m[12:32:40][m [32m[Server thread/INFO][m [36m(Minecraft)[m [0mSystem chat: test-mock-player joined the game
[m[34m[12:32:40][m [32m[Server thread/INFO][m [36m(Minecraft)[m [0mtest-mock-player[embedded] logged in with entity id 78 at (0.0, 0.0, 0.0)
[m[34m[12:32:40][m [32m[Server thread/INFO][m [36m(Minecraft)[m [0mSystem chat: test-mock-player joined the game
[m[34m[12:32:40][m [32m[Server thread/INFO][m [36m(Minecraft)[m [0mtest-mock-player[embedded] logged in with entity id 80 at (0.0, 0.0, 0.0)
[m[34m[12:32:40][m [32m[Server thread/INFO][m [36m(Minecraft)[m [0mSystem chat: test-mock-player joined the game
[m[34m[12:32:40][m [32m[Server thread/INFO][m [36m(Minecraft)[m [0mtest-mock-player[embedded] logged in with entity id 82 at (0.0, 0.0, 0.0)
[m[34m[12:32:40][m [32m[Server thread/INFO][m [36m(Minecraft)[m [0mSystem chat: test-mock-player joined the game
[m[34m[12:32:40][m [32m[Server thread/INFO][m [36m(Minecraft)[m [0mtest-mock-player[embedded] logged in with entity id 84 at (0.0, 0.0, 0.0)
[m[34m[12:32:40][m [32m[Server thread/INFO][m [36m(Minecraft)[m [0mSystem chat: test-mock-player joined the game
[m[34m[12:32:40][m [32m[Server thread/INFO][m [36m(Minecraft)[m [0mtest-mock-player[embedded] logged in with entity id 86 at (0.0, 0.0, 0.0)
[m[34m[12:32:40][m [32m[Server thread/INFO][m [36m(Minecraft)[m [0mSystem chat: test-mock-player joined the game
[m[34m[12:32:40][m [32m[Server thread/INFO][m [36m(Minecraft)[m [0mtest-mock-player[embedded] logged in with entity id 88 at (0.0, 0.0, 0.0)
[m[34m[12:32:40][m [32m[Server thread/INFO][m [36m(Minecraft)[m [0mSystem chat: test-mock-player joined the game
[m[34m[12:32:40][m [32m[Server thread/INFO][m [36m(Minecraft)[m [0mtest-mock-player[embedded] logged in with entity id 90 at (0.0, 0.0, 0.0)
[m[34m[12:32:40][m [32m[Server thread/INFO][m [36m(Minecraft)[m [0mSystem chat: test-mock-player joined the game
[m[34m[12:32:40][m [32m[Server thread/INFO][m [36m(Minecraft)[m [0mtest-mock-player[embedded] logged in with entity id 92 at (0.0, 0.0, 0.0)
[m[34m[12:32:40][m [32m[Server thread/INFO][m [36m(Minecraft)[m [0mSystem chat: test-mock-player joined the game
[m[34m[12:32:40][m [32m[Server thread/INFO][m [36m(Minecraft)[m [0mtest-mock-player[embedded] logged in with entity id 94 at (0.0, 0.0, 0.0)
[m[34m[12:32:40][m [32m[Server thread/INFO][m [36m(Minecraft)[m [0mSystem chat: test-mock-player joined the game
[m[34m[12:32:40][m [32m[Server thread/INFO][m [36m(Minecraft)[m [0mtest-mock-player[embedded] logged in with entity id 96 at (0.0, 0.0, 0.0)
[m[34m[12:32:40][m [32m[Server thread/INFO][m [36m(Minecraft)[m [0mSystem chat: test-mock-player joined the game
[m[34m[12:32:40][m [32m[Server thread/INFO][m [36m(Minecraft)[m [0mtest-mock-player[embedded] logged in with entity id 98 at (0.0, 0.0, 0.0)
[m[34m[12:32:40][m [32m[Server thread/INFO][m [36m(Minecraft)[m [0mSystem chat: test-mock-player joined the game
[m[34m[12:32:40][m [32m[Server thread/INFO][m [36m(Minecraft)[m [0mtest-mock-player[embedded] logged in with entity id 100 at (0.0, 0.0, 0.0)
[m[34m[12:32:40][m [32m[Server thread/INFO][m [36m(Minecraft)[m [0mSystem chat: test-mock-player joined the game
[m[34m[12:32:40][m [32m[Server thread/INFO][m [36m(Minecraft)[m [0mtest-mock-player[embedded] logged in with entity id 102 at (0.0, 0.0, 0.0)
[m[34m[12:32:40][m [32m[Server thread/INFO][m [36m(Minecraft)[m [0mSystem chat: test-mock-player joined the game
[m[34m[12:32:40][m [32m[Server thread/INFO][m [36m(Minecraft)[m [0mtest-mock-player[embedded] logged in with entity id 104 at (0.0, 0.0, 0.0)
[m[34m[12:32:40][m [32m[Server thread/INFO][m [36m(Minecraft)[m [0mSystem chat: test-mock-player joined the game
[m[34m[12:32:40][m [32m[Server thread/INFO][m [36m(Minecraft)[m [0mtest-mock-player[embedded] logged in with entity id 106 at (0.0, 0.0, 0.0)
[m[34m[12:32:40][m [32m[Server thread/INFO][m [36m(Minecraft)[m [0mSystem chat: test-mock-player joined the game
[m[34m[12:32:40][m [32m[Server thread/INFO][m [36m(Minecraft)[m [0mtest-mock-player[embedded] logged in with entity id 107 at (0.0, 0.0, 0.0)
[m[34m[12:32:40][m [32m[Server thread/INFO][m [36m(Minecraft)[m [0mSystem chat: test-mock-player joined the game
[m[34m[12:32:40][m [32m[Server thread/INFO][m [36m(Minecraft)[m [0mtest-mock-player[embedded] logged in with entity id 109 at (0.0, 0.0, 0.0)
[m[34m[12:32:40][m [32m[Server thread/INFO][m [36m(Minecraft)[m [0mSystem chat: test-mock-player joined the game
[m[34m[12:32:40][m [32m[Server thread/INFO][m [36m(Minecraft)[m [0mtest-mock-player[embedded] logged in with entity id 111 at (0.0, 0.0, 0.0)
[m[34m[12:32:40][m [32m[Server thread/INFO][m [36m(Minecraft)[m [0mSystem chat: test-mock-player joined the game
[m[34m[12:32:40][m [32m[Server thread/INFO][m [36m(Minecraft)[m [0mtest-mock-player[embedded] logged in with entity id 115 at (0.0, 0.0, 0.0)
[m[34m[12:32:40][m [32m[Server thread/INFO][m [36m(Minecraft)[m [0mSystem chat: test-mock-player joined the game
[m[34m[12:32:40][m [32m[Server thread/INFO][m [36m(Minecraft)[m [0mtest-mock-player[embedded] logged in with entity id 116 at (0.0, 0.0, 0.0)
[m[34m[12:32:40][m [32m[Server thread/INFO][m [36m(Minecraft)[m [0mSystem chat: test-mock-player joined the game
[m[34m[12:32:40][m [32m[Server thread/INFO][m [36m(Minecraft)[m [0mtest-mock-player[embedded] logged in with entity id 118 at (0.0, 0.0, 0.0)
[m[34m[12:32:40][m [32m[Server thread/INFO][m [36m(Minecraft)[m [0mSystem chat: test-mock-player joined the game
[m[34m[12:32:40][m [32m[Server thread/INFO][m [36m(Minecraft)[m [0mtest-mock-player[embedded] logged in with entity id 120 at (0.0, 0.0, 0.0)
[m[34m[12:32:40][m [32m[Server thread/INFO][m [36m(Minecraft)[m [0mSystem chat: test-mock-player joined the game
[m[34m[12:32:40][m [32m[Server thread/INFO][m [36m(Minecraft)[m [0mtest-mock-player[embedded] logged in with entity id 122 at (0.0, 0.0, 0.0)
[m[34m[12:32:40][m [32m[Server thread/INFO][m [36m(Minecraft)[m [0mSystem chat: test-mock-player joined the game
[m[34m[12:32:40][m [32m[Server thread/INFO][m [36m(Minecraft)[m [0mtest-mock-player[embedded] logged in with entity id 124 at (0.0, 0.0, 0.0)
[m[34m[12:32:40][m [32m[Server thread/INFO][m [36m(Minecraft)[m [0mSystem chat: test-mock-player joined the game
[m[34m[12:32:40][m [32m[Server thread/INFO][m [36m(Minecraft)[m [0mtest-mock-player[embedded] logged in with entity id 126 at (0.0, 0.0, 0.0)
[m[34m[12:32:40][m [32m[Server thread/INFO][m [36m(Minecraft)[m [0mSystem chat: test-mock-player joined the game
[m[34m[12:32:40][m [32m[Server thread/INFO][m [36m(Minecraft)[m [0m[++_+++++++++_++_+++++++++++++++++++++++++++++_++++                              ]
[m[34m[12:32:40][m [32m[Server thread/INFO][m [36m(Minecraft)[m [0m[++_++++++++++++++++++++++++++++++++++++++++++_++++                              ]
[m[34m[12:32:40][m [32m[Server thread/INFO][m [36m(Minecraft)[m [0m[+++++++++++++++++++++++++++++++++++++++++++++_++++                              ]
[m[34m[12:32:41][m [32m[Server thread/INFO][m [36m(Minecraft)[m [0mRunning test environment 'minecraft:default' batch 1 (30 tests)...
[m[34m[12:32:41][m [32m[Server thread/INFO][m [36m(Minecraft)[m [0mtest-mock-player[embedded] logged in with entity id 129 at (0.0, 0.0, 0.0)
[m[34m[12:32:41][m [32m[Server thread/INFO][m [36m(Minecraft)[m [0mSystem chat: test-mock-player joined the game
[m[34m[12:32:41][m [32m[Server thread/INFO][m [36m(Minecraft)[m [0mtest-mock-player[embedded] logged in with entity id 130 at (0.0, 0.0, 0.0)
[m[34m[12:32:41][m [32m[Server thread/INFO][m [36m(Minecraft)[m [0mSystem chat: test-mock-player joined the game
[m[34m[12:32:41][m [32m[Server thread/INFO][m [36m(Minecraft)[m [0mtest-mock-player[embedded] logged in with entity id 132 at (0.0, 0.0, 0.0)
[m[34m[12:32:41][m [32m[Server thread/INFO][m [36m(Minecraft)[m [0mSystem chat: test-mock-player joined the game
[m[34m[12:32:41][m [32m[Server thread/INFO][m [36m(Minecraft)[m [0mtest-mock-player[embedded] logged in with entity id 134 at (0.0, 0.0, 0.0)
[m[34m[12:32:41][m [32m[Server thread/INFO][m [36m(Minecraft)[m [0mSystem chat: test-mock-player joined the game
[m[34m[12:32:41][m [32m[Server thread/INFO][m [36m(Minecraft)[m [0mtest-mock-player[embedded] logged in with entity id 136 at (0.0, 0.0, 0.0)
[m[34m[12:32:41][m [32m[Server thread/INFO][m [36m(Minecraft)[m [0mSystem chat: test-mock-player joined the game
[m[34m[12:32:41][m [32m[Server thread/INFO][m [36m(Minecraft)[m [0mtest-mock-player[embedded] logged in with entity id 138 at (0.0, 0.0, 0.0)
[m[34m[12:32:41][m [32m[Server thread/INFO][m [36m(Minecraft)[m [0mSystem chat: test-mock-player joined the game
[m[34m[12:32:41][m [32m[Server thread/INFO][m [36m(Minecraft)[m [0mtest-mock-player[embedded] logged in with entity id 140 at (0.0, 0.0, 0.0)
[m[34m[12:32:41][m [32m[Server thread/INFO][m [36m(Minecraft)[m [0mSystem chat: test-mock-player joined the game
[m[34m[12:32:41][m [32m[Server thread/INFO][m [36m(Minecraft)[m [0mtest-mock-player[embedded] logged in with entity id 141 at (0.0, 0.0, 0.0)
[m[34m[12:32:41][m [32m[Server thread/INFO][m [36m(Minecraft)[m [0mSystem chat: test-mock-player joined the game
[m[34m[12:32:41][m [32m[Server thread/INFO][m [36m(Minecraft)[m [0mtest-mock-player[embedded] logged in with entity id 142 at (0.0, 0.0, 0.0)
[m[34m[12:32:41][m [32m[Server thread/INFO][m [36m(Minecraft)[m [0mSystem chat: test-mock-player joined the game
[m[34m[12:32:41][m [32m[Server thread/INFO][m [36m(Minecraft)[m [0mtest-mock-player[embedded] logged in with entity id 143 at (0.0, 0.0, 0.0)
[m[34m[12:32:41][m [32m[Server thread/INFO][m [36m(Minecraft)[m [0mSystem chat: test-mock-player joined the game
[m[34m[12:32:41][m [32m[Server thread/INFO][m [36m(Minecraft)[m [0mtest-mock-player[embedded] logged in with entity id 144 at (0.0, 0.0, 0.0)
[m[34m[12:32:41][m [32m[Server thread/INFO][m [36m(Minecraft)[m [0mSystem chat: test-mock-player joined the game
[m[34m[12:32:41][m [32m[Server thread/INFO][m [36m(Minecraft)[m [0mSystem chat: test-mock-player has made the advancement [Take Aim]
[m[34m[12:32:41][m [32m[Server thread/INFO][m [36m(Minecraft)[m [0mtest-mock-player[embedded] logged in with entity id 148 at (0.0, 0.0, 0.0)
[m[34m[12:32:41][m [32m[Server thread/INFO][m [36m(Minecraft)[m [0mSystem chat: test-mock-player joined the game
[m[34m[12:32:41][m [32m[Server thread/INFO][m [36m(Minecraft)[m [0mtest-mock-player[embedded] logged in with entity id 149 at (0.0, 0.0, 0.0)
[m[34m[12:32:41][m [32m[Server thread/INFO][m [36m(Minecraft)[m [0mSystem chat: test-mock-player joined the game
[m[34m[12:32:41][m [32m[Server thread/INFO][m [36m(Minecraft)[m [0mtest-mock-player[embedded] logged in with entity id 150 at (0.0, 0.0, 0.0)
[m[34m[12:32:41][m [32m[Server thread/INFO][m [36m(Minecraft)[m [0mSystem chat: test-mock-player joined the game
[m[34m[12:32:41][m [32m[Server thread/INFO][m [36m(Minecraft)[m [0mtest-mock-player[embedded] logged in with entity id 151 at (0.0, 0.0, 0.0)
[m[34m[12:32:41][m [32m[Server thread/INFO][m [36m(Minecraft)[m [0mSystem chat: test-mock-player joined the game
[m[34m[12:32:41][m [32m[Server thread/INFO][m [36m(Minecraft)[m [0mtest-mock-player[embedded] logged in with entity id 153 at (0.0, 0.0, 0.0)
[m[34m[12:32:41][m [32m[Server thread/INFO][m [36m(Minecraft)[m [0mSystem chat: test-mock-player joined the game
[m[34m[12:32:41][m [32m[Server thread/INFO][m [36m(Minecraft)[m [0mSystem chat: test-mock-player has made the advancement [Diamonds!]
[m[34m[12:32:41][m [32m[Server thread/INFO][m [36m(Minecraft)[m [0mtest-mock-player[embedded] logged in with entity id 154 at (0.0, 0.0, 0.0)
[m[34m[12:32:41][m [32m[Server thread/INFO][m [36m(Minecraft)[m [0mSystem chat: test-mock-player joined the game
[m[34m[12:32:41][m [32m[Server thread/INFO][m [36m(Minecraft)[m [0mtest-mock-player[embedded] logged in with entity id 155 at (0.0, 0.0, 0.0)
[m[34m[12:32:41][m [32m[Server thread/INFO][m [36m(Minecraft)[m [0mSystem chat: test-mock-player joined the game
[m[34m[12:32:41][m [32m[Server thread/INFO][m [36m(Minecraft)[m [0mtest-mock-player[embedded] logged in with entity id 158 at (0.0, 0.0, 0.0)
[m[34m[12:32:41][m [32m[Server thread/INFO][m [36m(Minecraft)[m [0mSystem chat: test-mock-player joined the game
[m[34m[12:32:41][m [32m[Server thread/INFO][m [36m(Minecraft)[m [0mtest-mock-player[embedded] logged in with entity id 159 at (0.0, 0.0, 0.0)
[m[34m[12:32:41][m [32m[Server thread/INFO][m [36m(Minecraft)[m [0mSystem chat: test-mock-player joined the game
[m[34m[12:32:41][m [32m[Server thread/INFO][m [36m(Minecraft)[m [0mtest-mock-player[embedded] logged in with entity id 160 at (0.0, 0.0, 0.0)
[m[34m[12:32:41][m [32m[Server thread/INFO][m [36m(Minecraft)[m [0mSystem chat: test-mock-player joined the game
[m[34m[12:32:41][m [32m[Server thread/INFO][m [36m(Minecraft)[m [0mtest-mock-player[embedded] logged in with entity id 162 at (0.0, 0.0, 0.0)
[m[34m[12:32:41][m [32m[Server thread/INFO][m [36m(Minecraft)[m [0mSystem chat: test-mock-player joined the game
[m[34m[12:32:41][m [32m[Server thread/INFO][m [36m(Minecraft)[m [0mtest-mock-player[embedded] logged in with entity id 165 at (0.0, 0.0, 0.0)
[m[34m[12:32:41][m [32m[Server thread/INFO][m [36m(Minecraft)[m [0mSystem chat: test-mock-player joined the game
[m[34m[12:32:41][m [32m[Server thread/INFO][m [36m(Minecraft)[m [0m[++++++++++++++++++++++++++++++++++++++++++++++++++__+_+_++++++++_+++++++++++++++]
[m[34m[12:32:41][m [32m[Server thread/INFO][m [36m(Minecraft)[m [0m[STDOUT]: P9 attack deltas vanilla=6.0 fused=9.0 uses=31
[m[34m[12:32:41][m [32m[Server thread/INFO][m [36m(Minecraft)[m [0m[++++++++++++++++++++++++++++++++++++++++++++++++++__+++_++++++++++++++++++++++++]
[m[34m[12:32:41][m [32m[Server thread/INFO][m [36m(Minecraft)[m [0m[+++++++++++++++++++++++++++++++++++++++++++++++++++_+++_++++++++++++++++++++++++]
[m[34m[12:32:41][m [32m[Server thread/INFO][m [36m(Minecraft)[m [0m[+++++++++++++++++++++++++++++++++++++++++++++++++++++++_++++++++++++++++++++++++]
[m[34m[12:32:41][m [32m[Server thread/INFO][m [36m(Minecraft)[m [0m[++++++++++++++++++++++++++++++++++++++++++++++++++++++++++++++++++++++++++++++++]
[m[34m[12:32:41][m [32m[Server thread/INFO][m [36m(Minecraft)[m [0m========= 80 GAME TESTS COMPLETE IN 2.979 s ======================
[m[34m[12:32:41][m [32m[Server thread/INFO][m [36m(Minecraft)[m [0mAll 80 required tests passed :)
[m[34m[12:32:41][m [32m[Server thread/INFO][m [36m(Minecraft)[m [0m====================================================
[m[34m[12:32:41][m [32m[Server thread/INFO][m [36m(Minecraft)[m [0mStopping server
[m[34m[12:32:41][m [32m[Server thread/INFO][m [36m(Minecraft)[m [0mSaving players
[m[34m[12:32:41][m [32m[Server thread/INFO][m [36m(Minecraft)[m [0mtest-mock-player lost connection: Server closed
[m[34m[12:32:41][m [32m[Server thread/INFO][m [36m(Minecraft)[m [0mSystem chat: test-mock-player left the game
[m[34m[12:32:41][m [32m[Server thread/INFO][m [36m(Minecraft)[m [0mtest-mock-player lost connection: Server closed
[m[34m[12:32:41][m [32m[Server thread/INFO][m [36m(Minecraft)[m [0mSystem chat: test-mock-player left the game
[m[34m[12:32:41][m [32m[Server thread/INFO][m [36m(Minecraft)[m [0mtest-mock-player lost connection: Server closed
[m[34m[12:32:41][m [32m[Server thread/INFO][m [36m(Minecraft)[m [0mSystem chat: test-mock-player left the game
[m[34m[12:32:41][m [32m[Server thread/INFO][m [36m(Minecraft)[m [0mtest-mock-player lost connection: Server closed
[m[34m[12:32:41][m [32m[Server thread/INFO][m [36m(Minecraft)[m [0mSystem chat: test-mock-player left the game
[m[34m[12:32:41][m [32m[Server thread/INFO][m [36m(Minecraft)[m [0mtest-mock-player lost connection: Server closed
[m[34m[12:32:41][m [32m[Server thread/INFO][m [36m(Minecraft)[m [0mSystem chat: test-mock-player left the game
[m[34m[12:32:41][m [32m[Server thread/INFO][m [36m(Minecraft)[m [0mtest-mock-player lost connection: Server closed
[m[34m[12:32:41][m [32m[Server thread/INFO][m [36m(Minecraft)[m [0mSystem chat: test-mock-player left the game
[m[34m[12:32:41][m [32m[Server thread/INFO][m [36m(Minecraft)[m [0mtest-mock-player lost connection: Server closed
[m[34m[12:32:41][m [32m[Server thread/INFO][m [36m(Minecraft)[m [0mSystem chat: test-mock-player left the game
[m[34m[12:32:41][m [32m[Server thread/INFO][m [36m(Minecraft)[m [0mtest-mock-player lost connection: Server closed
[m[34m[12:32:41][m [32m[Server thread/INFO][m [36m(Minecraft)[m [0mSystem chat: test-mock-player left the game
[m[34m[12:32:41][m [32m[Server thread/INFO][m [36m(Minecraft)[m [0mtest-mock-player lost connection: Server closed
[m[34m[12:32:41][m [32m[Server thread/INFO][m [36m(Minecraft)[m [0mSystem chat: test-mock-player left the game
[m[34m[12:32:41][m [32m[Server thread/INFO][m [36m(Minecraft)[m [0mtest-mock-player lost connection: Server closed
[m[34m[12:32:41][m [32m[Server thread/INFO][m [36m(Minecraft)[m [0mSystem chat: test-mock-player left the game
[m[34m[12:32:41][m [32m[Server thread/INFO][m [36m(Minecraft)[m [0mtest-mock-player lost connection: Server closed
[m[34m[12:32:41][m [32m[Server thread/INFO][m [36m(Minecraft)[m [0mSystem chat: test-mock-player left the game
[m[34m[12:32:41][m [32m[Server thread/INFO][m [36m(Minecraft)[m [0mtest-mock-player lost connection: Server closed
[m[34m[12:32:41][m [32m[Server thread/INFO][m [36m(Minecraft)[m [0mSystem chat: test-mock-player left the game
[m[34m[12:32:41][m [32m[Server thread/INFO][m [36m(Minecraft)[m [0mtest-mock-player lost connection: Server closed
[m[34m[12:32:41][m [32m[Server thread/INFO][m [36m(Minecraft)[m [0mSystem chat: test-mock-player left the game
[m[34m[12:32:41][m [32m[Server thread/INFO][m [36m(Minecraft)[m [0mtest-mock-player lost connection: Server closed
[m[34m[12:32:41][m [32m[Server thread/INFO][m [36m(Minecraft)[m [0mSystem chat: test-mock-player left the game
[m[34m[12:32:41][m [32m[Server thread/INFO][m [36m(Minecraft)[m [0mtest-mock-player lost connection: Server closed
[m[34m[12:32:41][m [32m[Server thread/INFO][m [36m(Minecraft)[m [0mSystem chat: test-mock-player left the game
[m[34m[12:32:41][m [32m[Server thread/INFO][m [36m(Minecraft)[m [0mtest-mock-player lost connection: Server closed
[m[34m[12:32:41][m [32m[Server thread/INFO][m [36m(Minecraft)[m [0mSystem chat: test-mock-player left the game
[m[34m[12:32:41][m [32m[Server thread/INFO][m [36m(Minecraft)[m [0mtest-mock-player lost connection: Server closed
[m[34m[12:32:41][m [32m[Server thread/INFO][m [36m(Minecraft)[m [0mSystem chat: test-mock-player left the game
[m[34m[12:32:41][m [32m[Server thread/INFO][m [36m(Minecraft)[m [0mtest-mock-player lost connection: Server closed
[m[34m[12:32:41][m [32m[Server thread/INFO][m [36m(Minecraft)[m [0mSystem chat: test-mock-player left the game
[m[34m[12:32:41][m [32m[Server thread/INFO][m [36m(Minecraft)[m [0mtest-mock-player lost connection: Server closed
[m[34m[12:32:41][m [32m[Server thread/INFO][m [36m(Minecraft)[m [0mSystem chat: test-mock-player left the game
[m[34m[12:32:41][m [32m[Server thread/INFO][m [36m(Minecraft)[m [0mtest-mock-player lost connection: Server closed
[m[34m[12:32:41][m [32m[Server thread/INFO][m [36m(Minecraft)[m [0mSystem chat: test-mock-player left the game
[m[34m[12:32:41][m [32m[Server thread/INFO][m [36m(Minecraft)[m [0mtest-mock-player lost connection: Server closed
[m[34m[12:32:41][m [32m[Server thread/INFO][m [36m(Minecraft)[m [0mSystem chat: test-mock-player left the game
[m[34m[12:32:41][m [32m[Server thread/INFO][m [36m(Minecraft)[m [0mtest-mock-player lost connection: Server closed
[m[34m[12:32:41][m [32m[Server thread/INFO][m [36m(Minecraft)[m [0mSystem chat: test-mock-player left the game
[m[34m[12:32:41][m [32m[Server thread/INFO][m [36m(Minecraft)[m [0mtest-mock-player lost connection: Server closed
[m[34m[12:32:41][m [32m[Server thread/INFO][m [36m(Minecraft)[m [0mSystem chat: test-mock-player left the game
[m[34m[12:32:41][m [32m[Server thread/INFO][m [36m(Minecraft)[m [0mtest-mock-player lost connection: Server closed
[m[34m[12:32:41][m [32m[Server thread/INFO][m [36m(Minecraft)[m [0mSystem chat: test-mock-player left the game
[m[34m[12:32:41][m [32m[Server thread/INFO][m [36m(Minecraft)[m [0mtest-mock-player lost connection: Server closed
[m[34m[12:32:41][m [32m[Server thread/INFO][m [36m(Minecraft)[m [0mSystem chat: test-mock-player left the game
[m[34m[12:32:41][m [32m[Server thread/INFO][m [36m(Minecraft)[m [0mtest-mock-player lost connection: Server closed
[m[34m[12:32:41][m [32m[Server thread/INFO][m [36m(Minecraft)[m [0mSystem chat: test-mock-player left the game
[m[34m[12:32:41][m [32m[Server thread/INFO][m [36m(Minecraft)[m [0mtest-mock-player lost connection: Server closed
[m[34m[12:32:41][m [32m[Server thread/INFO][m [36m(Minecraft)[m [0mSystem chat: test-mock-player left the game
[m[34m[12:32:41][m [32m[Server thread/INFO][m [36m(Minecraft)[m [0mtest-mock-player lost connection: Server closed
[m[34m[12:32:41][m [32m[Server thread/INFO][m [36m(Minecraft)[m [0mSystem chat: test-mock-player left the game
[m[34m[12:32:41][m [32m[Server thread/INFO][m [36m(Minecraft)[m [0mtest-mock-player lost connection: Server closed
[m[34m[12:32:41][m [32m[Server thread/INFO][m [36m(Minecraft)[m [0mSystem chat: test-mock-player left the game
[m[34m[12:32:41][m [32m[Server thread/INFO][m [36m(Minecraft)[m [0mtest-mock-player lost connection: Server closed
[m[34m[12:32:41][m [32m[Server thread/INFO][m [36m(Minecraft)[m [0mSystem chat: test-mock-player left the game
[m[34m[12:32:41][m [32m[Server thread/INFO][m [36m(Minecraft)[m [0mtest-mock-player lost connection: Server closed
[m[34m[12:32:41][m [32m[Server thread/INFO][m [36m(Minecraft)[m [0mSystem chat: test-mock-player left the game
[m[34m[12:32:41][m [32m[Server thread/INFO][m [36m(Minecraft)[m [0mtest-mock-player lost connection: Server closed
[m[34m[12:32:41][m [32m[Server thread/INFO][m [36m(Minecraft)[m [0mSystem chat: test-mock-player left the game
[m[34m[12:32:41][m [32m[Server thread/INFO][m [36m(Minecraft)[m [0mtest-mock-player lost connection: Server closed
[m[34m[12:32:41][m [32m[Server thread/INFO][m [36m(Minecraft)[m [0mSystem chat: test-mock-player left the game
[m[34m[12:32:41][m [32m[Server thread/INFO][m [36m(Minecraft)[m [0mtest-mock-player lost connection: Server closed
[m[34m[12:32:41][m [32m[Server thread/INFO][m [36m(Minecraft)[m [0mSystem chat: test-mock-player left the game
[m[34m[12:32:41][m [32m[Server thread/INFO][m [36m(Minecraft)[m [0mtest-mock-player lost connection: Server closed
[m[34m[12:32:41][m [32m[Server thread/INFO][m [36m(Minecraft)[m [0mSystem chat: test-mock-player left the game
[m[34m[12:32:41][m [32m[Server thread/INFO][m [36m(Minecraft)[m [0mtest-mock-player lost connection: Server closed
[m[34m[12:32:41][m [32m[Server thread/INFO][m [36m(Minecraft)[m [0mSystem chat: test-mock-player left the game
[m[34m[12:32:41][m [32m[Server thread/INFO][m [36m(Minecraft)[m [0mtest-mock-player lost connection: Server closed
[m[34m[12:32:41][m [32m[Server thread/INFO][m [36m(Minecraft)[m [0mSystem chat: test-mock-player left the game
[m[34m[12:32:41][m [32m[Server thread/INFO][m [36m(Minecraft)[m [0mtest-mock-player lost connection: Server closed
[m[34m[12:32:41][m [32m[Server thread/INFO][m [36m(Minecraft)[m [0mSystem chat: test-mock-player left the game
[m[34m[12:32:41][m [32m[Server thread/INFO][m [36m(Minecraft)[m [0mtest-mock-player lost connection: Server closed
[m[34m[12:32:41][m [32m[Server thread/INFO][m [36m(Minecraft)[m [0mSystem chat: test-mock-player left the game
[m[34m[12:32:41][m [32m[Server thread/INFO][m [36m(Minecraft)[m [0mtest-mock-player lost connection: Server closed
[m[34m[12:32:41][m [32m[Server thread/INFO][m [36m(Minecraft)[m [0mSystem chat: test-mock-player left the game
[m[34m[12:32:41][m [32m[Server thread/INFO][m [36m(Minecraft)[m [0mtest-mock-player lost connection: Server closed
[m[34m[12:32:41][m [32m[Server thread/INFO][m [36m(Minecraft)[m [0mSystem chat: test-mock-player left the game
[m[34m[12:32:41][m [32m[Server thread/INFO][m [36m(Minecraft)[m [0mtest-mock-player lost connection: Server closed
[m[34m[12:32:41][m [32m[Server thread/INFO][m [36m(Minecraft)[m [0mSystem chat: test-mock-player left the game
[m[34m[12:32:41][m [32m[Server thread/INFO][m [36m(Minecraft)[m [0mtest-mock-player lost connection: Server closed
[m[34m[12:32:41][m [32m[Server thread/INFO][m [36m(Minecraft)[m [0mSystem chat: test-mock-player left the game
[m[34m[12:32:41][m [32m[Server thread/INFO][m [36m(Minecraft)[m [0mSaving worlds
[m[34m[12:32:41][m [32m[Server thread/INFO][m [36m(Minecraft)[m [0mSaving chunks for level 'ServerLevel[Test Level]'/minecraft:overworld
[m[34m[12:32:42][m [32m[Server thread/INFO][m [36m(Minecraft)[m [0mSaving chunks for level 'ServerLevel[Test Level]'/minecraft:the_nether
[m[34m[12:32:42][m [32m[Server thread/INFO][m [36m(Minecraft)[m [0mSaving chunks for level 'ServerLevel[Test Level]'/minecraft:the_end
[m[34m[12:32:42][m [32m[Server thread/INFO][m [36m(Minecraft)[m [0mGame test server shutting down
[m
> Task :gameTestJar
> Task :compileTestJava NO-SOURCE
> Task :processTestResources NO-SOURCE
> Task :testClasses UP-TO-DATE
> Task :test NO-SOURCE
> Task :validateAccessWidener NO-SOURCE
> Task :compileRulesTestJava UP-TO-DATE
> Task :processRulesTestResources NO-SOURCE
> Task :rulesTestClasses UP-TO-DATE

> Task :verifyRules
WILDCRAFT P3.2 active clock: 10 cases passed; 5/10/20/60Hz, pause, resume, stall, duplicate
WILDCRAFT stamina numerical checks passed: 13 examples + 1000 bound/monotonicity cases

> Task :verifyTemperatureRules
WILDCRAFT P4A temperature: climate/water/limits, 30/60/120fps, 1000 hysteresis and 7000 interpolation checks passed

> Task :verifyWindRules
WILDCRAFT P10 16004 seed/time/weather bounds, deterministic reload, smooth transitions and load limits passed

> Task :check
> Task :exportMod UP-TO-DATE
> Task :build
> Task :acceptPackagedClientTestEula UP-TO-DATE
> Task :downloadAssets UP-TO-DATE

> Task :runPackagedClientTest
[12:32:44] [main/INFO]: Loading Minecraft 26.3 with Fabric Loader 0.19.5
[12:32:44] [main/INFO]: Mappings not present!
[12:32:44] [main/INFO]: Loading 53 mods:
	- fabric-advancement-api-v1 1.0.0+38c7a2d55d
	- fabric-api 0.161.0+26.3
	- fabric-api-base 2.0.6+fcdff87f5d
	- fabric-api-lookup-api-v1 2.0.24+3434d6d95d
	- fabric-biome-api-v1 20.0.9+74ed1ea55d
	- fabric-block-api-v1 3.1.0+0ae6f9115d
	- fabric-block-getter-api-v2 2.0.9+3434d6d95d
	- fabric-client-gametest-api-v1 6.0.7+4be74c3f5d
	- fabric-command-api-v2 3.1.2+fcdff87f5d
	- fabric-content-registries-v0 15.0.4+74ed1ea55d
	- fabric-convention-tags-v2 4.10.3+6b5b47fd5d
	- fabric-crash-report-info-v1 1.0.7+fcdff87f5d
	- fabric-creative-tab-api-v1 5.0.21+fcdff87f5d
	- fabric-data-attachment-api-v1 2.2.30+3434d6d95d
	- fabric-data-generation-api-v1 27.2.4+427eab975d
	- fabric-debug-api-v1 1.0.4+3434d6d95d
	- fabric-dimensions-v1 5.1.19+47f74c985d
	- fabric-entity-events-v1 6.0.4+3434d6d95d
	- fabric-events-interaction-v0 5.3.6+3434d6d95d
	- fabric-game-rule-api-v1 4.0.10+3434d6d95d
	- fabric-gametest-api-v1 4.0.32+3434d6d95d
	- fabric-item-api-v1 14.7.0+cf6bc2db5d
	- fabric-key-mapping-api-v1 2.0.8+3434d6d95d
	- fabric-lifecycle-events-v1 4.1.9+ffef5f675d
	- fabric-loot-api-v3 4.0.8+4068fd645d
	- fabric-menu-api-v1 2.0.27+ed66f0a35d
	- fabric-message-api-v1 7.0.10+3434d6d95d
	- fabric-model-loading-api-v1 8.0.35+fcdff87f5d
	- fabric-networking-api-v1 6.3.8+fcdff87f5d
	- fabric-object-builder-api-v1 24.1.9+3434d6d95d
	- fabric-particles-v1 5.0.24+3434d6d95d
	- fabric-permission-api-v1 1.0.8+fcdff87f5d
	- fabric-recipe-api-v1 10.0.8+fcdff87f5d
	- fabric-registry-sync-v0 8.0.1+fcdff87f5d
	- fabric-renderer-api-v1 17.0.15+79385d0b5d
	- fabric-renderer-indigo 9.1.23+b9d63e335d
	- fabric-rendering-fluids-v1 6.0.6+3434d6d95d
	- fabric-rendering-v1 27.0.14+901a437c5d
	- fabric-resource-conditions-api-v1 6.1.5+3434d6d95d
	- fabric-resource-loader-v0 3.3.26+4fc5413f5d
	- fabric-resource-loader-v1 3.0.4+fcdff87f5d
	- fabric-screen-api-v1 5.2.4+48607d035d
	- fabric-serialization-api-v1 2.0.7+74ed1ea55d
	- fabric-sound-api-v1 2.0.7+3434d6d95d
	- fabric-tag-api-v1 2.1.10+fcdff87f5d
	- fabric-transfer-api-v1 8.0.25+fcdff87f5d
	- fabric-transitive-access-wideners-v1 8.1.16+52268a0e5d
	- fabricloader 0.19.5
	   \-- mixinextras 0.5.5
	- java 25
	- minecraft 26.3
	- wildcraft 0.1.0-dev.16
	- wildcraft-test 1.0.0
[12:32:44] [main/INFO]: SpongePowered MIXIN Subsystem Version=0.8.7 Source=file:/Volumes/%e4%bb%95%e4%ba%8b/Wildcraft/%e5%bc%80%e5%8f%91%e7%8e%af%e5%a2%83/cache/gradle/caches/modules-2/files-2.1/net.fabricmc/sponge-mixin/0.17.4+mixin.0.8.7/5f66cc9f59b8efaa942155a3d5a30599bf6640dd/sponge-mixin-0.17.4+mixin.0.8.7.jar Service=Knot/Fabric Env=CLIENT
WARNING: A restricted method in java.lang.System has been called
WARNING: java.lang.System::load has been called by org.lwjgl.system.Library$$Lambda/0x00001e000129fd60 in an unnamed module (file:/Volumes/%E4%BB%95%E4%BA%8B/Wildcraft/%E5%BC%80%E5%8F%91%E7%8E%AF%E5%A2%83/cache/gradle/caches/modules-2/files-2.1/org.lwjgl/lwjgl/3.4.3/7ab5265a73d8a959ed62332d546536ae6be2f0d5/lwjgl-3.4.3.jar)
WARNING: Use --enable-native-access=ALL-UNNAMED to avoid a warning for callers in this module
WARNING: Restricted methods will be blocked in a future release unless native access is enabled

WARNING: A terminally deprecated method in sun.misc.Unsafe has been called
WARNING: sun.misc.Unsafe::objectFieldOffset has been called by org.lwjgl.system.MemoryBackendUnsafeLegacy (file:/Volumes/%E4%BB%95%E4%BA%8B/Wildcraft/%E5%BC%80%E5%8F%91%E7%8E%AF%E5%A2%83/cache/gradle/caches/modules-2/files-2.1/org.lwjgl/lwjgl/3.4.3/7ab5265a73d8a959ed62332d546536ae6be2f0d5/lwjgl-3.4.3.jar)
WARNING: Please consider reporting this to the maintainers of class org.lwjgl.system.MemoryBackendUnsafeLegacy
WARNING: sun.misc.Unsafe::objectFieldOffset will be removed in a future release
[12:32:45] [main/INFO]: Initializing MixinExtras via com.llamalad7.mixinextras.service.MixinExtrasServiceImpl(version=0.5.5).
[12:32:45] [Datafixer Bootstrap #0/INFO]: 307 Datafixer optimizations took 208 milliseconds
[12:32:46] [main/WARN]: Unable to parse version 27.0 to a codename.
[12:32:47] [Render thread/INFO]: Environment: Environment[discoveryUrl=https://discovery.minecraftservices.com/minecraft/client, name=PROD]
[12:32:47] [Render thread/INFO]: Setting user: Player32
[12:32:48] [Render thread/INFO]: Wildcraft wind/weather initialized; fusion, fabrication, mechanics, energy, cooking, temperature and traversal registered.
[12:32:48] [Render thread/INFO]: [Indigo] Registering Indigo renderer!
[12:32:48] [Render thread/INFO]: Wildcraft second art client initialized; adopted models, menus, HUD, equipment poses and confirmed feedback registered.
[12:32:48] [Render thread/ERROR]: Illegal option value 0 for Anisotropic Filtering
[12:32:48] [Render thread/INFO]: Backend library: LWJGL version 3.4.3-snapshot
[12:32:48] [Render thread/INFO]: SDL [SYSTEM]: App name: Minecraft
[12:32:48] [Render thread/INFO]: SDL [SYSTEM]: App version: 26.3
[12:32:48] [Render thread/INFO]: SDL [SYSTEM]: App ID: com.mojang.minecraft
[12:32:48] [Render thread/INFO]: SDL [SYSTEM]: SDL revision: SDL-3.4.14-62f10da
[12:32:48] [Render thread/WARN]: Device [Apple M4] supports all extensions from FeatureSet [Vulkan Portability Subset], making required
[12:32:48] [Render thread/INFO]: Using graphics backend OpenGL, using drivers: 4.1 Metal - 91.7
[12:32:48] [Render thread/INFO]: Using graphics device: Apple M4 (Apple)
[12:32:48] [Render thread/INFO]: Using graphics device extensions: GL_ARB_draw_indirect, GL_EXT_texture_filter_anisotropic
[12:32:48] [Render thread/INFO]: Created window using SDL video driver: cocoa
[12:32:48] [Download-2/ERROR]: Failed to fetch user properties
com.mojang.authlib.exceptions.InvalidCredentialsException: Status: 401
	at knot//com.mojang.authlib.exceptions.MinecraftClientHttpException.toAuthenticationException(MinecraftClientHttpException.java:70)
	at knot//com.mojang.authlib.services.MinecraftServicesUserApiService.fetchProperties(MinecraftServicesUserApiService.java:168)
	at knot//net.minecraft.client.Minecraft.lambda$new$1(Minecraft.java:451)
	at java.base/java.util.concurrent.CompletableFuture$AsyncSupply.run(CompletableFuture.java:1789)
	at java.base/java.util.concurrent.ThreadPoolExecutor.runWorker(ThreadPoolExecutor.java:1090)
	at java.base/java.util.concurrent.ThreadPoolExecutor$Worker.run(ThreadPoolExecutor.java:614)
	at java.base/java.lang.Thread.run(Thread.java:1474)
Caused by: MinecraftClientHttpException[type=HTTP_ERROR, status=401, response=ErrorResponse[path=/player/attributes, error=null, errorMessage=null, details=null]]
	at knot//com.mojang.authlib.minecraft.client.MinecraftClient.buildHttpException(MinecraftClient.java:170)
	at knot//com.mojang.authlib.minecraft.client.MinecraftClient.readServiceResponse(MinecraftClient.java:147)
	at knot//com.mojang.authlib.minecraft.client.MinecraftClient.getWithEtag(MinecraftClient.java:81)
	at knot//com.mojang.authlib.minecraft.client.MinecraftClient.get(MinecraftClient.java:65)
	at knot//com.mojang.authlib.services.MinecraftServicesUserApiService.fetchProperties(MinecraftServicesUserApiService.java:118)
	... 5 more
[12:32:49] [Render thread/INFO]: Reloading ResourceManager: vanilla, vanilla, fabric-advancement-api-v1, fabric-api, fabric-api-base, fabric-api-lookup-api-v1, fabric-biome-api-v1, fabric-block-api-v1, fabric-block-getter-api-v2, fabric-client-gametest-api-v1, fabric-command-api-v2, fabric-content-registries-v0, fabric-convention-tags-v2, fabric-crash-report-info-v1, fabric-creative-tab-api-v1, fabric-data-attachment-api-v1, fabric-data-generation-api-v1, fabric-debug-api-v1, fabric-dimensions-v1, fabric-entity-events-v1, fabric-events-interaction-v0, fabric-game-rule-api-v1, fabric-gametest-api-v1, fabric-item-api-v1, fabric-key-mapping-api-v1, fabric-lifecycle-events-v1, fabric-loot-api-v3, fabric-menu-api-v1, fabric-message-api-v1, fabric-model-loading-api-v1, fabric-networking-api-v1, fabric-object-builder-api-v1, fabric-particles-v1, fabric-permission-api-v1, fabric-recipe-api-v1, fabric-registry-sync-v0, fabric-renderer-api-v1, fabric-renderer-indigo, fabric-rendering-fluids-v1, fabric-rendering-v1, fabric-resource-conditions-api-v1, fabric-resource-loader-v0, fabric-resource-loader-v1, fabric-screen-api-v1, fabric-serialization-api-v1, fabric-sound-api-v1, fabric-tag-api-v1, fabric-transfer-api-v1, fabric-transitive-access-wideners-v1, fabricloader, wildcraft, wildcraft-test
UNSUPPORTED (log once): gldCopyBufferSubData: NEEDS IMPLEMENTATION
[12:32:49] [Download-2/INFO]: Could not authorize you against Realms server: java.lang.RuntimeException: Failed to parse into SignedJWT: FabricMC
[12:32:49] [Download-2/ERROR]: Failed to fetch Realms feature flags
com.mojang.realmsclient.exception.RealmsServiceException: Realms authentication error with message 'java.lang.RuntimeException: Failed to parse into SignedJWT: FabricMC'
	at knot//com.mojang.realmsclient.client.RealmsClient.execute(RealmsClient.java:625)
	at knot//com.mojang.realmsclient.client.RealmsClient.fetchFeatureFlags(RealmsClient.java:204)
	at java.base/java.util.concurrent.CompletableFuture$AsyncSupply.run(CompletableFuture.java:1789)
	at java.base/java.util.concurrent.ThreadPoolExecutor.runWorker(ThreadPoolExecutor.java:1090)
	at java.base/java.util.concurrent.ThreadPoolExecutor$Worker.run(ThreadPoolExecutor.java:614)
	at java.base/java.lang.Thread.run(Thread.java:1474)
[12:32:49] [Worker-Main-8/INFO]: Found unifont_all_no_pua-17.0.01.hex, loading
[12:32:49] [Worker-Main-4/INFO]: Found unifont_pua-17.0.01.hex, loading
[12:32:49] [Worker-Main-7/INFO]: Found unifont_jp_patch-17.0.01.hex, loading
[12:32:49] [Render thread/INFO]: Info log when linking program containing VERTEX minecraft:core/terrain, FRAGMENT minecraft:core/terrain. Log output: WARNING: Output of vertex shader '_interface_variable_01' not read by fragment shader
WARNING: Output of vertex shader '_interface_variable_00' not read by fragment shader
WARNING: Output of vertex shader '_interface_variable_04' not read by fragment shader

[12:32:49] [Render thread/INFO]: Info log when linking program containing VERTEX minecraft:core/rendertype_crumbling, FRAGMENT minecraft:core/rendertype_crumbling. Log output: WARNING: Output of vertex shader '_interface_variable_01' not read by fragment shader
WARNING: Output of vertex shader '_interface_variable_00' not read by fragment shader

[12:32:49] [Render thread/INFO]: Info log when linking program containing VERTEX minecraft:core/entity, FRAGMENT minecraft:core/entity. Log output: WARNING: Output of vertex shader '_interface_variable_01' not read by fragment shader
WARNING: Output of vertex shader '_interface_variable_00' not read by fragment shader

[12:32:49] [Render thread/INFO]: Info log when linking program containing VERTEX minecraft:core/rendertype_lines, FRAGMENT minecraft:core/rendertype_lines. Log output: WARNING: Output of vertex shader '_interface_variable_01' not read by fragment shader
WARNING: Output of vertex shader '_interface_variable_00' not read by fragment shader

[12:32:49] [Render thread/INFO]: Info log when linking program containing VERTEX minecraft:core/terrain, FRAGMENT minecraft:core/terrain. Log output: WARNING: Output of vertex shader '_interface_variable_01' not read by fragment shader
WARNING: Output of vertex shader '_interface_variable_00' not read by fragment shader
WARNING: Output of vertex shader '_interface_variable_04' not read by fragment shader

[12:32:49] [Render thread/INFO]: Info log when linking program containing VERTEX minecraft:core/text, FRAGMENT minecraft:core/text. Log output: WARNING: Output of vertex shader '_interface_variable_01' not read by fragment shader
WARNING: Output of vertex shader '_interface_variable_00' not read by fragment shader

[12:32:49] [Render thread/INFO]: Info log when linking program containing VERTEX minecraft:core/text, FRAGMENT minecraft:core/text. Log output: WARNING: Output of vertex shader '_interface_variable_01' not read by fragment shader
WARNING: Output of vertex shader '_interface_variable_00' not read by fragment shader

[12:32:49] [Render thread/INFO]: Info log when linking program containing VERTEX minecraft:core/entity, FRAGMENT minecraft:core/entity. Log output: WARNING: Output of vertex shader '_interface_variable_01' not read by fragment shader
WARNING: Output of vertex shader '_interface_variable_00' not read by fragment shader

[12:32:49] [Render thread/INFO]: Info log when linking program containing VERTEX minecraft:core/block, FRAGMENT minecraft:core/block. Log output: WARNING: Output of vertex shader '_interface_variable_01' not read by fragment shader
WARNING: Output of vertex shader '_interface_variable_00' not read by fragment shader

[12:32:49] [Render thread/INFO]: Info log when linking program containing VERTEX minecraft:core/entity, FRAGMENT minecraft:core/entity. Log output: WARNING: Output of vertex shader '_interface_variable_01' not read by fragment shader
WARNING: Output of vertex shader '_interface_variable_00' not read by fragment shader

[12:32:49] [Render thread/INFO]: Info log when linking program containing VERTEX minecraft:core/rendertype_entity_shadow, FRAGMENT minecraft:core/rendertype_entity_shadow. Log output: WARNING: Output of vertex shader '_interface_variable_01' not read by fragment shader
WARNING: Output of vertex shader '_interface_variable_00' not read by fragment shader

[12:32:49] [Render thread/INFO]: Info log when linking program containing VERTEX minecraft:core/particle, FRAGMENT minecraft:core/particle. Log output: WARNING: Output of vertex shader '_interface_variable_01' not read by fragment shader
WARNING: Output of vertex shader '_interface_variable_00' not read by fragment shader

[12:32:49] [Render thread/INFO]: Info log when linking program containing VERTEX minecraft:core/screenquad, FRAGMENT minecraft:core/oit_composite. Log output: WARNING: Output of vertex shader '_interface_variable_00' not read by fragment shader

[12:32:49] [Render thread/INFO]: Info log when linking program containing VERTEX minecraft:core/screenquad, FRAGMENT minecraft:core/integrate_depth. Log output: WARNING: Output of vertex shader '_interface_variable_00' not read by fragment shader

[12:32:49] [Render thread/INFO]: Info log when linking program containing VERTEX minecraft:core/terrain, FRAGMENT minecraft:core/terrain. Log output: WARNING: Output of vertex shader '_interface_variable_01' not read by fragment shader
WARNING: Output of vertex shader '_interface_variable_00' not read by fragment shader
WARNING: Output of vertex shader '_interface_variable_04' not read by fragment shader

[12:32:49] [Render thread/INFO]: Info log when linking program containing VERTEX minecraft:core/animate_sprite, FRAGMENT minecraft:core/animate_sprite_blit. Log output: WARNING: Output of vertex shader '_interface_variable_00' not read by fragment shader

[12:32:49] [Render thread/INFO]: Info log when linking program containing VERTEX minecraft:core/entity, FRAGMENT minecraft:core/entity. Log output: WARNING: Output of vertex shader '_interface_variable_01' not read by fragment shader
WARNING: Output of vertex shader '_interface_variable_00' not read by fragment shader

[12:32:49] [Render thread/INFO]: Info log when linking program containing VERTEX minecraft:core/entity, FRAGMENT minecraft:core/entity. Log output: WARNING: Output of vertex shader '_interface_variable_01' not read by fragment shader
WARNING: Output of vertex shader '_interface_variable_00' not read by fragment shader

[12:32:49] [Render thread/INFO]: Info log when linking program containing VERTEX minecraft:core/entity, FRAGMENT minecraft:core/entity. Log output: WARNING: Output of vertex shader '_interface_variable_01' not read by fragment shader
WARNING: Output of vertex shader '_interface_variable_00' not read by fragment shader

[12:32:49] [Render thread/INFO]: Info log when linking program containing VERTEX minecraft:core/clouds, FRAGMENT minecraft:core/clouds. Log output: WARNING: Output of vertex shader '_interface_variable_00' not read by fragment shader

[12:32:49] [Render thread/INFO]: Info log when linking program containing VERTEX minecraft:core/particle, FRAGMENT minecraft:core/particle. Log output: WARNING: Output of vertex shader '_interface_variable_01' not read by fragment shader
WARNING: Output of vertex shader '_interface_variable_00' not read by fragment shader

[12:32:49] [Render thread/INFO]: Info log when linking program containing VERTEX minecraft:core/entity, FRAGMENT minecraft:core/entity. Log output: WARNING: Output of vertex shader '_interface_variable_01' not read by fragment shader
WARNING: Output of vertex shader '_interface_variable_00' not read by fragment shader

[12:32:49] [Render thread/INFO]: Info log when linking program containing VERTEX minecraft:core/screenquad, FRAGMENT minecraft:core/oit_depth_bounds_cull. Log output: WARNING: Output of vertex shader '_interface_variable_00' not read by fragment shader

[12:32:50] [Render thread/INFO]: Info log when linking program containing VERTEX minecraft:core/block, FRAGMENT minecraft:core/block. Log output: WARNING: Output of vertex shader '_interface_variable_01' not read by fragment shader
WARNING: Output of vertex shader '_interface_variable_00' not read by fragment shader

[12:32:50] [Render thread/INFO]: Info log when linking program containing VERTEX minecraft:core/text, FRAGMENT minecraft:core/text. Log output: WARNING: Output of vertex shader '_interface_variable_01' not read by fragment shader
WARNING: Output of vertex shader '_interface_variable_00' not read by fragment shader

[12:32:50] [Render thread/INFO]: Info log when linking program containing VERTEX minecraft:core/text, FRAGMENT minecraft:core/text. Log output: WARNING: Output of vertex shader '_interface_variable_01' not read by fragment shader
WARNING: Output of vertex shader '_interface_variable_00' not read by fragment shader

[12:32:50] [Render thread/INFO]: Info log when linking program containing VERTEX minecraft:core/text, FRAGMENT minecraft:core/text. Log output: WARNING: Output of vertex shader '_interface_variable_01' not read by fragment shader
WARNING: Output of vertex shader '_interface_variable_00' not read by fragment shader

[12:32:50] [Render thread/INFO]: Info log when linking program containing VERTEX minecraft:core/terrain, FRAGMENT minecraft:core/terrain. Log output: WARNING: Output of vertex shader '_interface_variable_01' not read by fragment shader
WARNING: Output of vertex shader '_interface_variable_00' not read by fragment shader
WARNING: Output of vertex shader '_interface_variable_04' not read by fragment shader

[12:32:50] [Render thread/INFO]: Info log when linking program containing VERTEX minecraft:core/text, FRAGMENT minecraft:core/text. Log output: WARNING: Output of vertex shader '_interface_variable_01' not read by fragment shader
WARNING: Output of vertex shader '_interface_variable_00' not read by fragment shader

[12:32:50] [Render thread/INFO]: Info log when linking program containing VERTEX minecraft:core/clouds, FRAGMENT minecraft:core/clouds. Log output: WARNING: Output of vertex shader '_interface_variable_00' not read by fragment shader

[12:32:50] [Render thread/INFO]: Info log when linking program containing VERTEX minecraft:core/entity, FRAGMENT minecraft:core/entity. Log output: WARNING: Output of vertex shader '_interface_variable_01' not read by fragment shader
WARNING: Output of vertex shader '_interface_variable_00' not read by fragment shader

[12:32:50] [Render thread/INFO]: Info log when linking program containing VERTEX minecraft:core/rendertype_lines, FRAGMENT minecraft:core/rendertype_lines. Log output: WARNING: Output of vertex shader '_interface_variable_01' not read by fragment shader
WARNING: Output of vertex shader '_interface_variable_00' not read by fragment shader

[12:32:50] [Render thread/INFO]: Info log when linking program containing VERTEX minecraft:core/rendertype_entity_shadow, FRAGMENT minecraft:core/rendertype_entity_shadow. Log output: WARNING: Output of vertex shader '_interface_variable_01' not read by fragment shader
WARNING: Output of vertex shader '_interface_variable_00' not read by fragment shader

[12:32:50] [Render thread/INFO]: Info log when linking program containing VERTEX minecraft:core/entity, FRAGMENT minecraft:core/entity. Log output: WARNING: Output of vertex shader '_interface_variable_01' not read by fragment shader
WARNING: Output of vertex shader '_interface_variable_00' not read by fragment shader

[12:32:50] [Render thread/INFO]: Info log when linking program containing VERTEX minecraft:core/particle, FRAGMENT minecraft:core/particle. Log output: WARNING: Output of vertex shader '_interface_variable_01' not read by fragment shader
WARNING: Output of vertex shader '_interface_variable_00' not read by fragment shader

[12:32:50] [Render thread/INFO]: Info log when linking program containing VERTEX minecraft:core/entity, FRAGMENT minecraft:core/entity. Log output: WARNING: Output of vertex shader '_interface_variable_01' not read by fragment shader
WARNING: Output of vertex shader '_interface_variable_00' not read by fragment shader

[12:32:50] [Render thread/INFO]: Info log when linking program containing VERTEX minecraft:core/text, FRAGMENT minecraft:core/text. Log output: WARNING: Output of vertex shader '_interface_variable_01' not read by fragment shader
WARNING: Output of vertex shader '_interface_variable_00' not read by fragment shader

[12:32:50] [Render thread/INFO]: Info log when linking program containing VERTEX minecraft:core/rendertype_crumbling, FRAGMENT minecraft:core/rendertype_crumbling. Log output: WARNING: Output of vertex shader '_interface_variable_01' not read by fragment shader
WARNING: Output of vertex shader '_interface_variable_00' not read by fragment shader

[12:32:50] [Render thread/INFO]: Info log when linking program containing VERTEX minecraft:core/particle, FRAGMENT minecraft:core/particle. Log output: WARNING: Output of vertex shader '_interface_variable_01' not read by fragment shader
WARNING: Output of vertex shader '_interface_variable_00' not read by fragment shader

[12:32:50] [Render thread/INFO]: Info log when linking program containing VERTEX minecraft:core/entity, FRAGMENT minecraft:core/entity. Log output: WARNING: Output of vertex shader '_interface_variable_01' not read by fragment shader
WARNING: Output of vertex shader '_interface_variable_00' not read by fragment shader

[12:32:50] [Render thread/INFO]: Info log when linking program containing VERTEX minecraft:core/text, FRAGMENT minecraft:core/text. Log output: WARNING: Output of vertex shader '_interface_variable_01' not read by fragment shader
WARNING: Output of vertex shader '_interface_variable_00' not read by fragment shader

[12:32:50] [Render thread/INFO]: Info log when linking program containing VERTEX minecraft:core/entity, FRAGMENT minecraft:core/entity. Log output: WARNING: Output of vertex shader '_interface_variable_01' not read by fragment shader
WARNING: Output of vertex shader '_interface_variable_00' not read by fragment shader

[12:32:50] [Worker-Main-7/WARN]: Missing textures in model wildcraft:item/battery_3d:
    wildcraft:entity/battery
[12:32:50] [Render thread/INFO]: OpenAL initialized on device Mac mini扬声器
[12:32:50] [Render thread/INFO]: Sound engine started
[12:32:50] [Render thread/INFO]: Created: 512x256x0 minecraft:textures/atlas/particles.png-atlas
[12:32:50] [Render thread/INFO]: Created: 256x128x0 minecraft:textures/atlas/celestials.png-atlas
[12:32:50] [Render thread/INFO]: Created: 128x128x0 minecraft:textures/atlas/decorated_pot.png-atlas
[12:32:50] [Render thread/INFO]: Created: 512x256x0 minecraft:textures/atlas/paintings.png-atlas
[12:32:50] [Render thread/INFO]: Created: 1024x512x0 minecraft:textures/atlas/shield_patterns.png-atlas
[12:32:50] [Render thread/INFO]: Created: 1024x512x0 minecraft:textures/atlas/banner_patterns.png-atlas
[12:32:50] [Render thread/INFO]: Created: 2048x2048x4 minecraft:textures/atlas/blocks.png-atlas
[12:32:50] [Render thread/INFO]: Created: 1024x512x0 minecraft:textures/atlas/items.png-atlas
[12:32:50] [Render thread/INFO]: Created: 1024x1024x0 minecraft:textures/atlas/gui.png-atlas
[12:32:50] [Render thread/INFO]: Created: 128x64x0 minecraft:textures/atlas/map_decorations.png-atlas
[12:32:50] [Render thread/INFO]: Created: 512x512x0 minecraft:textures/atlas/chest.png-atlas
[12:32:50] [Render thread/INFO]: Created: 512x512x0 minecraft:textures/atlas/shulker_boxes.png-atlas
[12:32:50] [Download-2/INFO]: Could not authorize you against Realms server: java.lang.RuntimeException: Failed to parse into SignedJWT: FabricMC
[12:32:50] [Download-2/ERROR]: Couldn't connect to realms
com.mojang.realmsclient.exception.RealmsServiceException: Realms authentication error with message 'java.lang.RuntimeException: Failed to parse into SignedJWT: FabricMC'
	at knot//com.mojang.realmsclient.client.RealmsClient.execute(RealmsClient.java:625)
	at knot//com.mojang.realmsclient.client.RealmsClient.clientCompatible(RealmsClient.java:354)
	at knot//com.mojang.realmsclient.RealmsAvailability.lambda$check$0(RealmsAvailability.java:48)
	at java.base/java.util.concurrent.CompletableFuture$AsyncSupply.run(CompletableFuture.java:1789)
	at java.base/java.util.concurrent.ThreadPoolExecutor.runWorker(ThreadPoolExecutor.java:1090)
	at java.base/java.util.concurrent.ThreadPoolExecutor$Worker.run(ThreadPoolExecutor.java:614)
	at java.base/java.lang.Thread.run(Thread.java:1474)
[12:32:53] [Worker-Main-5/INFO]: Loaded 1872 advancements
[12:32:53] [Render thread/INFO]: World loading finished: null screen: net.minecraft.client.gui.screens.GenericMessageScreen@37d59a2b
[12:32:53] [Render thread/INFO]: Applied 0 biome modifications to 0 of 67 new biomes in 467.7 μs
[12:32:53] [Server thread/INFO]: Starting integrated minecraft server version 26.3
[12:32:53] [Server thread/INFO]: Generating keypair
[12:32:53] [Server thread/INFO]: Selecting global world spawn...
[12:32:53] [Server thread/INFO]: Loading 0 persistent chunks...
[12:32:53] [Server thread/INFO]: Preparing spawn area: 16%
[12:32:53] [Server thread/INFO]: Saving chunks for level 'ServerLevel[New World]'/minecraft:overworld
[12:32:53] [Server thread/INFO]: Saving chunks for level 'ServerLevel[New World]'/minecraft:the_end
[12:32:53] [Server thread/INFO]: Saving chunks for level 'ServerLevel[New World]'/minecraft:the_nether
[12:32:53] [Render thread/INFO]: World loading finished: null screen: net.minecraft.client.gui.screens.LevelLoadingScreen@3d89dc06
[12:32:53] [Render thread/INFO]: World loading finished: null screen: net.minecraft.client.gui.screens.LevelLoadingScreen@3d89dc06
[12:32:53] [Render thread/INFO]: World loading finished: null screen: net.minecraft.client.gui.screens.LevelLoadingScreen@3d89dc06
[12:32:53] [Render thread/INFO]: World loading finished: null screen: net.minecraft.client.gui.screens.LevelLoadingScreen@3d89dc06
[12:32:53] [Render thread/INFO]: World loading finished: null screen: net.minecraft.client.gui.screens.LevelLoadingScreen@3d89dc06
[12:32:53] [Render thread/INFO]: World loading finished: null screen: net.minecraft.client.gui.screens.LevelLoadingScreen@3d89dc06
[12:32:54] [Server thread/INFO]: Loading 48 chunks for player spawn...
[12:32:54] [Server thread/INFO]: Preparing spawn area: 16%
[12:32:54] [Render thread/INFO]: World loading finished: null screen: net.minecraft.client.gui.screens.LevelLoadingScreen@3d89dc06
[12:32:54] [Render thread/INFO]: World loading finished: null screen: net.minecraft.client.gui.screens.LevelLoadingScreen@3d89dc06
[12:32:54] [Render thread/INFO]: World loading finished: null screen: net.minecraft.client.gui.screens.LevelLoadingScreen@3d89dc06
[12:32:54] [Render thread/INFO]: World loading finished: null screen: net.minecraft.client.gui.screens.LevelLoadingScreen@3d89dc06
[12:32:54] [Server thread/INFO]: Time elapsed: 722 ms
[12:32:54] [Render thread/INFO]: World loading finished: null screen: net.minecraft.client.gui.screens.LevelLoadingScreen@3d89dc06
[12:32:54] [Server thread/INFO]: Player32[local:E:20bfdad8] logged in with entity id 1 at (0.5, -60.0, 0.5)
[12:32:54] [Server thread/INFO]: System chat: Player32 joined the game
[12:32:54] [Server thread/INFO]: Changing view distance to 5, from 10
[12:32:54] [Server thread/INFO]: Changing simulation distance to 12, from 0
[12:32:54] [Render thread/INFO]: World loading finished: null screen: net.minecraft.client.gui.screens.LevelLoadingScreen@3d89dc06
[12:32:54] [Render thread/INFO]: Loaded 2 advancements
[12:32:54] [Render thread/INFO]: World loading finished: ClientLevel screen: net.minecraft.client.gui.screens.LevelLoadingScreen@3d89dc06
[12:32:54] [Render thread/WARN]: Requested post effect does not exist: minecraft:end_of_frame
[12:32:54] [Render thread/INFO]: Resizing Dynamic Transforms UBO, capacity limit of 2 reached during a single frame. New capacity will be 4.
[12:32:54] [Render thread/INFO]: World loading finished: ClientLevel screen: net.minecraft.client.gui.screens.LevelLoadingScreen@3d89dc06
[12:32:54] [Render thread/INFO]: Resizing Dynamic Transforms UBO, capacity limit of 4 reached during a single frame. New capacity will be 8.
[12:32:54] [Render thread/INFO]: Resizing Dynamic Transforms UBO, capacity limit of 8 reached during a single frame. New capacity will be 16.
[12:32:54] [Render thread/INFO]: World loading finished: ClientLevel screen: net.minecraft.client.gui.screens.LevelLoadingScreen@3d89dc06
[12:32:54] [Render thread/INFO]: World loading finished: ClientLevel screen: net.minecraft.client.gui.screens.LevelLoadingScreen@3d89dc06
[12:32:54] [Render thread/INFO]: Resizing Chunk Sections UBO, capacity limit of 2 reached during a single frame. New capacity will be 8.
[12:32:54] [Render thread/INFO]: World loading finished: ClientLevel screen: net.minecraft.client.gui.screens.LevelLoadingScreen@3d89dc06
[12:32:54] [Render thread/INFO]: World loading finished: ClientLevel screen: net.minecraft.client.gui.screens.LevelLoadingScreen@3d89dc06
[12:32:54] [Render thread/INFO]: World loading finished: ClientLevel screen: net.minecraft.client.gui.screens.LevelLoadingScreen@3d89dc06
[12:32:54] [Render thread/INFO]: Resizing Chunk Sections UBO, capacity limit of 8 reached during a single frame. New capacity will be 16.
[12:32:54] [Render thread/INFO]: World loading finished: ClientLevel screen: net.minecraft.client.gui.screens.LevelLoadingScreen@3d89dc06
[12:32:54] [Render thread/INFO]: World loading finished: ClientLevel screen: net.minecraft.client.gui.screens.LevelLoadingScreen@3d89dc06
[12:32:54] [Render thread/INFO]: World loading finished: ClientLevel screen: net.minecraft.client.gui.screens.LevelLoadingScreen@3d89dc06
[12:32:54] [Render thread/INFO]: World loading finished: ClientLevel screen: net.minecraft.client.gui.screens.LevelLoadingScreen@3d89dc06
[12:32:54] [Render thread/INFO]: World loading finished: ClientLevel screen: net.minecraft.client.gui.screens.LevelLoadingScreen@3d89dc06
[12:32:54] [Render thread/INFO]: World loading finished: ClientLevel screen: net.minecraft.client.gui.screens.LevelLoadingScreen@3d89dc06
[12:32:55] [Render thread/INFO]: World loading finished: ClientLevel screen: net.minecraft.client.gui.screens.LevelLoadingScreen@3d89dc06
[12:32:55] [Render thread/INFO]: World loading finished: ClientLevel screen: net.minecraft.client.gui.screens.LevelLoadingScreen@3d89dc06
[12:32:55] [Render thread/INFO]: Resizing Chunk Sections UBO, capacity limit of 16 reached during a single frame. New capacity will be 32.
[12:32:55] [Render thread/INFO]: World loading finished: ClientLevel screen: null
[12:32:56] [Render thread/INFO]: Resizing Chunk Sections UBO, capacity limit of 32 reached during a single frame. New capacity will be 64.
[12:32:56] [Server thread/INFO]: System chat: Set Player32's game mode to Creative Mode
[12:32:56] [Server thread/INFO]: System chat: Set minecraft:overworld to time marker minecraft:day
[12:32:56] [Server thread/INFO]: System chat: Gave 2 [Wildcraft Test Core] to Player32
[12:32:56] [Render thread/INFO]: [System] [CHAT] Your game mode has been updated to Creative Mode
[12:32:56] [Render thread/INFO]: Resizing Chunk Sections UBO, capacity limit of 64 reached during a single frame. New capacity will be 128.
[12:32:56] [Render thread/INFO]: Resizing Dynamic Transforms UBO, capacity limit of 16 reached during a single frame. New capacity will be 32.
[12:32:56] [Server thread/INFO]: Player32 lost connection: Disconnected
[12:32:56] [Server thread/INFO]: System chat: Player32 left the game
[12:32:56] [Server thread/INFO]: Stopping singleplayer server as player logged out
[12:32:57] [Server thread/INFO]: Stopping server
[12:32:57] [Server thread/INFO]: Saving players
[12:32:57] [Server thread/INFO]: Saving worlds
[12:32:57] [Server thread/INFO]: Saving chunks for level 'ServerLevel[New World]'/minecraft:overworld
[12:32:57] [Server thread/INFO]: Saving chunks for level 'ServerLevel[New World]'/minecraft:the_end
[12:32:57] [Server thread/INFO]: Saving chunks for level 'ServerLevel[New World]'/minecraft:the_nether
[12:32:57] [Render thread/INFO]: World loading finished: null screen: net.minecraft.client.gui.screens.GenericMessageScreen@6707b31e
[12:32:57] [Worker-Main-6/INFO]: Loaded 1872 advancements
[12:32:57] [Render thread/INFO]: Applied 0 biome modifications to 0 of 67 new biomes in 193.8 μs
[12:32:57] [Server thread/INFO]: Starting integrated minecraft server version 26.3
[12:32:57] [Server thread/INFO]: Generating keypair
[12:32:57] [Server thread/INFO]: Loading 0 persistent chunks...
[12:32:57] [Server thread/INFO]: Preparing spawn area: 16%
[12:32:57] [Server thread/INFO]: Saving chunks for level 'ServerLevel[New World]'/minecraft:overworld
[12:32:57] [Server thread/INFO]: Saving chunks for level 'ServerLevel[New World]'/minecraft:the_end
[12:32:57] [Server thread/INFO]: Saving chunks for level 'ServerLevel[New World]'/minecraft:the_nether
[12:32:57] [Render thread/INFO]: World loading finished: null screen: net.minecraft.client.gui.screens.LevelLoadingScreen@4a7ece76
[12:32:57] [Render thread/INFO]: World loading finished: null screen: net.minecraft.client.gui.screens.LevelLoadingScreen@4a7ece76
[12:32:57] [Render thread/INFO]: World loading finished: null screen: net.minecraft.client.gui.screens.LevelLoadingScreen@4a7ece76
[12:32:57] [Render thread/INFO]: World loading finished: null screen: net.minecraft.client.gui.screens.LevelLoadingScreen@4a7ece76
[12:32:57] [Server thread/INFO]: Loading 49 chunks for player spawn...
[12:32:58] [Render thread/INFO]: World loading finished: null screen: net.minecraft.client.gui.screens.LevelLoadingScreen@4a7ece76
[12:32:58] [Server thread/INFO]: Time elapsed: 268 ms
[12:32:58] [Render thread/INFO]: World loading finished: null screen: net.minecraft.client.gui.screens.LevelLoadingScreen@4a7ece76
[12:32:58] [Server thread/INFO]: Player32[local:E:e26d8cf6] logged in with entity id 3 at (0.5, -60.0, 0.5)
[12:32:58] [Server thread/INFO]: System chat: Player32 joined the game
[12:32:58] [Server thread/INFO]: Changing view distance to 5, from 10
[12:32:58] [Server thread/INFO]: Changing simulation distance to 12, from 0
[12:32:58] [Render thread/INFO]: World loading finished: null screen: net.minecraft.client.gui.screens.LevelLoadingScreen@4a7ece76
[12:32:58] [Render thread/INFO]: Loaded 2 advancements
[12:32:58] [Render thread/INFO]: World loading finished: ClientLevel screen: net.minecraft.client.gui.screens.LevelLoadingScreen@4a7ece76
[12:32:58] [Render thread/INFO]: World loading finished: ClientLevel screen: net.minecraft.client.gui.screens.LevelLoadingScreen@4a7ece76
[12:32:58] [Render thread/INFO]: World loading finished: ClientLevel screen: net.minecraft.client.gui.screens.LevelLoadingScreen@4a7ece76
[12:32:58] [Render thread/INFO]: World loading finished: ClientLevel screen: net.minecraft.client.gui.screens.LevelLoadingScreen@4a7ece76
[12:32:58] [Render thread/INFO]: World loading finished: ClientLevel screen: null
[12:32:58] [Server thread/INFO]: Player32 lost connection: Disconnected
[12:32:58] [Server thread/INFO]: System chat: Player32 left the game
[12:32:58] [Server thread/INFO]: Stopping singleplayer server as player logged out
[12:32:58] [Server thread/INFO]: Stopping server
[12:32:58] [Server thread/INFO]: Saving players
[12:32:58] [Server thread/INFO]: Saving worlds
[12:32:58] [Server thread/INFO]: Saving chunks for level 'ServerLevel[New World]'/minecraft:overworld
[12:32:58] [Server thread/INFO]: Saving chunks for level 'ServerLevel[New World]'/minecraft:the_end
[12:32:58] [Server thread/INFO]: Saving chunks for level 'ServerLevel[New World]'/minecraft:the_nether
[12:32:59] [Worker-Main-4/INFO]: Loaded 1872 advancements
[12:32:59] [Thread-2/WARN]: Unable to parse version 27.0 to a codename.
[12:32:59] [Thread-2/INFO]: Environment: Environment[discoveryUrl=https://discovery.minecraftservices.com/minecraft/client, name=PROD]
[12:32:59] [Worker-Main-7/INFO]: Loaded 1872 advancements
[12:32:59] [Thread-2/INFO]: Applied 0 biome modifications to 0 of 67 new biomes in 160.1 μs
[12:32:59] [Server thread/INFO]: Starting minecraft server version 26.3
[12:32:59] [Server thread/INFO]: Loading properties
[12:32:59] [Server thread/INFO]: Default game type: CREATIVE
[12:32:59] [Server thread/INFO]: Generating keypair
[12:32:59] [Server thread/INFO]: Starting Minecraft server on 127.0.0.1:54947
[12:32:59] [Server thread/WARN]: **** SERVER IS RUNNING IN OFFLINE/INSECURE MODE!
[12:32:59] [Server thread/WARN]: The server will make no attempt to authenticate usernames. Beware.
[12:32:59] [Server thread/WARN]: While this makes the game possible to play without internet access, it also opens up the ability for hackers to connect with any username they choose.
[12:32:59] [Server thread/WARN]: To change this, set "online-mode" to "true" in the server.properties file.
[12:32:59] [Server thread/INFO]: Preparing level "world"
[12:32:59] [Server thread/INFO]: Selecting global world spawn...
[12:32:59] [Server thread/INFO]: Loading 0 persistent chunks...
[12:32:59] [Server thread/INFO]: Preparing spawn area: 100%
[12:32:59] [Server thread/INFO]: Time elapsed: 41 ms
[12:32:59] [Server thread/INFO]: Done (0.043s)! For help, type "help"
[12:32:59] [Server thread/INFO]: Saving chunks for level 'ServerLevel[New World]'/minecraft:overworld
[12:32:59] [Server thread/INFO]: Saving chunks for level 'ServerLevel[New World]'/minecraft:the_end
[12:32:59] [Server thread/INFO]: Saving chunks for level 'ServerLevel[New World]'/minecraft:the_nether
[12:32:59] [Render thread/INFO]: Connecting to localhost, 54947
[12:32:59] [Render thread/INFO]: World loading finished: null screen: net.minecraft.client.gui.screens.ConnectScreen@4728f178
[12:32:59] [Render thread/INFO]: World loading finished: null screen: net.minecraft.client.gui.screens.ConnectScreen@4728f178
[12:33:00] [Render thread/INFO]: World loading finished: null screen: net.minecraft.client.gui.screens.ConnectScreen@4728f178
[12:33:00] [Render thread/INFO]: World loading finished: null screen: net.minecraft.client.gui.screens.ConnectScreen@4728f178
[12:33:00] [Render thread/INFO]: World loading finished: null screen: net.minecraft.client.gui.screens.ConnectScreen@4728f178
[12:33:00] [Render thread/INFO]: World loading finished: null screen: net.minecraft.client.gui.screens.ConnectScreen@4728f178
[12:33:00] [Render thread/INFO]: World loading finished: null screen: net.minecraft.client.gui.screens.ConnectScreen@4728f178
[12:33:00] [Render thread/INFO]: World loading finished: null screen: net.minecraft.client.gui.screens.ConnectScreen@4728f178
[12:33:00] [Render thread/INFO]: World loading finished: null screen: net.minecraft.client.gui.screens.ConnectScreen@4728f178
[12:33:00] [Render thread/INFO]: World loading finished: null screen: net.minecraft.client.gui.screens.ConnectScreen@4728f178
[12:33:00] [Render thread/INFO]: World loading finished: null screen: net.minecraft.client.gui.screens.ConnectScreen@4728f178
[12:33:00] [Render thread/INFO]: World loading finished: null screen: net.minecraft.client.gui.screens.ConnectScreen@4728f178
[12:33:00] [Render thread/INFO]: World loading finished: null screen: net.minecraft.client.gui.screens.ConnectScreen@4728f178
[12:33:00] [Render thread/INFO]: World loading finished: null screen: net.minecraft.client.gui.screens.ConnectScreen@4728f178
[12:33:00] [Render thread/INFO]: World loading finished: null screen: net.minecraft.client.gui.screens.ConnectScreen@4728f178
[12:33:00] [Render thread/INFO]: World loading finished: null screen: net.minecraft.client.gui.screens.ConnectScreen@4728f178
[12:33:00] [Render thread/INFO]: World loading finished: null screen: net.minecraft.client.gui.screens.ConnectScreen@4728f178
[12:33:00] [Render thread/INFO]: World loading finished: null screen: net.minecraft.client.gui.screens.ConnectScreen@4728f178
[12:33:00] [Render thread/INFO]: World loading finished: null screen: net.minecraft.client.gui.screens.ConnectScreen@4728f178
[12:33:00] [Render thread/INFO]: World loading finished: null screen: net.minecraft.client.gui.screens.ConnectScreen@4728f178
[12:33:00] [Render thread/INFO]: World loading finished: null screen: net.minecraft.client.gui.screens.ConnectScreen@4728f178
[12:33:00] [Render thread/INFO]: World loading finished: null screen: net.minecraft.client.gui.screens.ConnectScreen@4728f178
[12:33:01] [Server thread/INFO]: Player32[/127.0.0.1:54960] logged in with entity id 4 at (0.5, -60.0, 0.5)
[12:33:01] [Server thread/INFO]: System chat: Player32 joined the game
[12:33:01] [Render thread/INFO]: Loaded 2 advancements
[12:33:01] [Render thread/INFO]: World loading finished: ClientLevel screen: net.minecraft.client.gui.screens.LevelLoadingScreen@4b483cf3
[12:33:01] [Render thread/INFO]: World loading finished: ClientLevel screen: net.minecraft.client.gui.screens.LevelLoadingScreen@4b483cf3
[12:33:01] [Render thread/INFO]: World loading finished: ClientLevel screen: null
[12:33:01] [Server thread/INFO]: System chat: Gave 2 [Wildcraft Test Core] to Player32
[12:33:01] [Server thread/INFO]: Player32 lost connection: Disconnected
[12:33:01] [Server thread/INFO]: System chat: Player32 left the game
[12:33:01] [Server thread/INFO]: Stopping server
[12:33:01] [Server thread/INFO]: Saving players
[12:33:01] [Server thread/INFO]: Saving worlds
[12:33:01] [Server thread/INFO]: Saving chunks for level 'ServerLevel[New World]'/minecraft:overworld
[12:33:02] [Server thread/INFO]: Saving chunks for level 'ServerLevel[New World]'/minecraft:the_end
[12:33:02] [Server thread/INFO]: Saving chunks for level 'ServerLevel[New World]'/minecraft:the_nether
[12:33:02] [Worker-Main-8/INFO]: Loaded 1872 advancements
[12:33:02] [Render thread/INFO]: World loading finished: null screen: net.minecraft.client.gui.screens.GenericMessageScreen@350e2f94
[12:33:02] [Render thread/INFO]: Applied 0 biome modifications to 0 of 67 new biomes in 204.0 μs
[12:33:02] [Server thread/INFO]: Starting integrated minecraft server version 26.3
[12:33:02] [Server thread/INFO]: Generating keypair
[12:33:02] [Server thread/INFO]: Selecting global world spawn...
[12:33:02] [Server thread/INFO]: Loading 0 persistent chunks...
[12:33:02] [Server thread/INFO]: Preparing spawn area: 16%
[12:33:02] [Server thread/INFO]: Saving chunks for level 'ServerLevel[New World]'/minecraft:overworld
[12:33:02] [Server thread/INFO]: Saving chunks for level 'ServerLevel[New World]'/minecraft:the_end
[12:33:02] [Server thread/INFO]: Saving chunks for level 'ServerLevel[New World]'/minecraft:the_nether
[12:33:02] [Render thread/INFO]: World loading finished: null screen: net.minecraft.client.gui.screens.LevelLoadingScreen@3dd0339e
[12:33:02] [Render thread/INFO]: World loading finished: null screen: net.minecraft.client.gui.screens.LevelLoadingScreen@3dd0339e
[12:33:02] [Render thread/INFO]: World loading finished: null screen: net.minecraft.client.gui.screens.LevelLoadingScreen@3dd0339e
[12:33:02] [Render thread/INFO]: World loading finished: null screen: net.minecraft.client.gui.screens.LevelLoadingScreen@3dd0339e
[12:33:02] [Server thread/INFO]: Loading 48 chunks for player spawn...
[12:33:02] [Render thread/INFO]: World loading finished: null screen: net.minecraft.client.gui.screens.LevelLoadingScreen@3dd0339e
[12:33:02] [Render thread/INFO]: World loading finished: null screen: net.minecraft.client.gui.screens.LevelLoadingScreen@3dd0339e
[12:33:02] [Server thread/INFO]: Time elapsed: 366 ms
[12:33:02] [Render thread/INFO]: World loading finished: null screen: net.minecraft.client.gui.screens.LevelLoadingScreen@3dd0339e
[12:33:02] [Server thread/INFO]: Player32[local:E:3abd8913] logged in with entity id 6 at (0.5, -60.0, 0.5)
[12:33:02] [Server thread/INFO]: System chat: Player32 joined the game
[12:33:02] [Server thread/INFO]: Changing view distance to 5, from 10
[12:33:02] [Server thread/INFO]: Changing simulation distance to 12, from 0
[12:33:02] [Render thread/INFO]: World loading finished: ClientLevel screen: net.minecraft.client.gui.screens.LevelLoadingScreen@3dd0339e
[12:33:02] [Render thread/INFO]: Loaded 2 advancements
[12:33:02] [Render thread/INFO]: World loading finished: ClientLevel screen: net.minecraft.client.gui.screens.LevelLoadingScreen@3dd0339e
[12:33:02] [Render thread/INFO]: World loading finished: ClientLevel screen: net.minecraft.client.gui.screens.LevelLoadingScreen@3dd0339e
[12:33:02] [Render thread/INFO]: World loading finished: ClientLevel screen: net.minecraft.client.gui.screens.LevelLoadingScreen@3dd0339e
[12:33:02] [Render thread/INFO]: World loading finished: ClientLevel screen: net.minecraft.client.gui.screens.LevelLoadingScreen@3dd0339e
[12:33:03] [Render thread/INFO]: World loading finished: ClientLevel screen: net.minecraft.client.gui.screens.LevelLoadingScreen@3dd0339e
[12:33:03] [Render thread/INFO]: World loading finished: ClientLevel screen: net.minecraft.client.gui.screens.LevelLoadingScreen@3dd0339e
[12:33:03] [Render thread/INFO]: World loading finished: ClientLevel screen: net.minecraft.client.gui.screens.LevelLoadingScreen@3dd0339e
[12:33:03] [Render thread/INFO]: World loading finished: ClientLevel screen: net.minecraft.client.gui.screens.LevelLoadingScreen@3dd0339e
[12:33:03] [Render thread/INFO]: World loading finished: ClientLevel screen: net.minecraft.client.gui.screens.LevelLoadingScreen@3dd0339e
[12:33:03] [Render thread/INFO]: World loading finished: ClientLevel screen: net.minecraft.client.gui.screens.LevelLoadingScreen@3dd0339e
[12:33:03] [Render thread/INFO]: World loading finished: ClientLevel screen: net.minecraft.client.gui.screens.LevelLoadingScreen@3dd0339e
[12:33:03] [Render thread/INFO]: World loading finished: ClientLevel screen: net.minecraft.client.gui.screens.LevelLoadingScreen@3dd0339e
[12:33:03] [Render thread/INFO]: World loading finished: ClientLevel screen: net.minecraft.client.gui.screens.LevelLoadingScreen@3dd0339e
[12:33:03] [Render thread/INFO]: World loading finished: ClientLevel screen: net.minecraft.client.gui.screens.LevelLoadingScreen@3dd0339e
[12:33:03] [Render thread/INFO]: World loading finished: ClientLevel screen: null
[12:33:04] [Server thread/INFO]: Player32 lost connection: Disconnected
[12:33:04] [Server thread/INFO]: System chat: Player32 left the game
[12:33:04] [Server thread/INFO]: Stopping singleplayer server as player logged out
[12:33:04] [Server thread/INFO]: Stopping server
[12:33:04] [Server thread/INFO]: Saving players
[12:33:04] [Server thread/INFO]: Saving worlds
[12:33:04] [Server thread/INFO]: Saving chunks for level 'ServerLevel[New World]'/minecraft:overworld
[12:33:04] [Server thread/INFO]: Saving chunks for level 'ServerLevel[New World]'/minecraft:the_end
[12:33:04] [Server thread/INFO]: Saving chunks for level 'ServerLevel[New World]'/minecraft:the_nether
[12:33:04] [Render thread/INFO]: World loading finished: null screen: net.minecraft.client.gui.screens.GenericMessageScreen@1413d1b4
[12:33:04] [Worker-Main-8/INFO]: Loaded 1872 advancements
[12:33:04] [Render thread/INFO]: Applied 0 biome modifications to 0 of 67 new biomes in 249.1 μs
[12:33:04] [Server thread/INFO]: Starting integrated minecraft server version 26.3
[12:33:04] [Server thread/INFO]: Generating keypair
[12:33:04] [Server thread/INFO]: Loading 0 persistent chunks...
[12:33:04] [Server thread/INFO]: Saving chunks for level 'ServerLevel[New World]'/minecraft:overworld
[12:33:04] [Server thread/INFO]: Saving chunks for level 'ServerLevel[New World]'/minecraft:the_end
[12:33:04] [Server thread/INFO]: Saving chunks for level 'ServerLevel[New World]'/minecraft:the_nether
[12:33:05] [Render thread/INFO]: World loading finished: null screen: net.minecraft.client.gui.screens.LevelLoadingScreen@6097fd30
[12:33:05] [Render thread/INFO]: World loading finished: null screen: net.minecraft.client.gui.screens.LevelLoadingScreen@6097fd30
[12:33:05] [Render thread/INFO]: World loading finished: null screen: net.minecraft.client.gui.screens.LevelLoadingScreen@6097fd30
[12:33:05] [Render thread/INFO]: World loading finished: null screen: net.minecraft.client.gui.screens.LevelLoadingScreen@6097fd30
[12:33:05] [Server thread/INFO]: Loading 49 chunks for player spawn...
[12:33:05] [Server thread/INFO]: Preparing spawn area: 16%
[12:33:05] [Render thread/INFO]: World loading finished: null screen: net.minecraft.client.gui.screens.LevelLoadingScreen@6097fd30
[12:33:05] [Server thread/INFO]: Time elapsed: 273 ms
[12:33:05] [Render thread/INFO]: World loading finished: null screen: net.minecraft.client.gui.screens.LevelLoadingScreen@6097fd30
[12:33:05] [Server thread/INFO]: Player32[local:E:15f35387] logged in with entity id 11 at (0.5, -60.0, 0.5)
[12:33:05] [Server thread/INFO]: System chat: Player32 joined the game
[12:33:05] [Server thread/INFO]: Changing view distance to 5, from 10
[12:33:05] [Server thread/INFO]: Changing simulation distance to 12, from 0
[12:33:05] [Render thread/INFO]: World loading finished: ClientLevel screen: net.minecraft.client.gui.screens.LevelLoadingScreen@6097fd30
[12:33:05] [Render thread/INFO]: Loaded 2 advancements
[12:33:05] [Render thread/INFO]: World loading finished: ClientLevel screen: net.minecraft.client.gui.screens.LevelLoadingScreen@6097fd30
[12:33:05] [Render thread/INFO]: World loading finished: ClientLevel screen: net.minecraft.client.gui.screens.LevelLoadingScreen@6097fd30
[12:33:05] [Render thread/INFO]: World loading finished: ClientLevel screen: net.minecraft.client.gui.screens.LevelLoadingScreen@6097fd30
[12:33:05] [Render thread/INFO]: World loading finished: ClientLevel screen: null
[12:33:05] [Server thread/INFO]: Player32 lost connection: Disconnected
[12:33:05] [Server thread/INFO]: System chat: Player32 left the game
[12:33:05] [Server thread/INFO]: Stopping singleplayer server as player logged out
[12:33:05] [Server thread/INFO]: Stopping server
[12:33:05] [Server thread/INFO]: Saving players
[12:33:05] [Server thread/INFO]: Saving worlds
[12:33:05] [Server thread/INFO]: Saving chunks for level 'ServerLevel[New World]'/minecraft:overworld
[12:33:05] [Server thread/INFO]: Saving chunks for level 'ServerLevel[New World]'/minecraft:the_end
[12:33:05] [Server thread/INFO]: Saving chunks for level 'ServerLevel[New World]'/minecraft:the_nether
[12:33:05] [Test thread/INFO]: [STDOUT]: WILDCRAFT R0 real cross-chunk/save/reload/container/drop checks passed
[12:33:06] [Worker-Main-2/INFO]: Loaded 1872 advancements
[12:33:06] [Render thread/INFO]: World loading finished: null screen: net.minecraft.client.gui.screens.GenericMessageScreen@65d1b5a6
[12:33:06] [Render thread/INFO]: Applied 0 biome modifications to 0 of 67 new biomes in 142.8 μs
[12:33:06] [Server thread/INFO]: Starting integrated minecraft server version 26.3
[12:33:06] [Server thread/INFO]: Generating keypair
[12:33:06] [Server thread/INFO]: Selecting global world spawn...
[12:33:06] [Server thread/INFO]: Loading 0 persistent chunks...
[12:33:06] [Server thread/INFO]: Preparing spawn area: 16%
[12:33:06] [Server thread/INFO]: Saving chunks for level 'ServerLevel[New World]'/minecraft:overworld
[12:33:06] [Server thread/INFO]: Saving chunks for level 'ServerLevel[New World]'/minecraft:the_end
[12:33:06] [Server thread/INFO]: Saving chunks for level 'ServerLevel[New World]'/minecraft:the_nether
[12:33:06] [Render thread/INFO]: World loading finished: null screen: net.minecraft.client.gui.screens.LevelLoadingScreen@2ff03e5c
[12:33:06] [Render thread/INFO]: World loading finished: null screen: net.minecraft.client.gui.screens.LevelLoadingScreen@2ff03e5c
[12:33:06] [Render thread/INFO]: World loading finished: null screen: net.minecraft.client.gui.screens.LevelLoadingScreen@2ff03e5c
[12:33:06] [Render thread/INFO]: World loading finished: null screen: net.minecraft.client.gui.screens.LevelLoadingScreen@2ff03e5c
[12:33:06] [Server thread/INFO]: Loading 48 chunks for player spawn...
[12:33:06] [Render thread/INFO]: World loading finished: null screen: net.minecraft.client.gui.screens.LevelLoadingScreen@2ff03e5c
[12:33:06] [Render thread/INFO]: World loading finished: null screen: net.minecraft.client.gui.screens.LevelLoadingScreen@2ff03e5c
[12:33:06] [Server thread/INFO]: Time elapsed: 353 ms
[12:33:06] [Render thread/INFO]: World loading finished: null screen: net.minecraft.client.gui.screens.LevelLoadingScreen@2ff03e5c
[12:33:06] [Server thread/INFO]: Player32[local:E:e5a0a1a1] logged in with entity id 12 at (0.5, -60.0, 0.5)
[12:33:06] [Server thread/INFO]: System chat: Player32 joined the game
[12:33:06] [Server thread/INFO]: Changing view distance to 5, from 10
[12:33:06] [Server thread/INFO]: Changing simulation distance to 12, from 0
[12:33:06] [Render thread/INFO]: World loading finished: ClientLevel screen: net.minecraft.client.gui.screens.LevelLoadingScreen@2ff03e5c
[12:33:06] [Render thread/INFO]: Loaded 2 advancements
[12:33:06] [Render thread/INFO]: World loading finished: ClientLevel screen: net.minecraft.client.gui.screens.LevelLoadingScreen@2ff03e5c
[12:33:06] [Render thread/INFO]: World loading finished: ClientLevel screen: net.minecraft.client.gui.screens.LevelLoadingScreen@2ff03e5c
[12:33:06] [Render thread/INFO]: World loading finished: ClientLevel screen: net.minecraft.client.gui.screens.LevelLoadingScreen@2ff03e5c
[12:33:06] [Render thread/INFO]: World loading finished: ClientLevel screen: net.minecraft.client.gui.screens.LevelLoadingScreen@2ff03e5c
[12:33:06] [Render thread/INFO]: World loading finished: ClientLevel screen: net.minecraft.client.gui.screens.LevelLoadingScreen@2ff03e5c
[12:33:06] [Render thread/INFO]: World loading finished: ClientLevel screen: net.minecraft.client.gui.screens.LevelLoadingScreen@2ff03e5c
[12:33:06] [Render thread/INFO]: World loading finished: ClientLevel screen: net.minecraft.client.gui.screens.LevelLoadingScreen@2ff03e5c
[12:33:06] [Render thread/INFO]: World loading finished: ClientLevel screen: net.minecraft.client.gui.screens.LevelLoadingScreen@2ff03e5c
[12:33:07] [Render thread/INFO]: World loading finished: ClientLevel screen: net.minecraft.client.gui.screens.LevelLoadingScreen@2ff03e5c
[12:33:07] [Render thread/INFO]: World loading finished: ClientLevel screen: net.minecraft.client.gui.screens.LevelLoadingScreen@2ff03e5c
[12:33:07] [Render thread/INFO]: World loading finished: ClientLevel screen: net.minecraft.client.gui.screens.LevelLoadingScreen@2ff03e5c
[12:33:07] [Render thread/INFO]: World loading finished: ClientLevel screen: net.minecraft.client.gui.screens.LevelLoadingScreen@2ff03e5c
[12:33:07] [Render thread/INFO]: World loading finished: ClientLevel screen: net.minecraft.client.gui.screens.LevelLoadingScreen@2ff03e5c
[12:33:07] [Render thread/INFO]: World loading finished: ClientLevel screen: net.minecraft.client.gui.screens.LevelLoadingScreen@2ff03e5c
[12:33:07] [Render thread/INFO]: World loading finished: ClientLevel screen: null
[12:33:07] [Server thread/INFO]: System chat: Set 15 experience levels on Player32
[12:33:07] [Server thread/INFO]: System chat: Set 30 experience levels on Player32
[12:33:07] [Server thread/INFO]: System chat: Set 5 experience levels on Player32
[12:33:07] [Server thread/INFO]: System chat: Stamina refilled
[12:33:07] [Server thread/INFO]: System chat: Consumed 118.0 stamina
[12:33:07] [Render thread/INFO]: Reloading ResourceManager: vanilla, vanilla, fabric-advancement-api-v1, fabric-api, fabric-api-base, fabric-api-lookup-api-v1, fabric-biome-api-v1, fabric-block-api-v1, fabric-block-getter-api-v2, fabric-client-gametest-api-v1, fabric-command-api-v2, fabric-content-registries-v0, fabric-convention-tags-v2, fabric-crash-report-info-v1, fabric-creative-tab-api-v1, fabric-data-attachment-api-v1, fabric-data-generation-api-v1, fabric-debug-api-v1, fabric-dimensions-v1, fabric-entity-events-v1, fabric-events-interaction-v0, fabric-game-rule-api-v1, fabric-gametest-api-v1, fabric-item-api-v1, fabric-key-mapping-api-v1, fabric-lifecycle-events-v1, fabric-loot-api-v3, fabric-menu-api-v1, fabric-message-api-v1, fabric-model-loading-api-v1, fabric-networking-api-v1, fabric-object-builder-api-v1, fabric-particles-v1, fabric-permission-api-v1, fabric-recipe-api-v1, fabric-registry-sync-v0, fabric-renderer-api-v1, fabric-renderer-indigo, fabric-rendering-fluids-v1, fabric-rendering-v1, fabric-resource-conditions-api-v1, fabric-resource-loader-v0, fabric-resource-loader-v1, fabric-screen-api-v1, fabric-serialization-api-v1, fabric-sound-api-v1, fabric-tag-api-v1, fabric-transfer-api-v1, fabric-transitive-access-wideners-v1, fabricloader, wildcraft, wildcraft-test
[12:33:07] [Worker-Main-2/INFO]: Found unifont_pua-17.0.01.hex, loading
[12:33:07] [Worker-Main-1/INFO]: Found unifont_all_no_pua-17.0.01.hex, loading
[12:33:07] [Server thread/INFO]: Saving and pausing game...
[12:33:07] [Server thread/INFO]: Saving chunks for level 'ServerLevel[New World]'/minecraft:overworld
[12:33:07] [Server thread/INFO]: Saving chunks for level 'ServerLevel[New World]'/minecraft:the_end
[12:33:07] [Server thread/INFO]: Saving chunks for level 'ServerLevel[New World]'/minecraft:the_nether
[12:33:07] [Render thread/INFO]: Info log when linking program containing VERTEX minecraft:core/terrain, FRAGMENT minecraft:core/terrain. Log output: WARNING: Output of vertex shader '_interface_variable_01' not read by fragment shader
WARNING: Output of vertex shader '_interface_variable_00' not read by fragment shader
WARNING: Output of vertex shader '_interface_variable_04' not read by fragment shader

[12:33:07] [Render thread/INFO]: Info log when linking program containing VERTEX minecraft:core/rendertype_crumbling, FRAGMENT minecraft:core/rendertype_crumbling. Log output: WARNING: Output of vertex shader '_interface_variable_01' not read by fragment shader
WARNING: Output of vertex shader '_interface_variable_00' not read by fragment shader

[12:33:07] [Render thread/INFO]: Info log when linking program containing VERTEX minecraft:core/entity, FRAGMENT minecraft:core/entity. Log output: WARNING: Output of vertex shader '_interface_variable_01' not read by fragment shader
WARNING: Output of vertex shader '_interface_variable_00' not read by fragment shader

[12:33:07] [Render thread/INFO]: Info log when linking program containing VERTEX minecraft:core/rendertype_lines, FRAGMENT minecraft:core/rendertype_lines. Log output: WARNING: Output of vertex shader '_interface_variable_01' not read by fragment shader
WARNING: Output of vertex shader '_interface_variable_00' not read by fragment shader

[12:33:07] [Render thread/INFO]: Info log when linking program containing VERTEX minecraft:core/entity, FRAGMENT minecraft:core/entity. Log output: WARNING: Output of vertex shader '_interface_variable_01' not read by fragment shader
WARNING: Output of vertex shader '_interface_variable_00' not read by fragment shader

[12:33:07] [Worker-Main-1/INFO]: Found unifont_jp_patch-17.0.01.hex, loading
[12:33:07] [Render thread/INFO]: Info log when linking program containing VERTEX minecraft:core/terrain, FRAGMENT minecraft:core/terrain. Log output: WARNING: Output of vertex shader '_interface_variable_01' not read by fragment shader
WARNING: Output of vertex shader '_interface_variable_00' not read by fragment shader
WARNING: Output of vertex shader '_interface_variable_04' not read by fragment shader

[12:33:07] [Render thread/INFO]: Info log when linking program containing VERTEX minecraft:core/text, FRAGMENT minecraft:core/text. Log output: WARNING: Output of vertex shader '_interface_variable_01' not read by fragment shader
WARNING: Output of vertex shader '_interface_variable_00' not read by fragment shader

[12:33:07] [Render thread/INFO]: Info log when linking program containing VERTEX minecraft:core/text, FRAGMENT minecraft:core/text. Log output: WARNING: Output of vertex shader '_interface_variable_01' not read by fragment shader
WARNING: Output of vertex shader '_interface_variable_00' not read by fragment shader

[12:33:07] [Render thread/INFO]: Info log when linking program containing VERTEX minecraft:core/entity, FRAGMENT minecraft:core/entity. Log output: WARNING: Output of vertex shader '_interface_variable_01' not read by fragment shader
WARNING: Output of vertex shader '_interface_variable_00' not read by fragment shader

[12:33:07] [Render thread/INFO]: Info log when linking program containing VERTEX minecraft:core/block, FRAGMENT minecraft:core/block. Log output: WARNING: Output of vertex shader '_interface_variable_01' not read by fragment shader
WARNING: Output of vertex shader '_interface_variable_00' not read by fragment shader

[12:33:07] [Render thread/INFO]: Info log when linking program containing VERTEX minecraft:core/particle, FRAGMENT minecraft:core/particle. Log output: WARNING: Output of vertex shader '_interface_variable_01' not read by fragment shader
WARNING: Output of vertex shader '_interface_variable_00' not read by fragment shader

[12:33:07] [Render thread/INFO]: Info log when linking program containing VERTEX minecraft:core/screenquad, FRAGMENT minecraft:core/oit_composite. Log output: WARNING: Output of vertex shader '_interface_variable_00' not read by fragment shader

[12:33:07] [Render thread/INFO]: Info log when linking program containing VERTEX minecraft:core/rendertype_entity_shadow, FRAGMENT minecraft:core/rendertype_entity_shadow. Log output: WARNING: Output of vertex shader '_interface_variable_01' not read by fragment shader
WARNING: Output of vertex shader '_interface_variable_00' not read by fragment shader

[12:33:07] [Render thread/INFO]: Info log when linking program containing VERTEX minecraft:core/screenquad, FRAGMENT minecraft:core/integrate_depth. Log output: WARNING: Output of vertex shader '_interface_variable_00' not read by fragment shader

[12:33:07] [Render thread/INFO]: Info log when linking program containing VERTEX minecraft:core/terrain, FRAGMENT minecraft:core/terrain. Log output: WARNING: Output of vertex shader '_interface_variable_01' not read by fragment shader
WARNING: Output of vertex shader '_interface_variable_00' not read by fragment shader
WARNING: Output of vertex shader '_interface_variable_04' not read by fragment shader

[12:33:07] [Render thread/INFO]: Info log when linking program containing VERTEX minecraft:core/entity, FRAGMENT minecraft:core/entity. Log output: WARNING: Output of vertex shader '_interface_variable_01' not read by fragment shader
WARNING: Output of vertex shader '_interface_variable_00' not read by fragment shader

[12:33:07] [Render thread/INFO]: Info log when linking program containing VERTEX minecraft:core/entity, FRAGMENT minecraft:core/entity. Log output: WARNING: Output of vertex shader '_interface_variable_01' not read by fragment shader
WARNING: Output of vertex shader '_interface_variable_00' not read by fragment shader

[12:33:07] [Render thread/INFO]: Info log when linking program containing VERTEX minecraft:core/entity, FRAGMENT minecraft:core/entity. Log output: WARNING: Output of vertex shader '_interface_variable_01' not read by fragment shader
WARNING: Output of vertex shader '_interface_variable_00' not read by fragment shader

[12:33:07] [Render thread/INFO]: Info log when linking program containing VERTEX minecraft:core/animate_sprite, FRAGMENT minecraft:core/animate_sprite_blit. Log output: WARNING: Output of vertex shader '_interface_variable_00' not read by fragment shader

[12:33:07] [Render thread/INFO]: Info log when linking program containing VERTEX minecraft:core/particle, FRAGMENT minecraft:core/particle. Log output: WARNING: Output of vertex shader '_interface_variable_01' not read by fragment shader
WARNING: Output of vertex shader '_interface_variable_00' not read by fragment shader

[12:33:07] [Render thread/INFO]: Info log when linking program containing VERTEX minecraft:core/entity, FRAGMENT minecraft:core/entity. Log output: WARNING: Output of vertex shader '_interface_variable_01' not read by fragment shader
WARNING: Output of vertex shader '_interface_variable_00' not read by fragment shader

[12:33:07] [Render thread/INFO]: Info log when linking program containing VERTEX minecraft:core/screenquad, FRAGMENT minecraft:core/oit_depth_bounds_cull. Log output: WARNING: Output of vertex shader '_interface_variable_00' not read by fragment shader

[12:33:07] [Render thread/INFO]: Info log when linking program containing VERTEX minecraft:core/clouds, FRAGMENT minecraft:core/clouds. Log output: WARNING: Output of vertex shader '_interface_variable_00' not read by fragment shader

[12:33:08] [Render thread/INFO]: Info log when linking program containing VERTEX minecraft:core/text, FRAGMENT minecraft:core/text. Log output: WARNING: Output of vertex shader '_interface_variable_01' not read by fragment shader
WARNING: Output of vertex shader '_interface_variable_00' not read by fragment shader

[12:33:08] [Render thread/INFO]: Info log when linking program containing VERTEX minecraft:core/text, FRAGMENT minecraft:core/text. Log output: WARNING: Output of vertex shader '_interface_variable_01' not read by fragment shader
WARNING: Output of vertex shader '_interface_variable_00' not read by fragment shader

[12:33:08] [Render thread/INFO]: Info log when linking program containing VERTEX minecraft:core/text, FRAGMENT minecraft:core/text. Log output: WARNING: Output of vertex shader '_interface_variable_01' not read by fragment shader
WARNING: Output of vertex shader '_interface_variable_00' not read by fragment shader

[12:33:08] [Render thread/INFO]: Info log when linking program containing VERTEX minecraft:core/block, FRAGMENT minecraft:core/block. Log output: WARNING: Output of vertex shader '_interface_variable_01' not read by fragment shader
WARNING: Output of vertex shader '_interface_variable_00' not read by fragment shader

[12:33:08] [Render thread/INFO]: Info log when linking program containing VERTEX minecraft:core/entity, FRAGMENT minecraft:core/entity. Log output: WARNING: Output of vertex shader '_interface_variable_01' not read by fragment shader
WARNING: Output of vertex shader '_interface_variable_00' not read by fragment shader

[12:33:08] [Render thread/INFO]: Info log when linking program containing VERTEX minecraft:core/text, FRAGMENT minecraft:core/text. Log output: WARNING: Output of vertex shader '_interface_variable_01' not read by fragment shader
WARNING: Output of vertex shader '_interface_variable_00' not read by fragment shader

[12:33:08] [Render thread/INFO]: Info log when linking program containing VERTEX minecraft:core/rendertype_lines, FRAGMENT minecraft:core/rendertype_lines. Log output: WARNING: Output of vertex shader '_interface_variable_01' not read by fragment shader
WARNING: Output of vertex shader '_interface_variable_00' not read by fragment shader

[12:33:08] [Render thread/INFO]: Info log when linking program containing VERTEX minecraft:core/terrain, FRAGMENT minecraft:core/terrain. Log output: WARNING: Output of vertex shader '_interface_variable_01' not read by fragment shader
WARNING: Output of vertex shader '_interface_variable_00' not read by fragment shader
WARNING: Output of vertex shader '_interface_variable_04' not read by fragment shader

[12:33:08] [Render thread/INFO]: Info log when linking program containing VERTEX minecraft:core/clouds, FRAGMENT minecraft:core/clouds. Log output: WARNING: Output of vertex shader '_interface_variable_00' not read by fragment shader

[12:33:08] [Render thread/INFO]: Info log when linking program containing VERTEX minecraft:core/entity, FRAGMENT minecraft:core/entity. Log output: WARNING: Output of vertex shader '_interface_variable_01' not read by fragment shader
WARNING: Output of vertex shader '_interface_variable_00' not read by fragment shader

[12:33:08] [Render thread/INFO]: Info log when linking program containing VERTEX minecraft:core/particle, FRAGMENT minecraft:core/particle. Log output: WARNING: Output of vertex shader '_interface_variable_01' not read by fragment shader
WARNING: Output of vertex shader '_interface_variable_00' not read by fragment shader

[12:33:08] [Render thread/INFO]: Info log when linking program containing VERTEX minecraft:core/entity, FRAGMENT minecraft:core/entity. Log output: WARNING: Output of vertex shader '_interface_variable_01' not read by fragment shader
WARNING: Output of vertex shader '_interface_variable_00' not read by fragment shader

[12:33:08] [Render thread/INFO]: Info log when linking program containing VERTEX minecraft:core/rendertype_crumbling, FRAGMENT minecraft:core/rendertype_crumbling. Log output: WARNING: Output of vertex shader '_interface_variable_01' not read by fragment shader
WARNING: Output of vertex shader '_interface_variable_00' not read by fragment shader

[12:33:08] [Render thread/INFO]: Info log when linking program containing VERTEX minecraft:core/rendertype_entity_shadow, FRAGMENT minecraft:core/rendertype_entity_shadow. Log output: WARNING: Output of vertex shader '_interface_variable_01' not read by fragment shader
WARNING: Output of vertex shader '_interface_variable_00' not read by fragment shader

[12:33:08] [Render thread/INFO]: Info log when linking program containing VERTEX minecraft:core/particle, FRAGMENT minecraft:core/particle. Log output: WARNING: Output of vertex shader '_interface_variable_01' not read by fragment shader
WARNING: Output of vertex shader '_interface_variable_00' not read by fragment shader

[12:33:08] [Render thread/INFO]: Info log when linking program containing VERTEX minecraft:core/text, FRAGMENT minecraft:core/text. Log output: WARNING: Output of vertex shader '_interface_variable_01' not read by fragment shader
WARNING: Output of vertex shader '_interface_variable_00' not read by fragment shader

[12:33:08] [Render thread/INFO]: Info log when linking program containing VERTEX minecraft:core/entity, FRAGMENT minecraft:core/entity. Log output: WARNING: Output of vertex shader '_interface_variable_01' not read by fragment shader
WARNING: Output of vertex shader '_interface_variable_00' not read by fragment shader

[12:33:08] [Render thread/INFO]: Info log when linking program containing VERTEX minecraft:core/entity, FRAGMENT minecraft:core/entity. Log output: WARNING: Output of vertex shader '_interface_variable_01' not read by fragment shader
WARNING: Output of vertex shader '_interface_variable_00' not read by fragment shader

[12:33:08] [Render thread/INFO]: Info log when linking program containing VERTEX minecraft:core/text, FRAGMENT minecraft:core/text. Log output: WARNING: Output of vertex shader '_interface_variable_01' not read by fragment shader
WARNING: Output of vertex shader '_interface_variable_00' not read by fragment shader

[12:33:08] [Worker-Main-5/WARN]: Missing textures in model wildcraft:item/battery_3d:
    wildcraft:entity/battery
[12:33:08] [Render thread/INFO]: OpenAL initialized on device Mac mini扬声器
[12:33:08] [Render thread/INFO]: Sound engine started
[12:33:08] [Render thread/INFO]: Created: 512x256x0 minecraft:textures/atlas/particles.png-atlas
[12:33:08] [Render thread/INFO]: Created: 256x128x0 minecraft:textures/atlas/celestials.png-atlas
[12:33:08] [Render thread/INFO]: Created: 128x128x0 minecraft:textures/atlas/decorated_pot.png-atlas
[12:33:08] [Render thread/INFO]: Created: 512x256x0 minecraft:textures/atlas/paintings.png-atlas
[12:33:08] [Render thread/INFO]: Created: 1024x512x0 minecraft:textures/atlas/shield_patterns.png-atlas
[12:33:08] [Render thread/INFO]: Created: 1024x512x0 minecraft:textures/atlas/banner_patterns.png-atlas
[12:33:08] [Render thread/INFO]: Created: 2048x2048x4 minecraft:textures/atlas/blocks.png-atlas
[12:33:08] [Render thread/INFO]: Created: 1024x512x0 minecraft:textures/atlas/items.png-atlas
[12:33:08] [Render thread/INFO]: Created: 1024x1024x0 minecraft:textures/atlas/gui.png-atlas
[12:33:08] [Render thread/INFO]: Created: 128x64x0 minecraft:textures/atlas/map_decorations.png-atlas
[12:33:08] [Render thread/INFO]: Created: 512x512x0 minecraft:textures/atlas/chest.png-atlas
[12:33:08] [Render thread/INFO]: Created: 512x512x0 minecraft:textures/atlas/shulker_boxes.png-atlas
[12:33:08] [Render thread/WARN]: Requested post effect does not exist: minecraft:end_of_frame
[12:33:10] [Render thread/INFO]: Reloading ResourceManager: vanilla, vanilla, fabric-advancement-api-v1, fabric-api, fabric-api-base, fabric-api-lookup-api-v1, fabric-biome-api-v1, fabric-block-api-v1, fabric-block-getter-api-v2, fabric-client-gametest-api-v1, fabric-command-api-v2, fabric-content-registries-v0, fabric-convention-tags-v2, fabric-crash-report-info-v1, fabric-creative-tab-api-v1, fabric-data-attachment-api-v1, fabric-data-generation-api-v1, fabric-debug-api-v1, fabric-dimensions-v1, fabric-entity-events-v1, fabric-events-interaction-v0, fabric-game-rule-api-v1, fabric-gametest-api-v1, fabric-item-api-v1, fabric-key-mapping-api-v1, fabric-lifecycle-events-v1, fabric-loot-api-v3, fabric-menu-api-v1, fabric-message-api-v1, fabric-model-loading-api-v1, fabric-networking-api-v1, fabric-object-builder-api-v1, fabric-particles-v1, fabric-permission-api-v1, fabric-recipe-api-v1, fabric-registry-sync-v0, fabric-renderer-api-v1, fabric-renderer-indigo, fabric-rendering-fluids-v1, fabric-rendering-v1, fabric-resource-conditions-api-v1, fabric-resource-loader-v0, fabric-resource-loader-v1, fabric-screen-api-v1, fabric-serialization-api-v1, fabric-sound-api-v1, fabric-tag-api-v1, fabric-transfer-api-v1, fabric-transitive-access-wideners-v1, fabricloader, wildcraft, wildcraft-test
[12:33:10] [Worker-Main-1/INFO]: Found unifont_all_no_pua-17.0.01.hex, loading
[12:33:10] [Worker-Main-5/INFO]: Found unifont_pua-17.0.01.hex, loading
[12:33:10] [Server thread/INFO]: Saving and pausing game...
[12:33:10] [Render thread/INFO]: Info log when linking program containing VERTEX minecraft:core/terrain, FRAGMENT minecraft:core/terrain. Log output: WARNING: Output of vertex shader '_interface_variable_01' not read by fragment shader
WARNING: Output of vertex shader '_interface_variable_00' not read by fragment shader
WARNING: Output of vertex shader '_interface_variable_04' not read by fragment shader

[12:33:10] [Render thread/INFO]: Info log when linking program containing VERTEX minecraft:core/rendertype_crumbling, FRAGMENT minecraft:core/rendertype_crumbling. Log output: WARNING: Output of vertex shader '_interface_variable_01' not read by fragment shader
WARNING: Output of vertex shader '_interface_variable_00' not read by fragment shader

[12:33:10] [Server thread/INFO]: Saving chunks for level 'ServerLevel[New World]'/minecraft:overworld
[12:33:10] [Render thread/INFO]: Info log when linking program containing VERTEX minecraft:core/entity, FRAGMENT minecraft:core/entity. Log output: WARNING: Output of vertex shader '_interface_variable_01' not read by fragment shader
WARNING: Output of vertex shader '_interface_variable_00' not read by fragment shader

[12:33:10] [Server thread/INFO]: Saving chunks for level 'ServerLevel[New World]'/minecraft:the_end
[12:33:10] [Server thread/INFO]: Saving chunks for level 'ServerLevel[New World]'/minecraft:the_nether
[12:33:10] [Render thread/INFO]: Info log when linking program containing VERTEX minecraft:core/rendertype_lines, FRAGMENT minecraft:core/rendertype_lines. Log output: WARNING: Output of vertex shader '_interface_variable_01' not read by fragment shader
WARNING: Output of vertex shader '_interface_variable_00' not read by fragment shader

[12:33:10] [Render thread/INFO]: Info log when linking program containing VERTEX minecraft:core/text, FRAGMENT minecraft:core/text. Log output: WARNING: Output of vertex shader '_interface_variable_01' not read by fragment shader
WARNING: Output of vertex shader '_interface_variable_00' not read by fragment shader

[12:33:10] [Render thread/INFO]: Info log when linking program containing VERTEX minecraft:core/entity, FRAGMENT minecraft:core/entity. Log output: WARNING: Output of vertex shader '_interface_variable_01' not read by fragment shader
WARNING: Output of vertex shader '_interface_variable_00' not read by fragment shader

[12:33:10] [Render thread/INFO]: Info log when linking program containing VERTEX minecraft:core/text, FRAGMENT minecraft:core/text. Log output: WARNING: Output of vertex shader '_interface_variable_01' not read by fragment shader
WARNING: Output of vertex shader '_interface_variable_00' not read by fragment shader

[12:33:10] [Render thread/INFO]: Info log when linking program containing VERTEX minecraft:core/terrain, FRAGMENT minecraft:core/terrain. Log output: WARNING: Output of vertex shader '_interface_variable_01' not read by fragment shader
WARNING: Output of vertex shader '_interface_variable_00' not read by fragment shader
WARNING: Output of vertex shader '_interface_variable_04' not read by fragment shader

[12:33:10] [Worker-Main-1/INFO]: Found unifont_jp_patch-17.0.01.hex, loading
[12:33:10] [Render thread/INFO]: Info log when linking program containing VERTEX minecraft:core/block, FRAGMENT minecraft:core/block. Log output: WARNING: Output of vertex shader '_interface_variable_01' not read by fragment shader
WARNING: Output of vertex shader '_interface_variable_00' not read by fragment shader

[12:33:11] [Render thread/INFO]: Info log when linking program containing VERTEX minecraft:core/entity, FRAGMENT minecraft:core/entity. Log output: WARNING: Output of vertex shader '_interface_variable_01' not read by fragment shader
WARNING: Output of vertex shader '_interface_variable_00' not read by fragment shader

[12:33:11] [Render thread/INFO]: Info log when linking program containing VERTEX minecraft:core/rendertype_entity_shadow, FRAGMENT minecraft:core/rendertype_entity_shadow. Log output: WARNING: Output of vertex shader '_interface_variable_01' not read by fragment shader
WARNING: Output of vertex shader '_interface_variable_00' not read by fragment shader

[12:33:11] [Render thread/INFO]: Info log when linking program containing VERTEX minecraft:core/particle, FRAGMENT minecraft:core/particle. Log output: WARNING: Output of vertex shader '_interface_variable_01' not read by fragment shader
WARNING: Output of vertex shader '_interface_variable_00' not read by fragment shader

[12:33:11] [Render thread/INFO]: Info log when linking program containing VERTEX minecraft:core/screenquad, FRAGMENT minecraft:core/oit_composite. Log output: WARNING: Output of vertex shader '_interface_variable_00' not read by fragment shader

[12:33:11] [Render thread/INFO]: Info log when linking program containing VERTEX minecraft:core/screenquad, FRAGMENT minecraft:core/integrate_depth. Log output: WARNING: Output of vertex shader '_interface_variable_00' not read by fragment shader

[12:33:11] [Render thread/INFO]: Info log when linking program containing VERTEX minecraft:core/terrain, FRAGMENT minecraft:core/terrain. Log output: WARNING: Output of vertex shader '_interface_variable_01' not read by fragment shader
WARNING: Output of vertex shader '_interface_variable_00' not read by fragment shader
WARNING: Output of vertex shader '_interface_variable_04' not read by fragment shader

[12:33:11] [Render thread/INFO]: Info log when linking program containing VERTEX minecraft:core/entity, FRAGMENT minecraft:core/entity. Log output: WARNING: Output of vertex shader '_interface_variable_01' not read by fragment shader
WARNING: Output of vertex shader '_interface_variable_00' not read by fragment shader

[12:33:11] [Render thread/INFO]: Info log when linking program containing VERTEX minecraft:core/animate_sprite, FRAGMENT minecraft:core/animate_sprite_blit. Log output: WARNING: Output of vertex shader '_interface_variable_00' not read by fragment shader

[12:33:11] [Render thread/INFO]: Info log when linking program containing VERTEX minecraft:core/entity, FRAGMENT minecraft:core/entity. Log output: WARNING: Output of vertex shader '_interface_variable_01' not read by fragment shader
WARNING: Output of vertex shader '_interface_variable_00' not read by fragment shader

[12:33:11] [Render thread/INFO]: Info log when linking program containing VERTEX minecraft:core/entity, FRAGMENT minecraft:core/entity. Log output: WARNING: Output of vertex shader '_interface_variable_01' not read by fragment shader
WARNING: Output of vertex shader '_interface_variable_00' not read by fragment shader

[12:33:11] [Render thread/INFO]: Info log when linking program containing VERTEX minecraft:core/clouds, FRAGMENT minecraft:core/clouds. Log output: WARNING: Output of vertex shader '_interface_variable_00' not read by fragment shader

[12:33:11] [Render thread/INFO]: Info log when linking program containing VERTEX minecraft:core/particle, FRAGMENT minecraft:core/particle. Log output: WARNING: Output of vertex shader '_interface_variable_01' not read by fragment shader
WARNING: Output of vertex shader '_interface_variable_00' not read by fragment shader

[12:33:11] [Render thread/INFO]: Info log when linking program containing VERTEX minecraft:core/entity, FRAGMENT minecraft:core/entity. Log output: WARNING: Output of vertex shader '_interface_variable_01' not read by fragment shader
WARNING: Output of vertex shader '_interface_variable_00' not read by fragment shader

[12:33:11] [Render thread/INFO]: Info log when linking program containing VERTEX minecraft:core/screenquad, FRAGMENT minecraft:core/oit_depth_bounds_cull. Log output: WARNING: Output of vertex shader '_interface_variable_00' not read by fragment shader

[12:33:11] [Render thread/INFO]: Info log when linking program containing VERTEX minecraft:core/block, FRAGMENT minecraft:core/block. Log output: WARNING: Output of vertex shader '_interface_variable_01' not read by fragment shader
WARNING: Output of vertex shader '_interface_variable_00' not read by fragment shader

[12:33:11] [Render thread/INFO]: Info log when linking program containing VERTEX minecraft:core/text, FRAGMENT minecraft:core/text. Log output: WARNING: Output of vertex shader '_interface_variable_01' not read by fragment shader
WARNING: Output of vertex shader '_interface_variable_00' not read by fragment shader

[12:33:11] [Render thread/INFO]: Info log when linking program containing VERTEX minecraft:core/text, FRAGMENT minecraft:core/text. Log output: WARNING: Output of vertex shader '_interface_variable_01' not read by fragment shader
WARNING: Output of vertex shader '_interface_variable_00' not read by fragment shader

[12:33:11] [Render thread/INFO]: Info log when linking program containing VERTEX minecraft:core/entity, FRAGMENT minecraft:core/entity. Log output: WARNING: Output of vertex shader '_interface_variable_01' not read by fragment shader
WARNING: Output of vertex shader '_interface_variable_00' not read by fragment shader

[12:33:11] [Render thread/INFO]: Info log when linking program containing VERTEX minecraft:core/text, FRAGMENT minecraft:core/text. Log output: WARNING: Output of vertex shader '_interface_variable_01' not read by fragment shader
WARNING: Output of vertex shader '_interface_variable_00' not read by fragment shader

[12:33:11] [Render thread/INFO]: Info log when linking program containing VERTEX minecraft:core/text, FRAGMENT minecraft:core/text. Log output: WARNING: Output of vertex shader '_interface_variable_01' not read by fragment shader
WARNING: Output of vertex shader '_interface_variable_00' not read by fragment shader

[12:33:11] [Worker-Main-6/WARN]: Missing textures in model wildcraft:item/battery_3d:
    wildcraft:entity/battery
[12:33:11] [Render thread/INFO]: Info log when linking program containing VERTEX minecraft:core/rendertype_lines, FRAGMENT minecraft:core/rendertype_lines. Log output: WARNING: Output of vertex shader '_interface_variable_01' not read by fragment shader
WARNING: Output of vertex shader '_interface_variable_00' not read by fragment shader

[12:33:11] [Render thread/INFO]: Info log when linking program containing VERTEX minecraft:core/clouds, FRAGMENT minecraft:core/clouds. Log output: WARNING: Output of vertex shader '_interface_variable_00' not read by fragment shader

[12:33:11] [Render thread/INFO]: Info log when linking program containing VERTEX minecraft:core/rendertype_entity_shadow, FRAGMENT minecraft:core/rendertype_entity_shadow. Log output: WARNING: Output of vertex shader '_interface_variable_01' not read by fragment shader
WARNING: Output of vertex shader '_interface_variable_00' not read by fragment shader

[12:33:11] [Render thread/INFO]: Info log when linking program containing VERTEX minecraft:core/terrain, FRAGMENT minecraft:core/terrain. Log output: WARNING: Output of vertex shader '_interface_variable_01' not read by fragment shader
WARNING: Output of vertex shader '_interface_variable_00' not read by fragment shader
WARNING: Output of vertex shader '_interface_variable_04' not read by fragment shader

[12:33:11] [Render thread/INFO]: Info log when linking program containing VERTEX minecraft:core/entity, FRAGMENT minecraft:core/entity. Log output: WARNING: Output of vertex shader '_interface_variable_01' not read by fragment shader
WARNING: Output of vertex shader '_interface_variable_00' not read by fragment shader

[12:33:11] [Render thread/INFO]: Info log when linking program containing VERTEX minecraft:core/entity, FRAGMENT minecraft:core/entity. Log output: WARNING: Output of vertex shader '_interface_variable_01' not read by fragment shader
WARNING: Output of vertex shader '_interface_variable_00' not read by fragment shader

[12:33:11] [Render thread/INFO]: Info log when linking program containing VERTEX minecraft:core/rendertype_crumbling, FRAGMENT minecraft:core/rendertype_crumbling. Log output: WARNING: Output of vertex shader '_interface_variable_01' not read by fragment shader
WARNING: Output of vertex shader '_interface_variable_00' not read by fragment shader

[12:33:11] [Render thread/INFO]: Info log when linking program containing VERTEX minecraft:core/entity, FRAGMENT minecraft:core/entity. Log output: WARNING: Output of vertex shader '_interface_variable_01' not read by fragment shader
WARNING: Output of vertex shader '_interface_variable_00' not read by fragment shader

[12:33:11] [Render thread/INFO]: Info log when linking program containing VERTEX minecraft:core/text, FRAGMENT minecraft:core/text. Log output: WARNING: Output of vertex shader '_interface_variable_01' not read by fragment shader
WARNING: Output of vertex shader '_interface_variable_00' not read by fragment shader

[12:33:11] [Render thread/INFO]: Info log when linking program containing VERTEX minecraft:core/particle, FRAGMENT minecraft:core/particle. Log output: WARNING: Output of vertex shader '_interface_variable_01' not read by fragment shader
WARNING: Output of vertex shader '_interface_variable_00' not read by fragment shader

[12:33:11] [Render thread/INFO]: Info log when linking program containing VERTEX minecraft:core/entity, FRAGMENT minecraft:core/entity. Log output: WARNING: Output of vertex shader '_interface_variable_01' not read by fragment shader
WARNING: Output of vertex shader '_interface_variable_00' not read by fragment shader

[12:33:11] [Render thread/INFO]: Info log when linking program containing VERTEX minecraft:core/text, FRAGMENT minecraft:core/text. Log output: WARNING: Output of vertex shader '_interface_variable_01' not read by fragment shader
WARNING: Output of vertex shader '_interface_variable_00' not read by fragment shader

[12:33:11] [Render thread/INFO]: Info log when linking program containing VERTEX minecraft:core/particle, FRAGMENT minecraft:core/particle. Log output: WARNING: Output of vertex shader '_interface_variable_01' not read by fragment shader
WARNING: Output of vertex shader '_interface_variable_00' not read by fragment shader

[12:33:11] [Render thread/INFO]: OpenAL initialized on device Mac mini扬声器
[12:33:11] [Render thread/INFO]: Sound engine started
[12:33:11] [Render thread/INFO]: Created: 512x256x0 minecraft:textures/atlas/particles.png-atlas
[12:33:11] [Render thread/INFO]: Created: 256x128x0 minecraft:textures/atlas/celestials.png-atlas
[12:33:11] [Render thread/INFO]: Created: 128x128x0 minecraft:textures/atlas/decorated_pot.png-atlas
[12:33:11] [Render thread/INFO]: Created: 512x256x0 minecraft:textures/atlas/paintings.png-atlas
[12:33:11] [Render thread/INFO]: Created: 1024x512x0 minecraft:textures/atlas/shield_patterns.png-atlas
[12:33:11] [Render thread/INFO]: Created: 1024x512x0 minecraft:textures/atlas/banner_patterns.png-atlas
[12:33:11] [Render thread/INFO]: Created: 2048x2048x4 minecraft:textures/atlas/blocks.png-atlas
[12:33:11] [Render thread/INFO]: Created: 1024x512x0 minecraft:textures/atlas/items.png-atlas
[12:33:11] [Render thread/INFO]: Created: 1024x1024x0 minecraft:textures/atlas/gui.png-atlas
[12:33:11] [Render thread/INFO]: Created: 128x64x0 minecraft:textures/atlas/map_decorations.png-atlas
[12:33:11] [Render thread/INFO]: Created: 512x512x0 minecraft:textures/atlas/chest.png-atlas
[12:33:11] [Render thread/INFO]: Created: 512x512x0 minecraft:textures/atlas/shulker_boxes.png-atlas
[12:33:11] [Render thread/WARN]: Requested post effect does not exist: minecraft:end_of_frame
[12:33:15] [Server thread/INFO]: Player32 lost connection: Disconnected
[12:33:15] [Server thread/INFO]: System chat: Player32 left the game
[12:33:15] [Server thread/INFO]: Stopping singleplayer server as player logged out
[12:33:15] [Server thread/INFO]: Stopping server
[12:33:15] [Server thread/INFO]: Saving players
[12:33:15] [Server thread/INFO]: Saving worlds
[12:33:15] [Server thread/INFO]: Saving chunks for level 'ServerLevel[New World]'/minecraft:overworld
[12:33:15] [Server thread/INFO]: Saving chunks for level 'ServerLevel[New World]'/minecraft:the_end
[12:33:15] [Server thread/INFO]: Saving chunks for level 'ServerLevel[New World]'/minecraft:the_nether
[12:33:15] [Render thread/INFO]: World loading finished: null screen: net.minecraft.client.gui.screens.GenericMessageScreen@3a64fded
[12:33:15] [Worker-Main-5/INFO]: Loaded 1872 advancements
[12:33:15] [Render thread/INFO]: Applied 0 biome modifications to 0 of 67 new biomes in 235.4 μs
[12:33:15] [Server thread/INFO]: Starting integrated minecraft server version 26.3
[12:33:15] [Server thread/INFO]: Generating keypair
[12:33:15] [Server thread/INFO]: Loading 0 persistent chunks...
[12:33:15] [Server thread/INFO]: Saving chunks for level 'ServerLevel[New World]'/minecraft:overworld
[12:33:15] [Server thread/INFO]: Saving chunks for level 'ServerLevel[New World]'/minecraft:the_end
[12:33:15] [Server thread/INFO]: Saving chunks for level 'ServerLevel[New World]'/minecraft:the_nether
[12:33:15] [Render thread/INFO]: World loading finished: null screen: net.minecraft.client.gui.screens.LevelLoadingScreen@671b6fc9
[12:33:15] [Render thread/INFO]: World loading finished: null screen: net.minecraft.client.gui.screens.LevelLoadingScreen@671b6fc9
[12:33:15] [Render thread/INFO]: World loading finished: null screen: net.minecraft.client.gui.screens.LevelLoadingScreen@671b6fc9
[12:33:15] [Render thread/INFO]: World loading finished: null screen: net.minecraft.client.gui.screens.LevelLoadingScreen@671b6fc9
[12:33:15] [Server thread/INFO]: Loading 49 chunks for player spawn...
[12:33:15] [Server thread/INFO]: Preparing spawn area: 16%
[12:33:16] [Render thread/INFO]: World loading finished: null screen: net.minecraft.client.gui.screens.LevelLoadingScreen@671b6fc9
[12:33:16] [Server thread/INFO]: Time elapsed: 270 ms
[12:33:16] [Render thread/INFO]: World loading finished: null screen: net.minecraft.client.gui.screens.LevelLoadingScreen@671b6fc9
[12:33:16] [Server thread/INFO]: Player32[local:E:eedb3632] logged in with entity id 13 at (0.5, -48.190513258107906, 0.5)
[12:33:16] [Server thread/INFO]: System chat: Player32 joined the game
[12:33:16] [Server thread/INFO]: Changing view distance to 5, from 10
[12:33:16] [Server thread/INFO]: Changing simulation distance to 12, from 0
[12:33:16] [Render thread/INFO]: World loading finished: ClientLevel screen: net.minecraft.client.gui.screens.LevelLoadingScreen@671b6fc9
[12:33:16] [Render thread/INFO]: Loaded 2 advancements
[12:33:16] [Render thread/INFO]: World loading finished: ClientLevel screen: net.minecraft.client.gui.screens.LevelLoadingScreen@671b6fc9
[12:33:16] [Render thread/INFO]: World loading finished: ClientLevel screen: net.minecraft.client.gui.screens.LevelLoadingScreen@671b6fc9
[12:33:16] [Render thread/INFO]: World loading finished: ClientLevel screen: null
[12:33:16] [Server thread/INFO]: System chat: Player32 has made the advancement [We Need to Go Deeper]
[12:33:16] [Render thread/INFO]: [System] [CHAT] Player32 has made the advancement [We Need to Go Deeper]
[12:33:17] [Render thread/INFO]: Loaded 29 advancements
[12:33:17] [Server thread/INFO]: System chat: Killed Player32
[12:33:21] [Server thread/INFO]: System chat: Player32 fell from a high place
[12:33:21] [Render thread/INFO]: [System] [CHAT] Player32 fell from a high place
[12:33:21] [Server thread/INFO]: System chat: Consumed 40.0 stamina
[12:33:25] [Server thread/INFO]: Player32 lost connection: Disconnected
[12:33:25] [Server thread/INFO]: System chat: Player32 left the game
[12:33:25] [Server thread/INFO]: Stopping singleplayer server as player logged out
[12:33:25] [Server thread/INFO]: Stopping server
[12:33:25] [Server thread/INFO]: Saving players
[12:33:25] [Server thread/INFO]: Saving worlds
[12:33:25] [Server thread/INFO]: Saving chunks for level 'ServerLevel[New World]'/minecraft:overworld
[12:33:25] [Server thread/INFO]: Saving chunks for level 'ServerLevel[New World]'/minecraft:the_end
[12:33:25] [Server thread/INFO]: Saving chunks for level 'ServerLevel[New World]'/minecraft:the_nether
[12:33:25] [Worker-Main-9/INFO]: Loaded 1872 advancements
[12:33:25] [Thread-3/WARN]: Unable to parse version 27.0 to a codename.
[12:33:25] [Thread-3/INFO]: Environment: Environment[discoveryUrl=https://discovery.minecraftservices.com/minecraft/client, name=PROD]
[12:33:25] [Worker-Main-8/INFO]: Loaded 1872 advancements
[12:33:25] [Thread-3/INFO]: Applied 0 biome modifications to 0 of 67 new biomes in 205.0 μs
[12:33:25] [Server thread/INFO]: Starting minecraft server version 26.3
[12:33:25] [Server thread/INFO]: Loading properties
[12:33:25] [Server thread/INFO]: Default game type: SURVIVAL
[12:33:25] [Server thread/INFO]: Generating keypair
[12:33:25] [Server thread/INFO]: Starting Minecraft server on 127.0.0.1:54985
[12:33:25] [Server thread/WARN]: **** SERVER IS RUNNING IN OFFLINE/INSECURE MODE!
[12:33:25] [Server thread/WARN]: The server will make no attempt to authenticate usernames. Beware.
[12:33:25] [Server thread/WARN]: While this makes the game possible to play without internet access, it also opens up the ability for hackers to connect with any username they choose.
[12:33:25] [Server thread/WARN]: To change this, set "online-mode" to "true" in the server.properties file.
[12:33:25] [Server thread/INFO]: Preparing level "world"
[12:33:25] [Server thread/INFO]: Selecting global world spawn...
[12:33:25] [Server thread/INFO]: Loading 0 persistent chunks...
[12:33:25] [Server thread/INFO]: Preparing spawn area: 100%
[12:33:25] [Server thread/INFO]: Time elapsed: 57 ms
[12:33:25] [Server thread/INFO]: Done (0.059s)! For help, type "help"
[12:33:25] [Server thread/INFO]: Saving chunks for level 'ServerLevel[New World]'/minecraft:overworld
[12:33:25] [Server thread/INFO]: Saving chunks for level 'ServerLevel[New World]'/minecraft:the_end
[12:33:25] [Server thread/INFO]: Saving chunks for level 'ServerLevel[New World]'/minecraft:the_nether
[12:33:26] [Render thread/INFO]: Connecting to localhost, 54985
[12:33:26] [Render thread/INFO]: World loading finished: null screen: net.minecraft.client.gui.screens.ConnectScreen@19637f06
[12:33:26] [Render thread/INFO]: World loading finished: null screen: net.minecraft.client.gui.screens.ConnectScreen@19637f06
[12:33:26] [Render thread/INFO]: World loading finished: null screen: net.minecraft.client.gui.screens.ConnectScreen@19637f06
[12:33:26] [Render thread/INFO]: World loading finished: null screen: net.minecraft.client.gui.screens.ConnectScreen@19637f06
[12:33:26] [Render thread/INFO]: World loading finished: null screen: net.minecraft.client.gui.screens.ConnectScreen@19637f06
[12:33:26] [Render thread/INFO]: World loading finished: null screen: net.minecraft.client.gui.screens.ConnectScreen@19637f06
[12:33:26] [Render thread/INFO]: World loading finished: null screen: net.minecraft.client.gui.screens.ConnectScreen@19637f06
[12:33:26] [Render thread/INFO]: World loading finished: null screen: net.minecraft.client.gui.screens.ConnectScreen@19637f06
[12:33:26] [Render thread/INFO]: World loading finished: null screen: net.minecraft.client.gui.screens.ConnectScreen@19637f06
[12:33:26] [Render thread/INFO]: World loading finished: null screen: net.minecraft.client.gui.screens.ConnectScreen@19637f06
[12:33:26] [Render thread/INFO]: World loading finished: null screen: net.minecraft.client.gui.screens.ConnectScreen@19637f06
[12:33:26] [Server thread/INFO]: Player32[/127.0.0.1:54993] logged in with entity id 18 at (0.5, -60.0, 0.5)
[12:33:26] [Server thread/INFO]: System chat: Player32 joined the game
[12:33:26] [Render thread/INFO]: Loaded 2 advancements
[12:33:26] [Render thread/INFO]: World loading finished: ClientLevel screen: net.minecraft.client.gui.screens.LevelLoadingScreen@582fb39c
[12:33:26] [Render thread/INFO]: World loading finished: ClientLevel screen: net.minecraft.client.gui.screens.LevelLoadingScreen@582fb39c
[12:33:26] [Render thread/INFO]: World loading finished: ClientLevel screen: null
[12:33:27] [Server thread/INFO]: System chat: Set 30 experience levels on Player32
[12:33:27] [Server thread/INFO]: System chat: Set 5 experience levels on Player32
[12:33:27] [Server thread/INFO]: System chat: Stamina refilled
[12:33:27] [Server thread/INFO]: System chat: Consumed 118.0 stamina
[12:33:27] [Server thread/INFO]: Player32 lost connection: Disconnected
[12:33:27] [Server thread/INFO]: System chat: Player32 left the game
[12:33:27] [Render thread/INFO]: Connecting to localhost, 54985
[12:33:27] [Render thread/INFO]: World loading finished: null screen: net.minecraft.client.gui.screens.ConnectScreen@3d67c730
[12:33:27] [Render thread/INFO]: World loading finished: null screen: net.minecraft.client.gui.screens.ConnectScreen@3d67c730
[12:33:27] [Render thread/INFO]: World loading finished: null screen: net.minecraft.client.gui.screens.ConnectScreen@3d67c730
[12:33:27] [Render thread/INFO]: World loading finished: null screen: net.minecraft.client.gui.screens.ConnectScreen@3d67c730
[12:33:27] [Server thread/INFO]: Player32[/127.0.0.1:54997] logged in with entity id 19 at (0.5, -48.0, 0.5)
[12:33:27] [Server thread/INFO]: System chat: Player32 joined the game
[12:33:27] [Render thread/INFO]: Loaded 2 advancements
[12:33:27] [Render thread/INFO]: World loading finished: ClientLevel screen: net.minecraft.client.gui.screens.LevelLoadingScreen@6c405a12
[12:33:27] [Render thread/INFO]: World loading finished: ClientLevel screen: null
[12:33:28] [Server thread/INFO]: Player32 lost connection: Disconnected
[12:33:28] [Server thread/INFO]: System chat: Player32 left the game
[12:33:28] [Server thread/INFO]: Stopping server
[12:33:28] [Server thread/INFO]: Saving players
[12:33:28] [Server thread/INFO]: Saving worlds
[12:33:28] [Server thread/INFO]: Saving chunks for level 'ServerLevel[New World]'/minecraft:overworld
[12:33:28] [Server thread/INFO]: Saving chunks for level 'ServerLevel[New World]'/minecraft:the_end
[12:33:28] [Server thread/INFO]: Saving chunks for level 'ServerLevel[New World]'/minecraft:the_nether
[12:33:28] [Test thread/INFO]: [STDOUT]: WILDCRAFT P1 real HUD/XP/save/restart/dimension/death/TCP reconnect checks passed
[12:33:28] [Worker-Main-4/INFO]: Loaded 1872 advancements
[12:33:28] [Render thread/INFO]: World loading finished: null screen: net.minecraft.client.gui.screens.GenericMessageScreen@7bac8b79
[12:33:28] [Render thread/INFO]: Applied 0 biome modifications to 0 of 67 new biomes in 145.4 μs
[12:33:28] [Server thread/INFO]: Starting integrated minecraft server version 26.3
[12:33:28] [Server thread/INFO]: Generating keypair
[12:33:28] [Server thread/INFO]: Selecting global world spawn...
[12:33:28] [Server thread/INFO]: Loading 0 persistent chunks...
[12:33:28] [Server thread/INFO]: Preparing spawn area: 16%
[12:33:28] [Server thread/INFO]: Saving chunks for level 'ServerLevel[New World]'/minecraft:overworld
[12:33:28] [Server thread/INFO]: Saving chunks for level 'ServerLevel[New World]'/minecraft:the_end
[12:33:28] [Server thread/INFO]: Saving chunks for level 'ServerLevel[New World]'/minecraft:the_nether
[12:33:28] [Render thread/INFO]: World loading finished: null screen: net.minecraft.client.gui.screens.LevelLoadingScreen@614f1941
[12:33:28] [Render thread/INFO]: World loading finished: null screen: net.minecraft.client.gui.screens.LevelLoadingScreen@614f1941
[12:33:29] [Render thread/INFO]: World loading finished: null screen: net.minecraft.client.gui.screens.LevelLoadingScreen@614f1941
[12:33:29] [Render thread/INFO]: World loading finished: null screen: net.minecraft.client.gui.screens.LevelLoadingScreen@614f1941
[12:33:29] [Server thread/INFO]: Loading 48 chunks for player spawn...
[12:33:29] [Render thread/INFO]: World loading finished: null screen: net.minecraft.client.gui.screens.LevelLoadingScreen@614f1941
[12:33:29] [Render thread/INFO]: World loading finished: null screen: net.minecraft.client.gui.screens.LevelLoadingScreen@614f1941
[12:33:29] [Render thread/INFO]: World loading finished: null screen: net.minecraft.client.gui.screens.LevelLoadingScreen@614f1941
[12:33:29] [Server thread/INFO]: Time elapsed: 400 ms
[12:33:29] [Render thread/INFO]: World loading finished: null screen: net.minecraft.client.gui.screens.LevelLoadingScreen@614f1941
[12:33:29] [Server thread/INFO]: Player32[local:E:38f53c56] logged in with entity id 20 at (0.5, -60.0, 0.5)
[12:33:29] [Server thread/INFO]: System chat: Player32 joined the game
[12:33:29] [Server thread/INFO]: Changing view distance to 5, from 10
[12:33:29] [Server thread/INFO]: Changing simulation distance to 12, from 0
[12:33:29] [Render thread/INFO]: World loading finished: ClientLevel screen: net.minecraft.client.gui.screens.LevelLoadingScreen@614f1941
[12:33:29] [Render thread/INFO]: Loaded 2 advancements
[12:33:29] [Render thread/INFO]: World loading finished: ClientLevel screen: net.minecraft.client.gui.screens.LevelLoadingScreen@614f1941
[12:33:29] [Render thread/INFO]: World loading finished: ClientLevel screen: net.minecraft.client.gui.screens.LevelLoadingScreen@614f1941
[12:33:29] [Render thread/INFO]: World loading finished: ClientLevel screen: net.minecraft.client.gui.screens.LevelLoadingScreen@614f1941
[12:33:29] [Render thread/INFO]: World loading finished: ClientLevel screen: net.minecraft.client.gui.screens.LevelLoadingScreen@614f1941
[12:33:29] [Render thread/INFO]: World loading finished: ClientLevel screen: net.minecraft.client.gui.screens.LevelLoadingScreen@614f1941
[12:33:29] [Render thread/INFO]: World loading finished: ClientLevel screen: net.minecraft.client.gui.screens.LevelLoadingScreen@614f1941
[12:33:29] [Render thread/INFO]: World loading finished: ClientLevel screen: net.minecraft.client.gui.screens.LevelLoadingScreen@614f1941
[12:33:29] [Render thread/INFO]: World loading finished: ClientLevel screen: net.minecraft.client.gui.screens.LevelLoadingScreen@614f1941
[12:33:29] [Render thread/INFO]: World loading finished: ClientLevel screen: net.minecraft.client.gui.screens.LevelLoadingScreen@614f1941
[12:33:29] [Render thread/INFO]: World loading finished: ClientLevel screen: net.minecraft.client.gui.screens.LevelLoadingScreen@614f1941
[12:33:29] [Render thread/INFO]: World loading finished: ClientLevel screen: net.minecraft.client.gui.screens.LevelLoadingScreen@614f1941
[12:33:29] [Render thread/INFO]: World loading finished: ClientLevel screen: net.minecraft.client.gui.screens.LevelLoadingScreen@614f1941
[12:33:29] [Render thread/INFO]: World loading finished: ClientLevel screen: net.minecraft.client.gui.screens.LevelLoadingScreen@614f1941
[12:33:30] [Render thread/INFO]: World loading finished: ClientLevel screen: net.minecraft.client.gui.screens.LevelLoadingScreen@614f1941
[12:33:30] [Render thread/INFO]: World loading finished: ClientLevel screen: net.minecraft.client.gui.screens.LevelLoadingScreen@614f1941
[12:33:30] [Render thread/INFO]: World loading finished: ClientLevel screen: null
[12:33:30] [Server thread/INFO]: System chat: Set minecraft:overworld to time marker minecraft:day
[12:33:30] [Render thread/INFO]: Reloading ResourceManager: vanilla, vanilla, fabric-advancement-api-v1, fabric-api, fabric-api-base, fabric-api-lookup-api-v1, fabric-biome-api-v1, fabric-block-api-v1, fabric-block-getter-api-v2, fabric-client-gametest-api-v1, fabric-command-api-v2, fabric-content-registries-v0, fabric-convention-tags-v2, fabric-crash-report-info-v1, fabric-creative-tab-api-v1, fabric-data-attachment-api-v1, fabric-data-generation-api-v1, fabric-debug-api-v1, fabric-dimensions-v1, fabric-entity-events-v1, fabric-events-interaction-v0, fabric-game-rule-api-v1, fabric-gametest-api-v1, fabric-item-api-v1, fabric-key-mapping-api-v1, fabric-lifecycle-events-v1, fabric-loot-api-v3, fabric-menu-api-v1, fabric-message-api-v1, fabric-model-loading-api-v1, fabric-networking-api-v1, fabric-object-builder-api-v1, fabric-particles-v1, fabric-permission-api-v1, fabric-recipe-api-v1, fabric-registry-sync-v0, fabric-renderer-api-v1, fabric-renderer-indigo, fabric-rendering-fluids-v1, fabric-rendering-v1, fabric-resource-conditions-api-v1, fabric-resource-loader-v0, fabric-resource-loader-v1, fabric-screen-api-v1, fabric-serialization-api-v1, fabric-sound-api-v1, fabric-tag-api-v1, fabric-transfer-api-v1, fabric-transitive-access-wideners-v1, fabricloader, wildcraft, wildcraft-test
[12:33:30] [Worker-Main-7/INFO]: Found unifont_all_no_pua-17.0.01.hex, loading
[12:33:30] [Worker-Main-8/INFO]: Found unifont_pua-17.0.01.hex, loading
[12:33:30] [Server thread/INFO]: Saving and pausing game...
[12:33:30] [Server thread/INFO]: Saving chunks for level 'ServerLevel[New World]'/minecraft:overworld
[12:33:30] [Render thread/INFO]: Info log when linking program containing VERTEX minecraft:core/terrain, FRAGMENT minecraft:core/terrain. Log output: WARNING: Output of vertex shader '_interface_variable_01' not read by fragment shader
WARNING: Output of vertex shader '_interface_variable_00' not read by fragment shader
WARNING: Output of vertex shader '_interface_variable_04' not read by fragment shader

[12:33:30] [Render thread/INFO]: Info log when linking program containing VERTEX minecraft:core/rendertype_crumbling, FRAGMENT minecraft:core/rendertype_crumbling. Log output: WARNING: Output of vertex shader '_interface_variable_01' not read by fragment shader
WARNING: Output of vertex shader '_interface_variable_00' not read by fragment shader

[12:33:30] [Server thread/INFO]: Saving chunks for level 'ServerLevel[New World]'/minecraft:the_end
[12:33:30] [Server thread/INFO]: Saving chunks for level 'ServerLevel[New World]'/minecraft:the_nether
[12:33:30] [Render thread/INFO]: Info log when linking program containing VERTEX minecraft:core/rendertype_lines, FRAGMENT minecraft:core/rendertype_lines. Log output: WARNING: Output of vertex shader '_interface_variable_01' not read by fragment shader
WARNING: Output of vertex shader '_interface_variable_00' not read by fragment shader

[12:33:30] [Render thread/INFO]: Info log when linking program containing VERTEX minecraft:core/entity, FRAGMENT minecraft:core/entity. Log output: WARNING: Output of vertex shader '_interface_variable_01' not read by fragment shader
WARNING: Output of vertex shader '_interface_variable_00' not read by fragment shader

[12:33:30] [Render thread/INFO]: Info log when linking program containing VERTEX minecraft:core/entity, FRAGMENT minecraft:core/entity. Log output: WARNING: Output of vertex shader '_interface_variable_01' not read by fragment shader
WARNING: Output of vertex shader '_interface_variable_00' not read by fragment shader

[12:33:30] [Render thread/INFO]: Info log when linking program containing VERTEX minecraft:core/text, FRAGMENT minecraft:core/text. Log output: WARNING: Output of vertex shader '_interface_variable_01' not read by fragment shader
WARNING: Output of vertex shader '_interface_variable_00' not read by fragment shader

[12:33:30] [Render thread/INFO]: Info log when linking program containing VERTEX minecraft:core/terrain, FRAGMENT minecraft:core/terrain. Log output: WARNING: Output of vertex shader '_interface_variable_01' not read by fragment shader
WARNING: Output of vertex shader '_interface_variable_00' not read by fragment shader
WARNING: Output of vertex shader '_interface_variable_04' not read by fragment shader

[12:33:30] [Worker-Main-7/INFO]: Found unifont_jp_patch-17.0.01.hex, loading
[12:33:30] [Render thread/INFO]: Info log when linking program containing VERTEX minecraft:core/text, FRAGMENT minecraft:core/text. Log output: WARNING: Output of vertex shader '_interface_variable_01' not read by fragment shader
WARNING: Output of vertex shader '_interface_variable_00' not read by fragment shader

[12:33:30] [Render thread/INFO]: Info log when linking program containing VERTEX minecraft:core/entity, FRAGMENT minecraft:core/entity. Log output: WARNING: Output of vertex shader '_interface_variable_01' not read by fragment shader
WARNING: Output of vertex shader '_interface_variable_00' not read by fragment shader

[12:33:30] [Render thread/INFO]: Info log when linking program containing VERTEX minecraft:core/block, FRAGMENT minecraft:core/block. Log output: WARNING: Output of vertex shader '_interface_variable_01' not read by fragment shader
WARNING: Output of vertex shader '_interface_variable_00' not read by fragment shader

[12:33:30] [Render thread/INFO]: Info log when linking program containing VERTEX minecraft:core/rendertype_entity_shadow, FRAGMENT minecraft:core/rendertype_entity_shadow. Log output: WARNING: Output of vertex shader '_interface_variable_01' not read by fragment shader
WARNING: Output of vertex shader '_interface_variable_00' not read by fragment shader

[12:33:30] [Render thread/INFO]: Info log when linking program containing VERTEX minecraft:core/particle, FRAGMENT minecraft:core/particle. Log output: WARNING: Output of vertex shader '_interface_variable_01' not read by fragment shader
WARNING: Output of vertex shader '_interface_variable_00' not read by fragment shader

[12:33:30] [Render thread/INFO]: Info log when linking program containing VERTEX minecraft:core/screenquad, FRAGMENT minecraft:core/oit_composite. Log output: WARNING: Output of vertex shader '_interface_variable_00' not read by fragment shader

[12:33:30] [Render thread/INFO]: Info log when linking program containing VERTEX minecraft:core/entity, FRAGMENT minecraft:core/entity. Log output: WARNING: Output of vertex shader '_interface_variable_01' not read by fragment shader
WARNING: Output of vertex shader '_interface_variable_00' not read by fragment shader

[12:33:30] [Render thread/INFO]: Info log when linking program containing VERTEX minecraft:core/screenquad, FRAGMENT minecraft:core/integrate_depth. Log output: WARNING: Output of vertex shader '_interface_variable_00' not read by fragment shader

[12:33:30] [Render thread/INFO]: Info log when linking program containing VERTEX minecraft:core/terrain, FRAGMENT minecraft:core/terrain. Log output: WARNING: Output of vertex shader '_interface_variable_01' not read by fragment shader
WARNING: Output of vertex shader '_interface_variable_00' not read by fragment shader
WARNING: Output of vertex shader '_interface_variable_04' not read by fragment shader

[12:33:30] [Render thread/INFO]: Info log when linking program containing VERTEX minecraft:core/animate_sprite, FRAGMENT minecraft:core/animate_sprite_blit. Log output: WARNING: Output of vertex shader '_interface_variable_00' not read by fragment shader

[12:33:30] [Render thread/INFO]: Info log when linking program containing VERTEX minecraft:core/entity, FRAGMENT minecraft:core/entity. Log output: WARNING: Output of vertex shader '_interface_variable_01' not read by fragment shader
WARNING: Output of vertex shader '_interface_variable_00' not read by fragment shader

[12:33:30] [Render thread/INFO]: Info log when linking program containing VERTEX minecraft:core/entity, FRAGMENT minecraft:core/entity. Log output: WARNING: Output of vertex shader '_interface_variable_01' not read by fragment shader
WARNING: Output of vertex shader '_interface_variable_00' not read by fragment shader

[12:33:30] [Render thread/INFO]: Info log when linking program containing VERTEX minecraft:core/clouds, FRAGMENT minecraft:core/clouds. Log output: WARNING: Output of vertex shader '_interface_variable_00' not read by fragment shader

[12:33:30] [Render thread/INFO]: Info log when linking program containing VERTEX minecraft:core/particle, FRAGMENT minecraft:core/particle. Log output: WARNING: Output of vertex shader '_interface_variable_01' not read by fragment shader
WARNING: Output of vertex shader '_interface_variable_00' not read by fragment shader

[12:33:30] [Render thread/INFO]: Info log when linking program containing VERTEX minecraft:core/entity, FRAGMENT minecraft:core/entity. Log output: WARNING: Output of vertex shader '_interface_variable_01' not read by fragment shader
WARNING: Output of vertex shader '_interface_variable_00' not read by fragment shader

[12:33:30] [Render thread/INFO]: Info log when linking program containing VERTEX minecraft:core/screenquad, FRAGMENT minecraft:core/oit_depth_bounds_cull. Log output: WARNING: Output of vertex shader '_interface_variable_00' not read by fragment shader

[12:33:30] [Render thread/INFO]: Info log when linking program containing VERTEX minecraft:core/block, FRAGMENT minecraft:core/block. Log output: WARNING: Output of vertex shader '_interface_variable_01' not read by fragment shader
WARNING: Output of vertex shader '_interface_variable_00' not read by fragment shader

[12:33:30] [Render thread/INFO]: Info log when linking program containing VERTEX minecraft:core/text, FRAGMENT minecraft:core/text. Log output: WARNING: Output of vertex shader '_interface_variable_01' not read by fragment shader
WARNING: Output of vertex shader '_interface_variable_00' not read by fragment shader

[12:33:30] [Render thread/INFO]: Info log when linking program containing VERTEX minecraft:core/text, FRAGMENT minecraft:core/text. Log output: WARNING: Output of vertex shader '_interface_variable_01' not read by fragment shader
WARNING: Output of vertex shader '_interface_variable_00' not read by fragment shader

[12:33:30] [Render thread/INFO]: Info log when linking program containing VERTEX minecraft:core/entity, FRAGMENT minecraft:core/entity. Log output: WARNING: Output of vertex shader '_interface_variable_01' not read by fragment shader
WARNING: Output of vertex shader '_interface_variable_00' not read by fragment shader

[12:33:30] [Render thread/INFO]: Info log when linking program containing VERTEX minecraft:core/text, FRAGMENT minecraft:core/text. Log output: WARNING: Output of vertex shader '_interface_variable_01' not read by fragment shader
WARNING: Output of vertex shader '_interface_variable_00' not read by fragment shader

[12:33:30] [Render thread/INFO]: Info log when linking program containing VERTEX minecraft:core/terrain, FRAGMENT minecraft:core/terrain. Log output: WARNING: Output of vertex shader '_interface_variable_01' not read by fragment shader
WARNING: Output of vertex shader '_interface_variable_00' not read by fragment shader
WARNING: Output of vertex shader '_interface_variable_04' not read by fragment shader

[12:33:30] [Render thread/INFO]: Info log when linking program containing VERTEX minecraft:core/text, FRAGMENT minecraft:core/text. Log output: WARNING: Output of vertex shader '_interface_variable_01' not read by fragment shader
WARNING: Output of vertex shader '_interface_variable_00' not read by fragment shader

[12:33:30] [Render thread/INFO]: Info log when linking program containing VERTEX minecraft:core/rendertype_lines, FRAGMENT minecraft:core/rendertype_lines. Log output: WARNING: Output of vertex shader '_interface_variable_01' not read by fragment shader
WARNING: Output of vertex shader '_interface_variable_00' not read by fragment shader

[12:33:30] [Render thread/INFO]: Info log when linking program containing VERTEX minecraft:core/clouds, FRAGMENT minecraft:core/clouds. Log output: WARNING: Output of vertex shader '_interface_variable_00' not read by fragment shader

[12:33:30] [Render thread/INFO]: Info log when linking program containing VERTEX minecraft:core/rendertype_entity_shadow, FRAGMENT minecraft:core/rendertype_entity_shadow. Log output: WARNING: Output of vertex shader '_interface_variable_01' not read by fragment shader
WARNING: Output of vertex shader '_interface_variable_00' not read by fragment shader

[12:33:30] [Worker-Main-4/WARN]: Missing textures in model wildcraft:item/battery_3d:
    wildcraft:entity/battery
[12:33:30] [Render thread/INFO]: Info log when linking program containing VERTEX minecraft:core/entity, FRAGMENT minecraft:core/entity. Log output: WARNING: Output of vertex shader '_interface_variable_01' not read by fragment shader
WARNING: Output of vertex shader '_interface_variable_00' not read by fragment shader

[12:33:30] [Render thread/INFO]: Info log when linking program containing VERTEX minecraft:core/particle, FRAGMENT minecraft:core/particle. Log output: WARNING: Output of vertex shader '_interface_variable_01' not read by fragment shader
WARNING: Output of vertex shader '_interface_variable_00' not read by fragment shader

[12:33:30] [Render thread/INFO]: Info log when linking program containing VERTEX minecraft:core/entity, FRAGMENT minecraft:core/entity. Log output: WARNING: Output of vertex shader '_interface_variable_01' not read by fragment shader
WARNING: Output of vertex shader '_interface_variable_00' not read by fragment shader

[12:33:30] [Render thread/INFO]: Info log when linking program containing VERTEX minecraft:core/entity, FRAGMENT minecraft:core/entity. Log output: WARNING: Output of vertex shader '_interface_variable_01' not read by fragment shader
WARNING: Output of vertex shader '_interface_variable_00' not read by fragment shader

[12:33:30] [Render thread/INFO]: Info log when linking program containing VERTEX minecraft:core/rendertype_crumbling, FRAGMENT minecraft:core/rendertype_crumbling. Log output: WARNING: Output of vertex shader '_interface_variable_01' not read by fragment shader
WARNING: Output of vertex shader '_interface_variable_00' not read by fragment shader

[12:33:30] [Render thread/INFO]: Info log when linking program containing VERTEX minecraft:core/text, FRAGMENT minecraft:core/text. Log output: WARNING: Output of vertex shader '_interface_variable_01' not read by fragment shader
WARNING: Output of vertex shader '_interface_variable_00' not read by fragment shader

[12:33:30] [Render thread/INFO]: Info log when linking program containing VERTEX minecraft:core/text, FRAGMENT minecraft:core/text. Log output: WARNING: Output of vertex shader '_interface_variable_01' not read by fragment shader
WARNING: Output of vertex shader '_interface_variable_00' not read by fragment shader

[12:33:30] [Render thread/INFO]: Info log when linking program containing VERTEX minecraft:core/entity, FRAGMENT minecraft:core/entity. Log output: WARNING: Output of vertex shader '_interface_variable_01' not read by fragment shader
WARNING: Output of vertex shader '_interface_variable_00' not read by fragment shader

[12:33:30] [Render thread/INFO]: Info log when linking program containing VERTEX minecraft:core/particle, FRAGMENT minecraft:core/particle. Log output: WARNING: Output of vertex shader '_interface_variable_01' not read by fragment shader
WARNING: Output of vertex shader '_interface_variable_00' not read by fragment shader

[12:33:30] [Render thread/INFO]: OpenAL initialized on device Mac mini扬声器
[12:33:30] [Render thread/INFO]: Sound engine started
[12:33:30] [Render thread/INFO]: Created: 512x256x0 minecraft:textures/atlas/particles.png-atlas
[12:33:30] [Render thread/INFO]: Created: 256x128x0 minecraft:textures/atlas/celestials.png-atlas
[12:33:30] [Render thread/INFO]: Created: 128x128x0 minecraft:textures/atlas/decorated_pot.png-atlas
[12:33:30] [Render thread/INFO]: Created: 512x256x0 minecraft:textures/atlas/paintings.png-atlas
[12:33:30] [Render thread/INFO]: Created: 1024x512x0 minecraft:textures/atlas/shield_patterns.png-atlas
[12:33:30] [Render thread/INFO]: Created: 1024x512x0 minecraft:textures/atlas/banner_patterns.png-atlas
[12:33:30] [Render thread/INFO]: Created: 2048x2048x4 minecraft:textures/atlas/blocks.png-atlas
[12:33:30] [Render thread/INFO]: Created: 1024x512x0 minecraft:textures/atlas/items.png-atlas
[12:33:30] [Render thread/INFO]: Created: 1024x1024x0 minecraft:textures/atlas/gui.png-atlas
[12:33:30] [Render thread/INFO]: Created: 128x64x0 minecraft:textures/atlas/map_decorations.png-atlas
[12:33:30] [Render thread/INFO]: Created: 512x512x0 minecraft:textures/atlas/chest.png-atlas
[12:33:30] [Render thread/INFO]: Created: 512x512x0 minecraft:textures/atlas/shulker_boxes.png-atlas
[12:33:30] [Render thread/WARN]: Requested post effect does not exist: minecraft:end_of_frame
[12:33:42] [Server thread/INFO]: System chat: 已将1.0伤害施加于Player32
[12:33:44] [Server thread/INFO]: System chat: Player32被杀死了
[12:33:44] [Server thread/INFO]: System chat: 杀死了Player32
[12:33:44] [Render thread/INFO]: [System] [CHAT] Player32被杀死了
[12:33:44] [Server thread/INFO]: System chat: Player32取得了进度[勇往直下]
[12:33:44] [Render thread/INFO]: [System] [CHAT] Player32取得了进度[勇往直下]
[12:33:45] [Render thread/INFO]: Loaded 29 advancements
[12:33:45] [Render thread/INFO]: Reloading ResourceManager: vanilla, vanilla, fabric-advancement-api-v1, fabric-api, fabric-api-base, fabric-api-lookup-api-v1, fabric-biome-api-v1, fabric-block-api-v1, fabric-block-getter-api-v2, fabric-client-gametest-api-v1, fabric-command-api-v2, fabric-content-registries-v0, fabric-convention-tags-v2, fabric-crash-report-info-v1, fabric-creative-tab-api-v1, fabric-data-attachment-api-v1, fabric-data-generation-api-v1, fabric-debug-api-v1, fabric-dimensions-v1, fabric-entity-events-v1, fabric-events-interaction-v0, fabric-game-rule-api-v1, fabric-gametest-api-v1, fabric-item-api-v1, fabric-key-mapping-api-v1, fabric-lifecycle-events-v1, fabric-loot-api-v3, fabric-menu-api-v1, fabric-message-api-v1, fabric-model-loading-api-v1, fabric-networking-api-v1, fabric-object-builder-api-v1, fabric-particles-v1, fabric-permission-api-v1, fabric-recipe-api-v1, fabric-registry-sync-v0, fabric-renderer-api-v1, fabric-renderer-indigo, fabric-rendering-fluids-v1, fabric-rendering-v1, fabric-resource-conditions-api-v1, fabric-resource-loader-v0, fabric-resource-loader-v1, fabric-screen-api-v1, fabric-serialization-api-v1, fabric-sound-api-v1, fabric-tag-api-v1, fabric-transfer-api-v1, fabric-transitive-access-wideners-v1, fabricloader, wildcraft, wildcraft-test
[12:33:45] [Worker-Main-9/INFO]: Found unifont_pua-17.0.01.hex, loading
[12:33:45] [Worker-Main-5/INFO]: Found unifont_all_no_pua-17.0.01.hex, loading
[12:33:45] [Render thread/INFO]: Info log when linking program containing VERTEX minecraft:core/terrain, FRAGMENT minecraft:core/terrain. Log output: WARNING: Output of vertex shader '_interface_variable_01' not read by fragment shader
WARNING: Output of vertex shader '_interface_variable_00' not read by fragment shader
WARNING: Output of vertex shader '_interface_variable_04' not read by fragment shader

[12:33:45] [Render thread/INFO]: Info log when linking program containing VERTEX minecraft:core/rendertype_crumbling, FRAGMENT minecraft:core/rendertype_crumbling. Log output: WARNING: Output of vertex shader '_interface_variable_01' not read by fragment shader
WARNING: Output of vertex shader '_interface_variable_00' not read by fragment shader

[12:33:45] [Render thread/INFO]: Info log when linking program containing VERTEX minecraft:core/entity, FRAGMENT minecraft:core/entity. Log output: WARNING: Output of vertex shader '_interface_variable_01' not read by fragment shader
WARNING: Output of vertex shader '_interface_variable_00' not read by fragment shader

[12:33:45] [Render thread/INFO]: Info log when linking program containing VERTEX minecraft:core/rendertype_lines, FRAGMENT minecraft:core/rendertype_lines. Log output: WARNING: Output of vertex shader '_interface_variable_01' not read by fragment shader
WARNING: Output of vertex shader '_interface_variable_00' not read by fragment shader

[12:33:45] [Render thread/INFO]: Info log when linking program containing VERTEX minecraft:core/terrain, FRAGMENT minecraft:core/terrain. Log output: WARNING: Output of vertex shader '_interface_variable_01' not read by fragment shader
WARNING: Output of vertex shader '_interface_variable_00' not read by fragment shader
WARNING: Output of vertex shader '_interface_variable_04' not read by fragment shader

[12:33:45] [Worker-Main-5/INFO]: Found unifont_jp_patch-17.0.01.hex, loading
[12:33:45] [Render thread/INFO]: Info log when linking program containing VERTEX minecraft:core/entity, FRAGMENT minecraft:core/entity. Log output: WARNING: Output of vertex shader '_interface_variable_01' not read by fragment shader
WARNING: Output of vertex shader '_interface_variable_00' not read by fragment shader

[12:33:45] [Render thread/INFO]: Info log when linking program containing VERTEX minecraft:core/text, FRAGMENT minecraft:core/text. Log output: WARNING: Output of vertex shader '_interface_variable_01' not read by fragment shader
WARNING: Output of vertex shader '_interface_variable_00' not read by fragment shader

[12:33:45] [Render thread/INFO]: Info log when linking program containing VERTEX minecraft:core/text, FRAGMENT minecraft:core/text. Log output: WARNING: Output of vertex shader '_interface_variable_01' not read by fragment shader
WARNING: Output of vertex shader '_interface_variable_00' not read by fragment shader

[12:33:45] [Render thread/INFO]: Info log when linking program containing VERTEX minecraft:core/block, FRAGMENT minecraft:core/block. Log output: WARNING: Output of vertex shader '_interface_variable_01' not read by fragment shader
WARNING: Output of vertex shader '_interface_variable_00' not read by fragment shader

[12:33:45] [Render thread/INFO]: Info log when linking program containing VERTEX minecraft:core/entity, FRAGMENT minecraft:core/entity. Log output: WARNING: Output of vertex shader '_interface_variable_01' not read by fragment shader
WARNING: Output of vertex shader '_interface_variable_00' not read by fragment shader

[12:33:45] [Render thread/INFO]: Info log when linking program containing VERTEX minecraft:core/rendertype_entity_shadow, FRAGMENT minecraft:core/rendertype_entity_shadow. Log output: WARNING: Output of vertex shader '_interface_variable_01' not read by fragment shader
WARNING: Output of vertex shader '_interface_variable_00' not read by fragment shader

[12:33:45] [Render thread/INFO]: Info log when linking program containing VERTEX minecraft:core/particle, FRAGMENT minecraft:core/particle. Log output: WARNING: Output of vertex shader '_interface_variable_01' not read by fragment shader
WARNING: Output of vertex shader '_interface_variable_00' not read by fragment shader

[12:33:45] [Render thread/INFO]: Info log when linking program containing VERTEX minecraft:core/screenquad, FRAGMENT minecraft:core/oit_composite. Log output: WARNING: Output of vertex shader '_interface_variable_00' not read by fragment shader

[12:33:45] [Render thread/INFO]: Info log when linking program containing VERTEX minecraft:core/screenquad, FRAGMENT minecraft:core/integrate_depth. Log output: WARNING: Output of vertex shader '_interface_variable_00' not read by fragment shader

[12:33:45] [Render thread/INFO]: Info log when linking program containing VERTEX minecraft:core/terrain, FRAGMENT minecraft:core/terrain. Log output: WARNING: Output of vertex shader '_interface_variable_01' not read by fragment shader
WARNING: Output of vertex shader '_interface_variable_00' not read by fragment shader
WARNING: Output of vertex shader '_interface_variable_04' not read by fragment shader

[12:33:45] [Render thread/INFO]: Info log when linking program containing VERTEX minecraft:core/entity, FRAGMENT minecraft:core/entity. Log output: WARNING: Output of vertex shader '_interface_variable_01' not read by fragment shader
WARNING: Output of vertex shader '_interface_variable_00' not read by fragment shader

[12:33:45] [Render thread/INFO]: Info log when linking program containing VERTEX minecraft:core/animate_sprite, FRAGMENT minecraft:core/animate_sprite_blit. Log output: WARNING: Output of vertex shader '_interface_variable_00' not read by fragment shader

[12:33:45] [Render thread/INFO]: Info log when linking program containing VERTEX minecraft:core/entity, FRAGMENT minecraft:core/entity. Log output: WARNING: Output of vertex shader '_interface_variable_01' not read by fragment shader
WARNING: Output of vertex shader '_interface_variable_00' not read by fragment shader

[12:33:45] [Render thread/INFO]: Info log when linking program containing VERTEX minecraft:core/entity, FRAGMENT minecraft:core/entity. Log output: WARNING: Output of vertex shader '_interface_variable_01' not read by fragment shader
WARNING: Output of vertex shader '_interface_variable_00' not read by fragment shader

[12:33:45] [Render thread/INFO]: Info log when linking program containing VERTEX minecraft:core/clouds, FRAGMENT minecraft:core/clouds. Log output: WARNING: Output of vertex shader '_interface_variable_00' not read by fragment shader

[12:33:45] [Render thread/INFO]: Info log when linking program containing VERTEX minecraft:core/entity, FRAGMENT minecraft:core/entity. Log output: WARNING: Output of vertex shader '_interface_variable_01' not read by fragment shader
WARNING: Output of vertex shader '_interface_variable_00' not read by fragment shader

[12:33:45] [Render thread/INFO]: Info log when linking program containing VERTEX minecraft:core/particle, FRAGMENT minecraft:core/particle. Log output: WARNING: Output of vertex shader '_interface_variable_01' not read by fragment shader
WARNING: Output of vertex shader '_interface_variable_00' not read by fragment shader

[12:33:45] [Render thread/INFO]: Info log when linking program containing VERTEX minecraft:core/screenquad, FRAGMENT minecraft:core/oit_depth_bounds_cull. Log output: WARNING: Output of vertex shader '_interface_variable_00' not read by fragment shader

[12:33:45] [Render thread/INFO]: Info log when linking program containing VERTEX minecraft:core/block, FRAGMENT minecraft:core/block. Log output: WARNING: Output of vertex shader '_interface_variable_01' not read by fragment shader
WARNING: Output of vertex shader '_interface_variable_00' not read by fragment shader

[12:33:45] [Render thread/INFO]: Info log when linking program containing VERTEX minecraft:core/text, FRAGMENT minecraft:core/text. Log output: WARNING: Output of vertex shader '_interface_variable_01' not read by fragment shader
WARNING: Output of vertex shader '_interface_variable_00' not read by fragment shader

[12:33:45] [Render thread/INFO]: Info log when linking program containing VERTEX minecraft:core/text, FRAGMENT minecraft:core/text. Log output: WARNING: Output of vertex shader '_interface_variable_01' not read by fragment shader
WARNING: Output of vertex shader '_interface_variable_00' not read by fragment shader

[12:33:45] [Worker-Main-9/WARN]: Missing textures in model wildcraft:item/battery_3d:
    wildcraft:entity/battery
[12:33:45] [Render thread/INFO]: Info log when linking program containing VERTEX minecraft:core/text, FRAGMENT minecraft:core/text. Log output: WARNING: Output of vertex shader '_interface_variable_01' not read by fragment shader
WARNING: Output of vertex shader '_interface_variable_00' not read by fragment shader

[12:33:45] [Render thread/INFO]: Info log when linking program containing VERTEX minecraft:core/entity, FRAGMENT minecraft:core/entity. Log output: WARNING: Output of vertex shader '_interface_variable_01' not read by fragment shader
WARNING: Output of vertex shader '_interface_variable_00' not read by fragment shader

[12:33:45] [Render thread/INFO]: Info log when linking program containing VERTEX minecraft:core/text, FRAGMENT minecraft:core/text. Log output: WARNING: Output of vertex shader '_interface_variable_01' not read by fragment shader
WARNING: Output of vertex shader '_interface_variable_00' not read by fragment shader

[12:33:45] [Render thread/INFO]: Info log when linking program containing VERTEX minecraft:core/clouds, FRAGMENT minecraft:core/clouds. Log output: WARNING: Output of vertex shader '_interface_variable_00' not read by fragment shader

[12:33:45] [Render thread/INFO]: Info log when linking program containing VERTEX minecraft:core/rendertype_lines, FRAGMENT minecraft:core/rendertype_lines. Log output: WARNING: Output of vertex shader '_interface_variable_01' not read by fragment shader
WARNING: Output of vertex shader '_interface_variable_00' not read by fragment shader

[12:33:45] [Render thread/INFO]: Info log when linking program containing VERTEX minecraft:core/rendertype_entity_shadow, FRAGMENT minecraft:core/rendertype_entity_shadow. Log output: WARNING: Output of vertex shader '_interface_variable_01' not read by fragment shader
WARNING: Output of vertex shader '_interface_variable_00' not read by fragment shader

[12:33:45] [Render thread/INFO]: Info log when linking program containing VERTEX minecraft:core/terrain, FRAGMENT minecraft:core/terrain. Log output: WARNING: Output of vertex shader '_interface_variable_01' not read by fragment shader
WARNING: Output of vertex shader '_interface_variable_00' not read by fragment shader
WARNING: Output of vertex shader '_interface_variable_04' not read by fragment shader

[12:33:45] [Render thread/INFO]: Info log when linking program containing VERTEX minecraft:core/entity, FRAGMENT minecraft:core/entity. Log output: WARNING: Output of vertex shader '_interface_variable_01' not read by fragment shader
WARNING: Output of vertex shader '_interface_variable_00' not read by fragment shader

[12:33:45] [Render thread/INFO]: Info log when linking program containing VERTEX minecraft:core/particle, FRAGMENT minecraft:core/particle. Log output: WARNING: Output of vertex shader '_interface_variable_01' not read by fragment shader
WARNING: Output of vertex shader '_interface_variable_00' not read by fragment shader

[12:33:45] [Render thread/INFO]: Info log when linking program containing VERTEX minecraft:core/text, FRAGMENT minecraft:core/text. Log output: WARNING: Output of vertex shader '_interface_variable_01' not read by fragment shader
WARNING: Output of vertex shader '_interface_variable_00' not read by fragment shader

[12:33:45] [Render thread/INFO]: Info log when linking program containing VERTEX minecraft:core/entity, FRAGMENT minecraft:core/entity. Log output: WARNING: Output of vertex shader '_interface_variable_01' not read by fragment shader
WARNING: Output of vertex shader '_interface_variable_00' not read by fragment shader

[12:33:45] [Render thread/INFO]: Info log when linking program containing VERTEX minecraft:core/entity, FRAGMENT minecraft:core/entity. Log output: WARNING: Output of vertex shader '_interface_variable_01' not read by fragment shader
WARNING: Output of vertex shader '_interface_variable_00' not read by fragment shader

[12:33:45] [Render thread/INFO]: Info log when linking program containing VERTEX minecraft:core/particle, FRAGMENT minecraft:core/particle. Log output: WARNING: Output of vertex shader '_interface_variable_01' not read by fragment shader
WARNING: Output of vertex shader '_interface_variable_00' not read by fragment shader

[12:33:45] [Render thread/INFO]: Info log when linking program containing VERTEX minecraft:core/rendertype_crumbling, FRAGMENT minecraft:core/rendertype_crumbling. Log output: WARNING: Output of vertex shader '_interface_variable_01' not read by fragment shader
WARNING: Output of vertex shader '_interface_variable_00' not read by fragment shader

[12:33:45] [Render thread/INFO]: Info log when linking program containing VERTEX minecraft:core/text, FRAGMENT minecraft:core/text. Log output: WARNING: Output of vertex shader '_interface_variable_01' not read by fragment shader
WARNING: Output of vertex shader '_interface_variable_00' not read by fragment shader

[12:33:45] [Render thread/INFO]: Info log when linking program containing VERTEX minecraft:core/entity, FRAGMENT minecraft:core/entity. Log output: WARNING: Output of vertex shader '_interface_variable_01' not read by fragment shader
WARNING: Output of vertex shader '_interface_variable_00' not read by fragment shader

[12:33:45] [Render thread/INFO]: OpenAL initialized on device Mac mini扬声器
[12:33:45] [Render thread/INFO]: Sound engine started
[12:33:45] [Render thread/INFO]: Created: 512x256x0 minecraft:textures/atlas/particles.png-atlas
[12:33:45] [Render thread/INFO]: Created: 256x128x0 minecraft:textures/atlas/celestials.png-atlas
[12:33:45] [Render thread/INFO]: Created: 128x128x0 minecraft:textures/atlas/decorated_pot.png-atlas
[12:33:45] [Render thread/INFO]: Created: 512x256x0 minecraft:textures/atlas/paintings.png-atlas
[12:33:45] [Render thread/INFO]: Created: 1024x512x0 minecraft:textures/atlas/shield_patterns.png-atlas
[12:33:45] [Render thread/INFO]: Created: 1024x512x0 minecraft:textures/atlas/banner_patterns.png-atlas
[12:33:45] [Render thread/INFO]: Created: 2048x2048x4 minecraft:textures/atlas/blocks.png-atlas
[12:33:45] [Render thread/INFO]: Created: 1024x512x0 minecraft:textures/atlas/items.png-atlas
[12:33:45] [Render thread/INFO]: Created: 1024x1024x0 minecraft:textures/atlas/gui.png-atlas
[12:33:45] [Render thread/INFO]: Created: 128x64x0 minecraft:textures/atlas/map_decorations.png-atlas
[12:33:45] [Render thread/INFO]: Created: 512x512x0 minecraft:textures/atlas/chest.png-atlas
[12:33:45] [Render thread/INFO]: Created: 512x512x0 minecraft:textures/atlas/shulker_boxes.png-atlas
[12:33:45] [Server thread/INFO]: Saving and pausing game...
[12:33:45] [Server thread/INFO]: Saving chunks for level 'ServerLevel[New World]'/minecraft:overworld
[12:33:45] [Server thread/INFO]: Saving chunks for level 'ServerLevel[New World]'/minecraft:the_end
[12:33:45] [Server thread/INFO]: Saving chunks for level 'ServerLevel[New World]'/minecraft:the_nether
[12:33:45] [Render thread/WARN]: Requested post effect does not exist: minecraft:end_of_frame
[12:33:48] [Server thread/INFO]: Player32 lost connection: Disconnected
[12:33:48] [Server thread/INFO]: System chat: Player32 left the game
[12:33:48] [Server thread/INFO]: Stopping singleplayer server as player logged out
[12:33:48] [Server thread/INFO]: Stopping server
[12:33:48] [Server thread/INFO]: Saving players
[12:33:48] [Server thread/INFO]: Saving worlds
[12:33:48] [Server thread/INFO]: Saving chunks for level 'ServerLevel[New World]'/minecraft:overworld
[12:33:48] [Server thread/INFO]: Saving chunks for level 'ServerLevel[New World]'/minecraft:the_end
[12:33:48] [Server thread/INFO]: Saving chunks for level 'ServerLevel[New World]'/minecraft:the_nether
[12:33:48] [Worker-Main-1/INFO]: Loaded 1872 advancements
[12:33:49] [Thread-4/WARN]: Unable to parse version 27.0 to a codename.
[12:33:49] [Thread-4/INFO]: Environment: Environment[discoveryUrl=https://discovery.minecraftservices.com/minecraft/client, name=PROD]
[12:33:49] [Worker-Main-7/INFO]: Loaded 1872 advancements
[12:33:49] [Thread-4/INFO]: Applied 0 biome modifications to 0 of 67 new biomes in 138.7 μs
[12:33:49] [Server thread/INFO]: Starting minecraft server version 26.3
[12:33:49] [Server thread/INFO]: Loading properties
[12:33:49] [Server thread/INFO]: Default game type: SURVIVAL
[12:33:49] [Server thread/INFO]: Generating keypair
[12:33:49] [Server thread/INFO]: Starting Minecraft server on 127.0.0.1:55021
[12:33:49] [Server thread/WARN]: **** SERVER IS RUNNING IN OFFLINE/INSECURE MODE!
[12:33:49] [Server thread/WARN]: The server will make no attempt to authenticate usernames. Beware.
[12:33:49] [Server thread/WARN]: While this makes the game possible to play without internet access, it also opens up the ability for hackers to connect with any username they choose.
[12:33:49] [Server thread/WARN]: To change this, set "online-mode" to "true" in the server.properties file.
[12:33:49] [Server thread/INFO]: Preparing level "world"
[12:33:49] [Server thread/INFO]: Selecting global world spawn...
[12:33:49] [Server thread/INFO]: Loading 0 persistent chunks...
[12:33:49] [Server thread/INFO]: Preparing spawn area: 100%
[12:33:49] [Server thread/INFO]: Time elapsed: 39 ms
[12:33:49] [Server thread/INFO]: Done (0.040s)! For help, type "help"
[12:33:49] [Server thread/INFO]: Saving chunks for level 'ServerLevel[New World]'/minecraft:overworld
[12:33:49] [Server thread/INFO]: Saving chunks for level 'ServerLevel[New World]'/minecraft:the_end
[12:33:49] [Server thread/INFO]: Saving chunks for level 'ServerLevel[New World]'/minecraft:the_nether
[12:33:49] [Render thread/INFO]: Connecting to localhost, 55021
[12:33:49] [Render thread/INFO]: World loading finished: null screen: net.minecraft.client.gui.screens.ConnectScreen@15c80b8
[12:33:49] [Render thread/INFO]: World loading finished: null screen: net.minecraft.client.gui.screens.ConnectScreen@15c80b8
[12:33:49] [Render thread/INFO]: World loading finished: null screen: net.minecraft.client.gui.screens.ConnectScreen@15c80b8
[12:33:49] [Render thread/INFO]: World loading finished: null screen: net.minecraft.client.gui.screens.ConnectScreen@15c80b8
[12:33:49] [Render thread/INFO]: World loading finished: null screen: net.minecraft.client.gui.screens.ConnectScreen@15c80b8
[12:33:49] [Render thread/INFO]: World loading finished: null screen: net.minecraft.client.gui.screens.ConnectScreen@15c80b8
[12:33:49] [Render thread/INFO]: World loading finished: null screen: net.minecraft.client.gui.screens.ConnectScreen@15c80b8
[12:33:49] [Render thread/INFO]: World loading finished: null screen: net.minecraft.client.gui.screens.ConnectScreen@15c80b8
[12:33:49] [Render thread/INFO]: World loading finished: null screen: net.minecraft.client.gui.screens.ConnectScreen@15c80b8
[12:33:49] [Render thread/INFO]: World loading finished: null screen: net.minecraft.client.gui.screens.ConnectScreen@15c80b8
[12:33:49] [Server thread/INFO]: Player32[/127.0.0.1:55032] logged in with entity id 22 at (0.5, 71.0, 0.5)
[12:33:49] [Server thread/INFO]: System chat: Player32 joined the game
[12:33:49] [Render thread/INFO]: Loaded 2 advancements
[12:33:49] [Render thread/INFO]: World loading finished: ClientLevel screen: net.minecraft.client.gui.screens.LevelLoadingScreen@44f75eb1
[12:33:49] [Render thread/INFO]: World loading finished: ClientLevel screen: net.minecraft.client.gui.screens.LevelLoadingScreen@44f75eb1
[12:33:49] [Render thread/INFO]: World loading finished: ClientLevel screen: null
[12:33:56] [Server thread/INFO]: Player32 lost connection: Disconnected
[12:33:56] [Server thread/INFO]: System chat: Player32 left the game
[12:33:56] [Render thread/INFO]: Connecting to localhost, 55021
[12:33:56] [Render thread/INFO]: World loading finished: null screen: net.minecraft.client.gui.screens.ConnectScreen@441694d5
[12:33:56] [Render thread/INFO]: World loading finished: null screen: net.minecraft.client.gui.screens.ConnectScreen@441694d5
[12:33:56] [Render thread/INFO]: World loading finished: null screen: net.minecraft.client.gui.screens.ConnectScreen@441694d5
[12:33:56] [Render thread/INFO]: World loading finished: null screen: net.minecraft.client.gui.screens.ConnectScreen@441694d5
[12:33:56] [Render thread/INFO]: World loading finished: null screen: net.minecraft.client.gui.screens.ConnectScreen@441694d5
[12:33:56] [Render thread/INFO]: World loading finished: null screen: net.minecraft.client.gui.screens.ConnectScreen@441694d5
[12:33:56] [Render thread/INFO]: World loading finished: null screen: net.minecraft.client.gui.screens.ConnectScreen@441694d5
[12:33:56] [Render thread/INFO]: World loading finished: null screen: net.minecraft.client.gui.screens.ConnectScreen@441694d5
[12:33:56] [Server thread/INFO]: Player32[/127.0.0.1:55040] logged in with entity id 23 at (1.7, 73.40000000000009, 0.5)
[12:33:56] [Server thread/INFO]: System chat: Player32 joined the game
[12:33:56] [Render thread/INFO]: Loaded 2 advancements
[12:33:56] [Render thread/INFO]: World loading finished: ClientLevel screen: net.minecraft.client.gui.screens.LevelLoadingScreen@2baa6f1f
[12:33:56] [Render thread/INFO]: World loading finished: ClientLevel screen: net.minecraft.client.gui.screens.LevelLoadingScreen@2baa6f1f
[12:33:57] [Render thread/INFO]: World loading finished: ClientLevel screen: net.minecraft.client.gui.screens.LevelLoadingScreen@2baa6f1f
[12:33:57] [Render thread/INFO]: World loading finished: ClientLevel screen: net.minecraft.client.gui.screens.LevelLoadingScreen@2baa6f1f
[12:33:57] [Render thread/INFO]: World loading finished: ClientLevel screen: net.minecraft.client.gui.screens.LevelLoadingScreen@2baa6f1f
[12:33:57] [Render thread/INFO]: World loading finished: ClientLevel screen: null
[12:33:57] [Server thread/INFO]: Player32 lost connection: Disconnected
[12:33:57] [Server thread/INFO]: System chat: Player32 left the game
[12:33:57] [Server thread/INFO]: Stopping server
[12:33:57] [Server thread/INFO]: Saving players
[12:33:57] [Server thread/INFO]: Saving worlds
[12:33:57] [Server thread/INFO]: Saving chunks for level 'ServerLevel[New World]'/minecraft:overworld
[12:33:58] [Server thread/INFO]: Saving chunks for level 'ServerLevel[New World]'/minecraft:the_end
[12:33:58] [Server thread/INFO]: Saving chunks for level 'ServerLevel[New World]'/minecraft:the_nether
[12:33:58] [Test thread/INFO]: [STDOUT]: WILDCRAFT P2 real keys/hold/sideways/descent/ledge/inner-outer-corners/ceiling/damage/exhaustion/death/dimension/TCP reconnect checks passed
[12:33:58] [Worker-Main-8/INFO]: Loaded 1872 advancements
[12:33:58] [Render thread/INFO]: World loading finished: null screen: net.minecraft.client.gui.screens.GenericMessageScreen@3abf2bdd
[12:33:58] [Render thread/INFO]: Applied 0 biome modifications to 0 of 67 new biomes in 206.7 μs
[12:33:58] [Server thread/INFO]: Starting integrated minecraft server version 26.3
[12:33:58] [Server thread/INFO]: Generating keypair
[12:33:58] [Server thread/INFO]: Selecting global world spawn...
[12:33:58] [Server thread/INFO]: Loading 0 persistent chunks...
[12:33:58] [Server thread/INFO]: Preparing spawn area: 16%
[12:33:58] [Server thread/INFO]: Saving chunks for level 'ServerLevel[New World]'/minecraft:overworld
[12:33:58] [Server thread/INFO]: Saving chunks for level 'ServerLevel[New World]'/minecraft:the_end
[12:33:58] [Server thread/INFO]: Saving chunks for level 'ServerLevel[New World]'/minecraft:the_nether
[12:33:58] [Render thread/INFO]: World loading finished: null screen: net.minecraft.client.gui.screens.LevelLoadingScreen@71b97eb2
[12:33:58] [Render thread/INFO]: World loading finished: null screen: net.minecraft.client.gui.screens.LevelLoadingScreen@71b97eb2
[12:33:58] [Render thread/INFO]: World loading finished: null screen: net.minecraft.client.gui.screens.LevelLoadingScreen@71b97eb2
[12:33:58] [Render thread/INFO]: World loading finished: null screen: net.minecraft.client.gui.screens.LevelLoadingScreen@71b97eb2
[12:33:58] [Server thread/INFO]: Loading 48 chunks for player spawn...
[12:33:58] [Render thread/INFO]: World loading finished: null screen: net.minecraft.client.gui.screens.LevelLoadingScreen@71b97eb2
[12:33:58] [Render thread/INFO]: World loading finished: null screen: net.minecraft.client.gui.screens.LevelLoadingScreen@71b97eb2
[12:33:58] [Server thread/INFO]: Time elapsed: 356 ms
[12:33:58] [Render thread/INFO]: World loading finished: null screen: net.minecraft.client.gui.screens.LevelLoadingScreen@71b97eb2
[12:33:58] [Server thread/INFO]: Player32[local:E:dab9909e] logged in with entity id 24 at (0.5, -60.0, 0.5)
[12:33:58] [Server thread/INFO]: System chat: Player32 joined the game
[12:33:58] [Server thread/INFO]: Changing view distance to 5, from 10
[12:33:58] [Render thread/INFO]: Loaded 2 advancements
[12:33:58] [Server thread/INFO]: Changing simulation distance to 12, from 0
[12:33:58] [Render thread/INFO]: World loading finished: ClientLevel screen: net.minecraft.client.gui.screens.LevelLoadingScreen@71b97eb2
[12:33:58] [Render thread/INFO]: World loading finished: ClientLevel screen: net.minecraft.client.gui.screens.LevelLoadingScreen@71b97eb2
[12:33:58] [Render thread/INFO]: World loading finished: ClientLevel screen: net.minecraft.client.gui.screens.LevelLoadingScreen@71b97eb2
[12:33:58] [Render thread/INFO]: World loading finished: ClientLevel screen: net.minecraft.client.gui.screens.LevelLoadingScreen@71b97eb2
[12:33:58] [Render thread/INFO]: World loading finished: ClientLevel screen: net.minecraft.client.gui.screens.LevelLoadingScreen@71b97eb2
[12:33:58] [Render thread/INFO]: World loading finished: ClientLevel screen: net.minecraft.client.gui.screens.LevelLoadingScreen@71b97eb2
[12:33:58] [Render thread/INFO]: World loading finished: ClientLevel screen: net.minecraft.client.gui.screens.LevelLoadingScreen@71b97eb2
[12:33:59] [Render thread/INFO]: World loading finished: ClientLevel screen: net.minecraft.client.gui.screens.LevelLoadingScreen@71b97eb2
[12:33:59] [Render thread/INFO]: World loading finished: ClientLevel screen: net.minecraft.client.gui.screens.LevelLoadingScreen@71b97eb2
[12:33:59] [Render thread/INFO]: World loading finished: ClientLevel screen: net.minecraft.client.gui.screens.LevelLoadingScreen@71b97eb2
[12:33:59] [Render thread/INFO]: World loading finished: ClientLevel screen: net.minecraft.client.gui.screens.LevelLoadingScreen@71b97eb2
[12:33:59] [Render thread/INFO]: World loading finished: ClientLevel screen: net.minecraft.client.gui.screens.LevelLoadingScreen@71b97eb2
[12:33:59] [Render thread/INFO]: World loading finished: ClientLevel screen: net.minecraft.client.gui.screens.LevelLoadingScreen@71b97eb2
[12:33:59] [Render thread/INFO]: World loading finished: ClientLevel screen: net.minecraft.client.gui.screens.LevelLoadingScreen@71b97eb2
[12:33:59] [Render thread/INFO]: World loading finished: ClientLevel screen: null
[12:33:59] [Server thread/INFO]: System chat: Set minecraft:overworld to time marker minecraft:day
[12:33:59] [Render thread/INFO]: Loaded 3 advancements
[12:34:00] [Render thread/INFO]: Reloading ResourceManager: vanilla, vanilla, fabric-advancement-api-v1, fabric-api, fabric-api-base, fabric-api-lookup-api-v1, fabric-biome-api-v1, fabric-block-api-v1, fabric-block-getter-api-v2, fabric-client-gametest-api-v1, fabric-command-api-v2, fabric-content-registries-v0, fabric-convention-tags-v2, fabric-crash-report-info-v1, fabric-creative-tab-api-v1, fabric-data-attachment-api-v1, fabric-data-generation-api-v1, fabric-debug-api-v1, fabric-dimensions-v1, fabric-entity-events-v1, fabric-events-interaction-v0, fabric-game-rule-api-v1, fabric-gametest-api-v1, fabric-item-api-v1, fabric-key-mapping-api-v1, fabric-lifecycle-events-v1, fabric-loot-api-v3, fabric-menu-api-v1, fabric-message-api-v1, fabric-model-loading-api-v1, fabric-networking-api-v1, fabric-object-builder-api-v1, fabric-particles-v1, fabric-permission-api-v1, fabric-recipe-api-v1, fabric-registry-sync-v0, fabric-renderer-api-v1, fabric-renderer-indigo, fabric-rendering-fluids-v1, fabric-rendering-v1, fabric-resource-conditions-api-v1, fabric-resource-loader-v0, fabric-resource-loader-v1, fabric-screen-api-v1, fabric-serialization-api-v1, fabric-sound-api-v1, fabric-tag-api-v1, fabric-transfer-api-v1, fabric-transitive-access-wideners-v1, fabricloader, wildcraft, wildcraft-test
[12:34:00] [Worker-Main-7/INFO]: Found unifont_pua-17.0.01.hex, loading
[12:34:00] [Worker-Main-4/INFO]: Found unifont_all_no_pua-17.0.01.hex, loading
[12:34:01] [Server thread/INFO]: Saving and pausing game...
[12:34:01] [Server thread/INFO]: Saving chunks for level 'ServerLevel[New World]'/minecraft:overworld
[12:34:01] [Server thread/INFO]: Saving chunks for level 'ServerLevel[New World]'/minecraft:the_end
[12:34:01] [Server thread/INFO]: Saving chunks for level 'ServerLevel[New World]'/minecraft:the_nether
[12:34:01] [Render thread/INFO]: Info log when linking program containing VERTEX minecraft:core/terrain, FRAGMENT minecraft:core/terrain. Log output: WARNING: Output of vertex shader '_interface_variable_01' not read by fragment shader
WARNING: Output of vertex shader '_interface_variable_00' not read by fragment shader
WARNING: Output of vertex shader '_interface_variable_04' not read by fragment shader

[12:34:01] [Render thread/INFO]: Info log when linking program containing VERTEX minecraft:core/rendertype_crumbling, FRAGMENT minecraft:core/rendertype_crumbling. Log output: WARNING: Output of vertex shader '_interface_variable_01' not read by fragment shader
WARNING: Output of vertex shader '_interface_variable_00' not read by fragment shader

[12:34:01] [Render thread/INFO]: Info log when linking program containing VERTEX minecraft:core/rendertype_lines, FRAGMENT minecraft:core/rendertype_lines. Log output: WARNING: Output of vertex shader '_interface_variable_01' not read by fragment shader
WARNING: Output of vertex shader '_interface_variable_00' not read by fragment shader

[12:34:01] [Render thread/INFO]: Info log when linking program containing VERTEX minecraft:core/entity, FRAGMENT minecraft:core/entity. Log output: WARNING: Output of vertex shader '_interface_variable_01' not read by fragment shader
WARNING: Output of vertex shader '_interface_variable_00' not read by fragment shader

[12:34:01] [Render thread/INFO]: Info log when linking program containing VERTEX minecraft:core/terrain, FRAGMENT minecraft:core/terrain. Log output: WARNING: Output of vertex shader '_interface_variable_01' not read by fragment shader
WARNING: Output of vertex shader '_interface_variable_00' not read by fragment shader
WARNING: Output of vertex shader '_interface_variable_04' not read by fragment shader

[12:34:01] [Render thread/INFO]: Info log when linking program containing VERTEX minecraft:core/entity, FRAGMENT minecraft:core/entity. Log output: WARNING: Output of vertex shader '_interface_variable_01' not read by fragment shader
WARNING: Output of vertex shader '_interface_variable_00' not read by fragment shader

[12:34:01] [Worker-Main-4/INFO]: Found unifont_jp_patch-17.0.01.hex, loading
[12:34:01] [Render thread/INFO]: Info log when linking program containing VERTEX minecraft:core/text, FRAGMENT minecraft:core/text. Log output: WARNING: Output of vertex shader '_interface_variable_01' not read by fragment shader
WARNING: Output of vertex shader '_interface_variable_00' not read by fragment shader

[12:34:01] [Render thread/INFO]: Info log when linking program containing VERTEX minecraft:core/text, FRAGMENT minecraft:core/text. Log output: WARNING: Output of vertex shader '_interface_variable_01' not read by fragment shader
WARNING: Output of vertex shader '_interface_variable_00' not read by fragment shader

[12:34:01] [Render thread/INFO]: Info log when linking program containing VERTEX minecraft:core/block, FRAGMENT minecraft:core/block. Log output: WARNING: Output of vertex shader '_interface_variable_01' not read by fragment shader
WARNING: Output of vertex shader '_interface_variable_00' not read by fragment shader

[12:34:01] [Render thread/INFO]: Info log when linking program containing VERTEX minecraft:core/entity, FRAGMENT minecraft:core/entity. Log output: WARNING: Output of vertex shader '_interface_variable_01' not read by fragment shader
WARNING: Output of vertex shader '_interface_variable_00' not read by fragment shader

[12:34:01] [Render thread/INFO]: Info log when linking program containing VERTEX minecraft:core/rendertype_entity_shadow, FRAGMENT minecraft:core/rendertype_entity_shadow. Log output: WARNING: Output of vertex shader '_interface_variable_01' not read by fragment shader
WARNING: Output of vertex shader '_interface_variable_00' not read by fragment shader

[12:34:01] [Render thread/INFO]: Info log when linking program containing VERTEX minecraft:core/screenquad, FRAGMENT minecraft:core/oit_composite. Log output: WARNING: Output of vertex shader '_interface_variable_00' not read by fragment shader

[12:34:01] [Render thread/INFO]: Info log when linking program containing VERTEX minecraft:core/particle, FRAGMENT minecraft:core/particle. Log output: WARNING: Output of vertex shader '_interface_variable_01' not read by fragment shader
WARNING: Output of vertex shader '_interface_variable_00' not read by fragment shader

[12:34:01] [Render thread/INFO]: Info log when linking program containing VERTEX minecraft:core/screenquad, FRAGMENT minecraft:core/integrate_depth. Log output: WARNING: Output of vertex shader '_interface_variable_00' not read by fragment shader

[12:34:01] [Render thread/INFO]: Info log when linking program containing VERTEX minecraft:core/terrain, FRAGMENT minecraft:core/terrain. Log output: WARNING: Output of vertex shader '_interface_variable_01' not read by fragment shader
WARNING: Output of vertex shader '_interface_variable_00' not read by fragment shader
WARNING: Output of vertex shader '_interface_variable_04' not read by fragment shader

[12:34:01] [Render thread/INFO]: Info log when linking program containing VERTEX minecraft:core/entity, FRAGMENT minecraft:core/entity. Log output: WARNING: Output of vertex shader '_interface_variable_01' not read by fragment shader
WARNING: Output of vertex shader '_interface_variable_00' not read by fragment shader

[12:34:01] [Render thread/INFO]: Info log when linking program containing VERTEX minecraft:core/animate_sprite, FRAGMENT minecraft:core/animate_sprite_blit. Log output: WARNING: Output of vertex shader '_interface_variable_00' not read by fragment shader

[12:34:01] [Render thread/INFO]: Info log when linking program containing VERTEX minecraft:core/entity, FRAGMENT minecraft:core/entity. Log output: WARNING: Output of vertex shader '_interface_variable_01' not read by fragment shader
WARNING: Output of vertex shader '_interface_variable_00' not read by fragment shader

[12:34:01] [Render thread/INFO]: Info log when linking program containing VERTEX minecraft:core/entity, FRAGMENT minecraft:core/entity. Log output: WARNING: Output of vertex shader '_interface_variable_01' not read by fragment shader
WARNING: Output of vertex shader '_interface_variable_00' not read by fragment shader

[12:34:01] [Render thread/INFO]: Info log when linking program containing VERTEX minecraft:core/clouds, FRAGMENT minecraft:core/clouds. Log output: WARNING: Output of vertex shader '_interface_variable_00' not read by fragment shader

[12:34:01] [Worker-Main-7/WARN]: Missing textures in model wildcraft:item/battery_3d:
    wildcraft:entity/battery
[12:34:01] [Render thread/INFO]: Info log when linking program containing VERTEX minecraft:core/particle, FRAGMENT minecraft:core/particle. Log output: WARNING: Output of vertex shader '_interface_variable_01' not read by fragment shader
WARNING: Output of vertex shader '_interface_variable_00' not read by fragment shader

[12:34:01] [Render thread/INFO]: Info log when linking program containing VERTEX minecraft:core/entity, FRAGMENT minecraft:core/entity. Log output: WARNING: Output of vertex shader '_interface_variable_01' not read by fragment shader
WARNING: Output of vertex shader '_interface_variable_00' not read by fragment shader

[12:34:01] [Render thread/INFO]: Info log when linking program containing VERTEX minecraft:core/screenquad, FRAGMENT minecraft:core/oit_depth_bounds_cull. Log output: WARNING: Output of vertex shader '_interface_variable_00' not read by fragment shader

[12:34:01] [Render thread/INFO]: Info log when linking program containing VERTEX minecraft:core/text, FRAGMENT minecraft:core/text. Log output: WARNING: Output of vertex shader '_interface_variable_01' not read by fragment shader
WARNING: Output of vertex shader '_interface_variable_00' not read by fragment shader

[12:34:01] [Render thread/INFO]: Info log when linking program containing VERTEX minecraft:core/entity, FRAGMENT minecraft:core/entity. Log output: WARNING: Output of vertex shader '_interface_variable_01' not read by fragment shader
WARNING: Output of vertex shader '_interface_variable_00' not read by fragment shader

[12:34:01] [Render thread/INFO]: Info log when linking program containing VERTEX minecraft:core/text, FRAGMENT minecraft:core/text. Log output: WARNING: Output of vertex shader '_interface_variable_01' not read by fragment shader
WARNING: Output of vertex shader '_interface_variable_00' not read by fragment shader

[12:34:01] [Render thread/INFO]: Info log when linking program containing VERTEX minecraft:core/text, FRAGMENT minecraft:core/text. Log output: WARNING: Output of vertex shader '_interface_variable_01' not read by fragment shader
WARNING: Output of vertex shader '_interface_variable_00' not read by fragment shader

[12:34:01] [Render thread/INFO]: Info log when linking program containing VERTEX minecraft:core/text, FRAGMENT minecraft:core/text. Log output: WARNING: Output of vertex shader '_interface_variable_01' not read by fragment shader
WARNING: Output of vertex shader '_interface_variable_00' not read by fragment shader

[12:34:01] [Render thread/INFO]: Info log when linking program containing VERTEX minecraft:core/terrain, FRAGMENT minecraft:core/terrain. Log output: WARNING: Output of vertex shader '_interface_variable_01' not read by fragment shader
WARNING: Output of vertex shader '_interface_variable_00' not read by fragment shader
WARNING: Output of vertex shader '_interface_variable_04' not read by fragment shader

[12:34:01] [Render thread/INFO]: Info log when linking program containing VERTEX minecraft:core/block, FRAGMENT minecraft:core/block. Log output: WARNING: Output of vertex shader '_interface_variable_01' not read by fragment shader
WARNING: Output of vertex shader '_interface_variable_00' not read by fragment shader

[12:34:01] [Render thread/INFO]: Info log when linking program containing VERTEX minecraft:core/rendertype_entity_shadow, FRAGMENT minecraft:core/rendertype_entity_shadow. Log output: WARNING: Output of vertex shader '_interface_variable_01' not read by fragment shader
WARNING: Output of vertex shader '_interface_variable_00' not read by fragment shader

[12:34:01] [Render thread/INFO]: Info log when linking program containing VERTEX minecraft:core/entity, FRAGMENT minecraft:core/entity. Log output: WARNING: Output of vertex shader '_interface_variable_01' not read by fragment shader
WARNING: Output of vertex shader '_interface_variable_00' not read by fragment shader

[12:34:01] [Render thread/INFO]: Info log when linking program containing VERTEX minecraft:core/clouds, FRAGMENT minecraft:core/clouds. Log output: WARNING: Output of vertex shader '_interface_variable_00' not read by fragment shader

[12:34:01] [Render thread/INFO]: Info log when linking program containing VERTEX minecraft:core/rendertype_lines, FRAGMENT minecraft:core/rendertype_lines. Log output: WARNING: Output of vertex shader '_interface_variable_01' not read by fragment shader
WARNING: Output of vertex shader '_interface_variable_00' not read by fragment shader

[12:34:01] [Render thread/INFO]: Info log when linking program containing VERTEX minecraft:core/particle, FRAGMENT minecraft:core/particle. Log output: WARNING: Output of vertex shader '_interface_variable_01' not read by fragment shader
WARNING: Output of vertex shader '_interface_variable_00' not read by fragment shader

[12:34:01] [Render thread/INFO]: Info log when linking program containing VERTEX minecraft:core/entity, FRAGMENT minecraft:core/entity. Log output: WARNING: Output of vertex shader '_interface_variable_01' not read by fragment shader
WARNING: Output of vertex shader '_interface_variable_00' not read by fragment shader

[12:34:01] [Render thread/INFO]: Info log when linking program containing VERTEX minecraft:core/entity, FRAGMENT minecraft:core/entity. Log output: WARNING: Output of vertex shader '_interface_variable_01' not read by fragment shader
WARNING: Output of vertex shader '_interface_variable_00' not read by fragment shader

[12:34:01] [Render thread/INFO]: Info log when linking program containing VERTEX minecraft:core/rendertype_crumbling, FRAGMENT minecraft:core/rendertype_crumbling. Log output: WARNING: Output of vertex shader '_interface_variable_01' not read by fragment shader
WARNING: Output of vertex shader '_interface_variable_00' not read by fragment shader

[12:34:01] [Render thread/INFO]: Info log when linking program containing VERTEX minecraft:core/particle, FRAGMENT minecraft:core/particle. Log output: WARNING: Output of vertex shader '_interface_variable_01' not read by fragment shader
WARNING: Output of vertex shader '_interface_variable_00' not read by fragment shader

[12:34:01] [Render thread/INFO]: Info log when linking program containing VERTEX minecraft:core/entity, FRAGMENT minecraft:core/entity. Log output: WARNING: Output of vertex shader '_interface_variable_01' not read by fragment shader
WARNING: Output of vertex shader '_interface_variable_00' not read by fragment shader

[12:34:01] [Render thread/INFO]: Info log when linking program containing VERTEX minecraft:core/text, FRAGMENT minecraft:core/text. Log output: WARNING: Output of vertex shader '_interface_variable_01' not read by fragment shader
WARNING: Output of vertex shader '_interface_variable_00' not read by fragment shader

[12:34:01] [Render thread/INFO]: Info log when linking program containing VERTEX minecraft:core/text, FRAGMENT minecraft:core/text. Log output: WARNING: Output of vertex shader '_interface_variable_01' not read by fragment shader
WARNING: Output of vertex shader '_interface_variable_00' not read by fragment shader

[12:34:01] [Render thread/INFO]: OpenAL initialized on device Mac mini扬声器
[12:34:01] [Render thread/INFO]: Sound engine started
[12:34:01] [Render thread/INFO]: Created: 512x256x0 minecraft:textures/atlas/particles.png-atlas
[12:34:01] [Render thread/INFO]: Created: 256x128x0 minecraft:textures/atlas/celestials.png-atlas
[12:34:01] [Render thread/INFO]: Created: 128x128x0 minecraft:textures/atlas/decorated_pot.png-atlas
[12:34:01] [Render thread/INFO]: Created: 512x256x0 minecraft:textures/atlas/paintings.png-atlas
[12:34:01] [Render thread/INFO]: Created: 1024x512x0 minecraft:textures/atlas/shield_patterns.png-atlas
[12:34:01] [Render thread/INFO]: Created: 1024x512x0 minecraft:textures/atlas/banner_patterns.png-atlas
[12:34:01] [Render thread/INFO]: Created: 2048x2048x4 minecraft:textures/atlas/blocks.png-atlas
[12:34:01] [Render thread/INFO]: Created: 1024x512x0 minecraft:textures/atlas/items.png-atlas
[12:34:01] [Render thread/INFO]: Created: 1024x1024x0 minecraft:textures/atlas/gui.png-atlas
[12:34:01] [Render thread/INFO]: Created: 128x64x0 minecraft:textures/atlas/map_decorations.png-atlas
[12:34:01] [Render thread/INFO]: Created: 512x512x0 minecraft:textures/atlas/chest.png-atlas
[12:34:01] [Render thread/INFO]: Created: 512x512x0 minecraft:textures/atlas/shulker_boxes.png-atlas
[12:34:01] [Render thread/WARN]: Requested post effect does not exist: minecraft:end_of_frame
[12:34:04] [Server thread/INFO]: System chat: 已将Player32的游戏模式改为创造模式
[12:34:04] [Render thread/INFO]: [System] [CHAT] 你的游戏模式已被更新为创造模式
[12:34:04] [Server thread/INFO]: System chat: 已将Player32的游戏模式改为生存模式
[12:34:04] [Render thread/INFO]: [System] [CHAT] 你的游戏模式已被更新为生存模式
[12:34:13] [Server thread/INFO]: System chat: 已将1.0伤害施加于Player32
[12:34:16] [Server thread/INFO]: System chat: Player32取得了进度[勇往直下]
[12:34:16] [Render thread/INFO]: [System] [CHAT] Player32取得了进度[勇往直下]
[12:34:16] [Render thread/INFO]: Loaded 30 advancements
[12:34:16] [Server thread/INFO]: System chat: Player32被杀死了
[12:34:16] [Server thread/INFO]: System chat: 杀死了Player32
[12:34:16] [Render thread/INFO]: [System] [CHAT] Player32被杀死了
[12:34:16] [Server thread/INFO]: System chat: Player32被杀死了
[12:34:16] [Server thread/INFO]: System chat: 杀死了Player32
[12:34:16] [Render thread/INFO]: [System] [CHAT] Player32被杀死了
[12:34:17] [Server thread/INFO]: Player32 lost connection: 连接中断
[12:34:17] [Server thread/INFO]: System chat: Player32退出了游戏
[12:34:17] [Server thread/INFO]: Stopping singleplayer server as player logged out
[12:34:17] [Server thread/INFO]: Stopping server
[12:34:17] [Server thread/INFO]: Saving players
[12:34:17] [Server thread/INFO]: Saving worlds
[12:34:17] [Server thread/INFO]: Saving chunks for level 'ServerLevel[New World]'/minecraft:overworld
[12:34:17] [Server thread/INFO]: Saving chunks for level 'ServerLevel[New World]'/minecraft:the_end
[12:34:17] [Server thread/INFO]: Saving chunks for level 'ServerLevel[New World]'/minecraft:the_nether
[12:34:17] [Render thread/INFO]: World loading finished: null screen: net.minecraft.client.gui.screens.GenericMessageScreen@50499b42
[12:34:17] [Worker-Main-8/INFO]: Loaded 1872 advancements
[12:34:17] [Render thread/INFO]: Applied 0 biome modifications to 0 of 67 new biomes in 167.6 μs
[12:34:17] [Server thread/INFO]: Starting integrated minecraft server version 26.3
[12:34:17] [Server thread/INFO]: Generating keypair
[12:34:17] [Server thread/INFO]: Loading 0 persistent chunks...
[12:34:17] [Server thread/INFO]: Saving chunks for level 'ServerLevel[New World]'/minecraft:overworld
[12:34:17] [Server thread/INFO]: Saving chunks for level 'ServerLevel[New World]'/minecraft:the_end
[12:34:17] [Server thread/INFO]: Saving chunks for level 'ServerLevel[New World]'/minecraft:the_nether
[12:34:18] [Render thread/INFO]: World loading finished: null screen: net.minecraft.client.gui.screens.LevelLoadingScreen@72fcbfd
[12:34:18] [Render thread/INFO]: World loading finished: null screen: net.minecraft.client.gui.screens.LevelLoadingScreen@72fcbfd
[12:34:18] [Render thread/INFO]: World loading finished: null screen: net.minecraft.client.gui.screens.LevelLoadingScreen@72fcbfd
[12:34:18] [Render thread/INFO]: World loading finished: null screen: net.minecraft.client.gui.screens.LevelLoadingScreen@72fcbfd
[12:34:18] [Server thread/INFO]: Loading 49 chunks for player spawn...
[12:34:18] [Server thread/INFO]: 准备生成区域中：16%
[12:34:18] [Render thread/INFO]: World loading finished: null screen: net.minecraft.client.gui.screens.LevelLoadingScreen@72fcbfd
[12:34:18] [Server thread/INFO]: Time elapsed: 268 ms
[12:34:18] [Render thread/INFO]: World loading finished: null screen: net.minecraft.client.gui.screens.LevelLoadingScreen@72fcbfd
[12:34:18] [Server thread/INFO]: Player32[local:E:df41afba] logged in with entity id 36 at (0.5, 94.76159999847413, 0.7956000004708768)
[12:34:18] [Server thread/INFO]: System chat: Player32加入了游戏
[12:34:18] [Server thread/INFO]: Changing view distance to 5, from 10
[12:34:18] [Server thread/INFO]: Changing simulation distance to 12, from 0
[12:34:18] [Render thread/INFO]: World loading finished: ClientLevel screen: net.minecraft.client.gui.screens.LevelLoadingScreen@72fcbfd
[12:34:18] [Render thread/INFO]: Loaded 30 advancements
[12:34:18] [Render thread/INFO]: World loading finished: ClientLevel screen: net.minecraft.client.gui.screens.LevelLoadingScreen@72fcbfd
[12:34:18] [Render thread/INFO]: World loading finished: ClientLevel screen: net.minecraft.client.gui.screens.LevelLoadingScreen@72fcbfd
[12:34:18] [Render thread/INFO]: World loading finished: ClientLevel screen: null
[12:34:19] [Server thread/INFO]: Player32 lost connection: 连接中断
[12:34:19] [Server thread/INFO]: System chat: Player32退出了游戏
[12:34:19] [Server thread/INFO]: Stopping singleplayer server as player logged out
[12:34:19] [Server thread/INFO]: Stopping server
[12:34:19] [Server thread/INFO]: Saving players
[12:34:19] [Server thread/INFO]: Saving worlds
[12:34:19] [Server thread/INFO]: Saving chunks for level 'ServerLevel[New World]'/minecraft:overworld
[12:34:19] [Server thread/INFO]: Saving chunks for level 'ServerLevel[New World]'/minecraft:the_end
[12:34:19] [Server thread/INFO]: Saving chunks for level 'ServerLevel[New World]'/minecraft:the_nether
[12:34:19] [Render thread/INFO]: Reloading ResourceManager: vanilla, vanilla, fabric-advancement-api-v1, fabric-api, fabric-api-base, fabric-api-lookup-api-v1, fabric-biome-api-v1, fabric-block-api-v1, fabric-block-getter-api-v2, fabric-client-gametest-api-v1, fabric-command-api-v2, fabric-content-registries-v0, fabric-convention-tags-v2, fabric-crash-report-info-v1, fabric-creative-tab-api-v1, fabric-data-attachment-api-v1, fabric-data-generation-api-v1, fabric-debug-api-v1, fabric-dimensions-v1, fabric-entity-events-v1, fabric-events-interaction-v0, fabric-game-rule-api-v1, fabric-gametest-api-v1, fabric-item-api-v1, fabric-key-mapping-api-v1, fabric-lifecycle-events-v1, fabric-loot-api-v3, fabric-menu-api-v1, fabric-message-api-v1, fabric-model-loading-api-v1, fabric-networking-api-v1, fabric-object-builder-api-v1, fabric-particles-v1, fabric-permission-api-v1, fabric-recipe-api-v1, fabric-registry-sync-v0, fabric-renderer-api-v1, fabric-renderer-indigo, fabric-rendering-fluids-v1, fabric-rendering-v1, fabric-resource-conditions-api-v1, fabric-resource-loader-v0, fabric-resource-loader-v1, fabric-screen-api-v1, fabric-serialization-api-v1, fabric-sound-api-v1, fabric-tag-api-v1, fabric-transfer-api-v1, fabric-transitive-access-wideners-v1, fabricloader, wildcraft, wildcraft-test
[12:34:19] [Worker-Main-5/INFO]: Found unifont_all_no_pua-17.0.01.hex, loading
[12:34:19] [Worker-Main-2/INFO]: Found unifont_pua-17.0.01.hex, loading
[12:34:19] [Render thread/INFO]: Info log when linking program containing VERTEX minecraft:core/terrain, FRAGMENT minecraft:core/terrain. Log output: WARNING: Output of vertex shader '_interface_variable_01' not read by fragment shader
WARNING: Output of vertex shader '_interface_variable_00' not read by fragment shader
WARNING: Output of vertex shader '_interface_variable_04' not read by fragment shader

[12:34:19] [Render thread/INFO]: Info log when linking program containing VERTEX minecraft:core/rendertype_crumbling, FRAGMENT minecraft:core/rendertype_crumbling. Log output: WARNING: Output of vertex shader '_interface_variable_01' not read by fragment shader
WARNING: Output of vertex shader '_interface_variable_00' not read by fragment shader

[12:34:19] [Render thread/INFO]: Info log when linking program containing VERTEX minecraft:core/entity, FRAGMENT minecraft:core/entity. Log output: WARNING: Output of vertex shader '_interface_variable_01' not read by fragment shader
WARNING: Output of vertex shader '_interface_variable_00' not read by fragment shader

[12:34:19] [Render thread/INFO]: Info log when linking program containing VERTEX minecraft:core/rendertype_lines, FRAGMENT minecraft:core/rendertype_lines. Log output: WARNING: Output of vertex shader '_interface_variable_01' not read by fragment shader
WARNING: Output of vertex shader '_interface_variable_00' not read by fragment shader

[12:34:19] [Render thread/INFO]: Info log when linking program containing VERTEX minecraft:core/terrain, FRAGMENT minecraft:core/terrain. Log output: WARNING: Output of vertex shader '_interface_variable_01' not read by fragment shader
WARNING: Output of vertex shader '_interface_variable_00' not read by fragment shader
WARNING: Output of vertex shader '_interface_variable_04' not read by fragment shader

[12:34:19] [Render thread/INFO]: Info log when linking program containing VERTEX minecraft:core/entity, FRAGMENT minecraft:core/entity. Log output: WARNING: Output of vertex shader '_interface_variable_01' not read by fragment shader
WARNING: Output of vertex shader '_interface_variable_00' not read by fragment shader

[12:34:19] [Worker-Main-5/INFO]: Found unifont_jp_patch-17.0.01.hex, loading
[12:34:19] [Render thread/INFO]: Info log when linking program containing VERTEX minecraft:core/text, FRAGMENT minecraft:core/text. Log output: WARNING: Output of vertex shader '_interface_variable_01' not read by fragment shader
WARNING: Output of vertex shader '_interface_variable_00' not read by fragment shader

[12:34:19] [Render thread/INFO]: Info log when linking program containing VERTEX minecraft:core/block, FRAGMENT minecraft:core/block. Log output: WARNING: Output of vertex shader '_interface_variable_01' not read by fragment shader
WARNING: Output of vertex shader '_interface_variable_00' not read by fragment shader

[12:34:19] [Render thread/INFO]: Info log when linking program containing VERTEX minecraft:core/text, FRAGMENT minecraft:core/text. Log output: WARNING: Output of vertex shader '_interface_variable_01' not read by fragment shader
WARNING: Output of vertex shader '_interface_variable_00' not read by fragment shader

[12:34:19] [Render thread/INFO]: Info log when linking program containing VERTEX minecraft:core/entity, FRAGMENT minecraft:core/entity. Log output: WARNING: Output of vertex shader '_interface_variable_01' not read by fragment shader
WARNING: Output of vertex shader '_interface_variable_00' not read by fragment shader

[12:34:19] [Render thread/INFO]: Info log when linking program containing VERTEX minecraft:core/rendertype_entity_shadow, FRAGMENT minecraft:core/rendertype_entity_shadow. Log output: WARNING: Output of vertex shader '_interface_variable_01' not read by fragment shader
WARNING: Output of vertex shader '_interface_variable_00' not read by fragment shader

[12:34:19] [Render thread/INFO]: Info log when linking program containing VERTEX minecraft:core/particle, FRAGMENT minecraft:core/particle. Log output: WARNING: Output of vertex shader '_interface_variable_01' not read by fragment shader
WARNING: Output of vertex shader '_interface_variable_00' not read by fragment shader

[12:34:19] [Render thread/INFO]: Info log when linking program containing VERTEX minecraft:core/screenquad, FRAGMENT minecraft:core/oit_composite. Log output: WARNING: Output of vertex shader '_interface_variable_00' not read by fragment shader

[12:34:19] [Render thread/INFO]: Info log when linking program containing VERTEX minecraft:core/screenquad, FRAGMENT minecraft:core/integrate_depth. Log output: WARNING: Output of vertex shader '_interface_variable_00' not read by fragment shader

[12:34:19] [Render thread/INFO]: Info log when linking program containing VERTEX minecraft:core/terrain, FRAGMENT minecraft:core/terrain. Log output: WARNING: Output of vertex shader '_interface_variable_01' not read by fragment shader
WARNING: Output of vertex shader '_interface_variable_00' not read by fragment shader
WARNING: Output of vertex shader '_interface_variable_04' not read by fragment shader

[12:34:19] [Render thread/INFO]: Info log when linking program containing VERTEX minecraft:core/entity, FRAGMENT minecraft:core/entity. Log output: WARNING: Output of vertex shader '_interface_variable_01' not read by fragment shader
WARNING: Output of vertex shader '_interface_variable_00' not read by fragment shader

[12:34:19] [Render thread/INFO]: Info log when linking program containing VERTEX minecraft:core/animate_sprite, FRAGMENT minecraft:core/animate_sprite_blit. Log output: WARNING: Output of vertex shader '_interface_variable_00' not read by fragment shader

[12:34:19] [Render thread/INFO]: Info log when linking program containing VERTEX minecraft:core/entity, FRAGMENT minecraft:core/entity. Log output: WARNING: Output of vertex shader '_interface_variable_01' not read by fragment shader
WARNING: Output of vertex shader '_interface_variable_00' not read by fragment shader

[12:34:19] [Render thread/INFO]: Info log when linking program containing VERTEX minecraft:core/entity, FRAGMENT minecraft:core/entity. Log output: WARNING: Output of vertex shader '_interface_variable_01' not read by fragment shader
WARNING: Output of vertex shader '_interface_variable_00' not read by fragment shader

[12:34:19] [Render thread/INFO]: Info log when linking program containing VERTEX minecraft:core/clouds, FRAGMENT minecraft:core/clouds. Log output: WARNING: Output of vertex shader '_interface_variable_00' not read by fragment shader

[12:34:19] [Render thread/INFO]: Info log when linking program containing VERTEX minecraft:core/particle, FRAGMENT minecraft:core/particle. Log output: WARNING: Output of vertex shader '_interface_variable_01' not read by fragment shader
WARNING: Output of vertex shader '_interface_variable_00' not read by fragment shader

[12:34:19] [Render thread/INFO]: Info log when linking program containing VERTEX minecraft:core/entity, FRAGMENT minecraft:core/entity. Log output: WARNING: Output of vertex shader '_interface_variable_01' not read by fragment shader
WARNING: Output of vertex shader '_interface_variable_00' not read by fragment shader

[12:34:19] [Render thread/INFO]: Info log when linking program containing VERTEX minecraft:core/screenquad, FRAGMENT minecraft:core/oit_depth_bounds_cull. Log output: WARNING: Output of vertex shader '_interface_variable_00' not read by fragment shader

[12:34:19] [Render thread/INFO]: Info log when linking program containing VERTEX minecraft:core/text, FRAGMENT minecraft:core/text. Log output: WARNING: Output of vertex shader '_interface_variable_01' not read by fragment shader
WARNING: Output of vertex shader '_interface_variable_00' not read by fragment shader

[12:34:19] [Render thread/INFO]: Info log when linking program containing VERTEX minecraft:core/block, FRAGMENT minecraft:core/block. Log output: WARNING: Output of vertex shader '_interface_variable_01' not read by fragment shader
WARNING: Output of vertex shader '_interface_variable_00' not read by fragment shader

[12:34:19] [Render thread/INFO]: Info log when linking program containing VERTEX minecraft:core/text, FRAGMENT minecraft:core/text. Log output: WARNING: Output of vertex shader '_interface_variable_01' not read by fragment shader
WARNING: Output of vertex shader '_interface_variable_00' not read by fragment shader

[12:34:19] [Render thread/INFO]: Info log when linking program containing VERTEX minecraft:core/text, FRAGMENT minecraft:core/text. Log output: WARNING: Output of vertex shader '_interface_variable_01' not read by fragment shader
WARNING: Output of vertex shader '_interface_variable_00' not read by fragment shader

[12:34:19] [Render thread/INFO]: Info log when linking program containing VERTEX minecraft:core/entity, FRAGMENT minecraft:core/entity. Log output: WARNING: Output of vertex shader '_interface_variable_01' not read by fragment shader
WARNING: Output of vertex shader '_interface_variable_00' not read by fragment shader

[12:34:19] [Worker-Main-5/WARN]: Missing textures in model wildcraft:item/battery_3d:
    wildcraft:entity/battery
[12:34:19] [Render thread/INFO]: Info log when linking program containing VERTEX minecraft:core/terrain, FRAGMENT minecraft:core/terrain. Log output: WARNING: Output of vertex shader '_interface_variable_01' not read by fragment shader
WARNING: Output of vertex shader '_interface_variable_00' not read by fragment shader
WARNING: Output of vertex shader '_interface_variable_04' not read by fragment shader

[12:34:19] [Render thread/INFO]: Info log when linking program containing VERTEX minecraft:core/text, FRAGMENT minecraft:core/text. Log output: WARNING: Output of vertex shader '_interface_variable_01' not read by fragment shader
WARNING: Output of vertex shader '_interface_variable_00' not read by fragment shader

[12:34:19] [Render thread/INFO]: Info log when linking program containing VERTEX minecraft:core/clouds, FRAGMENT minecraft:core/clouds. Log output: WARNING: Output of vertex shader '_interface_variable_00' not read by fragment shader

[12:34:19] [Render thread/INFO]: Info log when linking program containing VERTEX minecraft:core/rendertype_entity_shadow, FRAGMENT minecraft:core/rendertype_entity_shadow. Log output: WARNING: Output of vertex shader '_interface_variable_01' not read by fragment shader
WARNING: Output of vertex shader '_interface_variable_00' not read by fragment shader

[12:34:19] [Render thread/INFO]: Info log when linking program containing VERTEX minecraft:core/rendertype_lines, FRAGMENT minecraft:core/rendertype_lines. Log output: WARNING: Output of vertex shader '_interface_variable_01' not read by fragment shader
WARNING: Output of vertex shader '_interface_variable_00' not read by fragment shader

[12:34:19] [Render thread/INFO]: Info log when linking program containing VERTEX minecraft:core/entity, FRAGMENT minecraft:core/entity. Log output: WARNING: Output of vertex shader '_interface_variable_01' not read by fragment shader
WARNING: Output of vertex shader '_interface_variable_00' not read by fragment shader

[12:34:19] [Render thread/INFO]: Info log when linking program containing VERTEX minecraft:core/entity, FRAGMENT minecraft:core/entity. Log output: WARNING: Output of vertex shader '_interface_variable_01' not read by fragment shader
WARNING: Output of vertex shader '_interface_variable_00' not read by fragment shader

[12:34:19] [Render thread/INFO]: Info log when linking program containing VERTEX minecraft:core/text, FRAGMENT minecraft:core/text. Log output: WARNING: Output of vertex shader '_interface_variable_01' not read by fragment shader
WARNING: Output of vertex shader '_interface_variable_00' not read by fragment shader

[12:34:19] [Render thread/INFO]: Info log when linking program containing VERTEX minecraft:core/rendertype_crumbling, FRAGMENT minecraft:core/rendertype_crumbling. Log output: WARNING: Output of vertex shader '_interface_variable_01' not read by fragment shader
WARNING: Output of vertex shader '_interface_variable_00' not read by fragment shader

[12:34:19] [Render thread/INFO]: Info log when linking program containing VERTEX minecraft:core/particle, FRAGMENT minecraft:core/particle. Log output: WARNING: Output of vertex shader '_interface_variable_01' not read by fragment shader
WARNING: Output of vertex shader '_interface_variable_00' not read by fragment shader

[12:34:19] [Render thread/INFO]: Info log when linking program containing VERTEX minecraft:core/particle, FRAGMENT minecraft:core/particle. Log output: WARNING: Output of vertex shader '_interface_variable_01' not read by fragment shader
WARNING: Output of vertex shader '_interface_variable_00' not read by fragment shader

[12:34:19] [Render thread/INFO]: Info log when linking program containing VERTEX minecraft:core/entity, FRAGMENT minecraft:core/entity. Log output: WARNING: Output of vertex shader '_interface_variable_01' not read by fragment shader
WARNING: Output of vertex shader '_interface_variable_00' not read by fragment shader

[12:34:19] [Render thread/INFO]: Info log when linking program containing VERTEX minecraft:core/entity, FRAGMENT minecraft:core/entity. Log output: WARNING: Output of vertex shader '_interface_variable_01' not read by fragment shader
WARNING: Output of vertex shader '_interface_variable_00' not read by fragment shader

[12:34:19] [Render thread/INFO]: Info log when linking program containing VERTEX minecraft:core/text, FRAGMENT minecraft:core/text. Log output: WARNING: Output of vertex shader '_interface_variable_01' not read by fragment shader
WARNING: Output of vertex shader '_interface_variable_00' not read by fragment shader

[12:34:19] [Render thread/INFO]: OpenAL initialized on device Mac mini扬声器
[12:34:19] [Render thread/INFO]: Sound engine started
[12:34:19] [Render thread/INFO]: Created: 512x256x0 minecraft:textures/atlas/particles.png-atlas
[12:34:19] [Render thread/INFO]: Created: 256x128x0 minecraft:textures/atlas/celestials.png-atlas
[12:34:19] [Render thread/INFO]: Created: 128x128x0 minecraft:textures/atlas/decorated_pot.png-atlas
[12:34:19] [Render thread/INFO]: Created: 512x256x0 minecraft:textures/atlas/paintings.png-atlas
[12:34:19] [Render thread/INFO]: Created: 1024x512x0 minecraft:textures/atlas/shield_patterns.png-atlas
[12:34:19] [Render thread/INFO]: Created: 1024x512x0 minecraft:textures/atlas/banner_patterns.png-atlas
[12:34:19] [Render thread/INFO]: Created: 2048x2048x4 minecraft:textures/atlas/blocks.png-atlas
[12:34:19] [Render thread/INFO]: Created: 1024x512x0 minecraft:textures/atlas/items.png-atlas
[12:34:19] [Render thread/INFO]: Created: 1024x1024x0 minecraft:textures/atlas/gui.png-atlas
[12:34:19] [Render thread/INFO]: Created: 128x64x0 minecraft:textures/atlas/map_decorations.png-atlas
[12:34:19] [Render thread/INFO]: Created: 512x512x0 minecraft:textures/atlas/chest.png-atlas
[12:34:19] [Render thread/INFO]: Created: 512x512x0 minecraft:textures/atlas/shulker_boxes.png-atlas
[12:34:22] [Worker-Main-1/INFO]: Loaded 1872 advancements
[12:34:22] [Thread-5/WARN]: Unable to parse version 27.0 to a codename.
[12:34:22] [Thread-5/INFO]: Environment: Environment[discoveryUrl=https://discovery.minecraftservices.com/minecraft/client, name=PROD]
[12:34:23] [Worker-Main-4/INFO]: Loaded 1872 advancements
[12:34:23] [Thread-5/INFO]: Applied 0 biome modifications to 0 of 67 new biomes in 99.08 μs
[12:34:23] [Server thread/INFO]: Starting minecraft server version 26.3
[12:34:23] [Server thread/INFO]: Loading properties
[12:34:23] [Server thread/INFO]: Default game type: SURVIVAL
[12:34:23] [Server thread/INFO]: Generating keypair
[12:34:23] [Server thread/INFO]: Starting Minecraft server on 127.0.0.1:55092
[12:34:23] [Server thread/WARN]: **** SERVER IS RUNNING IN OFFLINE/INSECURE MODE!
[12:34:23] [Server thread/WARN]: The server will make no attempt to authenticate usernames. Beware.
[12:34:23] [Server thread/WARN]: While this makes the game possible to play without internet access, it also opens up the ability for hackers to connect with any username they choose.
[12:34:23] [Server thread/WARN]: To change this, set "online-mode" to "true" in the server.properties file.
[12:34:23] [Server thread/INFO]: Preparing level "world"
[12:34:23] [Server thread/INFO]: Selecting global world spawn...
[12:34:23] [Server thread/INFO]: Loading 0 persistent chunks...
[12:34:23] [Server thread/INFO]: Preparing spawn area: 100%
[12:34:23] [Server thread/INFO]: Time elapsed: 32 ms
[12:34:23] [Server thread/INFO]: Done (0.034s)! For help, type "help"
[12:34:23] [Server thread/INFO]: Saving chunks for level 'ServerLevel[New World]'/minecraft:overworld
[12:34:23] [Server thread/INFO]: Saving chunks for level 'ServerLevel[New World]'/minecraft:the_end
[12:34:23] [Server thread/INFO]: Saving chunks for level 'ServerLevel[New World]'/minecraft:the_nether
[12:34:23] [Render thread/INFO]: Connecting to localhost, 55092
[12:34:23] [Render thread/INFO]: World loading finished: null screen: net.minecraft.client.gui.screens.ConnectScreen@4141af82
[12:34:23] [Render thread/INFO]: World loading finished: null screen: net.minecraft.client.gui.screens.ConnectScreen@4141af82
[12:34:23] [Render thread/INFO]: World loading finished: null screen: net.minecraft.client.gui.screens.ConnectScreen@4141af82
[12:34:23] [Render thread/INFO]: World loading finished: null screen: net.minecraft.client.gui.screens.ConnectScreen@4141af82
[12:34:23] [Render thread/INFO]: World loading finished: null screen: net.minecraft.client.gui.screens.ConnectScreen@4141af82
[12:34:23] [Render thread/INFO]: World loading finished: null screen: net.minecraft.client.gui.screens.ConnectScreen@4141af82
[12:34:23] [Render thread/INFO]: World loading finished: null screen: net.minecraft.client.gui.screens.ConnectScreen@4141af82
[12:34:23] [Render thread/INFO]: World loading finished: null screen: net.minecraft.client.gui.screens.ConnectScreen@4141af82
[12:34:23] [Render thread/INFO]: World loading finished: null screen: net.minecraft.client.gui.screens.ConnectScreen@4141af82
[12:34:23] [Render thread/INFO]: World loading finished: null screen: net.minecraft.client.gui.screens.ConnectScreen@4141af82
[12:34:23] [Render thread/INFO]: World loading finished: null screen: net.minecraft.client.gui.screens.ConnectScreen@4141af82
[12:34:23] [Server thread/INFO]: Player32[/127.0.0.1:55099] logged in with entity id 37 at (0.5, 71.0, 0.5)
[12:34:23] [Server thread/INFO]: System chat: Player32 joined the game
[12:34:23] [Render thread/INFO]: Loaded 2 advancements
[12:34:23] [Render thread/WARN]: Requested post effect does not exist: minecraft:end_of_frame
[12:34:23] [Render thread/INFO]: World loading finished: ClientLevel screen: net.minecraft.client.gui.screens.LevelLoadingScreen@55317804
[12:34:23] [Render thread/INFO]: World loading finished: ClientLevel screen: net.minecraft.client.gui.screens.LevelLoadingScreen@55317804
[12:34:23] [Render thread/INFO]: World loading finished: ClientLevel screen: net.minecraft.client.gui.screens.LevelLoadingScreen@55317804
[12:34:23] [Render thread/INFO]: World loading finished: ClientLevel screen: null
[12:34:29] [Server thread/INFO]: Player32 lost connection: Disconnected
[12:34:29] [Server thread/INFO]: System chat: Player32 left the game
[12:34:29] [Render thread/INFO]: Connecting to localhost, 55092
[12:34:29] [Render thread/INFO]: World loading finished: null screen: net.minecraft.client.gui.screens.ConnectScreen@f5f49e0
[12:34:29] [Render thread/INFO]: World loading finished: null screen: net.minecraft.client.gui.screens.ConnectScreen@f5f49e0
[12:34:29] [Render thread/INFO]: World loading finished: null screen: net.minecraft.client.gui.screens.ConnectScreen@f5f49e0
[12:34:29] [Render thread/INFO]: World loading finished: null screen: net.minecraft.client.gui.screens.ConnectScreen@f5f49e0
[12:34:29] [Render thread/INFO]: World loading finished: null screen: net.minecraft.client.gui.screens.ConnectScreen@f5f49e0
[12:34:29] [Render thread/INFO]: World loading finished: null screen: net.minecraft.client.gui.screens.ConnectScreen@f5f49e0
[12:34:29] [Server thread/INFO]: Player32[/127.0.0.1:55107] logged in with entity id 38 at (0.5, 102.48159999847428, 21.45360013257709)
[12:34:29] [Server thread/INFO]: System chat: Player32 joined the game
[12:34:29] [Render thread/INFO]: Loaded 2 advancements
[12:34:29] [Render thread/INFO]: World loading finished: ClientLevel screen: net.minecraft.client.gui.screens.LevelLoadingScreen@26db3b2
[12:34:29] [Render thread/INFO]: World loading finished: ClientLevel screen: null
[12:34:30] [Server thread/INFO]: Player32 lost connection: Disconnected
[12:34:30] [Server thread/INFO]: System chat: Player32 left the game
[12:34:30] [Server thread/INFO]: Stopping server
[12:34:30] [Server thread/INFO]: Saving players
[12:34:30] [Server thread/INFO]: Saving worlds
[12:34:30] [Server thread/INFO]: Saving chunks for level 'ServerLevel[New World]'/minecraft:overworld
[12:34:30] [Server thread/INFO]: Saving chunks for level 'ServerLevel[New World]'/minecraft:the_end
[12:34:30] [Server thread/INFO]: Saving chunks for level 'ServerLevel[New World]'/minecraft:the_nether
[12:34:30] [Test thread/INFO]: [STDOUT]: WILDCRAFT P3 dedicated-slot/native-click/creative-slot-permissions/holstered-hands/jump-toggle/steering/landing/damage/exhaustion/climb-transition/death-drop/keep-inventory/dimension/save-reload/TCP reconnect checks passed
[12:34:30] [Test thread/INFO]: [STDOUT]: WILDCRAFT R1 active clock: 10 cases passed; 5/10/20/60Hz, pause, resume, stall, duplicate
[12:34:30] [Worker-Main-5/INFO]: Loaded 1872 advancements
[12:34:30] [Render thread/INFO]: World loading finished: null screen: net.minecraft.client.gui.screens.GenericMessageScreen@9d6009a
[12:34:30] [Render thread/INFO]: Applied 0 biome modifications to 0 of 67 new biomes in 134.3 μs
[12:34:30] [Server thread/INFO]: Starting integrated minecraft server version 26.3
[12:34:30] [Server thread/INFO]: Generating keypair
[12:34:30] [Server thread/INFO]: Selecting global world spawn...
[12:34:30] [Server thread/INFO]: Loading 0 persistent chunks...
[12:34:30] [Server thread/INFO]: Preparing spawn area: 16%
[12:34:30] [Server thread/INFO]: Saving chunks for level 'ServerLevel[New World]'/minecraft:overworld
[12:34:30] [Server thread/INFO]: Saving chunks for level 'ServerLevel[New World]'/minecraft:the_end
[12:34:30] [Server thread/INFO]: Saving chunks for level 'ServerLevel[New World]'/minecraft:the_nether
[12:34:30] [Render thread/INFO]: World loading finished: null screen: net.minecraft.client.gui.screens.LevelLoadingScreen@27c9fffd
[12:34:30] [Render thread/INFO]: World loading finished: null screen: net.minecraft.client.gui.screens.LevelLoadingScreen@27c9fffd
[12:34:30] [Render thread/INFO]: World loading finished: null screen: net.minecraft.client.gui.screens.LevelLoadingScreen@27c9fffd
[12:34:30] [Render thread/INFO]: World loading finished: null screen: net.minecraft.client.gui.screens.LevelLoadingScreen@27c9fffd
[12:34:30] [Server thread/INFO]: Loading 48 chunks for player spawn...
[12:34:30] [Render thread/INFO]: World loading finished: null screen: net.minecraft.client.gui.screens.LevelLoadingScreen@27c9fffd
[12:34:31] [Render thread/INFO]: World loading finished: null screen: net.minecraft.client.gui.screens.LevelLoadingScreen@27c9fffd
[12:34:31] [Server thread/INFO]: Time elapsed: 360 ms
[12:34:31] [Render thread/INFO]: World loading finished: null screen: net.minecraft.client.gui.screens.LevelLoadingScreen@27c9fffd
[12:34:31] [Server thread/INFO]: Player32[local:E:2de45dbe] logged in with entity id 39 at (0.5, -60.0, 0.5)
[12:34:31] [Server thread/INFO]: System chat: Player32 joined the game
[12:34:31] [Server thread/INFO]: Changing view distance to 5, from 10
[12:34:31] [Server thread/INFO]: Changing simulation distance to 12, from 0
[12:34:31] [Render thread/INFO]: World loading finished: ClientLevel screen: net.minecraft.client.gui.screens.LevelLoadingScreen@27c9fffd
[12:34:31] [Render thread/INFO]: Loaded 2 advancements
[12:34:31] [Render thread/INFO]: World loading finished: ClientLevel screen: net.minecraft.client.gui.screens.LevelLoadingScreen@27c9fffd
[12:34:31] [Render thread/INFO]: World loading finished: ClientLevel screen: net.minecraft.client.gui.screens.LevelLoadingScreen@27c9fffd
[12:34:31] [Render thread/INFO]: World loading finished: ClientLevel screen: net.minecraft.client.gui.screens.LevelLoadingScreen@27c9fffd
[12:34:31] [Render thread/INFO]: World loading finished: ClientLevel screen: net.minecraft.client.gui.screens.LevelLoadingScreen@27c9fffd
[12:34:31] [Render thread/INFO]: World loading finished: ClientLevel screen: net.minecraft.client.gui.screens.LevelLoadingScreen@27c9fffd
[12:34:31] [Render thread/INFO]: World loading finished: ClientLevel screen: net.minecraft.client.gui.screens.LevelLoadingScreen@27c9fffd
[12:34:31] [Render thread/INFO]: World loading finished: ClientLevel screen: net.minecraft.client.gui.screens.LevelLoadingScreen@27c9fffd
[12:34:31] [Render thread/INFO]: World loading finished: ClientLevel screen: net.minecraft.client.gui.screens.LevelLoadingScreen@27c9fffd
[12:34:31] [Render thread/INFO]: World loading finished: ClientLevel screen: net.minecraft.client.gui.screens.LevelLoadingScreen@27c9fffd
[12:34:31] [Render thread/INFO]: World loading finished: ClientLevel screen: net.minecraft.client.gui.screens.LevelLoadingScreen@27c9fffd
[12:34:31] [Render thread/INFO]: World loading finished: ClientLevel screen: net.minecraft.client.gui.screens.LevelLoadingScreen@27c9fffd
[12:34:31] [Render thread/INFO]: World loading finished: ClientLevel screen: net.minecraft.client.gui.screens.LevelLoadingScreen@27c9fffd
[12:34:31] [Render thread/INFO]: World loading finished: ClientLevel screen: net.minecraft.client.gui.screens.LevelLoadingScreen@27c9fffd
[12:34:31] [Render thread/INFO]: World loading finished: ClientLevel screen: net.minecraft.client.gui.screens.LevelLoadingScreen@27c9fffd
[12:34:31] [Render thread/INFO]: World loading finished: ClientLevel screen: net.minecraft.client.gui.screens.LevelLoadingScreen@27c9fffd
[12:34:31] [Render thread/INFO]: World loading finished: ClientLevel screen: null
[12:34:32] [Server thread/INFO]: System chat: Set minecraft:overworld to time marker minecraft:day
[12:34:32] [Render thread/INFO]: Loaded 3 advancements
[12:34:35] [Server thread/INFO]: System chat: Player32 was killed
[12:34:35] [Render thread/INFO]: [System] [CHAT] Player32 was killed
[12:34:35] [Server thread/INFO]: Saving and pausing game...
[12:34:35] [Server thread/INFO]: Saving chunks for level 'ServerLevel[New World]'/minecraft:overworld
[12:34:35] [Server thread/INFO]: Saving chunks for level 'ServerLevel[New World]'/minecraft:the_end
[12:34:35] [Server thread/INFO]: Saving chunks for level 'ServerLevel[New World]'/minecraft:the_nether
[12:34:37] [Server thread/INFO]: System chat: Player32 has made the advancement [We Need to Go Deeper]
[12:34:37] [Render thread/INFO]: [System] [CHAT] Player32 has made the advancement [We Need to Go Deeper]
[12:34:37] [Render thread/INFO]: Loaded 30 advancements
[12:34:38] [Test thread/INFO]: [STDOUT]: WILDCRAFT R1_WORLD=/Volumes/仕事/Wildcraft/开发环境/cache/builds/f51c43e6462c/run/packaged-client-test/saves/New World (123)
[12:34:38] [Server thread/INFO]: Player32 lost connection: Disconnected
[12:34:38] [Server thread/INFO]: System chat: Player32 left the game
[12:34:38] [Server thread/INFO]: Stopping singleplayer server as player logged out
[12:34:38] [Server thread/INFO]: Stopping server
[12:34:38] [Server thread/INFO]: Saving players
[12:34:38] [Server thread/INFO]: Saving worlds
[12:34:38] [Server thread/INFO]: Saving chunks for level 'ServerLevel[New World]'/minecraft:overworld
[12:34:38] [Server thread/INFO]: Saving chunks for level 'ServerLevel[New World]'/minecraft:the_end
[12:34:38] [Server thread/INFO]: Saving chunks for level 'ServerLevel[New World]'/minecraft:the_nether
[12:34:39] [Render thread/INFO]: World loading finished: null screen: net.minecraft.client.gui.screens.GenericMessageScreen@2027f260
[12:34:39] [Worker-Main-7/INFO]: Loaded 1872 advancements
[12:34:39] [Render thread/INFO]: Applied 0 biome modifications to 0 of 67 new biomes in 155.9 μs
[12:34:39] [Server thread/INFO]: Starting integrated minecraft server version 26.3
[12:34:39] [Server thread/INFO]: Generating keypair
[12:34:39] [Server thread/INFO]: Loading 0 persistent chunks...
[12:34:39] [Server thread/INFO]: Saving chunks for level 'ServerLevel[New World]'/minecraft:overworld
[12:34:39] [Server thread/INFO]: Saving chunks for level 'ServerLevel[New World]'/minecraft:the_end
[12:34:39] [Server thread/INFO]: Saving chunks for level 'ServerLevel[New World]'/minecraft:the_nether
[12:34:39] [Render thread/INFO]: World loading finished: null screen: net.minecraft.client.gui.screens.LevelLoadingScreen@305e4970
[12:34:39] [Render thread/INFO]: World loading finished: null screen: net.minecraft.client.gui.screens.LevelLoadingScreen@305e4970
[12:34:39] [Render thread/INFO]: World loading finished: null screen: net.minecraft.client.gui.screens.LevelLoadingScreen@305e4970
[12:34:39] [Render thread/INFO]: World loading finished: null screen: net.minecraft.client.gui.screens.LevelLoadingScreen@305e4970
[12:34:39] [Server thread/INFO]: Loading 49 chunks for player spawn...
[12:34:39] [Server thread/INFO]: Preparing spawn area: 16%
[12:34:39] [Render thread/INFO]: World loading finished: null screen: net.minecraft.client.gui.screens.LevelLoadingScreen@305e4970
[12:34:39] [Server thread/INFO]: Time elapsed: 273 ms
[12:34:39] [Render thread/INFO]: World loading finished: null screen: net.minecraft.client.gui.screens.LevelLoadingScreen@305e4970
[12:34:39] [Server thread/INFO]: Player32[local:E:30719468] logged in with entity id 50 at (0.5, 105.0, 0.5)
[12:34:39] [Server thread/INFO]: System chat: Player32 joined the game
[12:34:39] [Server thread/INFO]: Changing view distance to 5, from 10
[12:34:39] [Server thread/INFO]: Changing simulation distance to 12, from 0
[12:34:39] [Render thread/INFO]: World loading finished: ClientLevel screen: net.minecraft.client.gui.screens.LevelLoadingScreen@305e4970
[12:34:39] [Render thread/INFO]: Loaded 30 advancements
[12:34:39] [Render thread/INFO]: World loading finished: ClientLevel screen: net.minecraft.client.gui.screens.LevelLoadingScreen@305e4970
[12:34:39] [Render thread/INFO]: World loading finished: ClientLevel screen: net.minecraft.client.gui.screens.LevelLoadingScreen@305e4970
[12:34:39] [Render thread/INFO]: World loading finished: ClientLevel screen: null
[12:34:41] [Server thread/INFO]: Published LAN server on port 0
[12:34:41] [Server thread/INFO]: Unpublishing integrated server (was on port 0)
[12:34:41] [Server thread/INFO]: Player32 lost connection: Disconnected
[12:34:41] [Server thread/INFO]: System chat: Player32 left the game
[12:34:41] [Server thread/INFO]: Stopping singleplayer server as player logged out
[12:34:41] [Server thread/INFO]: Stopping server
[12:34:41] [Server thread/INFO]: Saving players
[12:34:41] [Server thread/INFO]: Saving worlds
[12:34:41] [Server thread/INFO]: Saving chunks for level 'ServerLevel[New World]'/minecraft:overworld
[12:34:41] [Server thread/INFO]: Saving chunks for level 'ServerLevel[New World]'/minecraft:the_end
[12:34:41] [Server thread/INFO]: Saving chunks for level 'ServerLevel[New World]'/minecraft:the_nether
[12:34:42] [Test thread/INFO]: [STDOUT]: WILDCRAFT R1 lifecycle, ownership, real reload, native item anchor and GPU post-effect checks passed
[12:34:42] [Worker-Main-2/INFO]: Loaded 1872 advancements
[12:34:42] [Render thread/INFO]: World loading finished: null screen: net.minecraft.client.gui.screens.GenericMessageScreen@4c07b6b7
[12:34:42] [Render thread/INFO]: Applied 0 biome modifications to 0 of 67 new biomes in 172.1 μs
[12:34:42] [Server thread/INFO]: Starting integrated minecraft server version 26.3
[12:34:42] [Server thread/INFO]: Generating keypair
[12:34:42] [Server thread/INFO]: Selecting global world spawn...
[12:34:42] [Server thread/INFO]: Loading 0 persistent chunks...
[12:34:42] [Server thread/INFO]: Preparing spawn area: 16%
[12:34:42] [Server thread/INFO]: Saving chunks for level 'ServerLevel[New World]'/minecraft:overworld
[12:34:42] [Server thread/INFO]: Saving chunks for level 'ServerLevel[New World]'/minecraft:the_end
[12:34:42] [Server thread/INFO]: Saving chunks for level 'ServerLevel[New World]'/minecraft:the_nether
[12:34:42] [Render thread/INFO]: World loading finished: null screen: net.minecraft.client.gui.screens.LevelLoadingScreen@715d5fb3
[12:34:42] [Render thread/INFO]: World loading finished: null screen: net.minecraft.client.gui.screens.LevelLoadingScreen@715d5fb3
[12:34:42] [Render thread/INFO]: World loading finished: null screen: net.minecraft.client.gui.screens.LevelLoadingScreen@715d5fb3
[12:34:42] [Render thread/INFO]: World loading finished: null screen: net.minecraft.client.gui.screens.LevelLoadingScreen@715d5fb3
[12:34:42] [Server thread/INFO]: Loading 48 chunks for player spawn...
[12:34:42] [Render thread/INFO]: World loading finished: null screen: net.minecraft.client.gui.screens.LevelLoadingScreen@715d5fb3
[12:34:42] [Render thread/INFO]: World loading finished: null screen: net.minecraft.client.gui.screens.LevelLoadingScreen@715d5fb3
[12:34:42] [Server thread/INFO]: Time elapsed: 375 ms
[12:34:42] [Render thread/INFO]: World loading finished: null screen: net.minecraft.client.gui.screens.LevelLoadingScreen@715d5fb3
[12:34:42] [Server thread/INFO]: Player32[local:E:732898ac] logged in with entity id 52 at (0.5, -60.0, 0.5)
[12:34:42] [Server thread/INFO]: System chat: Player32 joined the game
[12:34:42] [Server thread/INFO]: Changing view distance to 5, from 10
[12:34:42] [Server thread/INFO]: Changing simulation distance to 12, from 0
[12:34:42] [Render thread/INFO]: World loading finished: ClientLevel screen: net.minecraft.client.gui.screens.LevelLoadingScreen@715d5fb3
[12:34:42] [Render thread/INFO]: Loaded 2 advancements
[12:34:42] [Render thread/INFO]: World loading finished: ClientLevel screen: net.minecraft.client.gui.screens.LevelLoadingScreen@715d5fb3
[12:34:42] [Render thread/INFO]: World loading finished: ClientLevel screen: net.minecraft.client.gui.screens.LevelLoadingScreen@715d5fb3
[12:34:42] [Render thread/INFO]: World loading finished: ClientLevel screen: net.minecraft.client.gui.screens.LevelLoadingScreen@715d5fb3
[12:34:42] [Render thread/INFO]: World loading finished: ClientLevel screen: net.minecraft.client.gui.screens.LevelLoadingScreen@715d5fb3
[12:34:42] [Render thread/INFO]: World loading finished: ClientLevel screen: net.minecraft.client.gui.screens.LevelLoadingScreen@715d5fb3
[12:34:42] [Render thread/INFO]: World loading finished: ClientLevel screen: net.minecraft.client.gui.screens.LevelLoadingScreen@715d5fb3
[12:34:43] [Render thread/INFO]: World loading finished: ClientLevel screen: net.minecraft.client.gui.screens.LevelLoadingScreen@715d5fb3
[12:34:43] [Render thread/INFO]: World loading finished: ClientLevel screen: net.minecraft.client.gui.screens.LevelLoadingScreen@715d5fb3
[12:34:43] [Render thread/INFO]: World loading finished: ClientLevel screen: net.minecraft.client.gui.screens.LevelLoadingScreen@715d5fb3
[12:34:43] [Render thread/INFO]: World loading finished: ClientLevel screen: net.minecraft.client.gui.screens.LevelLoadingScreen@715d5fb3
[12:34:43] [Render thread/INFO]: World loading finished: ClientLevel screen: net.minecraft.client.gui.screens.LevelLoadingScreen@715d5fb3
[12:34:43] [Render thread/INFO]: World loading finished: ClientLevel screen: net.minecraft.client.gui.screens.LevelLoadingScreen@715d5fb3
[12:34:43] [Render thread/INFO]: World loading finished: ClientLevel screen: net.minecraft.client.gui.screens.LevelLoadingScreen@715d5fb3
[12:34:43] [Render thread/INFO]: World loading finished: ClientLevel screen: net.minecraft.client.gui.screens.LevelLoadingScreen@715d5fb3
[12:34:43] [Render thread/INFO]: World loading finished: ClientLevel screen: null
[12:34:43] [Render thread/INFO]: Loaded 3 advancements
[12:34:44] [Server thread/INFO]: System chat: Player32 has made the advancement [Cover Me with Diamonds]
[12:34:44] [Render thread/INFO]: [System] [CHAT] Player32 has made the advancement [Cover Me with Diamonds]
[12:34:44] [Render thread/INFO]: Loaded 10 advancements
[12:34:44] [Render thread/INFO]: Loaded 21 advancements
[12:34:45] [Render thread/INFO]: [STDOUT]: WILDCRAFT P3.1 controlled client skin model=WIDE
[12:34:45] [Server thread/INFO]: System chat: Set 30 experience levels on Player32
[12:34:45] [Server thread/INFO]: System chat: Set 5 experience levels on Player32
[12:34:45] [Server thread/INFO]: System chat: Stamina refilled
[12:34:45] [Server thread/INFO]: System chat: Consumed 145.0 stamina
[12:34:45] [Render thread/INFO]: Reloading ResourceManager: vanilla, vanilla, fabric-advancement-api-v1, fabric-api, fabric-api-base, fabric-api-lookup-api-v1, fabric-biome-api-v1, fabric-block-api-v1, fabric-block-getter-api-v2, fabric-client-gametest-api-v1, fabric-command-api-v2, fabric-content-registries-v0, fabric-convention-tags-v2, fabric-crash-report-info-v1, fabric-creative-tab-api-v1, fabric-data-attachment-api-v1, fabric-data-generation-api-v1, fabric-debug-api-v1, fabric-dimensions-v1, fabric-entity-events-v1, fabric-events-interaction-v0, fabric-game-rule-api-v1, fabric-gametest-api-v1, fabric-item-api-v1, fabric-key-mapping-api-v1, fabric-lifecycle-events-v1, fabric-loot-api-v3, fabric-menu-api-v1, fabric-message-api-v1, fabric-model-loading-api-v1, fabric-networking-api-v1, fabric-object-builder-api-v1, fabric-particles-v1, fabric-permission-api-v1, fabric-recipe-api-v1, fabric-registry-sync-v0, fabric-renderer-api-v1, fabric-renderer-indigo, fabric-rendering-fluids-v1, fabric-rendering-v1, fabric-resource-conditions-api-v1, fabric-resource-loader-v0, fabric-resource-loader-v1, fabric-screen-api-v1, fabric-serialization-api-v1, fabric-sound-api-v1, fabric-tag-api-v1, fabric-transfer-api-v1, fabric-transitive-access-wideners-v1, fabricloader, wildcraft, wildcraft-test
[12:34:45] [Worker-Main-2/INFO]: Found unifont_all_no_pua-17.0.01.hex, loading
[12:34:45] [Worker-Main-9/INFO]: Found unifont_pua-17.0.01.hex, loading
[12:34:45] [Server thread/INFO]: Saving and pausing game...
[12:34:45] [Render thread/INFO]: Info log when linking program containing VERTEX minecraft:core/terrain, FRAGMENT minecraft:core/terrain. Log output: WARNING: Output of vertex shader '_interface_variable_01' not read by fragment shader
WARNING: Output of vertex shader '_interface_variable_00' not read by fragment shader
WARNING: Output of vertex shader '_interface_variable_04' not read by fragment shader

[12:34:45] [Server thread/INFO]: Saving chunks for level 'ServerLevel[New World]'/minecraft:overworld
[12:34:45] [Render thread/INFO]: Info log when linking program containing VERTEX minecraft:core/rendertype_crumbling, FRAGMENT minecraft:core/rendertype_crumbling. Log output: WARNING: Output of vertex shader '_interface_variable_01' not read by fragment shader
WARNING: Output of vertex shader '_interface_variable_00' not read by fragment shader

[12:34:45] [Server thread/INFO]: Saving chunks for level 'ServerLevel[New World]'/minecraft:the_end
[12:34:45] [Server thread/INFO]: Saving chunks for level 'ServerLevel[New World]'/minecraft:the_nether
[12:34:45] [Render thread/INFO]: Info log when linking program containing VERTEX minecraft:core/rendertype_lines, FRAGMENT minecraft:core/rendertype_lines. Log output: WARNING: Output of vertex shader '_interface_variable_01' not read by fragment shader
WARNING: Output of vertex shader '_interface_variable_00' not read by fragment shader

[12:34:45] [Render thread/INFO]: Info log when linking program containing VERTEX minecraft:core/entity, FRAGMENT minecraft:core/entity. Log output: WARNING: Output of vertex shader '_interface_variable_01' not read by fragment shader
WARNING: Output of vertex shader '_interface_variable_00' not read by fragment shader

[12:34:45] [Render thread/INFO]: Info log when linking program containing VERTEX minecraft:core/terrain, FRAGMENT minecraft:core/terrain. Log output: WARNING: Output of vertex shader '_interface_variable_01' not read by fragment shader
WARNING: Output of vertex shader '_interface_variable_00' not read by fragment shader
WARNING: Output of vertex shader '_interface_variable_04' not read by fragment shader

[12:34:45] [Worker-Main-2/INFO]: Found unifont_jp_patch-17.0.01.hex, loading
[12:34:45] [Render thread/INFO]: Info log when linking program containing VERTEX minecraft:core/entity, FRAGMENT minecraft:core/entity. Log output: WARNING: Output of vertex shader '_interface_variable_01' not read by fragment shader
WARNING: Output of vertex shader '_interface_variable_00' not read by fragment shader

[12:34:45] [Render thread/INFO]: Info log when linking program containing VERTEX minecraft:core/text, FRAGMENT minecraft:core/text. Log output: WARNING: Output of vertex shader '_interface_variable_01' not read by fragment shader
WARNING: Output of vertex shader '_interface_variable_00' not read by fragment shader

[12:34:45] [Render thread/INFO]: Info log when linking program containing VERTEX minecraft:core/text, FRAGMENT minecraft:core/text. Log output: WARNING: Output of vertex shader '_interface_variable_01' not read by fragment shader
WARNING: Output of vertex shader '_interface_variable_00' not read by fragment shader

[12:34:45] [Render thread/INFO]: Info log when linking program containing VERTEX minecraft:core/block, FRAGMENT minecraft:core/block. Log output: WARNING: Output of vertex shader '_interface_variable_01' not read by fragment shader
WARNING: Output of vertex shader '_interface_variable_00' not read by fragment shader

[12:34:45] [Render thread/INFO]: Info log when linking program containing VERTEX minecraft:core/rendertype_entity_shadow, FRAGMENT minecraft:core/rendertype_entity_shadow. Log output: WARNING: Output of vertex shader '_interface_variable_01' not read by fragment shader
WARNING: Output of vertex shader '_interface_variable_00' not read by fragment shader

[12:34:45] [Render thread/INFO]: Info log when linking program containing VERTEX minecraft:core/particle, FRAGMENT minecraft:core/particle. Log output: WARNING: Output of vertex shader '_interface_variable_01' not read by fragment shader
WARNING: Output of vertex shader '_interface_variable_00' not read by fragment shader

[12:34:45] [Render thread/INFO]: Info log when linking program containing VERTEX minecraft:core/entity, FRAGMENT minecraft:core/entity. Log output: WARNING: Output of vertex shader '_interface_variable_01' not read by fragment shader
WARNING: Output of vertex shader '_interface_variable_00' not read by fragment shader

[12:34:45] [Render thread/INFO]: Info log when linking program containing VERTEX minecraft:core/screenquad, FRAGMENT minecraft:core/oit_composite. Log output: WARNING: Output of vertex shader '_interface_variable_00' not read by fragment shader

[12:34:45] [Render thread/INFO]: Info log when linking program containing VERTEX minecraft:core/screenquad, FRAGMENT minecraft:core/integrate_depth. Log output: WARNING: Output of vertex shader '_interface_variable_00' not read by fragment shader

[12:34:45] [Render thread/INFO]: Info log when linking program containing VERTEX minecraft:core/entity, FRAGMENT minecraft:core/entity. Log output: WARNING: Output of vertex shader '_interface_variable_01' not read by fragment shader
WARNING: Output of vertex shader '_interface_variable_00' not read by fragment shader

[12:34:45] [Render thread/INFO]: Info log when linking program containing VERTEX minecraft:core/terrain, FRAGMENT minecraft:core/terrain. Log output: WARNING: Output of vertex shader '_interface_variable_01' not read by fragment shader
WARNING: Output of vertex shader '_interface_variable_00' not read by fragment shader
WARNING: Output of vertex shader '_interface_variable_04' not read by fragment shader

[12:34:45] [Render thread/INFO]: Info log when linking program containing VERTEX minecraft:core/animate_sprite, FRAGMENT minecraft:core/animate_sprite_blit. Log output: WARNING: Output of vertex shader '_interface_variable_00' not read by fragment shader

[12:34:45] [Render thread/INFO]: Info log when linking program containing VERTEX minecraft:core/entity, FRAGMENT minecraft:core/entity. Log output: WARNING: Output of vertex shader '_interface_variable_01' not read by fragment shader
WARNING: Output of vertex shader '_interface_variable_00' not read by fragment shader

[12:34:45] [Render thread/INFO]: Info log when linking program containing VERTEX minecraft:core/entity, FRAGMENT minecraft:core/entity. Log output: WARNING: Output of vertex shader '_interface_variable_01' not read by fragment shader
WARNING: Output of vertex shader '_interface_variable_00' not read by fragment shader

[12:34:45] [Render thread/INFO]: Info log when linking program containing VERTEX minecraft:core/clouds, FRAGMENT minecraft:core/clouds. Log output: WARNING: Output of vertex shader '_interface_variable_00' not read by fragment shader

[12:34:45] [Worker-Main-6/WARN]: Missing textures in model wildcraft:item/battery_3d:
    wildcraft:entity/battery
[12:34:45] [Render thread/INFO]: Info log when linking program containing VERTEX minecraft:core/particle, FRAGMENT minecraft:core/particle. Log output: WARNING: Output of vertex shader '_interface_variable_01' not read by fragment shader
WARNING: Output of vertex shader '_interface_variable_00' not read by fragment shader

[12:34:45] [Render thread/INFO]: Info log when linking program containing VERTEX minecraft:core/entity, FRAGMENT minecraft:core/entity. Log output: WARNING: Output of vertex shader '_interface_variable_01' not read by fragment shader
WARNING: Output of vertex shader '_interface_variable_00' not read by fragment shader

[12:34:45] [Render thread/INFO]: Info log when linking program containing VERTEX minecraft:core/screenquad, FRAGMENT minecraft:core/oit_depth_bounds_cull. Log output: WARNING: Output of vertex shader '_interface_variable_00' not read by fragment shader

[12:34:45] [Render thread/INFO]: Info log when linking program containing VERTEX minecraft:core/block, FRAGMENT minecraft:core/block. Log output: WARNING: Output of vertex shader '_interface_variable_01' not read by fragment shader
WARNING: Output of vertex shader '_interface_variable_00' not read by fragment shader

[12:34:45] [Render thread/INFO]: Info log when linking program containing VERTEX minecraft:core/text, FRAGMENT minecraft:core/text. Log output: WARNING: Output of vertex shader '_interface_variable_01' not read by fragment shader
WARNING: Output of vertex shader '_interface_variable_00' not read by fragment shader

[12:34:45] [Render thread/INFO]: Info log when linking program containing VERTEX minecraft:core/text, FRAGMENT minecraft:core/text. Log output: WARNING: Output of vertex shader '_interface_variable_01' not read by fragment shader
WARNING: Output of vertex shader '_interface_variable_00' not read by fragment shader

[12:34:45] [Render thread/INFO]: Info log when linking program containing VERTEX minecraft:core/entity, FRAGMENT minecraft:core/entity. Log output: WARNING: Output of vertex shader '_interface_variable_01' not read by fragment shader
WARNING: Output of vertex shader '_interface_variable_00' not read by fragment shader

[12:34:45] [Render thread/INFO]: Info log when linking program containing VERTEX minecraft:core/terrain, FRAGMENT minecraft:core/terrain. Log output: WARNING: Output of vertex shader '_interface_variable_01' not read by fragment shader
WARNING: Output of vertex shader '_interface_variable_00' not read by fragment shader
WARNING: Output of vertex shader '_interface_variable_04' not read by fragment shader

[12:34:45] [Render thread/INFO]: Info log when linking program containing VERTEX minecraft:core/text, FRAGMENT minecraft:core/text. Log output: WARNING: Output of vertex shader '_interface_variable_01' not read by fragment shader
WARNING: Output of vertex shader '_interface_variable_00' not read by fragment shader

[12:34:45] [Render thread/INFO]: Info log when linking program containing VERTEX minecraft:core/clouds, FRAGMENT minecraft:core/clouds. Log output: WARNING: Output of vertex shader '_interface_variable_00' not read by fragment shader

[12:34:45] [Render thread/INFO]: Info log when linking program containing VERTEX minecraft:core/text, FRAGMENT minecraft:core/text. Log output: WARNING: Output of vertex shader '_interface_variable_01' not read by fragment shader
WARNING: Output of vertex shader '_interface_variable_00' not read by fragment shader

[12:34:45] [Render thread/INFO]: Info log when linking program containing VERTEX minecraft:core/rendertype_entity_shadow, FRAGMENT minecraft:core/rendertype_entity_shadow. Log output: WARNING: Output of vertex shader '_interface_variable_01' not read by fragment shader
WARNING: Output of vertex shader '_interface_variable_00' not read by fragment shader

[12:34:45] [Render thread/INFO]: Info log when linking program containing VERTEX minecraft:core/entity, FRAGMENT minecraft:core/entity. Log output: WARNING: Output of vertex shader '_interface_variable_01' not read by fragment shader
WARNING: Output of vertex shader '_interface_variable_00' not read by fragment shader

[12:34:45] [Render thread/INFO]: Info log when linking program containing VERTEX minecraft:core/rendertype_lines, FRAGMENT minecraft:core/rendertype_lines. Log output: WARNING: Output of vertex shader '_interface_variable_01' not read by fragment shader
WARNING: Output of vertex shader '_interface_variable_00' not read by fragment shader

[12:34:45] [Render thread/INFO]: Info log when linking program containing VERTEX minecraft:core/particle, FRAGMENT minecraft:core/particle. Log output: WARNING: Output of vertex shader '_interface_variable_01' not read by fragment shader
WARNING: Output of vertex shader '_interface_variable_00' not read by fragment shader

[12:34:45] [Render thread/INFO]: Info log when linking program containing VERTEX minecraft:core/entity, FRAGMENT minecraft:core/entity. Log output: WARNING: Output of vertex shader '_interface_variable_01' not read by fragment shader
WARNING: Output of vertex shader '_interface_variable_00' not read by fragment shader

[12:34:45] [Render thread/INFO]: Info log when linking program containing VERTEX minecraft:core/rendertype_crumbling, FRAGMENT minecraft:core/rendertype_crumbling. Log output: WARNING: Output of vertex shader '_interface_variable_01' not read by fragment shader
WARNING: Output of vertex shader '_interface_variable_00' not read by fragment shader

[12:34:45] [Render thread/INFO]: Info log when linking program containing VERTEX minecraft:core/text, FRAGMENT minecraft:core/text. Log output: WARNING: Output of vertex shader '_interface_variable_01' not read by fragment shader
WARNING: Output of vertex shader '_interface_variable_00' not read by fragment shader

[12:34:45] [Render thread/INFO]: Info log when linking program containing VERTEX minecraft:core/entity, FRAGMENT minecraft:core/entity. Log output: WARNING: Output of vertex shader '_interface_variable_01' not read by fragment shader
WARNING: Output of vertex shader '_interface_variable_00' not read by fragment shader

[12:34:45] [Render thread/INFO]: Info log when linking program containing VERTEX minecraft:core/text, FRAGMENT minecraft:core/text. Log output: WARNING: Output of vertex shader '_interface_variable_01' not read by fragment shader
WARNING: Output of vertex shader '_interface_variable_00' not read by fragment shader

[12:34:45] [Render thread/INFO]: Info log when linking program containing VERTEX minecraft:core/particle, FRAGMENT minecraft:core/particle. Log output: WARNING: Output of vertex shader '_interface_variable_01' not read by fragment shader
WARNING: Output of vertex shader '_interface_variable_00' not read by fragment shader

[12:34:45] [Render thread/INFO]: Info log when linking program containing VERTEX minecraft:core/entity, FRAGMENT minecraft:core/entity. Log output: WARNING: Output of vertex shader '_interface_variable_01' not read by fragment shader
WARNING: Output of vertex shader '_interface_variable_00' not read by fragment shader

[12:34:45] [Render thread/INFO]: OpenAL initialized on device Mac mini扬声器
[12:34:45] [Render thread/INFO]: Sound engine started
[12:34:45] [Render thread/INFO]: Created: 512x256x0 minecraft:textures/atlas/particles.png-atlas
[12:34:45] [Render thread/INFO]: Created: 256x128x0 minecraft:textures/atlas/celestials.png-atlas
[12:34:45] [Render thread/INFO]: Created: 128x128x0 minecraft:textures/atlas/decorated_pot.png-atlas
[12:34:45] [Render thread/INFO]: Created: 512x256x0 minecraft:textures/atlas/paintings.png-atlas
[12:34:45] [Render thread/INFO]: Created: 1024x512x0 minecraft:textures/atlas/shield_patterns.png-atlas
[12:34:45] [Render thread/INFO]: Created: 1024x512x0 minecraft:textures/atlas/banner_patterns.png-atlas
[12:34:45] [Render thread/INFO]: Created: 2048x2048x4 minecraft:textures/atlas/blocks.png-atlas
[12:34:45] [Render thread/INFO]: Created: 1024x512x0 minecraft:textures/atlas/items.png-atlas
[12:34:45] [Render thread/INFO]: Created: 1024x1024x0 minecraft:textures/atlas/gui.png-atlas
[12:34:45] [Render thread/INFO]: Created: 128x64x0 minecraft:textures/atlas/map_decorations.png-atlas
[12:34:45] [Render thread/INFO]: Created: 512x512x0 minecraft:textures/atlas/chest.png-atlas
[12:34:45] [Render thread/INFO]: Created: 512x512x0 minecraft:textures/atlas/shulker_boxes.png-atlas
[12:34:46] [Render thread/WARN]: Requested post effect does not exist: minecraft:end_of_frame
[12:34:48] [Server thread/INFO]: System chat: 已将Player32的经验等级设为600000
[12:34:48] [Server thread/INFO]: System chat: 已将Player32的经验等级设为5
[12:34:49] [Server thread/INFO]: System chat: 精力已补满
[12:34:51] [Server thread/INFO]: System chat: Player32达成了目标[天空即为极限]
[12:34:51] [Render thread/INFO]: [System] [CHAT] Player32达成了目标[天空即为极限]
[12:34:51] [Render thread/INFO]: Loaded 26 advancements
[12:34:51] [Server thread/INFO]: Player32 lost connection: 连接中断
[12:34:51] [Server thread/INFO]: System chat: Player32退出了游戏
[12:34:51] [Server thread/INFO]: Stopping singleplayer server as player logged out
[12:34:51] [Server thread/INFO]: Stopping server
[12:34:51] [Server thread/INFO]: Saving players
[12:34:51] [Server thread/INFO]: Saving worlds
[12:34:51] [Server thread/INFO]: Saving chunks for level 'ServerLevel[New World]'/minecraft:overworld
[12:34:52] [Server thread/INFO]: Saving chunks for level 'ServerLevel[New World]'/minecraft:the_end
[12:34:52] [Server thread/INFO]: Saving chunks for level 'ServerLevel[New World]'/minecraft:the_nether
[12:34:52] [Render thread/INFO]: World loading finished: null screen: net.minecraft.client.gui.screens.GenericMessageScreen@7db968c7
[12:34:52] [Worker-Main-5/INFO]: Loaded 1872 advancements
[12:34:52] [Render thread/INFO]: Applied 0 biome modifications to 0 of 67 new biomes in 147.8 μs
[12:34:52] [Server thread/INFO]: Starting integrated minecraft server version 26.3
[12:34:52] [Server thread/INFO]: Generating keypair
[12:34:52] [Server thread/INFO]: Loading 0 persistent chunks...
[12:34:52] [Server thread/INFO]: Saving chunks for level 'ServerLevel[New World]'/minecraft:overworld
[12:34:52] [Server thread/INFO]: Saving chunks for level 'ServerLevel[New World]'/minecraft:the_end
[12:34:52] [Server thread/INFO]: Saving chunks for level 'ServerLevel[New World]'/minecraft:the_nether
[12:34:52] [Render thread/INFO]: World loading finished: null screen: net.minecraft.client.gui.screens.LevelLoadingScreen@1acf63e9
[12:34:52] [Render thread/INFO]: World loading finished: null screen: net.minecraft.client.gui.screens.LevelLoadingScreen@1acf63e9
[12:34:52] [Render thread/INFO]: World loading finished: null screen: net.minecraft.client.gui.screens.LevelLoadingScreen@1acf63e9
[12:34:52] [Render thread/INFO]: World loading finished: null screen: net.minecraft.client.gui.screens.LevelLoadingScreen@1acf63e9
[12:34:52] [Server thread/INFO]: Loading 49 chunks for player spawn...
[12:34:52] [Server thread/INFO]: 准备生成区域中：16%
[12:34:52] [Render thread/INFO]: World loading finished: null screen: net.minecraft.client.gui.screens.LevelLoadingScreen@1acf63e9
[12:34:52] [Server thread/INFO]: Time elapsed: 267 ms
[12:34:52] [Render thread/INFO]: World loading finished: null screen: net.minecraft.client.gui.screens.LevelLoadingScreen@1acf63e9
[12:34:52] [Server thread/INFO]: Player32[local:E:5c01b176] logged in with entity id 57 at (0.5, 109.80148674189209, 0.9980903091669567)
[12:34:52] [Server thread/INFO]: System chat: Player32加入了游戏
[12:34:52] [Server thread/INFO]: Changing view distance to 5, from 10
[12:34:52] [Server thread/INFO]: Changing simulation distance to 12, from 0
[12:34:52] [Render thread/INFO]: World loading finished: ClientLevel screen: net.minecraft.client.gui.screens.LevelLoadingScreen@1acf63e9
[12:34:52] [Render thread/INFO]: Loaded 26 advancements
[12:34:52] [Render thread/INFO]: World loading finished: ClientLevel screen: net.minecraft.client.gui.screens.LevelLoadingScreen@1acf63e9
[12:34:52] [Render thread/INFO]: World loading finished: ClientLevel screen: net.minecraft.client.gui.screens.LevelLoadingScreen@1acf63e9
[12:34:52] [Render thread/INFO]: World loading finished: ClientLevel screen: net.minecraft.client.gui.screens.LevelLoadingScreen@1acf63e9
[12:34:52] [Render thread/INFO]: World loading finished: ClientLevel screen: net.minecraft.client.gui.screens.LevelLoadingScreen@1acf63e9
[12:34:52] [Render thread/INFO]: World loading finished: ClientLevel screen: net.minecraft.client.gui.screens.LevelLoadingScreen@1acf63e9
[12:34:52] [Render thread/INFO]: World loading finished: ClientLevel screen: null
[12:34:53] [Server thread/INFO]: System chat: Player32取得了进度[勇往直下]
[12:34:53] [Render thread/INFO]: [System] [CHAT] Player32取得了进度[勇往直下]
[12:34:53] [Render thread/INFO]: Loaded 49 advancements
[12:34:53] [Server thread/INFO]: System chat: Player32被杀死了
[12:34:53] [Server thread/INFO]: System chat: 杀死了Player32
[12:34:53] [Render thread/INFO]: [System] [CHAT] Player32被杀死了
[12:34:53] [Server thread/INFO]: System chat: Player32被杀死了
[12:34:53] [Server thread/INFO]: System chat: 杀死了Player32
[12:34:53] [Render thread/INFO]: [System] [CHAT] Player32被杀死了
[12:34:53] [Server thread/INFO]: Player32 lost connection: 连接中断
[12:34:53] [Server thread/INFO]: System chat: Player32退出了游戏
[12:34:53] [Server thread/INFO]: Stopping singleplayer server as player logged out
[12:34:53] [Server thread/INFO]: Stopping server
[12:34:53] [Server thread/INFO]: Saving players
[12:34:53] [Server thread/INFO]: Saving worlds
[12:34:54] [Server thread/INFO]: Saving chunks for level 'ServerLevel[New World]'/minecraft:overworld
[12:34:54] [Server thread/INFO]: Saving chunks for level 'ServerLevel[New World]'/minecraft:the_end
[12:34:54] [Server thread/INFO]: Saving chunks for level 'ServerLevel[New World]'/minecraft:the_nether
[12:34:54] [Test thread/INFO]: [STDOUT]: WILDCRAFT P3.1 actual network attack/shield/bow, save/reload/dimension/death, private view and merged HUD passed
[12:34:54] [Worker-Main-8/INFO]: Loaded 1872 advancements
[12:34:54] [Render thread/INFO]: World loading finished: null screen: net.minecraft.client.gui.screens.GenericMessageScreen@7a6cc0e4
[12:34:54] [Render thread/INFO]: Applied 0 biome modifications to 0 of 67 new biomes in 130.6 μs
[12:34:54] [Server thread/INFO]: Starting integrated minecraft server version 26.3
[12:34:54] [Server thread/INFO]: Generating keypair
[12:34:54] [Server thread/INFO]: Selecting global world spawn...
[12:34:54] [Server thread/INFO]: Loading 0 persistent chunks...
[12:34:54] [Server thread/INFO]: 准备生成区域中：16%
[12:34:54] [Server thread/INFO]: Saving chunks for level 'ServerLevel[新的世界]'/minecraft:overworld
[12:34:54] [Server thread/INFO]: Saving chunks for level 'ServerLevel[新的世界]'/minecraft:the_end
[12:34:54] [Server thread/INFO]: Saving chunks for level 'ServerLevel[新的世界]'/minecraft:the_nether
[12:34:54] [Render thread/INFO]: World loading finished: null screen: net.minecraft.client.gui.screens.LevelLoadingScreen@1d035453
[12:34:54] [Render thread/INFO]: World loading finished: null screen: net.minecraft.client.gui.screens.LevelLoadingScreen@1d035453
[12:34:54] [Render thread/INFO]: World loading finished: null screen: net.minecraft.client.gui.screens.LevelLoadingScreen@1d035453
[12:34:54] [Server thread/INFO]: Loading 48 chunks for player spawn...
[12:34:54] [Render thread/INFO]: World loading finished: null screen: net.minecraft.client.gui.screens.LevelLoadingScreen@1d035453
[12:34:54] [Render thread/INFO]: World loading finished: null screen: net.minecraft.client.gui.screens.LevelLoadingScreen@1d035453
[12:34:54] [Server thread/INFO]: Time elapsed: 317 ms
[12:34:54] [Render thread/INFO]: World loading finished: null screen: net.minecraft.client.gui.screens.LevelLoadingScreen@1d035453
[12:34:54] [Server thread/INFO]: Player32[local:E:da98ff7b] logged in with entity id 67 at (0.5, -60.0, 0.5)
[12:34:54] [Server thread/INFO]: System chat: Player32加入了游戏
[12:34:54] [Server thread/INFO]: Changing view distance to 5, from 10
[12:34:54] [Server thread/INFO]: Changing simulation distance to 12, from 0
[12:34:54] [Render thread/INFO]: World loading finished: ClientLevel screen: net.minecraft.client.gui.screens.LevelLoadingScreen@1d035453
[12:34:54] [Render thread/INFO]: Loaded 2 advancements
[12:34:54] [Render thread/INFO]: World loading finished: ClientLevel screen: net.minecraft.client.gui.screens.LevelLoadingScreen@1d035453
[12:34:54] [Render thread/INFO]: World loading finished: ClientLevel screen: net.minecraft.client.gui.screens.LevelLoadingScreen@1d035453
[12:34:54] [Render thread/INFO]: World loading finished: ClientLevel screen: net.minecraft.client.gui.screens.LevelLoadingScreen@1d035453
[12:34:54] [Render thread/INFO]: World loading finished: ClientLevel screen: net.minecraft.client.gui.screens.LevelLoadingScreen@1d035453
[12:34:55] [Render thread/INFO]: World loading finished: ClientLevel screen: net.minecraft.client.gui.screens.LevelLoadingScreen@1d035453
[12:34:55] [Render thread/INFO]: World loading finished: ClientLevel screen: net.minecraft.client.gui.screens.LevelLoadingScreen@1d035453
[12:34:55] [Render thread/INFO]: World loading finished: ClientLevel screen: net.minecraft.client.gui.screens.LevelLoadingScreen@1d035453
[12:34:55] [Render thread/INFO]: World loading finished: ClientLevel screen: net.minecraft.client.gui.screens.LevelLoadingScreen@1d035453
[12:34:55] [Render thread/INFO]: World loading finished: ClientLevel screen: net.minecraft.client.gui.screens.LevelLoadingScreen@1d035453
[12:34:55] [Render thread/INFO]: World loading finished: ClientLevel screen: net.minecraft.client.gui.screens.LevelLoadingScreen@1d035453
[12:34:55] [Render thread/INFO]: World loading finished: ClientLevel screen: net.minecraft.client.gui.screens.LevelLoadingScreen@1d035453
[12:34:55] [Render thread/INFO]: World loading finished: ClientLevel screen: net.minecraft.client.gui.screens.LevelLoadingScreen@1d035453
[12:34:55] [Render thread/INFO]: World loading finished: ClientLevel screen: net.minecraft.client.gui.screens.LevelLoadingScreen@1d035453
[12:34:55] [Render thread/INFO]: World loading finished: ClientLevel screen: net.minecraft.client.gui.screens.LevelLoadingScreen@1d035453
[12:34:55] [Render thread/INFO]: World loading finished: ClientLevel screen: null
[12:34:55] [Server thread/INFO]: System chat: 已将minecraft:overworld调至时间标记minecraft:day的时刻
[12:34:55] [Render thread/INFO]: Loaded 3 advancements
[12:34:58] [Server thread/INFO]: System chat: Player32被杀死了
[12:34:58] [Render thread/INFO]: [System] [CHAT] Player32被杀死了
[12:34:59] [Server thread/INFO]: Saving and pausing game...
[12:34:59] [Server thread/INFO]: Saving chunks for level 'ServerLevel[新的世界]'/minecraft:overworld
[12:34:59] [Server thread/INFO]: Saving chunks for level 'ServerLevel[新的世界]'/minecraft:the_end
[12:34:59] [Server thread/INFO]: Saving chunks for level 'ServerLevel[新的世界]'/minecraft:the_nether
[12:35:00] [Server thread/INFO]: System chat: Player32取得了进度[勇往直下]
[12:35:00] [Render thread/INFO]: [System] [CHAT] Player32取得了进度[勇往直下]
[12:35:00] [Render thread/INFO]: Loaded 30 advancements
[12:35:01] [Test thread/INFO]: [STDOUT]: WILDCRAFT P3.2_WORLD=/Volumes/仕事/Wildcraft/开发环境/cache/builds/f51c43e6462c/run/packaged-client-test/saves/新的世界 (59)
[12:35:01] [Server thread/INFO]: Player32 lost connection: 连接中断
[12:35:01] [Server thread/INFO]: System chat: Player32退出了游戏
[12:35:01] [Server thread/INFO]: Stopping singleplayer server as player logged out
[12:35:01] [Server thread/INFO]: Stopping server
[12:35:01] [Server thread/INFO]: Saving players
[12:35:01] [Server thread/INFO]: Saving worlds
[12:35:01] [Server thread/INFO]: Saving chunks for level 'ServerLevel[新的世界]'/minecraft:overworld
[12:35:01] [Server thread/INFO]: Saving chunks for level 'ServerLevel[新的世界]'/minecraft:the_end
[12:35:01] [Server thread/INFO]: Saving chunks for level 'ServerLevel[新的世界]'/minecraft:the_nether
[12:35:02] [Render thread/INFO]: World loading finished: null screen: net.minecraft.client.gui.screens.GenericMessageScreen@7ae0f327
[12:35:02] [Worker-Main-3/INFO]: Loaded 1872 advancements
[12:35:02] [Render thread/INFO]: Applied 0 biome modifications to 0 of 67 new biomes in 181.2 μs
[12:35:02] [Server thread/INFO]: Starting integrated minecraft server version 26.3
[12:35:02] [Server thread/INFO]: Generating keypair
[12:35:02] [Server thread/INFO]: Loading 0 persistent chunks...
[12:35:02] [Server thread/INFO]: Saving chunks for level 'ServerLevel[新的世界]'/minecraft:overworld
[12:35:02] [Server thread/INFO]: Saving chunks for level 'ServerLevel[新的世界]'/minecraft:the_end
[12:35:02] [Server thread/INFO]: Saving chunks for level 'ServerLevel[新的世界]'/minecraft:the_nether
[12:35:02] [Render thread/INFO]: World loading finished: null screen: net.minecraft.client.gui.screens.LevelLoadingScreen@6d68bacb
[12:35:02] [Render thread/INFO]: World loading finished: null screen: net.minecraft.client.gui.screens.LevelLoadingScreen@6d68bacb
[12:35:02] [Render thread/INFO]: World loading finished: null screen: net.minecraft.client.gui.screens.LevelLoadingScreen@6d68bacb
[12:35:02] [Render thread/INFO]: World loading finished: null screen: net.minecraft.client.gui.screens.LevelLoadingScreen@6d68bacb
[12:35:02] [Server thread/INFO]: Loading 49 chunks for player spawn...
[12:35:02] [Server thread/INFO]: 准备生成区域中：16%
[12:35:02] [Render thread/INFO]: World loading finished: null screen: net.minecraft.client.gui.screens.LevelLoadingScreen@6d68bacb
[12:35:02] [Server thread/INFO]: Time elapsed: 271 ms
[12:35:02] [Render thread/INFO]: World loading finished: null screen: net.minecraft.client.gui.screens.LevelLoadingScreen@6d68bacb
[12:35:02] [Server thread/INFO]: Player32[local:E:171d6781] logged in with entity id 80 at (0.5, 105.0, 0.5)
[12:35:02] [Server thread/INFO]: System chat: Player32加入了游戏
[12:35:02] [Server thread/INFO]: Changing view distance to 5, from 10
[12:35:02] [Server thread/INFO]: Changing simulation distance to 12, from 0
[12:35:02] [Render thread/INFO]: World loading finished: ClientLevel screen: net.minecraft.client.gui.screens.LevelLoadingScreen@6d68bacb
[12:35:02] [Render thread/INFO]: Loaded 30 advancements
[12:35:02] [Render thread/INFO]: World loading finished: ClientLevel screen: net.minecraft.client.gui.screens.LevelLoadingScreen@6d68bacb
[12:35:02] [Render thread/INFO]: World loading finished: ClientLevel screen: net.minecraft.client.gui.screens.LevelLoadingScreen@6d68bacb
[12:35:02] [Render thread/INFO]: World loading finished: ClientLevel screen: net.minecraft.client.gui.screens.LevelLoadingScreen@6d68bacb
[12:35:02] [Render thread/INFO]: World loading finished: ClientLevel screen: null
[12:35:07] [Server thread/INFO]: Saving and pausing game...
[12:35:07] [Server thread/INFO]: Saving chunks for level 'ServerLevel[新的世界]'/minecraft:overworld
[12:35:07] [Server thread/INFO]: Saving chunks for level 'ServerLevel[新的世界]'/minecraft:the_end
[12:35:07] [Server thread/INFO]: Saving chunks for level 'ServerLevel[新的世界]'/minecraft:the_nether
[12:35:10] [Test thread/INFO]: [STDOUT]: WILDCRAFT P3.2 initial fall distance=0.9784000366926193
[12:35:11] [Test thread/INFO]: [STDOUT]: WILDCRAFT P3.2 toggled fall distance=2.917470321059227
[12:35:12] [Test thread/INFO]: [STDOUT]: WILDCRAFT P3.2 toggled fall distance=4.856540605425835
[12:35:13] [Test thread/INFO]: [STDOUT]: WILDCRAFT P3.2 toggled fall distance=6.795610889792442
[12:35:14] [Server thread/INFO]: System chat: Player32从高处摔了下来
[12:35:14] [Render thread/INFO]: [System] [CHAT] Player32从高处摔了下来
[12:35:15] [Server thread/INFO]: [STDOUT]: WILDCRAFT P3.2 landing health=0.0 ground=true loaded=false dimensionChanging=false mayfly=false noGravity=false remainingFall=0.0 y=71.0 block=Block{minecraft:stone} fallDamageRule=true
[12:35:16] [Server thread/INFO]: Published LAN server on port 0
[12:35:16] [Server thread/INFO]: Unpublishing integrated server (was on port 0)
[12:35:16] [Server thread/INFO]: Player32 lost connection: 连接中断
[12:35:16] [Server thread/INFO]: System chat: Player32退出了游戏
[12:35:16] [Server thread/INFO]: Stopping singleplayer server as player logged out
[12:35:16] [Server thread/INFO]: Stopping server
[12:35:16] [Server thread/INFO]: Saving players
[12:35:16] [Server thread/INFO]: Saving worlds
[12:35:16] [Server thread/INFO]: Saving chunks for level 'ServerLevel[新的世界]'/minecraft:overworld
[12:35:16] [Server thread/INFO]: Saving chunks for level 'ServerLevel[新的世界]'/minecraft:the_end
[12:35:16] [Server thread/INFO]: Saving chunks for level 'ServerLevel[新的世界]'/minecraft:the_nether
[12:35:16] [Test thread/INFO]: [STDOUT]: WILDCRAFT P3.2 automatic bow, lifecycle, ownership, reload and production GPU presentation checks passed
[12:35:16] [Worker-Main-4/INFO]: Loaded 1872 advancements
[12:35:16] [Render thread/INFO]: World loading finished: null screen: net.minecraft.client.gui.screens.GenericMessageScreen@2b63b731
[12:35:16] [Render thread/INFO]: Applied 0 biome modifications to 0 of 67 new biomes in 161.9 μs
[12:35:16] [Server thread/INFO]: Starting integrated minecraft server version 26.3
[12:35:16] [Server thread/INFO]: Generating keypair
[12:35:16] [Server thread/INFO]: Selecting global world spawn...
[12:35:16] [Server thread/INFO]: Loading 0 persistent chunks...
[12:35:16] [Server thread/INFO]: 准备生成区域中：16%
[12:35:16] [Server thread/INFO]: Saving chunks for level 'ServerLevel[新的世界]'/minecraft:overworld
[12:35:16] [Server thread/INFO]: Saving chunks for level 'ServerLevel[新的世界]'/minecraft:the_end
[12:35:16] [Server thread/INFO]: Saving chunks for level 'ServerLevel[新的世界]'/minecraft:the_nether
[12:35:16] [Render thread/INFO]: World loading finished: null screen: net.minecraft.client.gui.screens.LevelLoadingScreen@11005f49
[12:35:16] [Render thread/INFO]: World loading finished: null screen: net.minecraft.client.gui.screens.LevelLoadingScreen@11005f49
[12:35:16] [Render thread/INFO]: World loading finished: null screen: net.minecraft.client.gui.screens.LevelLoadingScreen@11005f49
[12:35:16] [Render thread/INFO]: World loading finished: null screen: net.minecraft.client.gui.screens.LevelLoadingScreen@11005f49
[12:35:16] [Server thread/INFO]: Loading 48 chunks for player spawn...
[12:35:17] [Render thread/INFO]: World loading finished: null screen: net.minecraft.client.gui.screens.LevelLoadingScreen@11005f49
[12:35:17] [Render thread/INFO]: World loading finished: null screen: net.minecraft.client.gui.screens.LevelLoadingScreen@11005f49
[12:35:17] [Server thread/INFO]: Time elapsed: 352 ms
[12:35:17] [Render thread/INFO]: World loading finished: null screen: net.minecraft.client.gui.screens.LevelLoadingScreen@11005f49
[12:35:17] [Server thread/INFO]: Player32[local:E:34afb826] logged in with entity id 94 at (0.5, -60.0, 0.5)
[12:35:17] [Server thread/INFO]: System chat: Player32加入了游戏
[12:35:17] [Server thread/INFO]: Changing view distance to 5, from 10
[12:35:17] [Server thread/INFO]: Changing simulation distance to 12, from 0
[12:35:17] [Render thread/INFO]: World loading finished: ClientLevel screen: net.minecraft.client.gui.screens.LevelLoadingScreen@11005f49
[12:35:17] [Render thread/INFO]: Loaded 2 advancements
[12:35:17] [Render thread/INFO]: World loading finished: ClientLevel screen: net.minecraft.client.gui.screens.LevelLoadingScreen@11005f49
[12:35:17] [Render thread/INFO]: World loading finished: ClientLevel screen: net.minecraft.client.gui.screens.LevelLoadingScreen@11005f49
[12:35:17] [Render thread/INFO]: World loading finished: ClientLevel screen: net.minecraft.client.gui.screens.LevelLoadingScreen@11005f49
[12:35:17] [Render thread/INFO]: World loading finished: ClientLevel screen: net.minecraft.client.gui.screens.LevelLoadingScreen@11005f49
[12:35:17] [Render thread/INFO]: World loading finished: ClientLevel screen: net.minecraft.client.gui.screens.LevelLoadingScreen@11005f49
[12:35:17] [Render thread/INFO]: World loading finished: ClientLevel screen: net.minecraft.client.gui.screens.LevelLoadingScreen@11005f49
[12:35:17] [Render thread/INFO]: World loading finished: ClientLevel screen: net.minecraft.client.gui.screens.LevelLoadingScreen@11005f49
[12:35:17] [Render thread/INFO]: World loading finished: ClientLevel screen: net.minecraft.client.gui.screens.LevelLoadingScreen@11005f49
[12:35:17] [Render thread/INFO]: World loading finished: ClientLevel screen: net.minecraft.client.gui.screens.LevelLoadingScreen@11005f49
[12:35:17] [Render thread/INFO]: World loading finished: ClientLevel screen: net.minecraft.client.gui.screens.LevelLoadingScreen@11005f49
[12:35:17] [Render thread/INFO]: World loading finished: ClientLevel screen: net.minecraft.client.gui.screens.LevelLoadingScreen@11005f49
[12:35:17] [Render thread/INFO]: World loading finished: ClientLevel screen: net.minecraft.client.gui.screens.LevelLoadingScreen@11005f49
[12:35:17] [Render thread/INFO]: World loading finished: ClientLevel screen: net.minecraft.client.gui.screens.LevelLoadingScreen@11005f49
[12:35:17] [Render thread/INFO]: World loading finished: ClientLevel screen: net.minecraft.client.gui.screens.LevelLoadingScreen@11005f49
[12:35:17] [Render thread/INFO]: World loading finished: ClientLevel screen: null
[12:35:18] [Server thread/INFO]: System chat: 已将minecraft:overworld调至时间标记minecraft:day的时刻
[12:35:18] [Server thread/INFO]: Saving and pausing game...
[12:35:18] [Server thread/INFO]: Saving chunks for level 'ServerLevel[新的世界]'/minecraft:overworld
[12:35:18] [Server thread/INFO]: Saving chunks for level 'ServerLevel[新的世界]'/minecraft:the_end
[12:35:18] [Server thread/INFO]: Saving chunks for level 'ServerLevel[新的世界]'/minecraft:the_nether
[12:35:19] [Server thread/INFO]: Player32 lost connection: 连接中断
[12:35:19] [Server thread/INFO]: System chat: Player32退出了游戏
[12:35:19] [Server thread/INFO]: Stopping singleplayer server as player logged out
[12:35:19] [Server thread/INFO]: Stopping server
[12:35:19] [Server thread/INFO]: Saving players
[12:35:19] [Server thread/INFO]: Saving worlds
[12:35:19] [Server thread/INFO]: Saving chunks for level 'ServerLevel[新的世界]'/minecraft:overworld
[12:35:19] [Server thread/INFO]: Saving chunks for level 'ServerLevel[新的世界]'/minecraft:the_end
[12:35:19] [Server thread/INFO]: Saving chunks for level 'ServerLevel[新的世界]'/minecraft:the_nether
[12:35:19] [Test thread/INFO]: [STDOUT]: WILDCRAFT CORE ART native standard/slim grip, first-person mesh, compact layout, exact-reference ownership checks passed
[12:35:19] [Render thread/INFO]: Reloading ResourceManager: vanilla, vanilla, fabric-advancement-api-v1, fabric-api, fabric-api-base, fabric-api-lookup-api-v1, fabric-biome-api-v1, fabric-block-api-v1, fabric-block-getter-api-v2, fabric-client-gametest-api-v1, fabric-command-api-v2, fabric-content-registries-v0, fabric-convention-tags-v2, fabric-crash-report-info-v1, fabric-creative-tab-api-v1, fabric-data-attachment-api-v1, fabric-data-generation-api-v1, fabric-debug-api-v1, fabric-dimensions-v1, fabric-entity-events-v1, fabric-events-interaction-v0, fabric-game-rule-api-v1, fabric-gametest-api-v1, fabric-item-api-v1, fabric-key-mapping-api-v1, fabric-lifecycle-events-v1, fabric-loot-api-v3, fabric-menu-api-v1, fabric-message-api-v1, fabric-model-loading-api-v1, fabric-networking-api-v1, fabric-object-builder-api-v1, fabric-particles-v1, fabric-permission-api-v1, fabric-recipe-api-v1, fabric-registry-sync-v0, fabric-renderer-api-v1, fabric-renderer-indigo, fabric-rendering-fluids-v1, fabric-rendering-v1, fabric-resource-conditions-api-v1, fabric-resource-loader-v0, fabric-resource-loader-v1, fabric-screen-api-v1, fabric-serialization-api-v1, fabric-sound-api-v1, fabric-tag-api-v1, fabric-transfer-api-v1, fabric-transitive-access-wideners-v1, fabricloader, wildcraft, wildcraft-test
[12:35:19] [Worker-Main-7/INFO]: Found unifont_all_no_pua-17.0.01.hex, loading
[12:35:19] [Worker-Main-3/INFO]: Found unifont_pua-17.0.01.hex, loading
[12:35:19] [Render thread/INFO]: Info log when linking program containing VERTEX minecraft:core/terrain, FRAGMENT minecraft:core/terrain. Log output: WARNING: Output of vertex shader '_interface_variable_01' not read by fragment shader
WARNING: Output of vertex shader '_interface_variable_00' not read by fragment shader
WARNING: Output of vertex shader '_interface_variable_04' not read by fragment shader

[12:35:19] [Render thread/INFO]: Info log when linking program containing VERTEX minecraft:core/entity, FRAGMENT minecraft:core/entity. Log output: WARNING: Output of vertex shader '_interface_variable_01' not read by fragment shader
WARNING: Output of vertex shader '_interface_variable_00' not read by fragment shader

[12:35:19] [Render thread/INFO]: Info log when linking program containing VERTEX minecraft:core/rendertype_crumbling, FRAGMENT minecraft:core/rendertype_crumbling. Log output: WARNING: Output of vertex shader '_interface_variable_01' not read by fragment shader
WARNING: Output of vertex shader '_interface_variable_00' not read by fragment shader

[12:35:19] [Render thread/INFO]: Info log when linking program containing VERTEX minecraft:core/rendertype_lines, FRAGMENT minecraft:core/rendertype_lines. Log output: WARNING: Output of vertex shader '_interface_variable_01' not read by fragment shader
WARNING: Output of vertex shader '_interface_variable_00' not read by fragment shader

[12:35:19] [Render thread/INFO]: Info log when linking program containing VERTEX minecraft:core/terrain, FRAGMENT minecraft:core/terrain. Log output: WARNING: Output of vertex shader '_interface_variable_01' not read by fragment shader
WARNING: Output of vertex shader '_interface_variable_00' not read by fragment shader
WARNING: Output of vertex shader '_interface_variable_04' not read by fragment shader

[12:35:19] [Worker-Main-7/INFO]: Found unifont_jp_patch-17.0.01.hex, loading
[12:35:19] [Render thread/INFO]: Info log when linking program containing VERTEX minecraft:core/entity, FRAGMENT minecraft:core/entity. Log output: WARNING: Output of vertex shader '_interface_variable_01' not read by fragment shader
WARNING: Output of vertex shader '_interface_variable_00' not read by fragment shader

[12:35:19] [Render thread/INFO]: Info log when linking program containing VERTEX minecraft:core/text, FRAGMENT minecraft:core/text. Log output: WARNING: Output of vertex shader '_interface_variable_01' not read by fragment shader
WARNING: Output of vertex shader '_interface_variable_00' not read by fragment shader

[12:35:19] [Render thread/INFO]: Info log when linking program containing VERTEX minecraft:core/text, FRAGMENT minecraft:core/text. Log output: WARNING: Output of vertex shader '_interface_variable_01' not read by fragment shader
WARNING: Output of vertex shader '_interface_variable_00' not read by fragment shader

[12:35:19] [Render thread/INFO]: Info log when linking program containing VERTEX minecraft:core/entity, FRAGMENT minecraft:core/entity. Log output: WARNING: Output of vertex shader '_interface_variable_01' not read by fragment shader
WARNING: Output of vertex shader '_interface_variable_00' not read by fragment shader

[12:35:19] [Render thread/INFO]: Info log when linking program containing VERTEX minecraft:core/block, FRAGMENT minecraft:core/block. Log output: WARNING: Output of vertex shader '_interface_variable_01' not read by fragment shader
WARNING: Output of vertex shader '_interface_variable_00' not read by fragment shader

[12:35:19] [Render thread/INFO]: Info log when linking program containing VERTEX minecraft:core/rendertype_entity_shadow, FRAGMENT minecraft:core/rendertype_entity_shadow. Log output: WARNING: Output of vertex shader '_interface_variable_01' not read by fragment shader
WARNING: Output of vertex shader '_interface_variable_00' not read by fragment shader

[12:35:19] [Render thread/INFO]: Info log when linking program containing VERTEX minecraft:core/particle, FRAGMENT minecraft:core/particle. Log output: WARNING: Output of vertex shader '_interface_variable_01' not read by fragment shader
WARNING: Output of vertex shader '_interface_variable_00' not read by fragment shader

[12:35:19] [Render thread/INFO]: Info log when linking program containing VERTEX minecraft:core/screenquad, FRAGMENT minecraft:core/oit_composite. Log output: WARNING: Output of vertex shader '_interface_variable_00' not read by fragment shader

[12:35:19] [Render thread/INFO]: Info log when linking program containing VERTEX minecraft:core/screenquad, FRAGMENT minecraft:core/integrate_depth. Log output: WARNING: Output of vertex shader '_interface_variable_00' not read by fragment shader

[12:35:19] [Render thread/INFO]: Info log when linking program containing VERTEX minecraft:core/entity, FRAGMENT minecraft:core/entity. Log output: WARNING: Output of vertex shader '_interface_variable_01' not read by fragment shader
WARNING: Output of vertex shader '_interface_variable_00' not read by fragment shader

[12:35:19] [Render thread/INFO]: Info log when linking program containing VERTEX minecraft:core/terrain, FRAGMENT minecraft:core/terrain. Log output: WARNING: Output of vertex shader '_interface_variable_01' not read by fragment shader
WARNING: Output of vertex shader '_interface_variable_00' not read by fragment shader
WARNING: Output of vertex shader '_interface_variable_04' not read by fragment shader

[12:35:19] [Render thread/INFO]: Info log when linking program containing VERTEX minecraft:core/animate_sprite, FRAGMENT minecraft:core/animate_sprite_blit. Log output: WARNING: Output of vertex shader '_interface_variable_00' not read by fragment shader

[12:35:19] [Render thread/INFO]: Info log when linking program containing VERTEX minecraft:core/entity, FRAGMENT minecraft:core/entity. Log output: WARNING: Output of vertex shader '_interface_variable_01' not read by fragment shader
WARNING: Output of vertex shader '_interface_variable_00' not read by fragment shader

[12:35:19] [Render thread/INFO]: Info log when linking program containing VERTEX minecraft:core/entity, FRAGMENT minecraft:core/entity. Log output: WARNING: Output of vertex shader '_interface_variable_01' not read by fragment shader
WARNING: Output of vertex shader '_interface_variable_00' not read by fragment shader

[12:35:19] [Worker-Main-7/WARN]: Missing textures in model wildcraft:item/battery_3d:
    wildcraft:entity/battery
[12:35:19] [Render thread/INFO]: Info log when linking program containing VERTEX minecraft:core/clouds, FRAGMENT minecraft:core/clouds. Log output: WARNING: Output of vertex shader '_interface_variable_00' not read by fragment shader

[12:35:19] [Render thread/INFO]: Info log when linking program containing VERTEX minecraft:core/particle, FRAGMENT minecraft:core/particle. Log output: WARNING: Output of vertex shader '_interface_variable_01' not read by fragment shader
WARNING: Output of vertex shader '_interface_variable_00' not read by fragment shader

[12:35:19] [Render thread/INFO]: Info log when linking program containing VERTEX minecraft:core/entity, FRAGMENT minecraft:core/entity. Log output: WARNING: Output of vertex shader '_interface_variable_01' not read by fragment shader
WARNING: Output of vertex shader '_interface_variable_00' not read by fragment shader

[12:35:19] [Render thread/INFO]: Info log when linking program containing VERTEX minecraft:core/screenquad, FRAGMENT minecraft:core/oit_depth_bounds_cull. Log output: WARNING: Output of vertex shader '_interface_variable_00' not read by fragment shader

[12:35:19] [Render thread/INFO]: Info log when linking program containing VERTEX minecraft:core/block, FRAGMENT minecraft:core/block. Log output: WARNING: Output of vertex shader '_interface_variable_01' not read by fragment shader
WARNING: Output of vertex shader '_interface_variable_00' not read by fragment shader

[12:35:19] [Render thread/INFO]: Info log when linking program containing VERTEX minecraft:core/text, FRAGMENT minecraft:core/text. Log output: WARNING: Output of vertex shader '_interface_variable_01' not read by fragment shader
WARNING: Output of vertex shader '_interface_variable_00' not read by fragment shader

[12:35:19] [Render thread/INFO]: Info log when linking program containing VERTEX minecraft:core/text, FRAGMENT minecraft:core/text. Log output: WARNING: Output of vertex shader '_interface_variable_01' not read by fragment shader
WARNING: Output of vertex shader '_interface_variable_00' not read by fragment shader

[12:35:19] [Render thread/INFO]: Info log when linking program containing VERTEX minecraft:core/text, FRAGMENT minecraft:core/text. Log output: WARNING: Output of vertex shader '_interface_variable_01' not read by fragment shader
WARNING: Output of vertex shader '_interface_variable_00' not read by fragment shader

[12:35:19] [Render thread/INFO]: Info log when linking program containing VERTEX minecraft:core/entity, FRAGMENT minecraft:core/entity. Log output: WARNING: Output of vertex shader '_interface_variable_01' not read by fragment shader
WARNING: Output of vertex shader '_interface_variable_00' not read by fragment shader

[12:35:19] [Render thread/INFO]: Info log when linking program containing VERTEX minecraft:core/text, FRAGMENT minecraft:core/text. Log output: WARNING: Output of vertex shader '_interface_variable_01' not read by fragment shader
WARNING: Output of vertex shader '_interface_variable_00' not read by fragment shader

[12:35:19] [Render thread/INFO]: Info log when linking program containing VERTEX minecraft:core/terrain, FRAGMENT minecraft:core/terrain. Log output: WARNING: Output of vertex shader '_interface_variable_01' not read by fragment shader
WARNING: Output of vertex shader '_interface_variable_00' not read by fragment shader
WARNING: Output of vertex shader '_interface_variable_04' not read by fragment shader

[12:35:19] [Render thread/INFO]: Info log when linking program containing VERTEX minecraft:core/clouds, FRAGMENT minecraft:core/clouds. Log output: WARNING: Output of vertex shader '_interface_variable_00' not read by fragment shader

[12:35:19] [Render thread/INFO]: Info log when linking program containing VERTEX minecraft:core/rendertype_lines, FRAGMENT minecraft:core/rendertype_lines. Log output: WARNING: Output of vertex shader '_interface_variable_01' not read by fragment shader
WARNING: Output of vertex shader '_interface_variable_00' not read by fragment shader

[12:35:19] [Render thread/INFO]: Info log when linking program containing VERTEX minecraft:core/rendertype_entity_shadow, FRAGMENT minecraft:core/rendertype_entity_shadow. Log output: WARNING: Output of vertex shader '_interface_variable_01' not read by fragment shader
WARNING: Output of vertex shader '_interface_variable_00' not read by fragment shader

[12:35:19] [Render thread/INFO]: Info log when linking program containing VERTEX minecraft:core/entity, FRAGMENT minecraft:core/entity. Log output: WARNING: Output of vertex shader '_interface_variable_01' not read by fragment shader
WARNING: Output of vertex shader '_interface_variable_00' not read by fragment shader

[12:35:19] [Render thread/INFO]: Info log when linking program containing VERTEX minecraft:core/entity, FRAGMENT minecraft:core/entity. Log output: WARNING: Output of vertex shader '_interface_variable_01' not read by fragment shader
WARNING: Output of vertex shader '_interface_variable_00' not read by fragment shader

[12:35:19] [Render thread/INFO]: Info log when linking program containing VERTEX minecraft:core/text, FRAGMENT minecraft:core/text. Log output: WARNING: Output of vertex shader '_interface_variable_01' not read by fragment shader
WARNING: Output of vertex shader '_interface_variable_00' not read by fragment shader

[12:35:19] [Render thread/INFO]: Info log when linking program containing VERTEX minecraft:core/particle, FRAGMENT minecraft:core/particle. Log output: WARNING: Output of vertex shader '_interface_variable_01' not read by fragment shader
WARNING: Output of vertex shader '_interface_variable_00' not read by fragment shader

[12:35:19] [Render thread/INFO]: Info log when linking program containing VERTEX minecraft:core/rendertype_crumbling, FRAGMENT minecraft:core/rendertype_crumbling. Log output: WARNING: Output of vertex shader '_interface_variable_01' not read by fragment shader
WARNING: Output of vertex shader '_interface_variable_00' not read by fragment shader

[12:35:19] [Render thread/INFO]: Info log when linking program containing VERTEX minecraft:core/entity, FRAGMENT minecraft:core/entity. Log output: WARNING: Output of vertex shader '_interface_variable_01' not read by fragment shader
WARNING: Output of vertex shader '_interface_variable_00' not read by fragment shader

[12:35:20] [Render thread/INFO]: Info log when linking program containing VERTEX minecraft:core/particle, FRAGMENT minecraft:core/particle. Log output: WARNING: Output of vertex shader '_interface_variable_01' not read by fragment shader
WARNING: Output of vertex shader '_interface_variable_00' not read by fragment shader

[12:35:20] [Render thread/INFO]: Info log when linking program containing VERTEX minecraft:core/text, FRAGMENT minecraft:core/text. Log output: WARNING: Output of vertex shader '_interface_variable_01' not read by fragment shader
WARNING: Output of vertex shader '_interface_variable_00' not read by fragment shader

[12:35:20] [Render thread/INFO]: Info log when linking program containing VERTEX minecraft:core/entity, FRAGMENT minecraft:core/entity. Log output: WARNING: Output of vertex shader '_interface_variable_01' not read by fragment shader
WARNING: Output of vertex shader '_interface_variable_00' not read by fragment shader

[12:35:20] [Render thread/INFO]: OpenAL initialized on device Mac mini扬声器
[12:35:20] [Render thread/INFO]: Sound engine started
[12:35:20] [Render thread/INFO]: Created: 512x256x0 minecraft:textures/atlas/particles.png-atlas
[12:35:20] [Render thread/INFO]: Created: 256x128x0 minecraft:textures/atlas/celestials.png-atlas
[12:35:20] [Render thread/INFO]: Created: 128x128x0 minecraft:textures/atlas/decorated_pot.png-atlas
[12:35:20] [Render thread/INFO]: Created: 512x256x0 minecraft:textures/atlas/paintings.png-atlas
[12:35:20] [Render thread/INFO]: Created: 1024x512x0 minecraft:textures/atlas/shield_patterns.png-atlas
[12:35:20] [Render thread/INFO]: Created: 1024x512x0 minecraft:textures/atlas/banner_patterns.png-atlas
[12:35:20] [Render thread/INFO]: Created: 2048x2048x4 minecraft:textures/atlas/blocks.png-atlas
[12:35:20] [Render thread/INFO]: Created: 1024x512x0 minecraft:textures/atlas/items.png-atlas
[12:35:20] [Render thread/INFO]: Created: 1024x1024x0 minecraft:textures/atlas/gui.png-atlas
[12:35:20] [Render thread/INFO]: Created: 128x64x0 minecraft:textures/atlas/map_decorations.png-atlas
[12:35:20] [Render thread/INFO]: Created: 512x512x0 minecraft:textures/atlas/chest.png-atlas
[12:35:20] [Render thread/INFO]: Created: 512x512x0 minecraft:textures/atlas/shulker_boxes.png-atlas
[12:35:22] [Worker-Main-4/INFO]: Loaded 1872 advancements
[12:35:22] [Render thread/INFO]: World loading finished: null screen: net.minecraft.client.gui.screens.GenericMessageScreen@2353dab5
[12:35:22] [Render thread/INFO]: Applied 0 biome modifications to 0 of 67 new biomes in 148.1 μs
[12:35:22] [Server thread/INFO]: Starting integrated minecraft server version 26.3
[12:35:22] [Server thread/INFO]: Generating keypair
[12:35:22] [Server thread/INFO]: Selecting global world spawn...
[12:35:22] [Server thread/INFO]: Loading 0 persistent chunks...
[12:35:22] [Server thread/INFO]: 准备生成区域中：16%
[12:35:22] [Server thread/INFO]: Saving chunks for level 'ServerLevel[新的世界]'/minecraft:overworld
[12:35:22] [Server thread/INFO]: Saving chunks for level 'ServerLevel[新的世界]'/minecraft:the_end
[12:35:22] [Server thread/INFO]: Saving chunks for level 'ServerLevel[新的世界]'/minecraft:the_nether
[12:35:23] [Render thread/INFO]: World loading finished: null screen: net.minecraft.client.gui.screens.LevelLoadingScreen@53c6ec3e
[12:35:23] [Render thread/INFO]: World loading finished: null screen: net.minecraft.client.gui.screens.LevelLoadingScreen@53c6ec3e
[12:35:23] [Render thread/INFO]: World loading finished: null screen: net.minecraft.client.gui.screens.LevelLoadingScreen@53c6ec3e
[12:35:23] [Render thread/INFO]: World loading finished: null screen: net.minecraft.client.gui.screens.LevelLoadingScreen@53c6ec3e
[12:35:23] [Server thread/INFO]: Loading 48 chunks for player spawn...
[12:35:23] [Render thread/INFO]: World loading finished: null screen: net.minecraft.client.gui.screens.LevelLoadingScreen@53c6ec3e
[12:35:23] [Render thread/INFO]: World loading finished: null screen: net.minecraft.client.gui.screens.LevelLoadingScreen@53c6ec3e
[12:35:23] [Server thread/INFO]: Time elapsed: 351 ms
[12:35:23] [Render thread/INFO]: World loading finished: null screen: net.minecraft.client.gui.screens.LevelLoadingScreen@53c6ec3e
[12:35:23] [Server thread/INFO]: Player32[local:E:006771e1] logged in with entity id 95 at (0.5, -60.0, 0.5)
[12:35:23] [Server thread/INFO]: System chat: Player32加入了游戏
[12:35:23] [Server thread/INFO]: Changing view distance to 5, from 10
[12:35:23] [Server thread/INFO]: Changing simulation distance to 12, from 0
[12:35:23] [Render thread/INFO]: World loading finished: ClientLevel screen: net.minecraft.client.gui.screens.LevelLoadingScreen@53c6ec3e
[12:35:23] [Render thread/WARN]: Requested post effect does not exist: minecraft:end_of_frame
[12:35:23] [Render thread/INFO]: Loaded 2 advancements
[12:35:23] [Render thread/INFO]: World loading finished: ClientLevel screen: net.minecraft.client.gui.screens.LevelLoadingScreen@53c6ec3e
[12:35:23] [Render thread/INFO]: World loading finished: ClientLevel screen: net.minecraft.client.gui.screens.LevelLoadingScreen@53c6ec3e
[12:35:23] [Render thread/INFO]: World loading finished: ClientLevel screen: net.minecraft.client.gui.screens.LevelLoadingScreen@53c6ec3e
[12:35:23] [Render thread/INFO]: World loading finished: ClientLevel screen: net.minecraft.client.gui.screens.LevelLoadingScreen@53c6ec3e
[12:35:23] [Render thread/INFO]: World loading finished: ClientLevel screen: net.minecraft.client.gui.screens.LevelLoadingScreen@53c6ec3e
[12:35:23] [Render thread/INFO]: World loading finished: ClientLevel screen: net.minecraft.client.gui.screens.LevelLoadingScreen@53c6ec3e
[12:35:23] [Render thread/INFO]: World loading finished: ClientLevel screen: net.minecraft.client.gui.screens.LevelLoadingScreen@53c6ec3e
[12:35:23] [Render thread/INFO]: World loading finished: ClientLevel screen: net.minecraft.client.gui.screens.LevelLoadingScreen@53c6ec3e
[12:35:23] [Render thread/INFO]: World loading finished: ClientLevel screen: net.minecraft.client.gui.screens.LevelLoadingScreen@53c6ec3e
[12:35:23] [Render thread/INFO]: World loading finished: ClientLevel screen: net.minecraft.client.gui.screens.LevelLoadingScreen@53c6ec3e
[12:35:23] [Render thread/INFO]: World loading finished: ClientLevel screen: net.minecraft.client.gui.screens.LevelLoadingScreen@53c6ec3e
[12:35:23] [Render thread/INFO]: World loading finished: ClientLevel screen: net.minecraft.client.gui.screens.LevelLoadingScreen@53c6ec3e
[12:35:24] [Render thread/INFO]: World loading finished: ClientLevel screen: net.minecraft.client.gui.screens.LevelLoadingScreen@53c6ec3e
[12:35:24] [Render thread/INFO]: World loading finished: ClientLevel screen: net.minecraft.client.gui.screens.LevelLoadingScreen@53c6ec3e
[12:35:24] [Render thread/INFO]: World loading finished: ClientLevel screen: null
[12:35:24] [Server thread/INFO]: System chat: 已将minecraft:overworld调至时间标记minecraft:day的时刻
[12:35:24] [Server thread/INFO]: System chat: 天气已设为晴天
[12:35:24] [Server thread/INFO]: System chat: 已在-8, 80, -8与8, 160, 8之间设置525个生物群系单元
[12:35:27] [Server thread/INFO]: System chat: 已在-8, 80, -8与8, 160, 8之间设置525个生物群系单元
[12:35:31] [Render thread/INFO]: Loaded 13 advancements
[12:35:32] [Server thread/INFO]: System chat: 已在-8, 80, -8与8, 160, 8之间设置525个生物群系单元
[12:35:36] [Render thread/INFO]: Loaded 14 advancements
[12:35:37] [Server thread/INFO]: System chat: 已在-8, 80, -8与8, 160, 8之间设置525个生物群系单元
[12:35:38] [Render thread/INFO]: Loaded 15 advancements
[12:35:38] [Server thread/INFO]: System chat: 已将Player32的游戏模式改为旁观模式
[12:35:38] [Render thread/INFO]: [System] [CHAT] 你的游戏模式已被更新为旁观模式
[12:35:38] [Server thread/INFO]: System chat: 已将Player32的游戏模式改为生存模式
[12:35:38] [Render thread/INFO]: [System] [CHAT] 你的游戏模式已被更新为生存模式
[12:35:38] [Server thread/INFO]: System chat: 已在-8, 80, -8与8, 160, 8之间设置525个生物群系单元
[12:35:38] [Server thread/INFO]: System chat: Player32被杀死了
[12:35:38] [Server thread/INFO]: System chat: 杀死了Player32
[12:35:38] [Render thread/INFO]: [System] [CHAT] Player32被杀死了
[12:35:38] [Server thread/INFO]: System chat: Player32取得了进度[勇往直下]
[12:35:38] [Render thread/INFO]: [System] [CHAT] Player32取得了进度[勇往直下]
[12:35:39] [Render thread/INFO]: Loaded 42 advancements
[12:35:39] [Server thread/INFO]: TemperatureGuest[embedded] logged in with entity id 101 at (0.0, 0.0, 0.0)
[12:35:39] [Server thread/INFO]: System chat: TemperatureGuest加入了游戏
[12:35:39] [Render thread/INFO]: [System] [CHAT] TemperatureGuest加入了游戏
[12:35:39] [Server thread/INFO]: Player32 lost connection: 连接中断
[12:35:39] [Server thread/INFO]: System chat: Player32退出了游戏
[12:35:39] [Server thread/INFO]: Stopping singleplayer server as player logged out
[12:35:39] [Server thread/INFO]: Stopping server
[12:35:39] [Server thread/INFO]: Saving players
[12:35:39] [Server thread/INFO]: Saving worlds
[12:35:39] [Server thread/INFO]: Saving chunks for level 'ServerLevel[新的世界]'/minecraft:overworld
[12:35:39] [Server thread/INFO]: Saving chunks for level 'ServerLevel[新的世界]'/minecraft:the_end
[12:35:39] [Server thread/INFO]: Saving chunks for level 'ServerLevel[新的世界]'/minecraft:the_nether
[12:35:39] [Render thread/INFO]: World loading finished: null screen: net.minecraft.client.gui.screens.GenericMessageScreen@6b3f6cd2
[12:35:39] [Worker-Main-9/INFO]: Loaded 1872 advancements
[12:35:39] [Render thread/INFO]: Applied 0 biome modifications to 0 of 67 new biomes in 149.4 μs
[12:35:39] [Server thread/INFO]: Starting integrated minecraft server version 26.3
[12:35:39] [Server thread/INFO]: Generating keypair
[12:35:39] [Server thread/INFO]: Loading 0 persistent chunks...
[12:35:39] [Server thread/INFO]: Saving chunks for level 'ServerLevel[新的世界]'/minecraft:overworld
[12:35:39] [Server thread/INFO]: Saving chunks for level 'ServerLevel[新的世界]'/minecraft:the_end
[12:35:39] [Server thread/INFO]: Saving chunks for level 'ServerLevel[新的世界]'/minecraft:the_nether
[12:35:39] [Render thread/INFO]: World loading finished: null screen: net.minecraft.client.gui.screens.LevelLoadingScreen@48954391
[12:35:39] [Render thread/INFO]: World loading finished: null screen: net.minecraft.client.gui.screens.LevelLoadingScreen@48954391
[12:35:39] [Render thread/INFO]: World loading finished: null screen: net.minecraft.client.gui.screens.LevelLoadingScreen@48954391
[12:35:39] [Render thread/INFO]: World loading finished: null screen: net.minecraft.client.gui.screens.LevelLoadingScreen@48954391
[12:35:39] [Server thread/INFO]: Loading 49 chunks for player spawn...
[12:35:39] [Server thread/INFO]: 准备生成区域中：16%
[12:35:39] [Render thread/INFO]: World loading finished: null screen: net.minecraft.client.gui.screens.LevelLoadingScreen@48954391
[12:35:39] [Render thread/INFO]: World loading finished: null screen: net.minecraft.client.gui.screens.LevelLoadingScreen@48954391
[12:35:40] [Render thread/INFO]: World loading finished: null screen: net.minecraft.client.gui.screens.LevelLoadingScreen@48954391
[12:35:40] [Server thread/INFO]: Time elapsed: 370 ms
[12:35:40] [Render thread/INFO]: World loading finished: null screen: net.minecraft.client.gui.screens.LevelLoadingScreen@48954391
[12:35:40] [Server thread/INFO]: Player32[local:E:be8ea25e] logged in with entity id 102 at (0.5, 120.0, 0.5)
[12:35:40] [Server thread/INFO]: System chat: Player32加入了游戏
[12:35:40] [Server thread/INFO]: Changing view distance to 5, from 10
[12:35:40] [Server thread/INFO]: Changing simulation distance to 12, from 0
[12:35:40] [Render thread/INFO]: Loaded 42 advancements
[12:35:40] [Render thread/INFO]: World loading finished: ClientLevel screen: net.minecraft.client.gui.screens.LevelLoadingScreen@48954391
[12:35:40] [Render thread/INFO]: World loading finished: ClientLevel screen: net.minecraft.client.gui.screens.LevelLoadingScreen@48954391
[12:35:40] [Render thread/INFO]: World loading finished: ClientLevel screen: net.minecraft.client.gui.screens.LevelLoadingScreen@48954391
[12:35:40] [Render thread/INFO]: World loading finished: ClientLevel screen: net.minecraft.client.gui.screens.LevelLoadingScreen@48954391
[12:35:40] [Render thread/INFO]: World loading finished: ClientLevel screen: null
[12:35:41] [Render thread/INFO]: Loaded 42 advancements
[12:35:41] [Server thread/INFO]: Player32 lost connection: 连接中断
[12:35:41] [Server thread/INFO]: System chat: Player32退出了游戏
[12:35:41] [Server thread/INFO]: Stopping singleplayer server as player logged out
[12:35:41] [Server thread/INFO]: Stopping server
[12:35:41] [Server thread/INFO]: Saving players
[12:35:41] [Server thread/INFO]: Saving worlds
[12:35:41] [Server thread/INFO]: Saving chunks for level 'ServerLevel[新的世界]'/minecraft:overworld
[12:35:41] [Server thread/INFO]: Saving chunks for level 'ServerLevel[新的世界]'/minecraft:the_end
[12:35:41] [Server thread/INFO]: Saving chunks for level 'ServerLevel[新的世界]'/minecraft:the_nether
[12:35:41] [Render thread/INFO]: Reloading ResourceManager: vanilla, vanilla, fabric-advancement-api-v1, fabric-api, fabric-api-base, fabric-api-lookup-api-v1, fabric-biome-api-v1, fabric-block-api-v1, fabric-block-getter-api-v2, fabric-client-gametest-api-v1, fabric-command-api-v2, fabric-content-registries-v0, fabric-convention-tags-v2, fabric-crash-report-info-v1, fabric-creative-tab-api-v1, fabric-data-attachment-api-v1, fabric-data-generation-api-v1, fabric-debug-api-v1, fabric-dimensions-v1, fabric-entity-events-v1, fabric-events-interaction-v0, fabric-game-rule-api-v1, fabric-gametest-api-v1, fabric-item-api-v1, fabric-key-mapping-api-v1, fabric-lifecycle-events-v1, fabric-loot-api-v3, fabric-menu-api-v1, fabric-message-api-v1, fabric-model-loading-api-v1, fabric-networking-api-v1, fabric-object-builder-api-v1, fabric-particles-v1, fabric-permission-api-v1, fabric-recipe-api-v1, fabric-registry-sync-v0, fabric-renderer-api-v1, fabric-renderer-indigo, fabric-rendering-fluids-v1, fabric-rendering-v1, fabric-resource-conditions-api-v1, fabric-resource-loader-v0, fabric-resource-loader-v1, fabric-screen-api-v1, fabric-serialization-api-v1, fabric-sound-api-v1, fabric-tag-api-v1, fabric-transfer-api-v1, fabric-transitive-access-wideners-v1, fabricloader, wildcraft, wildcraft-test
[12:35:41] [Worker-Main-5/INFO]: Found unifont_pua-17.0.01.hex, loading
[12:35:41] [Worker-Main-3/INFO]: Found unifont_all_no_pua-17.0.01.hex, loading
[12:35:42] [Render thread/INFO]: Info log when linking program containing VERTEX minecraft:core/terrain, FRAGMENT minecraft:core/terrain. Log output: WARNING: Output of vertex shader '_interface_variable_01' not read by fragment shader
WARNING: Output of vertex shader '_interface_variable_00' not read by fragment shader
WARNING: Output of vertex shader '_interface_variable_04' not read by fragment shader

[12:35:42] [Render thread/INFO]: Info log when linking program containing VERTEX minecraft:core/rendertype_crumbling, FRAGMENT minecraft:core/rendertype_crumbling. Log output: WARNING: Output of vertex shader '_interface_variable_01' not read by fragment shader
WARNING: Output of vertex shader '_interface_variable_00' not read by fragment shader

[12:35:42] [Render thread/INFO]: Info log when linking program containing VERTEX minecraft:core/entity, FRAGMENT minecraft:core/entity. Log output: WARNING: Output of vertex shader '_interface_variable_01' not read by fragment shader
WARNING: Output of vertex shader '_interface_variable_00' not read by fragment shader

[12:35:42] [Render thread/INFO]: Info log when linking program containing VERTEX minecraft:core/rendertype_lines, FRAGMENT minecraft:core/rendertype_lines. Log output: WARNING: Output of vertex shader '_interface_variable_01' not read by fragment shader
WARNING: Output of vertex shader '_interface_variable_00' not read by fragment shader

[12:35:42] [Render thread/INFO]: Info log when linking program containing VERTEX minecraft:core/entity, FRAGMENT minecraft:core/entity. Log output: WARNING: Output of vertex shader '_interface_variable_01' not read by fragment shader
WARNING: Output of vertex shader '_interface_variable_00' not read by fragment shader

[12:35:42] [Render thread/INFO]: Info log when linking program containing VERTEX minecraft:core/terrain, FRAGMENT minecraft:core/terrain. Log output: WARNING: Output of vertex shader '_interface_variable_01' not read by fragment shader
WARNING: Output of vertex shader '_interface_variable_00' not read by fragment shader
WARNING: Output of vertex shader '_interface_variable_04' not read by fragment shader

[12:35:42] [Render thread/INFO]: Info log when linking program containing VERTEX minecraft:core/text, FRAGMENT minecraft:core/text. Log output: WARNING: Output of vertex shader '_interface_variable_01' not read by fragment shader
WARNING: Output of vertex shader '_interface_variable_00' not read by fragment shader

[12:35:42] [Render thread/INFO]: Info log when linking program containing VERTEX minecraft:core/text, FRAGMENT minecraft:core/text. Log output: WARNING: Output of vertex shader '_interface_variable_01' not read by fragment shader
WARNING: Output of vertex shader '_interface_variable_00' not read by fragment shader

[12:35:42] [Worker-Main-3/INFO]: Found unifont_jp_patch-17.0.01.hex, loading
[12:35:42] [Render thread/INFO]: Info log when linking program containing VERTEX minecraft:core/block, FRAGMENT minecraft:core/block. Log output: WARNING: Output of vertex shader '_interface_variable_01' not read by fragment shader
WARNING: Output of vertex shader '_interface_variable_00' not read by fragment shader

[12:35:42] [Render thread/INFO]: Info log when linking program containing VERTEX minecraft:core/entity, FRAGMENT minecraft:core/entity. Log output: WARNING: Output of vertex shader '_interface_variable_01' not read by fragment shader
WARNING: Output of vertex shader '_interface_variable_00' not read by fragment shader

[12:35:42] [Render thread/INFO]: Info log when linking program containing VERTEX minecraft:core/particle, FRAGMENT minecraft:core/particle. Log output: WARNING: Output of vertex shader '_interface_variable_01' not read by fragment shader
WARNING: Output of vertex shader '_interface_variable_00' not read by fragment shader

[12:35:42] [Render thread/INFO]: Info log when linking program containing VERTEX minecraft:core/rendertype_entity_shadow, FRAGMENT minecraft:core/rendertype_entity_shadow. Log output: WARNING: Output of vertex shader '_interface_variable_01' not read by fragment shader
WARNING: Output of vertex shader '_interface_variable_00' not read by fragment shader

[12:35:42] [Render thread/INFO]: Info log when linking program containing VERTEX minecraft:core/screenquad, FRAGMENT minecraft:core/oit_composite. Log output: WARNING: Output of vertex shader '_interface_variable_00' not read by fragment shader

[12:35:42] [Render thread/INFO]: Info log when linking program containing VERTEX minecraft:core/screenquad, FRAGMENT minecraft:core/integrate_depth. Log output: WARNING: Output of vertex shader '_interface_variable_00' not read by fragment shader

[12:35:42] [Render thread/INFO]: Info log when linking program containing VERTEX minecraft:core/entity, FRAGMENT minecraft:core/entity. Log output: WARNING: Output of vertex shader '_interface_variable_01' not read by fragment shader
WARNING: Output of vertex shader '_interface_variable_00' not read by fragment shader

[12:35:42] [Render thread/INFO]: Info log when linking program containing VERTEX minecraft:core/terrain, FRAGMENT minecraft:core/terrain. Log output: WARNING: Output of vertex shader '_interface_variable_01' not read by fragment shader
WARNING: Output of vertex shader '_interface_variable_00' not read by fragment shader
WARNING: Output of vertex shader '_interface_variable_04' not read by fragment shader

[12:35:42] [Render thread/INFO]: Info log when linking program containing VERTEX minecraft:core/animate_sprite, FRAGMENT minecraft:core/animate_sprite_blit. Log output: WARNING: Output of vertex shader '_interface_variable_00' not read by fragment shader

[12:35:42] [Render thread/INFO]: Info log when linking program containing VERTEX minecraft:core/entity, FRAGMENT minecraft:core/entity. Log output: WARNING: Output of vertex shader '_interface_variable_01' not read by fragment shader
WARNING: Output of vertex shader '_interface_variable_00' not read by fragment shader

[12:35:42] [Render thread/INFO]: Info log when linking program containing VERTEX minecraft:core/entity, FRAGMENT minecraft:core/entity. Log output: WARNING: Output of vertex shader '_interface_variable_01' not read by fragment shader
WARNING: Output of vertex shader '_interface_variable_00' not read by fragment shader

[12:35:42] [Render thread/INFO]: Info log when linking program containing VERTEX minecraft:core/clouds, FRAGMENT minecraft:core/clouds. Log output: WARNING: Output of vertex shader '_interface_variable_00' not read by fragment shader

[12:35:42] [Render thread/INFO]: Info log when linking program containing VERTEX minecraft:core/particle, FRAGMENT minecraft:core/particle. Log output: WARNING: Output of vertex shader '_interface_variable_01' not read by fragment shader
WARNING: Output of vertex shader '_interface_variable_00' not read by fragment shader

[12:35:42] [Worker-Main-4/WARN]: Missing textures in model wildcraft:item/battery_3d:
    wildcraft:entity/battery
[12:35:42] [Render thread/INFO]: Info log when linking program containing VERTEX minecraft:core/entity, FRAGMENT minecraft:core/entity. Log output: WARNING: Output of vertex shader '_interface_variable_01' not read by fragment shader
WARNING: Output of vertex shader '_interface_variable_00' not read by fragment shader

[12:35:42] [Render thread/INFO]: Info log when linking program containing VERTEX minecraft:core/screenquad, FRAGMENT minecraft:core/oit_depth_bounds_cull. Log output: WARNING: Output of vertex shader '_interface_variable_00' not read by fragment shader

[12:35:42] [Render thread/INFO]: Info log when linking program containing VERTEX minecraft:core/block, FRAGMENT minecraft:core/block. Log output: WARNING: Output of vertex shader '_interface_variable_01' not read by fragment shader
WARNING: Output of vertex shader '_interface_variable_00' not read by fragment shader

[12:35:42] [Render thread/INFO]: Info log when linking program containing VERTEX minecraft:core/text, FRAGMENT minecraft:core/text. Log output: WARNING: Output of vertex shader '_interface_variable_01' not read by fragment shader
WARNING: Output of vertex shader '_interface_variable_00' not read by fragment shader

[12:35:42] [Render thread/INFO]: Info log when linking program containing VERTEX minecraft:core/text, FRAGMENT minecraft:core/text. Log output: WARNING: Output of vertex shader '_interface_variable_01' not read by fragment shader
WARNING: Output of vertex shader '_interface_variable_00' not read by fragment shader

[12:35:42] [Render thread/INFO]: Info log when linking program containing VERTEX minecraft:core/text, FRAGMENT minecraft:core/text. Log output: WARNING: Output of vertex shader '_interface_variable_01' not read by fragment shader
WARNING: Output of vertex shader '_interface_variable_00' not read by fragment shader

[12:35:42] [Render thread/INFO]: Info log when linking program containing VERTEX minecraft:core/entity, FRAGMENT minecraft:core/entity. Log output: WARNING: Output of vertex shader '_interface_variable_01' not read by fragment shader
WARNING: Output of vertex shader '_interface_variable_00' not read by fragment shader

[12:35:42] [Render thread/INFO]: Info log when linking program containing VERTEX minecraft:core/terrain, FRAGMENT minecraft:core/terrain. Log output: WARNING: Output of vertex shader '_interface_variable_01' not read by fragment shader
WARNING: Output of vertex shader '_interface_variable_00' not read by fragment shader
WARNING: Output of vertex shader '_interface_variable_04' not read by fragment shader

[12:35:42] [Render thread/INFO]: Info log when linking program containing VERTEX minecraft:core/text, FRAGMENT minecraft:core/text. Log output: WARNING: Output of vertex shader '_interface_variable_01' not read by fragment shader
WARNING: Output of vertex shader '_interface_variable_00' not read by fragment shader

[12:35:42] [Render thread/INFO]: Info log when linking program containing VERTEX minecraft:core/rendertype_entity_shadow, FRAGMENT minecraft:core/rendertype_entity_shadow. Log output: WARNING: Output of vertex shader '_interface_variable_01' not read by fragment shader
WARNING: Output of vertex shader '_interface_variable_00' not read by fragment shader

[12:35:42] [Render thread/INFO]: Info log when linking program containing VERTEX minecraft:core/clouds, FRAGMENT minecraft:core/clouds. Log output: WARNING: Output of vertex shader '_interface_variable_00' not read by fragment shader

[12:35:42] [Render thread/INFO]: Info log when linking program containing VERTEX minecraft:core/rendertype_lines, FRAGMENT minecraft:core/rendertype_lines. Log output: WARNING: Output of vertex shader '_interface_variable_01' not read by fragment shader
WARNING: Output of vertex shader '_interface_variable_00' not read by fragment shader

[12:35:42] [Render thread/INFO]: Info log when linking program containing VERTEX minecraft:core/entity, FRAGMENT minecraft:core/entity. Log output: WARNING: Output of vertex shader '_interface_variable_01' not read by fragment shader
WARNING: Output of vertex shader '_interface_variable_00' not read by fragment shader

[12:35:42] [Render thread/INFO]: Info log when linking program containing VERTEX minecraft:core/entity, FRAGMENT minecraft:core/entity. Log output: WARNING: Output of vertex shader '_interface_variable_01' not read by fragment shader
WARNING: Output of vertex shader '_interface_variable_00' not read by fragment shader

[12:35:42] [Render thread/INFO]: Info log when linking program containing VERTEX minecraft:core/particle, FRAGMENT minecraft:core/particle. Log output: WARNING: Output of vertex shader '_interface_variable_01' not read by fragment shader
WARNING: Output of vertex shader '_interface_variable_00' not read by fragment shader

[12:35:42] [Render thread/INFO]: Info log when linking program containing VERTEX minecraft:core/text, FRAGMENT minecraft:core/text. Log output: WARNING: Output of vertex shader '_interface_variable_01' not read by fragment shader
WARNING: Output of vertex shader '_interface_variable_00' not read by fragment shader

[12:35:42] [Render thread/INFO]: Info log when linking program containing VERTEX minecraft:core/particle, FRAGMENT minecraft:core/particle. Log output: WARNING: Output of vertex shader '_interface_variable_01' not read by fragment shader
WARNING: Output of vertex shader '_interface_variable_00' not read by fragment shader

[12:35:42] [Render thread/INFO]: Info log when linking program containing VERTEX minecraft:core/entity, FRAGMENT minecraft:core/entity. Log output: WARNING: Output of vertex shader '_interface_variable_01' not read by fragment shader
WARNING: Output of vertex shader '_interface_variable_00' not read by fragment shader

[12:35:42] [Render thread/INFO]: Info log when linking program containing VERTEX minecraft:core/entity, FRAGMENT minecraft:core/entity. Log output: WARNING: Output of vertex shader '_interface_variable_01' not read by fragment shader
WARNING: Output of vertex shader '_interface_variable_00' not read by fragment shader

[12:35:42] [Render thread/INFO]: Info log when linking program containing VERTEX minecraft:core/rendertype_crumbling, FRAGMENT minecraft:core/rendertype_crumbling. Log output: WARNING: Output of vertex shader '_interface_variable_01' not read by fragment shader
WARNING: Output of vertex shader '_interface_variable_00' not read by fragment shader

[12:35:42] [Render thread/INFO]: Info log when linking program containing VERTEX minecraft:core/text, FRAGMENT minecraft:core/text. Log output: WARNING: Output of vertex shader '_interface_variable_01' not read by fragment shader
WARNING: Output of vertex shader '_interface_variable_00' not read by fragment shader

[12:35:42] [Render thread/INFO]: OpenAL initialized on device Mac mini扬声器
[12:35:42] [Render thread/INFO]: Sound engine started
[12:35:42] [Render thread/INFO]: Created: 512x256x0 minecraft:textures/atlas/particles.png-atlas
[12:35:42] [Render thread/INFO]: Created: 256x128x0 minecraft:textures/atlas/celestials.png-atlas
[12:35:42] [Render thread/INFO]: Created: 128x128x0 minecraft:textures/atlas/decorated_pot.png-atlas
[12:35:42] [Render thread/INFO]: Created: 512x256x0 minecraft:textures/atlas/paintings.png-atlas
[12:35:42] [Render thread/INFO]: Created: 1024x512x0 minecraft:textures/atlas/shield_patterns.png-atlas
[12:35:42] [Render thread/INFO]: Created: 1024x512x0 minecraft:textures/atlas/banner_patterns.png-atlas
[12:35:42] [Render thread/INFO]: Created: 2048x2048x4 minecraft:textures/atlas/blocks.png-atlas
[12:35:42] [Render thread/INFO]: Created: 1024x512x0 minecraft:textures/atlas/items.png-atlas
[12:35:42] [Render thread/INFO]: Created: 1024x1024x0 minecraft:textures/atlas/gui.png-atlas
[12:35:42] [Render thread/INFO]: Created: 128x64x0 minecraft:textures/atlas/map_decorations.png-atlas
[12:35:42] [Render thread/INFO]: Created: 512x512x0 minecraft:textures/atlas/chest.png-atlas
[12:35:42] [Render thread/INFO]: Created: 512x512x0 minecraft:textures/atlas/shulker_boxes.png-atlas
[12:35:45] [Test thread/INFO]: [STDOUT]: WILDCRAFT P4A actual biome/water/heat, native powder snow/leather, smooth HUD, gliding/focus, local preference, spectator/death, owner-only sync, dimension and reload checks passed
[12:35:45] [Render thread/INFO]: Reloading ResourceManager: vanilla, vanilla, fabric-advancement-api-v1, fabric-api, fabric-api-base, fabric-api-lookup-api-v1, fabric-biome-api-v1, fabric-block-api-v1, fabric-block-getter-api-v2, fabric-client-gametest-api-v1, fabric-command-api-v2, fabric-content-registries-v0, fabric-convention-tags-v2, fabric-crash-report-info-v1, fabric-creative-tab-api-v1, fabric-data-attachment-api-v1, fabric-data-generation-api-v1, fabric-debug-api-v1, fabric-dimensions-v1, fabric-entity-events-v1, fabric-events-interaction-v0, fabric-game-rule-api-v1, fabric-gametest-api-v1, fabric-item-api-v1, fabric-key-mapping-api-v1, fabric-lifecycle-events-v1, fabric-loot-api-v3, fabric-menu-api-v1, fabric-message-api-v1, fabric-model-loading-api-v1, fabric-networking-api-v1, fabric-object-builder-api-v1, fabric-particles-v1, fabric-permission-api-v1, fabric-recipe-api-v1, fabric-registry-sync-v0, fabric-renderer-api-v1, fabric-renderer-indigo, fabric-rendering-fluids-v1, fabric-rendering-v1, fabric-resource-conditions-api-v1, fabric-resource-loader-v0, fabric-resource-loader-v1, fabric-screen-api-v1, fabric-serialization-api-v1, fabric-sound-api-v1, fabric-tag-api-v1, fabric-transfer-api-v1, fabric-transitive-access-wideners-v1, fabricloader, wildcraft, wildcraft-test
[12:35:45] [Worker-Main-2/INFO]: Found unifont_all_no_pua-17.0.01.hex, loading
[12:35:45] [Worker-Main-9/INFO]: Found unifont_pua-17.0.01.hex, loading
[12:35:45] [Render thread/INFO]: Info log when linking program containing VERTEX minecraft:core/terrain, FRAGMENT minecraft:core/terrain. Log output: WARNING: Output of vertex shader '_interface_variable_01' not read by fragment shader
WARNING: Output of vertex shader '_interface_variable_00' not read by fragment shader
WARNING: Output of vertex shader '_interface_variable_04' not read by fragment shader

[12:35:45] [Render thread/INFO]: Info log when linking program containing VERTEX minecraft:core/rendertype_crumbling, FRAGMENT minecraft:core/rendertype_crumbling. Log output: WARNING: Output of vertex shader '_interface_variable_01' not read by fragment shader
WARNING: Output of vertex shader '_interface_variable_00' not read by fragment shader

[12:35:45] [Render thread/INFO]: Info log when linking program containing VERTEX minecraft:core/entity, FRAGMENT minecraft:core/entity. Log output: WARNING: Output of vertex shader '_interface_variable_01' not read by fragment shader
WARNING: Output of vertex shader '_interface_variable_00' not read by fragment shader

[12:35:45] [Render thread/INFO]: Info log when linking program containing VERTEX minecraft:core/rendertype_lines, FRAGMENT minecraft:core/rendertype_lines. Log output: WARNING: Output of vertex shader '_interface_variable_01' not read by fragment shader
WARNING: Output of vertex shader '_interface_variable_00' not read by fragment shader

[12:35:45] [Render thread/INFO]: Info log when linking program containing VERTEX minecraft:core/text, FRAGMENT minecraft:core/text. Log output: WARNING: Output of vertex shader '_interface_variable_01' not read by fragment shader
WARNING: Output of vertex shader '_interface_variable_00' not read by fragment shader

[12:35:45] [Render thread/INFO]: Info log when linking program containing VERTEX minecraft:core/entity, FRAGMENT minecraft:core/entity. Log output: WARNING: Output of vertex shader '_interface_variable_01' not read by fragment shader
WARNING: Output of vertex shader '_interface_variable_00' not read by fragment shader

[12:35:45] [Worker-Main-2/INFO]: Found unifont_jp_patch-17.0.01.hex, loading
[12:35:45] [Render thread/INFO]: Info log when linking program containing VERTEX minecraft:core/terrain, FRAGMENT minecraft:core/terrain. Log output: WARNING: Output of vertex shader '_interface_variable_01' not read by fragment shader
WARNING: Output of vertex shader '_interface_variable_00' not read by fragment shader
WARNING: Output of vertex shader '_interface_variable_04' not read by fragment shader

[12:35:45] [Render thread/INFO]: Info log when linking program containing VERTEX minecraft:core/text, FRAGMENT minecraft:core/text. Log output: WARNING: Output of vertex shader '_interface_variable_01' not read by fragment shader
WARNING: Output of vertex shader '_interface_variable_00' not read by fragment shader

[12:35:45] [Render thread/INFO]: Info log when linking program containing VERTEX minecraft:core/entity, FRAGMENT minecraft:core/entity. Log output: WARNING: Output of vertex shader '_interface_variable_01' not read by fragment shader
WARNING: Output of vertex shader '_interface_variable_00' not read by fragment shader

[12:35:45] [Render thread/INFO]: Info log when linking program containing VERTEX minecraft:core/block, FRAGMENT minecraft:core/block. Log output: WARNING: Output of vertex shader '_interface_variable_01' not read by fragment shader
WARNING: Output of vertex shader '_interface_variable_00' not read by fragment shader

[12:35:45] [Render thread/INFO]: Info log when linking program containing VERTEX minecraft:core/rendertype_entity_shadow, FRAGMENT minecraft:core/rendertype_entity_shadow. Log output: WARNING: Output of vertex shader '_interface_variable_01' not read by fragment shader
WARNING: Output of vertex shader '_interface_variable_00' not read by fragment shader

[12:35:45] [Render thread/INFO]: Info log when linking program containing VERTEX minecraft:core/particle, FRAGMENT minecraft:core/particle. Log output: WARNING: Output of vertex shader '_interface_variable_01' not read by fragment shader
WARNING: Output of vertex shader '_interface_variable_00' not read by fragment shader

[12:35:45] [Render thread/INFO]: Info log when linking program containing VERTEX minecraft:core/screenquad, FRAGMENT minecraft:core/oit_composite. Log output: WARNING: Output of vertex shader '_interface_variable_00' not read by fragment shader

[12:35:45] [Render thread/INFO]: Info log when linking program containing VERTEX minecraft:core/screenquad, FRAGMENT minecraft:core/integrate_depth. Log output: WARNING: Output of vertex shader '_interface_variable_00' not read by fragment shader

[12:35:45] [Render thread/INFO]: Info log when linking program containing VERTEX minecraft:core/entity, FRAGMENT minecraft:core/entity. Log output: WARNING: Output of vertex shader '_interface_variable_01' not read by fragment shader
WARNING: Output of vertex shader '_interface_variable_00' not read by fragment shader

[12:35:45] [Render thread/INFO]: Info log when linking program containing VERTEX minecraft:core/terrain, FRAGMENT minecraft:core/terrain. Log output: WARNING: Output of vertex shader '_interface_variable_01' not read by fragment shader
WARNING: Output of vertex shader '_interface_variable_00' not read by fragment shader
WARNING: Output of vertex shader '_interface_variable_04' not read by fragment shader

[12:35:45] [Render thread/INFO]: Info log when linking program containing VERTEX minecraft:core/animate_sprite, FRAGMENT minecraft:core/animate_sprite_blit. Log output: WARNING: Output of vertex shader '_interface_variable_00' not read by fragment shader

[12:35:45] [Render thread/INFO]: Info log when linking program containing VERTEX minecraft:core/entity, FRAGMENT minecraft:core/entity. Log output: WARNING: Output of vertex shader '_interface_variable_01' not read by fragment shader
WARNING: Output of vertex shader '_interface_variable_00' not read by fragment shader

[12:35:45] [Render thread/INFO]: Info log when linking program containing VERTEX minecraft:core/entity, FRAGMENT minecraft:core/entity. Log output: WARNING: Output of vertex shader '_interface_variable_01' not read by fragment shader
WARNING: Output of vertex shader '_interface_variable_00' not read by fragment shader

[12:35:45] [Render thread/INFO]: Info log when linking program containing VERTEX minecraft:core/clouds, FRAGMENT minecraft:core/clouds. Log output: WARNING: Output of vertex shader '_interface_variable_00' not read by fragment shader

[12:35:45] [Render thread/INFO]: Info log when linking program containing VERTEX minecraft:core/particle, FRAGMENT minecraft:core/particle. Log output: WARNING: Output of vertex shader '_interface_variable_01' not read by fragment shader
WARNING: Output of vertex shader '_interface_variable_00' not read by fragment shader

[12:35:45] [Worker-Main-4/WARN]: Missing textures in model wildcraft:item/battery_3d:
    wildcraft:entity/battery
[12:35:45] [Render thread/INFO]: Info log when linking program containing VERTEX minecraft:core/entity, FRAGMENT minecraft:core/entity. Log output: WARNING: Output of vertex shader '_interface_variable_01' not read by fragment shader
WARNING: Output of vertex shader '_interface_variable_00' not read by fragment shader

[12:35:45] [Render thread/INFO]: Info log when linking program containing VERTEX minecraft:core/screenquad, FRAGMENT minecraft:core/oit_depth_bounds_cull. Log output: WARNING: Output of vertex shader '_interface_variable_00' not read by fragment shader

[12:35:45] [Render thread/INFO]: Info log when linking program containing VERTEX minecraft:core/block, FRAGMENT minecraft:core/block. Log output: WARNING: Output of vertex shader '_interface_variable_01' not read by fragment shader
WARNING: Output of vertex shader '_interface_variable_00' not read by fragment shader

[12:35:45] [Render thread/INFO]: Info log when linking program containing VERTEX minecraft:core/text, FRAGMENT minecraft:core/text. Log output: WARNING: Output of vertex shader '_interface_variable_01' not read by fragment shader
WARNING: Output of vertex shader '_interface_variable_00' not read by fragment shader

[12:35:45] [Render thread/INFO]: Info log when linking program containing VERTEX minecraft:core/text, FRAGMENT minecraft:core/text. Log output: WARNING: Output of vertex shader '_interface_variable_01' not read by fragment shader
WARNING: Output of vertex shader '_interface_variable_00' not read by fragment shader

[12:35:45] [Render thread/INFO]: Info log when linking program containing VERTEX minecraft:core/text, FRAGMENT minecraft:core/text. Log output: WARNING: Output of vertex shader '_interface_variable_01' not read by fragment shader
WARNING: Output of vertex shader '_interface_variable_00' not read by fragment shader

[12:35:45] [Render thread/INFO]: Info log when linking program containing VERTEX minecraft:core/entity, FRAGMENT minecraft:core/entity. Log output: WARNING: Output of vertex shader '_interface_variable_01' not read by fragment shader
WARNING: Output of vertex shader '_interface_variable_00' not read by fragment shader

[12:35:45] [Render thread/INFO]: Info log when linking program containing VERTEX minecraft:core/terrain, FRAGMENT minecraft:core/terrain. Log output: WARNING: Output of vertex shader '_interface_variable_01' not read by fragment shader
WARNING: Output of vertex shader '_interface_variable_00' not read by fragment shader
WARNING: Output of vertex shader '_interface_variable_04' not read by fragment shader

[12:35:45] [Render thread/INFO]: Info log when linking program containing VERTEX minecraft:core/text, FRAGMENT minecraft:core/text. Log output: WARNING: Output of vertex shader '_interface_variable_01' not read by fragment shader
WARNING: Output of vertex shader '_interface_variable_00' not read by fragment shader

[12:35:45] [Render thread/INFO]: Info log when linking program containing VERTEX minecraft:core/clouds, FRAGMENT minecraft:core/clouds. Log output: WARNING: Output of vertex shader '_interface_variable_00' not read by fragment shader

[12:35:45] [Render thread/INFO]: Info log when linking program containing VERTEX minecraft:core/rendertype_lines, FRAGMENT minecraft:core/rendertype_lines. Log output: WARNING: Output of vertex shader '_interface_variable_01' not read by fragment shader
WARNING: Output of vertex shader '_interface_variable_00' not read by fragment shader

[12:35:45] [Render thread/INFO]: Info log when linking program containing VERTEX minecraft:core/rendertype_entity_shadow, FRAGMENT minecraft:core/rendertype_entity_shadow. Log output: WARNING: Output of vertex shader '_interface_variable_01' not read by fragment shader
WARNING: Output of vertex shader '_interface_variable_00' not read by fragment shader

[12:35:45] [Render thread/INFO]: Info log when linking program containing VERTEX minecraft:core/entity, FRAGMENT minecraft:core/entity. Log output: WARNING: Output of vertex shader '_interface_variable_01' not read by fragment shader
WARNING: Output of vertex shader '_interface_variable_00' not read by fragment shader

[12:35:45] [Render thread/INFO]: Info log when linking program containing VERTEX minecraft:core/particle, FRAGMENT minecraft:core/particle. Log output: WARNING: Output of vertex shader '_interface_variable_01' not read by fragment shader
WARNING: Output of vertex shader '_interface_variable_00' not read by fragment shader

[12:35:45] [Render thread/INFO]: Info log when linking program containing VERTEX minecraft:core/rendertype_crumbling, FRAGMENT minecraft:core/rendertype_crumbling. Log output: WARNING: Output of vertex shader '_interface_variable_01' not read by fragment shader
WARNING: Output of vertex shader '_interface_variable_00' not read by fragment shader

[12:35:45] [Render thread/INFO]: Info log when linking program containing VERTEX minecraft:core/entity, FRAGMENT minecraft:core/entity. Log output: WARNING: Output of vertex shader '_interface_variable_01' not read by fragment shader
WARNING: Output of vertex shader '_interface_variable_00' not read by fragment shader

[12:35:45] [Render thread/INFO]: Info log when linking program containing VERTEX minecraft:core/particle, FRAGMENT minecraft:core/particle. Log output: WARNING: Output of vertex shader '_interface_variable_01' not read by fragment shader
WARNING: Output of vertex shader '_interface_variable_00' not read by fragment shader

[12:35:45] [Render thread/INFO]: Info log when linking program containing VERTEX minecraft:core/entity, FRAGMENT minecraft:core/entity. Log output: WARNING: Output of vertex shader '_interface_variable_01' not read by fragment shader
WARNING: Output of vertex shader '_interface_variable_00' not read by fragment shader

[12:35:45] [Render thread/INFO]: Info log when linking program containing VERTEX minecraft:core/text, FRAGMENT minecraft:core/text. Log output: WARNING: Output of vertex shader '_interface_variable_01' not read by fragment shader
WARNING: Output of vertex shader '_interface_variable_00' not read by fragment shader

[12:35:45] [Render thread/INFO]: Info log when linking program containing VERTEX minecraft:core/text, FRAGMENT minecraft:core/text. Log output: WARNING: Output of vertex shader '_interface_variable_01' not read by fragment shader
WARNING: Output of vertex shader '_interface_variable_00' not read by fragment shader

[12:35:45] [Render thread/INFO]: Info log when linking program containing VERTEX minecraft:core/entity, FRAGMENT minecraft:core/entity. Log output: WARNING: Output of vertex shader '_interface_variable_01' not read by fragment shader
WARNING: Output of vertex shader '_interface_variable_00' not read by fragment shader

[12:35:45] [Render thread/INFO]: OpenAL initialized on device Mac mini扬声器
[12:35:45] [Render thread/INFO]: Sound engine started
[12:35:45] [Render thread/INFO]: Created: 512x256x0 minecraft:textures/atlas/particles.png-atlas
[12:35:45] [Render thread/INFO]: Created: 256x128x0 minecraft:textures/atlas/celestials.png-atlas
[12:35:45] [Render thread/INFO]: Created: 128x128x0 minecraft:textures/atlas/decorated_pot.png-atlas
[12:35:45] [Render thread/INFO]: Created: 512x256x0 minecraft:textures/atlas/paintings.png-atlas
[12:35:45] [Render thread/INFO]: Created: 1024x512x0 minecraft:textures/atlas/shield_patterns.png-atlas
[12:35:45] [Render thread/INFO]: Created: 1024x512x0 minecraft:textures/atlas/banner_patterns.png-atlas
[12:35:45] [Render thread/INFO]: Created: 2048x2048x4 minecraft:textures/atlas/blocks.png-atlas
[12:35:45] [Render thread/INFO]: Created: 1024x512x0 minecraft:textures/atlas/items.png-atlas
[12:35:45] [Render thread/INFO]: Created: 1024x1024x0 minecraft:textures/atlas/gui.png-atlas
[12:35:45] [Render thread/INFO]: Created: 128x64x0 minecraft:textures/atlas/map_decorations.png-atlas
[12:35:45] [Render thread/INFO]: Created: 512x512x0 minecraft:textures/atlas/chest.png-atlas
[12:35:45] [Render thread/INFO]: Created: 512x512x0 minecraft:textures/atlas/shulker_boxes.png-atlas
[12:35:48] [Worker-Main-5/INFO]: Loaded 1872 advancements
[12:35:48] [Render thread/INFO]: World loading finished: null screen: net.minecraft.client.gui.screens.GenericMessageScreen@7bb610ed
[12:35:48] [Render thread/INFO]: Applied 0 biome modifications to 0 of 67 new biomes in 131.8 μs
[12:35:48] [Server thread/INFO]: Starting integrated minecraft server version 26.3
[12:35:48] [Server thread/INFO]: Generating keypair
[12:35:48] [Server thread/INFO]: Selecting global world spawn...
[12:35:48] [Server thread/INFO]: Loading 0 persistent chunks...
[12:35:48] [Server thread/INFO]: 准备生成区域中：16%
[12:35:48] [Server thread/INFO]: Saving chunks for level 'ServerLevel[新的世界]'/minecraft:overworld
[12:35:48] [Server thread/INFO]: Saving chunks for level 'ServerLevel[新的世界]'/minecraft:the_end
[12:35:48] [Server thread/INFO]: Saving chunks for level 'ServerLevel[新的世界]'/minecraft:the_nether
[12:35:48] [Render thread/INFO]: World loading finished: null screen: net.minecraft.client.gui.screens.LevelLoadingScreen@12d177ef
[12:35:48] [Render thread/INFO]: World loading finished: null screen: net.minecraft.client.gui.screens.LevelLoadingScreen@12d177ef
[12:35:48] [Render thread/INFO]: World loading finished: null screen: net.minecraft.client.gui.screens.LevelLoadingScreen@12d177ef
[12:35:48] [Render thread/INFO]: World loading finished: null screen: net.minecraft.client.gui.screens.LevelLoadingScreen@12d177ef
[12:35:48] [Server thread/INFO]: Loading 48 chunks for player spawn...
[12:35:48] [Render thread/INFO]: World loading finished: null screen: net.minecraft.client.gui.screens.LevelLoadingScreen@12d177ef
[12:35:48] [Render thread/INFO]: World loading finished: null screen: net.minecraft.client.gui.screens.LevelLoadingScreen@12d177ef
[12:35:48] [Server thread/INFO]: Time elapsed: 365 ms
[12:35:48] [Render thread/INFO]: World loading finished: null screen: net.minecraft.client.gui.screens.LevelLoadingScreen@12d177ef
[12:35:48] [Server thread/INFO]: Player32[local:E:8c443e37] logged in with entity id 103 at (0.5, -60.0, 0.5)
[12:35:48] [Server thread/INFO]: System chat: Player32加入了游戏
[12:35:48] [Render thread/INFO]: Loaded 2 advancements
[12:35:48] [Server thread/INFO]: Changing view distance to 5, from 10
[12:35:48] [Server thread/INFO]: Changing simulation distance to 12, from 0
[12:35:48] [Render thread/INFO]: World loading finished: ClientLevel screen: net.minecraft.client.gui.screens.LevelLoadingScreen@12d177ef
[12:35:48] [Render thread/WARN]: Requested post effect does not exist: minecraft:end_of_frame
[12:35:48] [Render thread/INFO]: World loading finished: ClientLevel screen: net.minecraft.client.gui.screens.LevelLoadingScreen@12d177ef
[12:35:48] [Render thread/INFO]: World loading finished: ClientLevel screen: net.minecraft.client.gui.screens.LevelLoadingScreen@12d177ef
[12:35:48] [Render thread/INFO]: World loading finished: ClientLevel screen: net.minecraft.client.gui.screens.LevelLoadingScreen@12d177ef
[12:35:49] [Render thread/INFO]: World loading finished: ClientLevel screen: net.minecraft.client.gui.screens.LevelLoadingScreen@12d177ef
[12:35:49] [Render thread/INFO]: World loading finished: ClientLevel screen: net.minecraft.client.gui.screens.LevelLoadingScreen@12d177ef
[12:35:49] [Render thread/INFO]: World loading finished: ClientLevel screen: net.minecraft.client.gui.screens.LevelLoadingScreen@12d177ef
[12:35:49] [Render thread/INFO]: World loading finished: ClientLevel screen: net.minecraft.client.gui.screens.LevelLoadingScreen@12d177ef
[12:35:49] [Render thread/INFO]: World loading finished: ClientLevel screen: net.minecraft.client.gui.screens.LevelLoadingScreen@12d177ef
[12:35:49] [Render thread/INFO]: World loading finished: ClientLevel screen: net.minecraft.client.gui.screens.LevelLoadingScreen@12d177ef
[12:35:49] [Render thread/INFO]: World loading finished: ClientLevel screen: net.minecraft.client.gui.screens.LevelLoadingScreen@12d177ef
[12:35:49] [Render thread/INFO]: World loading finished: ClientLevel screen: net.minecraft.client.gui.screens.LevelLoadingScreen@12d177ef
[12:35:49] [Render thread/INFO]: World loading finished: ClientLevel screen: net.minecraft.client.gui.screens.LevelLoadingScreen@12d177ef
[12:35:49] [Render thread/INFO]: World loading finished: ClientLevel screen: net.minecraft.client.gui.screens.LevelLoadingScreen@12d177ef
[12:35:49] [Render thread/INFO]: World loading finished: ClientLevel screen: net.minecraft.client.gui.screens.LevelLoadingScreen@12d177ef
[12:35:49] [Render thread/INFO]: World loading finished: ClientLevel screen: net.minecraft.client.gui.screens.LevelLoadingScreen@12d177ef
[12:35:49] [Render thread/INFO]: World loading finished: ClientLevel screen: null
[12:35:57] [Render thread/INFO]: Loaded 25 advancements
[12:35:57] [Server thread/INFO]: Saving and pausing game...
[12:35:57] [Server thread/INFO]: Saving chunks for level 'ServerLevel[新的世界]'/minecraft:overworld
[12:35:57] [Server thread/INFO]: Saving chunks for level 'ServerLevel[新的世界]'/minecraft:the_end
[12:35:57] [Server thread/INFO]: Saving chunks for level 'ServerLevel[新的世界]'/minecraft:the_nether
[12:36:03] [Server thread/INFO]: [STDOUT]: P4B freeze probe pos=(0.5, 120.0, 0.5) freeze=13 powder=true can=true warm=MealEffects[schema=1, warmth=Effect[strength=2, millis=28049], cooling=Effect[strength=0, millis=0], recovery=Effect[strength=0, millis=0]]
[12:36:23] [Render thread/INFO]: Loaded 26 advancements
[12:36:27] [Render thread/INFO]: Loaded 27 advancements
[12:36:29] [Server thread/INFO]: System chat: Player32取得了进度[勇往直下]
[12:36:29] [Render thread/INFO]: [System] [CHAT] Player32取得了进度[勇往直下]
[12:36:29] [Server thread/INFO]: Player32 lost connection: 连接中断
[12:36:29] [Server thread/INFO]: System chat: Player32退出了游戏
[12:36:29] [Server thread/INFO]: Stopping singleplayer server as player logged out
[12:36:29] [Server thread/INFO]: Stopping server
[12:36:29] [Server thread/INFO]: Saving players
[12:36:29] [Server thread/INFO]: Saving worlds
[12:36:29] [Server thread/INFO]: Saving chunks for level 'ServerLevel[新的世界]'/minecraft:overworld
[12:36:29] [Server thread/INFO]: Saving chunks for level 'ServerLevel[新的世界]'/minecraft:the_end
[12:36:29] [Server thread/INFO]: Saving chunks for level 'ServerLevel[新的世界]'/minecraft:the_nether
[12:36:30] [Render thread/INFO]: World loading finished: null screen: net.minecraft.client.gui.screens.GenericMessageScreen@745129dd
[12:36:30] [Worker-Main-3/INFO]: Loaded 1872 advancements
[12:36:30] [Render thread/INFO]: Applied 0 biome modifications to 0 of 67 new biomes in 176.5 μs
[12:36:30] [Server thread/INFO]: Starting integrated minecraft server version 26.3
[12:36:30] [Server thread/INFO]: Generating keypair
[12:36:30] [Server thread/INFO]: Loading 0 persistent chunks...
[12:36:30] [Server thread/INFO]: Saving chunks for level 'ServerLevel[新的世界]'/minecraft:overworld
[12:36:30] [Server thread/INFO]: Saving chunks for level 'ServerLevel[新的世界]'/minecraft:the_end
[12:36:30] [Server thread/INFO]: Saving chunks for level 'ServerLevel[新的世界]'/minecraft:the_nether
[12:36:30] [Render thread/INFO]: World loading finished: null screen: net.minecraft.client.gui.screens.LevelLoadingScreen@3759fc39
[12:36:30] [Render thread/INFO]: World loading finished: null screen: net.minecraft.client.gui.screens.LevelLoadingScreen@3759fc39
[12:36:30] [Render thread/INFO]: World loading finished: null screen: net.minecraft.client.gui.screens.LevelLoadingScreen@3759fc39
[12:36:31] [Render thread/INFO]: World loading finished: null screen: net.minecraft.client.gui.screens.LevelLoadingScreen@3759fc39
[12:36:31] [Server thread/INFO]: Loading 49 chunks for player spawn...
[12:36:31] [Server thread/INFO]: 准备生成区域中：16%
[12:36:31] [Render thread/INFO]: World loading finished: null screen: net.minecraft.client.gui.screens.LevelLoadingScreen@3759fc39
[12:36:31] [Render thread/INFO]: World loading finished: null screen: net.minecraft.client.gui.screens.LevelLoadingScreen@3759fc39
[12:36:31] [Render thread/INFO]: World loading finished: null screen: net.minecraft.client.gui.screens.LevelLoadingScreen@3759fc39
[12:36:31] [Server thread/INFO]: Time elapsed: 369 ms
[12:36:31] [Render thread/INFO]: World loading finished: null screen: net.minecraft.client.gui.screens.LevelLoadingScreen@3759fc39
[12:36:31] [Server thread/INFO]: Player32[local:E:532a2bd4] logged in with entity id 105 at (0.5, 120.0, 0.5)
[12:36:31] [Server thread/INFO]: System chat: Player32加入了游戏
[12:36:31] [Server thread/INFO]: Changing view distance to 5, from 10
[12:36:31] [Server thread/INFO]: Changing simulation distance to 12, from 0
[12:36:31] [Render thread/INFO]: World loading finished: ClientLevel screen: net.minecraft.client.gui.screens.LevelLoadingScreen@3759fc39
[12:36:31] [Render thread/INFO]: Loaded 54 advancements
[12:36:31] [Render thread/INFO]: World loading finished: ClientLevel screen: net.minecraft.client.gui.screens.LevelLoadingScreen@3759fc39
[12:36:31] [Render thread/INFO]: World loading finished: ClientLevel screen: net.minecraft.client.gui.screens.LevelLoadingScreen@3759fc39
[12:36:31] [Render thread/INFO]: World loading finished: ClientLevel screen: net.minecraft.client.gui.screens.LevelLoadingScreen@3759fc39
[12:36:31] [Render thread/INFO]: World loading finished: ClientLevel screen: net.minecraft.client.gui.screens.LevelLoadingScreen@3759fc39
[12:36:31] [Render thread/INFO]: World loading finished: ClientLevel screen: null
[12:36:32] [Render thread/INFO]: Loaded 54 advancements
[12:36:32] [Server thread/INFO]: System chat: Player32被杀死了
[12:36:32] [Server thread/INFO]: System chat: 杀死了Player32
[12:36:32] [Render thread/INFO]: [System] [CHAT] Player32被杀死了
[12:36:32] [Server thread/INFO]: Player32 lost connection: 连接中断
[12:36:32] [Server thread/INFO]: System chat: Player32退出了游戏
[12:36:32] [Server thread/INFO]: Stopping singleplayer server as player logged out
[12:36:32] [Server thread/INFO]: Stopping server
[12:36:32] [Server thread/INFO]: Saving players
[12:36:32] [Server thread/INFO]: Saving worlds
[12:36:32] [Server thread/INFO]: Saving chunks for level 'ServerLevel[新的世界]'/minecraft:overworld
[12:36:33] [Server thread/INFO]: Saving chunks for level 'ServerLevel[新的世界]'/minecraft:the_end
[12:36:33] [Server thread/INFO]: Saving chunks for level 'ServerLevel[新的世界]'/minecraft:the_nether
[12:36:33] [Render thread/INFO]: Reloading ResourceManager: vanilla, vanilla, fabric-advancement-api-v1, fabric-api, fabric-api-base, fabric-api-lookup-api-v1, fabric-biome-api-v1, fabric-block-api-v1, fabric-block-getter-api-v2, fabric-client-gametest-api-v1, fabric-command-api-v2, fabric-content-registries-v0, fabric-convention-tags-v2, fabric-crash-report-info-v1, fabric-creative-tab-api-v1, fabric-data-attachment-api-v1, fabric-data-generation-api-v1, fabric-debug-api-v1, fabric-dimensions-v1, fabric-entity-events-v1, fabric-events-interaction-v0, fabric-game-rule-api-v1, fabric-gametest-api-v1, fabric-item-api-v1, fabric-key-mapping-api-v1, fabric-lifecycle-events-v1, fabric-loot-api-v3, fabric-menu-api-v1, fabric-message-api-v1, fabric-model-loading-api-v1, fabric-networking-api-v1, fabric-object-builder-api-v1, fabric-particles-v1, fabric-permission-api-v1, fabric-recipe-api-v1, fabric-registry-sync-v0, fabric-renderer-api-v1, fabric-renderer-indigo, fabric-rendering-fluids-v1, fabric-rendering-v1, fabric-resource-conditions-api-v1, fabric-resource-loader-v0, fabric-resource-loader-v1, fabric-screen-api-v1, fabric-serialization-api-v1, fabric-sound-api-v1, fabric-tag-api-v1, fabric-transfer-api-v1, fabric-transitive-access-wideners-v1, fabricloader, wildcraft, wildcraft-test
[12:36:33] [Worker-Main-7/INFO]: Found unifont_all_no_pua-17.0.01.hex, loading
[12:36:33] [Worker-Main-5/INFO]: Found unifont_pua-17.0.01.hex, loading
[12:36:33] [Render thread/INFO]: Info log when linking program containing VERTEX minecraft:core/terrain, FRAGMENT minecraft:core/terrain. Log output: WARNING: Output of vertex shader '_interface_variable_01' not read by fragment shader
WARNING: Output of vertex shader '_interface_variable_00' not read by fragment shader
WARNING: Output of vertex shader '_interface_variable_04' not read by fragment shader

[12:36:33] [Render thread/INFO]: Info log when linking program containing VERTEX minecraft:core/rendertype_crumbling, FRAGMENT minecraft:core/rendertype_crumbling. Log output: WARNING: Output of vertex shader '_interface_variable_01' not read by fragment shader
WARNING: Output of vertex shader '_interface_variable_00' not read by fragment shader

[12:36:33] [Render thread/INFO]: Info log when linking program containing VERTEX minecraft:core/entity, FRAGMENT minecraft:core/entity. Log output: WARNING: Output of vertex shader '_interface_variable_01' not read by fragment shader
WARNING: Output of vertex shader '_interface_variable_00' not read by fragment shader

[12:36:33] [Render thread/INFO]: Info log when linking program containing VERTEX minecraft:core/rendertype_lines, FRAGMENT minecraft:core/rendertype_lines. Log output: WARNING: Output of vertex shader '_interface_variable_01' not read by fragment shader
WARNING: Output of vertex shader '_interface_variable_00' not read by fragment shader

[12:36:33] [Render thread/INFO]: Info log when linking program containing VERTEX minecraft:core/entity, FRAGMENT minecraft:core/entity. Log output: WARNING: Output of vertex shader '_interface_variable_01' not read by fragment shader
WARNING: Output of vertex shader '_interface_variable_00' not read by fragment shader

[12:36:33] [Render thread/INFO]: Info log when linking program containing VERTEX minecraft:core/terrain, FRAGMENT minecraft:core/terrain. Log output: WARNING: Output of vertex shader '_interface_variable_01' not read by fragment shader
WARNING: Output of vertex shader '_interface_variable_00' not read by fragment shader
WARNING: Output of vertex shader '_interface_variable_04' not read by fragment shader

[12:36:33] [Worker-Main-7/INFO]: Found unifont_jp_patch-17.0.01.hex, loading
[12:36:33] [Render thread/INFO]: Info log when linking program containing VERTEX minecraft:core/text, FRAGMENT minecraft:core/text. Log output: WARNING: Output of vertex shader '_interface_variable_01' not read by fragment shader
WARNING: Output of vertex shader '_interface_variable_00' not read by fragment shader

[12:36:33] [Render thread/INFO]: Info log when linking program containing VERTEX minecraft:core/text, FRAGMENT minecraft:core/text. Log output: WARNING: Output of vertex shader '_interface_variable_01' not read by fragment shader
WARNING: Output of vertex shader '_interface_variable_00' not read by fragment shader

[12:36:33] [Render thread/INFO]: Info log when linking program containing VERTEX minecraft:core/block, FRAGMENT minecraft:core/block. Log output: WARNING: Output of vertex shader '_interface_variable_01' not read by fragment shader
WARNING: Output of vertex shader '_interface_variable_00' not read by fragment shader

[12:36:33] [Render thread/INFO]: Info log when linking program containing VERTEX minecraft:core/entity, FRAGMENT minecraft:core/entity. Log output: WARNING: Output of vertex shader '_interface_variable_01' not read by fragment shader
WARNING: Output of vertex shader '_interface_variable_00' not read by fragment shader

[12:36:33] [Render thread/INFO]: Info log when linking program containing VERTEX minecraft:core/particle, FRAGMENT minecraft:core/particle. Log output: WARNING: Output of vertex shader '_interface_variable_01' not read by fragment shader
WARNING: Output of vertex shader '_interface_variable_00' not read by fragment shader

[12:36:33] [Render thread/INFO]: Info log when linking program containing VERTEX minecraft:core/rendertype_entity_shadow, FRAGMENT minecraft:core/rendertype_entity_shadow. Log output: WARNING: Output of vertex shader '_interface_variable_01' not read by fragment shader
WARNING: Output of vertex shader '_interface_variable_00' not read by fragment shader

[12:36:33] [Render thread/INFO]: Info log when linking program containing VERTEX minecraft:core/screenquad, FRAGMENT minecraft:core/oit_composite. Log output: WARNING: Output of vertex shader '_interface_variable_00' not read by fragment shader

[12:36:33] [Render thread/INFO]: Info log when linking program containing VERTEX minecraft:core/screenquad, FRAGMENT minecraft:core/integrate_depth. Log output: WARNING: Output of vertex shader '_interface_variable_00' not read by fragment shader

[12:36:33] [Render thread/INFO]: Info log when linking program containing VERTEX minecraft:core/terrain, FRAGMENT minecraft:core/terrain. Log output: WARNING: Output of vertex shader '_interface_variable_01' not read by fragment shader
WARNING: Output of vertex shader '_interface_variable_00' not read by fragment shader
WARNING: Output of vertex shader '_interface_variable_04' not read by fragment shader

[12:36:33] [Render thread/INFO]: Info log when linking program containing VERTEX minecraft:core/entity, FRAGMENT minecraft:core/entity. Log output: WARNING: Output of vertex shader '_interface_variable_01' not read by fragment shader
WARNING: Output of vertex shader '_interface_variable_00' not read by fragment shader

[12:36:33] [Worker-Main-3/WARN]: Missing textures in model wildcraft:item/battery_3d:
    wildcraft:entity/battery
[12:36:33] [Render thread/INFO]: Info log when linking program containing VERTEX minecraft:core/animate_sprite, FRAGMENT minecraft:core/animate_sprite_blit. Log output: WARNING: Output of vertex shader '_interface_variable_00' not read by fragment shader

[12:36:33] [Render thread/INFO]: Info log when linking program containing VERTEX minecraft:core/entity, FRAGMENT minecraft:core/entity. Log output: WARNING: Output of vertex shader '_interface_variable_01' not read by fragment shader
WARNING: Output of vertex shader '_interface_variable_00' not read by fragment shader

[12:36:33] [Render thread/INFO]: Info log when linking program containing VERTEX minecraft:core/entity, FRAGMENT minecraft:core/entity. Log output: WARNING: Output of vertex shader '_interface_variable_01' not read by fragment shader
WARNING: Output of vertex shader '_interface_variable_00' not read by fragment shader

[12:36:33] [Render thread/INFO]: Info log when linking program containing VERTEX minecraft:core/particle, FRAGMENT minecraft:core/particle. Log output: WARNING: Output of vertex shader '_interface_variable_01' not read by fragment shader
WARNING: Output of vertex shader '_interface_variable_00' not read by fragment shader

[12:36:33] [Render thread/INFO]: Info log when linking program containing VERTEX minecraft:core/clouds, FRAGMENT minecraft:core/clouds. Log output: WARNING: Output of vertex shader '_interface_variable_00' not read by fragment shader

[12:36:33] [Render thread/INFO]: Info log when linking program containing VERTEX minecraft:core/entity, FRAGMENT minecraft:core/entity. Log output: WARNING: Output of vertex shader '_interface_variable_01' not read by fragment shader
WARNING: Output of vertex shader '_interface_variable_00' not read by fragment shader

[12:36:33] [Render thread/INFO]: Info log when linking program containing VERTEX minecraft:core/screenquad, FRAGMENT minecraft:core/oit_depth_bounds_cull. Log output: WARNING: Output of vertex shader '_interface_variable_00' not read by fragment shader

[12:36:33] [Render thread/INFO]: Info log when linking program containing VERTEX minecraft:core/block, FRAGMENT minecraft:core/block. Log output: WARNING: Output of vertex shader '_interface_variable_01' not read by fragment shader
WARNING: Output of vertex shader '_interface_variable_00' not read by fragment shader

[12:36:33] [Render thread/INFO]: Info log when linking program containing VERTEX minecraft:core/text, FRAGMENT minecraft:core/text. Log output: WARNING: Output of vertex shader '_interface_variable_01' not read by fragment shader
WARNING: Output of vertex shader '_interface_variable_00' not read by fragment shader

[12:36:33] [Render thread/INFO]: Info log when linking program containing VERTEX minecraft:core/text, FRAGMENT minecraft:core/text. Log output: WARNING: Output of vertex shader '_interface_variable_01' not read by fragment shader
WARNING: Output of vertex shader '_interface_variable_00' not read by fragment shader

[12:36:33] [Render thread/INFO]: Info log when linking program containing VERTEX minecraft:core/text, FRAGMENT minecraft:core/text. Log output: WARNING: Output of vertex shader '_interface_variable_01' not read by fragment shader
WARNING: Output of vertex shader '_interface_variable_00' not read by fragment shader

[12:36:33] [Render thread/INFO]: Info log when linking program containing VERTEX minecraft:core/entity, FRAGMENT minecraft:core/entity. Log output: WARNING: Output of vertex shader '_interface_variable_01' not read by fragment shader
WARNING: Output of vertex shader '_interface_variable_00' not read by fragment shader

[12:36:33] [Render thread/INFO]: Info log when linking program containing VERTEX minecraft:core/text, FRAGMENT minecraft:core/text. Log output: WARNING: Output of vertex shader '_interface_variable_01' not read by fragment shader
WARNING: Output of vertex shader '_interface_variable_00' not read by fragment shader

[12:36:33] [Render thread/INFO]: Info log when linking program containing VERTEX minecraft:core/clouds, FRAGMENT minecraft:core/clouds. Log output: WARNING: Output of vertex shader '_interface_variable_00' not read by fragment shader

[12:36:33] [Render thread/INFO]: Info log when linking program containing VERTEX minecraft:core/rendertype_lines, FRAGMENT minecraft:core/rendertype_lines. Log output: WARNING: Output of vertex shader '_interface_variable_01' not read by fragment shader
WARNING: Output of vertex shader '_interface_variable_00' not read by fragment shader

[12:36:33] [Render thread/INFO]: Info log when linking program containing VERTEX minecraft:core/terrain, FRAGMENT minecraft:core/terrain. Log output: WARNING: Output of vertex shader '_interface_variable_01' not read by fragment shader
WARNING: Output of vertex shader '_interface_variable_00' not read by fragment shader
WARNING: Output of vertex shader '_interface_variable_04' not read by fragment shader

[12:36:33] [Render thread/INFO]: Info log when linking program containing VERTEX minecraft:core/rendertype_entity_shadow, FRAGMENT minecraft:core/rendertype_entity_shadow. Log output: WARNING: Output of vertex shader '_interface_variable_01' not read by fragment shader
WARNING: Output of vertex shader '_interface_variable_00' not read by fragment shader

[12:36:33] [Render thread/INFO]: Info log when linking program containing VERTEX minecraft:core/entity, FRAGMENT minecraft:core/entity. Log output: WARNING: Output of vertex shader '_interface_variable_01' not read by fragment shader
WARNING: Output of vertex shader '_interface_variable_00' not read by fragment shader

[12:36:33] [Render thread/INFO]: Info log when linking program containing VERTEX minecraft:core/particle, FRAGMENT minecraft:core/particle. Log output: WARNING: Output of vertex shader '_interface_variable_01' not read by fragment shader
WARNING: Output of vertex shader '_interface_variable_00' not read by fragment shader

[12:36:33] [Render thread/INFO]: Info log when linking program containing VERTEX minecraft:core/entity, FRAGMENT minecraft:core/entity. Log output: WARNING: Output of vertex shader '_interface_variable_01' not read by fragment shader
WARNING: Output of vertex shader '_interface_variable_00' not read by fragment shader

[12:36:33] [Render thread/INFO]: Info log when linking program containing VERTEX minecraft:core/text, FRAGMENT minecraft:core/text. Log output: WARNING: Output of vertex shader '_interface_variable_01' not read by fragment shader
WARNING: Output of vertex shader '_interface_variable_00' not read by fragment shader

[12:36:33] [Render thread/INFO]: Info log when linking program containing VERTEX minecraft:core/entity, FRAGMENT minecraft:core/entity. Log output: WARNING: Output of vertex shader '_interface_variable_01' not read by fragment shader
WARNING: Output of vertex shader '_interface_variable_00' not read by fragment shader

[12:36:33] [Render thread/INFO]: Info log when linking program containing VERTEX minecraft:core/rendertype_crumbling, FRAGMENT minecraft:core/rendertype_crumbling. Log output: WARNING: Output of vertex shader '_interface_variable_01' not read by fragment shader
WARNING: Output of vertex shader '_interface_variable_00' not read by fragment shader

[12:36:33] [Render thread/INFO]: Info log when linking program containing VERTEX minecraft:core/particle, FRAGMENT minecraft:core/particle. Log output: WARNING: Output of vertex shader '_interface_variable_01' not read by fragment shader
WARNING: Output of vertex shader '_interface_variable_00' not read by fragment shader

[12:36:33] [Render thread/INFO]: Info log when linking program containing VERTEX minecraft:core/text, FRAGMENT minecraft:core/text. Log output: WARNING: Output of vertex shader '_interface_variable_01' not read by fragment shader
WARNING: Output of vertex shader '_interface_variable_00' not read by fragment shader

[12:36:33] [Render thread/INFO]: Info log when linking program containing VERTEX minecraft:core/entity, FRAGMENT minecraft:core/entity. Log output: WARNING: Output of vertex shader '_interface_variable_01' not read by fragment shader
WARNING: Output of vertex shader '_interface_variable_00' not read by fragment shader

[12:36:33] [Render thread/INFO]: OpenAL initialized on device Mac mini扬声器
[12:36:33] [Render thread/INFO]: Sound engine started
[12:36:33] [Render thread/INFO]: Created: 512x256x0 minecraft:textures/atlas/particles.png-atlas
[12:36:33] [Render thread/INFO]: Created: 256x128x0 minecraft:textures/atlas/celestials.png-atlas
[12:36:33] [Render thread/INFO]: Created: 128x128x0 minecraft:textures/atlas/decorated_pot.png-atlas
[12:36:33] [Render thread/INFO]: Created: 512x256x0 minecraft:textures/atlas/paintings.png-atlas
[12:36:33] [Render thread/INFO]: Created: 1024x512x0 minecraft:textures/atlas/shield_patterns.png-atlas
[12:36:33] [Render thread/INFO]: Created: 1024x512x0 minecraft:textures/atlas/banner_patterns.png-atlas
[12:36:33] [Render thread/INFO]: Created: 2048x2048x4 minecraft:textures/atlas/blocks.png-atlas
[12:36:33] [Render thread/INFO]: Created: 1024x512x0 minecraft:textures/atlas/items.png-atlas
[12:36:33] [Render thread/INFO]: Created: 1024x1024x0 minecraft:textures/atlas/gui.png-atlas
[12:36:33] [Render thread/INFO]: Created: 128x64x0 minecraft:textures/atlas/map_decorations.png-atlas
[12:36:33] [Render thread/INFO]: Created: 512x512x0 minecraft:textures/atlas/chest.png-atlas
[12:36:33] [Render thread/INFO]: Created: 512x512x0 minecraft:textures/atlas/shulker_boxes.png-atlas
[12:36:34] [Test thread/INFO]: [STDOUT]: WILDCRAFT P4B native pot/menu/consumption/bowl, real expiry, pause, finite freezing/leather/fire, focus, dimension/reload/death passed
[12:36:36] [Render thread/INFO]: Reloading ResourceManager: vanilla, vanilla, fabric-advancement-api-v1, fabric-api, fabric-api-base, fabric-api-lookup-api-v1, fabric-biome-api-v1, fabric-block-api-v1, fabric-block-getter-api-v2, fabric-client-gametest-api-v1, fabric-command-api-v2, fabric-content-registries-v0, fabric-convention-tags-v2, fabric-crash-report-info-v1, fabric-creative-tab-api-v1, fabric-data-attachment-api-v1, fabric-data-generation-api-v1, fabric-debug-api-v1, fabric-dimensions-v1, fabric-entity-events-v1, fabric-events-interaction-v0, fabric-game-rule-api-v1, fabric-gametest-api-v1, fabric-item-api-v1, fabric-key-mapping-api-v1, fabric-lifecycle-events-v1, fabric-loot-api-v3, fabric-menu-api-v1, fabric-message-api-v1, fabric-model-loading-api-v1, fabric-networking-api-v1, fabric-object-builder-api-v1, fabric-particles-v1, fabric-permission-api-v1, fabric-recipe-api-v1, fabric-registry-sync-v0, fabric-renderer-api-v1, fabric-renderer-indigo, fabric-rendering-fluids-v1, fabric-rendering-v1, fabric-resource-conditions-api-v1, fabric-resource-loader-v0, fabric-resource-loader-v1, fabric-screen-api-v1, fabric-serialization-api-v1, fabric-sound-api-v1, fabric-tag-api-v1, fabric-transfer-api-v1, fabric-transitive-access-wideners-v1, fabricloader, wildcraft, wildcraft-test
[12:36:36] [Worker-Main-6/INFO]: Found unifont_all_no_pua-17.0.01.hex, loading
[12:36:36] [Worker-Main-7/INFO]: Found unifont_pua-17.0.01.hex, loading
[12:36:36] [Render thread/INFO]: Info log when linking program containing VERTEX minecraft:core/terrain, FRAGMENT minecraft:core/terrain. Log output: WARNING: Output of vertex shader '_interface_variable_01' not read by fragment shader
WARNING: Output of vertex shader '_interface_variable_00' not read by fragment shader
WARNING: Output of vertex shader '_interface_variable_04' not read by fragment shader

[12:36:36] [Render thread/INFO]: Info log when linking program containing VERTEX minecraft:core/rendertype_crumbling, FRAGMENT minecraft:core/rendertype_crumbling. Log output: WARNING: Output of vertex shader '_interface_variable_01' not read by fragment shader
WARNING: Output of vertex shader '_interface_variable_00' not read by fragment shader

[12:36:36] [Render thread/INFO]: Info log when linking program containing VERTEX minecraft:core/rendertype_lines, FRAGMENT minecraft:core/rendertype_lines. Log output: WARNING: Output of vertex shader '_interface_variable_01' not read by fragment shader
WARNING: Output of vertex shader '_interface_variable_00' not read by fragment shader

[12:36:36] [Render thread/INFO]: Info log when linking program containing VERTEX minecraft:core/entity, FRAGMENT minecraft:core/entity. Log output: WARNING: Output of vertex shader '_interface_variable_01' not read by fragment shader
WARNING: Output of vertex shader '_interface_variable_00' not read by fragment shader

[12:36:36] [Worker-Main-6/INFO]: Found unifont_jp_patch-17.0.01.hex, loading
[12:36:36] [Render thread/INFO]: Info log when linking program containing VERTEX minecraft:core/terrain, FRAGMENT minecraft:core/terrain. Log output: WARNING: Output of vertex shader '_interface_variable_01' not read by fragment shader
WARNING: Output of vertex shader '_interface_variable_00' not read by fragment shader
WARNING: Output of vertex shader '_interface_variable_04' not read by fragment shader

[12:36:36] [Render thread/INFO]: Info log when linking program containing VERTEX minecraft:core/text, FRAGMENT minecraft:core/text. Log output: WARNING: Output of vertex shader '_interface_variable_01' not read by fragment shader
WARNING: Output of vertex shader '_interface_variable_00' not read by fragment shader

[12:36:36] [Render thread/INFO]: Info log when linking program containing VERTEX minecraft:core/text, FRAGMENT minecraft:core/text. Log output: WARNING: Output of vertex shader '_interface_variable_01' not read by fragment shader
WARNING: Output of vertex shader '_interface_variable_00' not read by fragment shader

[12:36:36] [Render thread/INFO]: Info log when linking program containing VERTEX minecraft:core/entity, FRAGMENT minecraft:core/entity. Log output: WARNING: Output of vertex shader '_interface_variable_01' not read by fragment shader
WARNING: Output of vertex shader '_interface_variable_00' not read by fragment shader

[12:36:36] [Render thread/INFO]: Info log when linking program containing VERTEX minecraft:core/block, FRAGMENT minecraft:core/block. Log output: WARNING: Output of vertex shader '_interface_variable_01' not read by fragment shader
WARNING: Output of vertex shader '_interface_variable_00' not read by fragment shader

[12:36:36] [Render thread/INFO]: Info log when linking program containing VERTEX minecraft:core/entity, FRAGMENT minecraft:core/entity. Log output: WARNING: Output of vertex shader '_interface_variable_01' not read by fragment shader
WARNING: Output of vertex shader '_interface_variable_00' not read by fragment shader

[12:36:36] [Render thread/INFO]: Info log when linking program containing VERTEX minecraft:core/rendertype_entity_shadow, FRAGMENT minecraft:core/rendertype_entity_shadow. Log output: WARNING: Output of vertex shader '_interface_variable_01' not read by fragment shader
WARNING: Output of vertex shader '_interface_variable_00' not read by fragment shader

[12:36:36] [Render thread/INFO]: Info log when linking program containing VERTEX minecraft:core/particle, FRAGMENT minecraft:core/particle. Log output: WARNING: Output of vertex shader '_interface_variable_01' not read by fragment shader
WARNING: Output of vertex shader '_interface_variable_00' not read by fragment shader

[12:36:36] [Render thread/INFO]: Info log when linking program containing VERTEX minecraft:core/screenquad, FRAGMENT minecraft:core/oit_composite. Log output: WARNING: Output of vertex shader '_interface_variable_00' not read by fragment shader

[12:36:36] [Render thread/INFO]: Info log when linking program containing VERTEX minecraft:core/screenquad, FRAGMENT minecraft:core/integrate_depth. Log output: WARNING: Output of vertex shader '_interface_variable_00' not read by fragment shader

[12:36:36] [Render thread/INFO]: Info log when linking program containing VERTEX minecraft:core/entity, FRAGMENT minecraft:core/entity. Log output: WARNING: Output of vertex shader '_interface_variable_01' not read by fragment shader
WARNING: Output of vertex shader '_interface_variable_00' not read by fragment shader

[12:36:36] [Render thread/INFO]: Info log when linking program containing VERTEX minecraft:core/terrain, FRAGMENT minecraft:core/terrain. Log output: WARNING: Output of vertex shader '_interface_variable_01' not read by fragment shader
WARNING: Output of vertex shader '_interface_variable_00' not read by fragment shader
WARNING: Output of vertex shader '_interface_variable_04' not read by fragment shader

[12:36:36] [Worker-Main-3/WARN]: Missing textures in model wildcraft:item/battery_3d:
    wildcraft:entity/battery
[12:36:36] [Render thread/INFO]: Info log when linking program containing VERTEX minecraft:core/entity, FRAGMENT minecraft:core/entity. Log output: WARNING: Output of vertex shader '_interface_variable_01' not read by fragment shader
WARNING: Output of vertex shader '_interface_variable_00' not read by fragment shader

[12:36:36] [Render thread/INFO]: Info log when linking program containing VERTEX minecraft:core/animate_sprite, FRAGMENT minecraft:core/animate_sprite_blit. Log output: WARNING: Output of vertex shader '_interface_variable_00' not read by fragment shader

[12:36:36] [Render thread/INFO]: Info log when linking program containing VERTEX minecraft:core/entity, FRAGMENT minecraft:core/entity. Log output: WARNING: Output of vertex shader '_interface_variable_01' not read by fragment shader
WARNING: Output of vertex shader '_interface_variable_00' not read by fragment shader

[12:36:36] [Render thread/INFO]: Info log when linking program containing VERTEX minecraft:core/clouds, FRAGMENT minecraft:core/clouds. Log output: WARNING: Output of vertex shader '_interface_variable_00' not read by fragment shader

[12:36:36] [Render thread/INFO]: Info log when linking program containing VERTEX minecraft:core/particle, FRAGMENT minecraft:core/particle. Log output: WARNING: Output of vertex shader '_interface_variable_01' not read by fragment shader
WARNING: Output of vertex shader '_interface_variable_00' not read by fragment shader

[12:36:36] [Render thread/INFO]: Info log when linking program containing VERTEX minecraft:core/entity, FRAGMENT minecraft:core/entity. Log output: WARNING: Output of vertex shader '_interface_variable_01' not read by fragment shader
WARNING: Output of vertex shader '_interface_variable_00' not read by fragment shader

[12:36:36] [Render thread/INFO]: Info log when linking program containing VERTEX minecraft:core/screenquad, FRAGMENT minecraft:core/oit_depth_bounds_cull. Log output: WARNING: Output of vertex shader '_interface_variable_00' not read by fragment shader

[12:36:36] [Render thread/INFO]: Info log when linking program containing VERTEX minecraft:core/block, FRAGMENT minecraft:core/block. Log output: WARNING: Output of vertex shader '_interface_variable_01' not read by fragment shader
WARNING: Output of vertex shader '_interface_variable_00' not read by fragment shader

[12:36:36] [Render thread/INFO]: Info log when linking program containing VERTEX minecraft:core/text, FRAGMENT minecraft:core/text. Log output: WARNING: Output of vertex shader '_interface_variable_01' not read by fragment shader
WARNING: Output of vertex shader '_interface_variable_00' not read by fragment shader

[12:36:36] [Render thread/INFO]: Info log when linking program containing VERTEX minecraft:core/text, FRAGMENT minecraft:core/text. Log output: WARNING: Output of vertex shader '_interface_variable_01' not read by fragment shader
WARNING: Output of vertex shader '_interface_variable_00' not read by fragment shader

[12:36:36] [Render thread/INFO]: Info log when linking program containing VERTEX minecraft:core/text, FRAGMENT minecraft:core/text. Log output: WARNING: Output of vertex shader '_interface_variable_01' not read by fragment shader
WARNING: Output of vertex shader '_interface_variable_00' not read by fragment shader

[12:36:36] [Render thread/INFO]: Info log when linking program containing VERTEX minecraft:core/entity, FRAGMENT minecraft:core/entity. Log output: WARNING: Output of vertex shader '_interface_variable_01' not read by fragment shader
WARNING: Output of vertex shader '_interface_variable_00' not read by fragment shader

[12:36:36] [Render thread/INFO]: Info log when linking program containing VERTEX minecraft:core/terrain, FRAGMENT minecraft:core/terrain. Log output: WARNING: Output of vertex shader '_interface_variable_01' not read by fragment shader
WARNING: Output of vertex shader '_interface_variable_00' not read by fragment shader
WARNING: Output of vertex shader '_interface_variable_04' not read by fragment shader

[12:36:36] [Render thread/INFO]: Info log when linking program containing VERTEX minecraft:core/text, FRAGMENT minecraft:core/text. Log output: WARNING: Output of vertex shader '_interface_variable_01' not read by fragment shader
WARNING: Output of vertex shader '_interface_variable_00' not read by fragment shader

[12:36:36] [Render thread/INFO]: Info log when linking program containing VERTEX minecraft:core/rendertype_lines, FRAGMENT minecraft:core/rendertype_lines. Log output: WARNING: Output of vertex shader '_interface_variable_01' not read by fragment shader
WARNING: Output of vertex shader '_interface_variable_00' not read by fragment shader

[12:36:36] [Render thread/INFO]: Info log when linking program containing VERTEX minecraft:core/clouds, FRAGMENT minecraft:core/clouds. Log output: WARNING: Output of vertex shader '_interface_variable_00' not read by fragment shader

[12:36:36] [Render thread/INFO]: Info log when linking program containing VERTEX minecraft:core/rendertype_entity_shadow, FRAGMENT minecraft:core/rendertype_entity_shadow. Log output: WARNING: Output of vertex shader '_interface_variable_01' not read by fragment shader
WARNING: Output of vertex shader '_interface_variable_00' not read by fragment shader

[12:36:36] [Render thread/INFO]: Info log when linking program containing VERTEX minecraft:core/entity, FRAGMENT minecraft:core/entity. Log output: WARNING: Output of vertex shader '_interface_variable_01' not read by fragment shader
WARNING: Output of vertex shader '_interface_variable_00' not read by fragment shader

[12:36:36] [Render thread/INFO]: Info log when linking program containing VERTEX minecraft:core/entity, FRAGMENT minecraft:core/entity. Log output: WARNING: Output of vertex shader '_interface_variable_01' not read by fragment shader
WARNING: Output of vertex shader '_interface_variable_00' not read by fragment shader

[12:36:36] [Render thread/INFO]: Info log when linking program containing VERTEX minecraft:core/particle, FRAGMENT minecraft:core/particle. Log output: WARNING: Output of vertex shader '_interface_variable_01' not read by fragment shader
WARNING: Output of vertex shader '_interface_variable_00' not read by fragment shader

[12:36:36] [Render thread/INFO]: Info log when linking program containing VERTEX minecraft:core/particle, FRAGMENT minecraft:core/particle. Log output: WARNING: Output of vertex shader '_interface_variable_01' not read by fragment shader
WARNING: Output of vertex shader '_interface_variable_00' not read by fragment shader

[12:36:36] [Render thread/INFO]: Info log when linking program containing VERTEX minecraft:core/rendertype_crumbling, FRAGMENT minecraft:core/rendertype_crumbling. Log output: WARNING: Output of vertex shader '_interface_variable_01' not read by fragment shader
WARNING: Output of vertex shader '_interface_variable_00' not read by fragment shader

[12:36:36] [Render thread/INFO]: Info log when linking program containing VERTEX minecraft:core/text, FRAGMENT minecraft:core/text. Log output: WARNING: Output of vertex shader '_interface_variable_01' not read by fragment shader
WARNING: Output of vertex shader '_interface_variable_00' not read by fragment shader

[12:36:36] [Render thread/INFO]: Info log when linking program containing VERTEX minecraft:core/text, FRAGMENT minecraft:core/text. Log output: WARNING: Output of vertex shader '_interface_variable_01' not read by fragment shader
WARNING: Output of vertex shader '_interface_variable_00' not read by fragment shader

[12:36:36] [Render thread/INFO]: Info log when linking program containing VERTEX minecraft:core/entity, FRAGMENT minecraft:core/entity. Log output: WARNING: Output of vertex shader '_interface_variable_01' not read by fragment shader
WARNING: Output of vertex shader '_interface_variable_00' not read by fragment shader

[12:36:36] [Render thread/INFO]: Info log when linking program containing VERTEX minecraft:core/entity, FRAGMENT minecraft:core/entity. Log output: WARNING: Output of vertex shader '_interface_variable_01' not read by fragment shader
WARNING: Output of vertex shader '_interface_variable_00' not read by fragment shader

[12:36:36] [Render thread/INFO]: OpenAL initialized on device Mac mini扬声器
[12:36:36] [Render thread/INFO]: Sound engine started
[12:36:36] [Render thread/INFO]: Created: 512x256x0 minecraft:textures/atlas/particles.png-atlas
[12:36:36] [Render thread/INFO]: Created: 256x128x0 minecraft:textures/atlas/celestials.png-atlas
[12:36:36] [Render thread/INFO]: Created: 128x128x0 minecraft:textures/atlas/decorated_pot.png-atlas
[12:36:36] [Render thread/INFO]: Created: 512x256x0 minecraft:textures/atlas/paintings.png-atlas
[12:36:36] [Render thread/INFO]: Created: 1024x512x0 minecraft:textures/atlas/shield_patterns.png-atlas
[12:36:36] [Render thread/INFO]: Created: 1024x512x0 minecraft:textures/atlas/banner_patterns.png-atlas
[12:36:36] [Render thread/INFO]: Created: 2048x2048x4 minecraft:textures/atlas/blocks.png-atlas
[12:36:36] [Render thread/INFO]: Created: 1024x512x0 minecraft:textures/atlas/items.png-atlas
[12:36:36] [Render thread/INFO]: Created: 1024x1024x0 minecraft:textures/atlas/gui.png-atlas
[12:36:36] [Render thread/INFO]: Created: 128x64x0 minecraft:textures/atlas/map_decorations.png-atlas
[12:36:36] [Render thread/INFO]: Created: 512x512x0 minecraft:textures/atlas/chest.png-atlas
[12:36:36] [Render thread/INFO]: Created: 512x512x0 minecraft:textures/atlas/shulker_boxes.png-atlas
[12:36:39] [Worker-Main-5/INFO]: Loaded 1872 advancements
[12:36:39] [Render thread/INFO]: World loading finished: null screen: net.minecraft.client.gui.screens.GenericMessageScreen@76d8e01e
[12:36:39] [Render thread/INFO]: Applied 0 biome modifications to 0 of 67 new biomes in 150.4 μs
[12:36:39] [Server thread/INFO]: Starting integrated minecraft server version 26.3
[12:36:39] [Server thread/INFO]: Generating keypair
[12:36:39] [Server thread/INFO]: Selecting global world spawn...
[12:36:39] [Server thread/INFO]: Loading 0 persistent chunks...
[12:36:39] [Server thread/INFO]: 准备生成区域中：16%
[12:36:39] [Server thread/INFO]: Saving chunks for level 'ServerLevel[新的世界]'/minecraft:overworld
[12:36:39] [Server thread/INFO]: Saving chunks for level 'ServerLevel[新的世界]'/minecraft:the_end
[12:36:39] [Server thread/INFO]: Saving chunks for level 'ServerLevel[新的世界]'/minecraft:the_nether
[12:36:39] [Render thread/INFO]: World loading finished: null screen: net.minecraft.client.gui.screens.LevelLoadingScreen@793f5f35
[12:36:39] [Render thread/INFO]: World loading finished: null screen: net.minecraft.client.gui.screens.LevelLoadingScreen@793f5f35
[12:36:39] [Render thread/INFO]: World loading finished: null screen: net.minecraft.client.gui.screens.LevelLoadingScreen@793f5f35
[12:36:39] [Render thread/INFO]: World loading finished: null screen: net.minecraft.client.gui.screens.LevelLoadingScreen@793f5f35
[12:36:39] [Server thread/INFO]: Loading 48 chunks for player spawn...
[12:36:39] [Render thread/INFO]: World loading finished: null screen: net.minecraft.client.gui.screens.LevelLoadingScreen@793f5f35
[12:36:39] [Render thread/INFO]: World loading finished: null screen: net.minecraft.client.gui.screens.LevelLoadingScreen@793f5f35
[12:36:39] [Server thread/INFO]: Time elapsed: 350 ms
[12:36:39] [Render thread/INFO]: World loading finished: null screen: net.minecraft.client.gui.screens.LevelLoadingScreen@793f5f35
[12:36:39] [Server thread/INFO]: Player32[local:E:e204a810] logged in with entity id 110 at (0.5, -60.0, 0.5)
[12:36:39] [Server thread/INFO]: System chat: Player32加入了游戏
[12:36:40] [Server thread/INFO]: Changing view distance to 5, from 10
[12:36:40] [Server thread/INFO]: Changing simulation distance to 12, from 0
[12:36:40] [Render thread/INFO]: World loading finished: ClientLevel screen: net.minecraft.client.gui.screens.LevelLoadingScreen@793f5f35
[12:36:40] [Render thread/WARN]: Requested post effect does not exist: minecraft:end_of_frame
[12:36:40] [Render thread/INFO]: Loaded 2 advancements
[12:36:40] [Render thread/INFO]: World loading finished: ClientLevel screen: net.minecraft.client.gui.screens.LevelLoadingScreen@793f5f35
[12:36:40] [Render thread/INFO]: World loading finished: ClientLevel screen: net.minecraft.client.gui.screens.LevelLoadingScreen@793f5f35
[12:36:40] [Render thread/INFO]: World loading finished: ClientLevel screen: net.minecraft.client.gui.screens.LevelLoadingScreen@793f5f35
[12:36:40] [Render thread/INFO]: World loading finished: ClientLevel screen: net.minecraft.client.gui.screens.LevelLoadingScreen@793f5f35
[12:36:40] [Render thread/INFO]: World loading finished: ClientLevel screen: net.minecraft.client.gui.screens.LevelLoadingScreen@793f5f35
[12:36:40] [Render thread/INFO]: World loading finished: ClientLevel screen: net.minecraft.client.gui.screens.LevelLoadingScreen@793f5f35
[12:36:40] [Render thread/INFO]: World loading finished: ClientLevel screen: net.minecraft.client.gui.screens.LevelLoadingScreen@793f5f35
[12:36:40] [Render thread/INFO]: World loading finished: ClientLevel screen: net.minecraft.client.gui.screens.LevelLoadingScreen@793f5f35
[12:36:40] [Render thread/INFO]: World loading finished: ClientLevel screen: net.minecraft.client.gui.screens.LevelLoadingScreen@793f5f35
[12:36:40] [Render thread/INFO]: World loading finished: ClientLevel screen: net.minecraft.client.gui.screens.LevelLoadingScreen@793f5f35
[12:36:40] [Render thread/INFO]: World loading finished: ClientLevel screen: net.minecraft.client.gui.screens.LevelLoadingScreen@793f5f35
[12:36:40] [Render thread/INFO]: World loading finished: ClientLevel screen: net.minecraft.client.gui.screens.LevelLoadingScreen@793f5f35
[12:36:40] [Render thread/INFO]: World loading finished: ClientLevel screen: net.minecraft.client.gui.screens.LevelLoadingScreen@793f5f35
[12:36:40] [Render thread/INFO]: World loading finished: ClientLevel screen: net.minecraft.client.gui.screens.LevelLoadingScreen@793f5f35
[12:36:40] [Render thread/INFO]: World loading finished: ClientLevel screen: net.minecraft.client.gui.screens.LevelLoadingScreen@793f5f35
[12:36:40] [Render thread/INFO]: World loading finished: ClientLevel screen: null
[12:36:40] [Render thread/INFO]: Loaded 3 advancements
[12:36:44] [Server thread/INFO]: Player32 lost connection: 连接中断
[12:36:44] [Server thread/INFO]: System chat: Player32退出了游戏
[12:36:44] [Server thread/INFO]: Stopping singleplayer server as player logged out
[12:36:44] [Server thread/INFO]: Stopping server
[12:36:44] [Server thread/INFO]: Saving players
[12:36:44] [Server thread/INFO]: Saving worlds
[12:36:44] [Server thread/INFO]: Saving chunks for level 'ServerLevel[新的世界]'/minecraft:overworld
[12:36:44] [Server thread/INFO]: Saving chunks for level 'ServerLevel[新的世界]'/minecraft:the_end
[12:36:44] [Server thread/INFO]: Saving chunks for level 'ServerLevel[新的世界]'/minecraft:the_nether
[12:36:45] [Render thread/INFO]: World loading finished: null screen: net.minecraft.client.gui.screens.GenericMessageScreen@2fcc44b6
[12:36:45] [Worker-Main-7/INFO]: Loaded 1872 advancements
[12:36:45] [Render thread/INFO]: Applied 0 biome modifications to 0 of 67 new biomes in 130.3 μs
[12:36:45] [Server thread/INFO]: Starting integrated minecraft server version 26.3
[12:36:45] [Server thread/INFO]: Generating keypair
[12:36:45] [Server thread/INFO]: Loading 0 persistent chunks...
[12:36:45] [Server thread/INFO]: Saving chunks for level 'ServerLevel[新的世界]'/minecraft:overworld
[12:36:45] [Server thread/INFO]: Saving chunks for level 'ServerLevel[新的世界]'/minecraft:the_end
[12:36:45] [Server thread/INFO]: Saving chunks for level 'ServerLevel[新的世界]'/minecraft:the_nether
[12:36:45] [Render thread/INFO]: World loading finished: null screen: net.minecraft.client.gui.screens.LevelLoadingScreen@ff4aa57
[12:36:45] [Render thread/INFO]: World loading finished: null screen: net.minecraft.client.gui.screens.LevelLoadingScreen@ff4aa57
[12:36:45] [Render thread/INFO]: World loading finished: null screen: net.minecraft.client.gui.screens.LevelLoadingScreen@ff4aa57
[12:36:45] [Render thread/INFO]: World loading finished: null screen: net.minecraft.client.gui.screens.LevelLoadingScreen@ff4aa57
[12:36:45] [Server thread/INFO]: Loading 49 chunks for player spawn...
[12:36:45] [Server thread/INFO]: 准备生成区域中：16%
[12:36:45] [Render thread/INFO]: World loading finished: null screen: net.minecraft.client.gui.screens.LevelLoadingScreen@ff4aa57
[12:36:45] [Server thread/INFO]: Time elapsed: 265 ms
[12:36:45] [Render thread/INFO]: World loading finished: null screen: net.minecraft.client.gui.screens.LevelLoadingScreen@ff4aa57
[12:36:45] [Server thread/INFO]: Player32[local:E:64ecbe12] logged in with entity id 111 at (0.5, 120.0, 0.5)
[12:36:45] [Server thread/INFO]: System chat: Player32加入了游戏
[12:36:45] [Server thread/INFO]: Changing view distance to 5, from 10
[12:36:45] [Server thread/INFO]: Changing simulation distance to 12, from 0
[12:36:45] [Render thread/INFO]: World loading finished: ClientLevel screen: net.minecraft.client.gui.screens.LevelLoadingScreen@ff4aa57
[12:36:45] [Render thread/INFO]: Loaded 3 advancements
[12:36:45] [Render thread/INFO]: World loading finished: ClientLevel screen: net.minecraft.client.gui.screens.LevelLoadingScreen@ff4aa57
[12:36:45] [Render thread/INFO]: World loading finished: ClientLevel screen: net.minecraft.client.gui.screens.LevelLoadingScreen@ff4aa57
[12:36:45] [Render thread/INFO]: World loading finished: ClientLevel screen: net.minecraft.client.gui.screens.LevelLoadingScreen@ff4aa57
[12:36:45] [Render thread/INFO]: World loading finished: ClientLevel screen: net.minecraft.client.gui.screens.LevelLoadingScreen@ff4aa57
[12:36:45] [Render thread/INFO]: World loading finished: ClientLevel screen: null
[12:36:46] [Server thread/INFO]: Player32 lost connection: 连接中断
[12:36:46] [Server thread/INFO]: System chat: Player32退出了游戏
[12:36:46] [Server thread/INFO]: Stopping singleplayer server as player logged out
[12:36:46] [Server thread/INFO]: Stopping server
[12:36:46] [Server thread/INFO]: Saving players
[12:36:46] [Server thread/INFO]: Saving worlds
[12:36:46] [Server thread/INFO]: Saving chunks for level 'ServerLevel[新的世界]'/minecraft:overworld
[12:36:46] [Server thread/INFO]: Saving chunks for level 'ServerLevel[新的世界]'/minecraft:the_end
[12:36:46] [Server thread/INFO]: Saving chunks for level 'ServerLevel[新的世界]'/minecraft:the_nether
[12:36:46] [Render thread/INFO]: Reloading ResourceManager: vanilla, vanilla, fabric-advancement-api-v1, fabric-api, fabric-api-base, fabric-api-lookup-api-v1, fabric-biome-api-v1, fabric-block-api-v1, fabric-block-getter-api-v2, fabric-client-gametest-api-v1, fabric-command-api-v2, fabric-content-registries-v0, fabric-convention-tags-v2, fabric-crash-report-info-v1, fabric-creative-tab-api-v1, fabric-data-attachment-api-v1, fabric-data-generation-api-v1, fabric-debug-api-v1, fabric-dimensions-v1, fabric-entity-events-v1, fabric-events-interaction-v0, fabric-game-rule-api-v1, fabric-gametest-api-v1, fabric-item-api-v1, fabric-key-mapping-api-v1, fabric-lifecycle-events-v1, fabric-loot-api-v3, fabric-menu-api-v1, fabric-message-api-v1, fabric-model-loading-api-v1, fabric-networking-api-v1, fabric-object-builder-api-v1, fabric-particles-v1, fabric-permission-api-v1, fabric-recipe-api-v1, fabric-registry-sync-v0, fabric-renderer-api-v1, fabric-renderer-indigo, fabric-rendering-fluids-v1, fabric-rendering-v1, fabric-resource-conditions-api-v1, fabric-resource-loader-v0, fabric-resource-loader-v1, fabric-screen-api-v1, fabric-serialization-api-v1, fabric-sound-api-v1, fabric-tag-api-v1, fabric-transfer-api-v1, fabric-transitive-access-wideners-v1, fabricloader, wildcraft, wildcraft-test
[12:36:46] [Worker-Main-6/INFO]: Found unifont_all_no_pua-17.0.01.hex, loading
[12:36:46] [Worker-Main-5/INFO]: Found unifont_pua-17.0.01.hex, loading
[12:36:46] [Render thread/INFO]: Info log when linking program containing VERTEX minecraft:core/terrain, FRAGMENT minecraft:core/terrain. Log output: WARNING: Output of vertex shader '_interface_variable_01' not read by fragment shader
WARNING: Output of vertex shader '_interface_variable_00' not read by fragment shader
WARNING: Output of vertex shader '_interface_variable_04' not read by fragment shader

[12:36:46] [Render thread/INFO]: Info log when linking program containing VERTEX minecraft:core/rendertype_crumbling, FRAGMENT minecraft:core/rendertype_crumbling. Log output: WARNING: Output of vertex shader '_interface_variable_01' not read by fragment shader
WARNING: Output of vertex shader '_interface_variable_00' not read by fragment shader

[12:36:46] [Render thread/INFO]: Info log when linking program containing VERTEX minecraft:core/entity, FRAGMENT minecraft:core/entity. Log output: WARNING: Output of vertex shader '_interface_variable_01' not read by fragment shader
WARNING: Output of vertex shader '_interface_variable_00' not read by fragment shader

[12:36:46] [Render thread/INFO]: Info log when linking program containing VERTEX minecraft:core/rendertype_lines, FRAGMENT minecraft:core/rendertype_lines. Log output: WARNING: Output of vertex shader '_interface_variable_01' not read by fragment shader
WARNING: Output of vertex shader '_interface_variable_00' not read by fragment shader

[12:36:46] [Worker-Main-6/INFO]: Found unifont_jp_patch-17.0.01.hex, loading
[12:36:46] [Render thread/INFO]: Info log when linking program containing VERTEX minecraft:core/terrain, FRAGMENT minecraft:core/terrain. Log output: WARNING: Output of vertex shader '_interface_variable_01' not read by fragment shader
WARNING: Output of vertex shader '_interface_variable_00' not read by fragment shader
WARNING: Output of vertex shader '_interface_variable_04' not read by fragment shader

[12:36:46] [Render thread/INFO]: Info log when linking program containing VERTEX minecraft:core/entity, FRAGMENT minecraft:core/entity. Log output: WARNING: Output of vertex shader '_interface_variable_01' not read by fragment shader
WARNING: Output of vertex shader '_interface_variable_00' not read by fragment shader

[12:36:46] [Render thread/INFO]: Info log when linking program containing VERTEX minecraft:core/text, FRAGMENT minecraft:core/text. Log output: WARNING: Output of vertex shader '_interface_variable_01' not read by fragment shader
WARNING: Output of vertex shader '_interface_variable_00' not read by fragment shader

[12:36:46] [Render thread/INFO]: Info log when linking program containing VERTEX minecraft:core/text, FRAGMENT minecraft:core/text. Log output: WARNING: Output of vertex shader '_interface_variable_01' not read by fragment shader
WARNING: Output of vertex shader '_interface_variable_00' not read by fragment shader

[12:36:46] [Render thread/INFO]: Info log when linking program containing VERTEX minecraft:core/block, FRAGMENT minecraft:core/block. Log output: WARNING: Output of vertex shader '_interface_variable_01' not read by fragment shader
WARNING: Output of vertex shader '_interface_variable_00' not read by fragment shader

[12:36:46] [Render thread/INFO]: Info log when linking program containing VERTEX minecraft:core/entity, FRAGMENT minecraft:core/entity. Log output: WARNING: Output of vertex shader '_interface_variable_01' not read by fragment shader
WARNING: Output of vertex shader '_interface_variable_00' not read by fragment shader

[12:36:46] [Render thread/INFO]: Info log when linking program containing VERTEX minecraft:core/particle, FRAGMENT minecraft:core/particle. Log output: WARNING: Output of vertex shader '_interface_variable_01' not read by fragment shader
WARNING: Output of vertex shader '_interface_variable_00' not read by fragment shader

[12:36:46] [Render thread/INFO]: Info log when linking program containing VERTEX minecraft:core/rendertype_entity_shadow, FRAGMENT minecraft:core/rendertype_entity_shadow. Log output: WARNING: Output of vertex shader '_interface_variable_01' not read by fragment shader
WARNING: Output of vertex shader '_interface_variable_00' not read by fragment shader

[12:36:46] [Render thread/INFO]: Info log when linking program containing VERTEX minecraft:core/screenquad, FRAGMENT minecraft:core/oit_composite. Log output: WARNING: Output of vertex shader '_interface_variable_00' not read by fragment shader

[12:36:46] [Render thread/INFO]: Info log when linking program containing VERTEX minecraft:core/screenquad, FRAGMENT minecraft:core/integrate_depth. Log output: WARNING: Output of vertex shader '_interface_variable_00' not read by fragment shader

[12:36:46] [Render thread/INFO]: Info log when linking program containing VERTEX minecraft:core/entity, FRAGMENT minecraft:core/entity. Log output: WARNING: Output of vertex shader '_interface_variable_01' not read by fragment shader
WARNING: Output of vertex shader '_interface_variable_00' not read by fragment shader

[12:36:46] [Render thread/INFO]: Info log when linking program containing VERTEX minecraft:core/terrain, FRAGMENT minecraft:core/terrain. Log output: WARNING: Output of vertex shader '_interface_variable_01' not read by fragment shader
WARNING: Output of vertex shader '_interface_variable_00' not read by fragment shader
WARNING: Output of vertex shader '_interface_variable_04' not read by fragment shader

[12:36:46] [Render thread/INFO]: Info log when linking program containing VERTEX minecraft:core/animate_sprite, FRAGMENT minecraft:core/animate_sprite_blit. Log output: WARNING: Output of vertex shader '_interface_variable_00' not read by fragment shader

[12:36:46] [Render thread/INFO]: Info log when linking program containing VERTEX minecraft:core/entity, FRAGMENT minecraft:core/entity. Log output: WARNING: Output of vertex shader '_interface_variable_01' not read by fragment shader
WARNING: Output of vertex shader '_interface_variable_00' not read by fragment shader

[12:36:46] [Render thread/INFO]: Info log when linking program containing VERTEX minecraft:core/entity, FRAGMENT minecraft:core/entity. Log output: WARNING: Output of vertex shader '_interface_variable_01' not read by fragment shader
WARNING: Output of vertex shader '_interface_variable_00' not read by fragment shader

[12:36:46] [Render thread/INFO]: Info log when linking program containing VERTEX minecraft:core/particle, FRAGMENT minecraft:core/particle. Log output: WARNING: Output of vertex shader '_interface_variable_01' not read by fragment shader
WARNING: Output of vertex shader '_interface_variable_00' not read by fragment shader

[12:36:46] [Render thread/INFO]: Info log when linking program containing VERTEX minecraft:core/screenquad, FRAGMENT minecraft:core/oit_depth_bounds_cull. Log output: WARNING: Output of vertex shader '_interface_variable_00' not read by fragment shader

[12:36:46] [Render thread/INFO]: Info log when linking program containing VERTEX minecraft:core/entity, FRAGMENT minecraft:core/entity. Log output: WARNING: Output of vertex shader '_interface_variable_01' not read by fragment shader
WARNING: Output of vertex shader '_interface_variable_00' not read by fragment shader

[12:36:46] [Render thread/INFO]: Info log when linking program containing VERTEX minecraft:core/clouds, FRAGMENT minecraft:core/clouds. Log output: WARNING: Output of vertex shader '_interface_variable_00' not read by fragment shader

[12:36:46] [Worker-Main-9/WARN]: Missing textures in model wildcraft:item/battery_3d:
    wildcraft:entity/battery
[12:36:46] [Render thread/INFO]: Info log when linking program containing VERTEX minecraft:core/block, FRAGMENT minecraft:core/block. Log output: WARNING: Output of vertex shader '_interface_variable_01' not read by fragment shader
WARNING: Output of vertex shader '_interface_variable_00' not read by fragment shader

[12:36:46] [Render thread/INFO]: Info log when linking program containing VERTEX minecraft:core/text, FRAGMENT minecraft:core/text. Log output: WARNING: Output of vertex shader '_interface_variable_01' not read by fragment shader
WARNING: Output of vertex shader '_interface_variable_00' not read by fragment shader

[12:36:46] [Render thread/INFO]: Info log when linking program containing VERTEX minecraft:core/entity, FRAGMENT minecraft:core/entity. Log output: WARNING: Output of vertex shader '_interface_variable_01' not read by fragment shader
WARNING: Output of vertex shader '_interface_variable_00' not read by fragment shader

[12:36:47] [Render thread/INFO]: Info log when linking program containing VERTEX minecraft:core/text, FRAGMENT minecraft:core/text. Log output: WARNING: Output of vertex shader '_interface_variable_01' not read by fragment shader
WARNING: Output of vertex shader '_interface_variable_00' not read by fragment shader

[12:36:47] [Render thread/INFO]: Info log when linking program containing VERTEX minecraft:core/terrain, FRAGMENT minecraft:core/terrain. Log output: WARNING: Output of vertex shader '_interface_variable_01' not read by fragment shader
WARNING: Output of vertex shader '_interface_variable_00' not read by fragment shader
WARNING: Output of vertex shader '_interface_variable_04' not read by fragment shader

[12:36:47] [Render thread/INFO]: Info log when linking program containing VERTEX minecraft:core/text, FRAGMENT minecraft:core/text. Log output: WARNING: Output of vertex shader '_interface_variable_01' not read by fragment shader
WARNING: Output of vertex shader '_interface_variable_00' not read by fragment shader

[12:36:47] [Render thread/INFO]: Info log when linking program containing VERTEX minecraft:core/text, FRAGMENT minecraft:core/text. Log output: WARNING: Output of vertex shader '_interface_variable_01' not read by fragment shader
WARNING: Output of vertex shader '_interface_variable_00' not read by fragment shader

[12:36:47] [Render thread/INFO]: Info log when linking program containing VERTEX minecraft:core/rendertype_lines, FRAGMENT minecraft:core/rendertype_lines. Log output: WARNING: Output of vertex shader '_interface_variable_01' not read by fragment shader
WARNING: Output of vertex shader '_interface_variable_00' not read by fragment shader

[12:36:47] [Render thread/INFO]: Info log when linking program containing VERTEX minecraft:core/rendertype_entity_shadow, FRAGMENT minecraft:core/rendertype_entity_shadow. Log output: WARNING: Output of vertex shader '_interface_variable_01' not read by fragment shader
WARNING: Output of vertex shader '_interface_variable_00' not read by fragment shader

[12:36:47] [Render thread/INFO]: Info log when linking program containing VERTEX minecraft:core/entity, FRAGMENT minecraft:core/entity. Log output: WARNING: Output of vertex shader '_interface_variable_01' not read by fragment shader
WARNING: Output of vertex shader '_interface_variable_00' not read by fragment shader

[12:36:47] [Render thread/INFO]: Info log when linking program containing VERTEX minecraft:core/clouds, FRAGMENT minecraft:core/clouds. Log output: WARNING: Output of vertex shader '_interface_variable_00' not read by fragment shader

[12:36:47] [Render thread/INFO]: Info log when linking program containing VERTEX minecraft:core/particle, FRAGMENT minecraft:core/particle. Log output: WARNING: Output of vertex shader '_interface_variable_01' not read by fragment shader
WARNING: Output of vertex shader '_interface_variable_00' not read by fragment shader

[12:36:47] [Render thread/INFO]: Info log when linking program containing VERTEX minecraft:core/entity, FRAGMENT minecraft:core/entity. Log output: WARNING: Output of vertex shader '_interface_variable_01' not read by fragment shader
WARNING: Output of vertex shader '_interface_variable_00' not read by fragment shader

[12:36:47] [Render thread/INFO]: Info log when linking program containing VERTEX minecraft:core/text, FRAGMENT minecraft:core/text. Log output: WARNING: Output of vertex shader '_interface_variable_01' not read by fragment shader
WARNING: Output of vertex shader '_interface_variable_00' not read by fragment shader

[12:36:47] [Render thread/INFO]: Info log when linking program containing VERTEX minecraft:core/entity, FRAGMENT minecraft:core/entity. Log output: WARNING: Output of vertex shader '_interface_variable_01' not read by fragment shader
WARNING: Output of vertex shader '_interface_variable_00' not read by fragment shader

[12:36:47] [Render thread/INFO]: Info log when linking program containing VERTEX minecraft:core/particle, FRAGMENT minecraft:core/particle. Log output: WARNING: Output of vertex shader '_interface_variable_01' not read by fragment shader
WARNING: Output of vertex shader '_interface_variable_00' not read by fragment shader

[12:36:47] [Render thread/INFO]: Info log when linking program containing VERTEX minecraft:core/rendertype_crumbling, FRAGMENT minecraft:core/rendertype_crumbling. Log output: WARNING: Output of vertex shader '_interface_variable_01' not read by fragment shader
WARNING: Output of vertex shader '_interface_variable_00' not read by fragment shader

[12:36:47] [Render thread/INFO]: Info log when linking program containing VERTEX minecraft:core/text, FRAGMENT minecraft:core/text. Log output: WARNING: Output of vertex shader '_interface_variable_01' not read by fragment shader
WARNING: Output of vertex shader '_interface_variable_00' not read by fragment shader

[12:36:47] [Render thread/INFO]: Info log when linking program containing VERTEX minecraft:core/entity, FRAGMENT minecraft:core/entity. Log output: WARNING: Output of vertex shader '_interface_variable_01' not read by fragment shader
WARNING: Output of vertex shader '_interface_variable_00' not read by fragment shader

[12:36:47] [Render thread/INFO]: OpenAL initialized on device Mac mini扬声器
[12:36:47] [Render thread/INFO]: Sound engine started
[12:36:47] [Render thread/INFO]: Created: 512x256x0 minecraft:textures/atlas/particles.png-atlas
[12:36:47] [Render thread/INFO]: Created: 256x128x0 minecraft:textures/atlas/celestials.png-atlas
[12:36:47] [Render thread/INFO]: Created: 128x128x0 minecraft:textures/atlas/decorated_pot.png-atlas
[12:36:47] [Render thread/INFO]: Created: 512x256x0 minecraft:textures/atlas/paintings.png-atlas
[12:36:47] [Render thread/INFO]: Created: 1024x512x0 minecraft:textures/atlas/shield_patterns.png-atlas
[12:36:47] [Render thread/INFO]: Created: 1024x512x0 minecraft:textures/atlas/banner_patterns.png-atlas
[12:36:47] [Render thread/INFO]: Created: 2048x2048x4 minecraft:textures/atlas/blocks.png-atlas
[12:36:47] [Render thread/INFO]: Created: 1024x512x0 minecraft:textures/atlas/items.png-atlas
[12:36:47] [Render thread/INFO]: Created: 1024x1024x0 minecraft:textures/atlas/gui.png-atlas
[12:36:47] [Render thread/INFO]: Created: 128x64x0 minecraft:textures/atlas/map_decorations.png-atlas
[12:36:47] [Render thread/INFO]: Created: 512x512x0 minecraft:textures/atlas/chest.png-atlas
[12:36:47] [Render thread/INFO]: Created: 512x512x0 minecraft:textures/atlas/shulker_boxes.png-atlas
[12:36:47] [Test thread/INFO]: [STDOUT]: WILDCRAFT P5 native signal/carried-source rejection, charging/full UI, extracted finite cost, transfer/save/reload passed
[12:36:47] [Worker-Main-9/INFO]: Loaded 1872 advancements
[12:36:47] [Render thread/INFO]: World loading finished: null screen: net.minecraft.client.gui.screens.GenericMessageScreen@472d90c9
[12:36:47] [Render thread/INFO]: Applied 0 biome modifications to 0 of 67 new biomes in 159.9 μs
[12:36:47] [Server thread/INFO]: Starting integrated minecraft server version 26.3
[12:36:47] [Server thread/INFO]: Generating keypair
[12:36:47] [Server thread/INFO]: Selecting global world spawn...
[12:36:48] [Server thread/INFO]: Loading 0 persistent chunks...
[12:36:48] [Server thread/INFO]: Preparing spawn area: 16%
[12:36:48] [Server thread/INFO]: Saving chunks for level 'ServerLevel[New World]'/minecraft:overworld
[12:36:48] [Server thread/INFO]: Saving chunks for level 'ServerLevel[New World]'/minecraft:the_end
[12:36:48] [Server thread/INFO]: Saving chunks for level 'ServerLevel[New World]'/minecraft:the_nether
[12:36:48] [Render thread/INFO]: World loading finished: null screen: net.minecraft.client.gui.screens.LevelLoadingScreen@5309e138
[12:36:48] [Render thread/INFO]: World loading finished: null screen: net.minecraft.client.gui.screens.LevelLoadingScreen@5309e138
[12:36:48] [Render thread/INFO]: World loading finished: null screen: net.minecraft.client.gui.screens.LevelLoadingScreen@5309e138
[12:36:48] [Render thread/INFO]: World loading finished: null screen: net.minecraft.client.gui.screens.LevelLoadingScreen@5309e138
[12:36:48] [Render thread/INFO]: World loading finished: null screen: net.minecraft.client.gui.screens.LevelLoadingScreen@5309e138
[12:36:48] [Render thread/INFO]: World loading finished: null screen: net.minecraft.client.gui.screens.LevelLoadingScreen@5309e138
[12:36:48] [Render thread/INFO]: World loading finished: null screen: net.minecraft.client.gui.screens.LevelLoadingScreen@5309e138
[12:36:48] [Render thread/INFO]: World loading finished: null screen: net.minecraft.client.gui.screens.LevelLoadingScreen@5309e138
[12:36:48] [Render thread/INFO]: World loading finished: null screen: net.minecraft.client.gui.screens.LevelLoadingScreen@5309e138
[12:36:48] [Render thread/INFO]: World loading finished: null screen: net.minecraft.client.gui.screens.LevelLoadingScreen@5309e138
[12:36:48] [Render thread/INFO]: World loading finished: null screen: net.minecraft.client.gui.screens.LevelLoadingScreen@5309e138
[12:36:48] [Render thread/INFO]: World loading finished: null screen: net.minecraft.client.gui.screens.LevelLoadingScreen@5309e138
[12:36:48] [Render thread/INFO]: World loading finished: null screen: net.minecraft.client.gui.screens.LevelLoadingScreen@5309e138
[12:36:48] [Render thread/INFO]: World loading finished: null screen: net.minecraft.client.gui.screens.LevelLoadingScreen@5309e138
[12:36:48] [Render thread/INFO]: World loading finished: null screen: net.minecraft.client.gui.screens.LevelLoadingScreen@5309e138
[12:36:48] [Render thread/INFO]: World loading finished: null screen: net.minecraft.client.gui.screens.LevelLoadingScreen@5309e138
[12:36:48] [Render thread/INFO]: World loading finished: null screen: net.minecraft.client.gui.screens.LevelLoadingScreen@5309e138
[12:36:48] [Render thread/INFO]: World loading finished: null screen: net.minecraft.client.gui.screens.LevelLoadingScreen@5309e138
[12:36:48] [Render thread/INFO]: World loading finished: null screen: net.minecraft.client.gui.screens.LevelLoadingScreen@5309e138
[12:36:49] [Render thread/INFO]: World loading finished: null screen: net.minecraft.client.gui.screens.LevelLoadingScreen@5309e138
[12:36:49] [Render thread/INFO]: World loading finished: null screen: net.minecraft.client.gui.screens.LevelLoadingScreen@5309e138
[12:36:49] [Render thread/INFO]: World loading finished: null screen: net.minecraft.client.gui.screens.LevelLoadingScreen@5309e138
[12:36:49] [Render thread/INFO]: World loading finished: null screen: net.minecraft.client.gui.screens.LevelLoadingScreen@5309e138
[12:36:49] [Render thread/INFO]: World loading finished: null screen: net.minecraft.client.gui.screens.LevelLoadingScreen@5309e138
[12:36:49] [Render thread/INFO]: World loading finished: null screen: net.minecraft.client.gui.screens.LevelLoadingScreen@5309e138
[12:36:49] [Render thread/INFO]: World loading finished: null screen: net.minecraft.client.gui.screens.LevelLoadingScreen@5309e138
[12:36:49] [Render thread/INFO]: World loading finished: null screen: net.minecraft.client.gui.screens.LevelLoadingScreen@5309e138
[12:36:49] [Render thread/INFO]: World loading finished: null screen: net.minecraft.client.gui.screens.LevelLoadingScreen@5309e138
[12:36:49] [Render thread/INFO]: World loading finished: null screen: net.minecraft.client.gui.screens.LevelLoadingScreen@5309e138
[12:36:49] [Render thread/INFO]: World loading finished: null screen: net.minecraft.client.gui.screens.LevelLoadingScreen@5309e138
[12:36:49] [Render thread/INFO]: World loading finished: null screen: net.minecraft.client.gui.screens.LevelLoadingScreen@5309e138
[12:36:49] [Render thread/INFO]: World loading finished: null screen: net.minecraft.client.gui.screens.LevelLoadingScreen@5309e138
[12:36:49] [Render thread/INFO]: World loading finished: null screen: net.minecraft.client.gui.screens.LevelLoadingScreen@5309e138
[12:36:49] [Render thread/INFO]: World loading finished: null screen: net.minecraft.client.gui.screens.LevelLoadingScreen@5309e138
[12:36:49] [Render thread/INFO]: World loading finished: null screen: net.minecraft.client.gui.screens.LevelLoadingScreen@5309e138
[12:36:49] [Render thread/INFO]: World loading finished: null screen: net.minecraft.client.gui.screens.LevelLoadingScreen@5309e138
[12:36:49] [Render thread/INFO]: World loading finished: null screen: net.minecraft.client.gui.screens.LevelLoadingScreen@5309e138
[12:36:49] [Render thread/INFO]: World loading finished: null screen: net.minecraft.client.gui.screens.LevelLoadingScreen@5309e138
[12:36:49] [Server thread/INFO]: Loading 48 chunks for player spawn...
[12:36:49] [Server thread/INFO]: Preparing spawn area: 16%
[12:36:49] [Render thread/INFO]: World loading finished: null screen: net.minecraft.client.gui.screens.LevelLoadingScreen@5309e138
[12:36:49] [Server thread/INFO]: Preparing spawn area: 58%
[12:36:50] [Render thread/INFO]: World loading finished: null screen: net.minecraft.client.gui.screens.LevelLoadingScreen@5309e138
[12:36:50] [Server thread/INFO]: Preparing spawn area: 58%
[12:36:50] [Render thread/INFO]: World loading finished: null screen: net.minecraft.client.gui.screens.LevelLoadingScreen@5309e138
[12:36:50] [Server thread/INFO]: Preparing spawn area: 100%
[12:36:50] [Server thread/INFO]: Time elapsed: 2101 ms
[12:36:50] [Render thread/INFO]: World loading finished: null screen: net.minecraft.client.gui.screens.LevelLoadingScreen@5309e138
[12:36:50] [Server thread/INFO]: Player32[local:E:4806898d] logged in with entity id 112 at (0.5, -60.0, 0.5)
[12:36:50] [Server thread/INFO]: System chat: Player32 joined the game
[12:36:50] [Server thread/INFO]: Changing view distance to 5, from 10
[12:36:50] [Server thread/INFO]: Changing simulation distance to 12, from 0
[12:36:50] [Render thread/INFO]: World loading finished: ClientLevel screen: net.minecraft.client.gui.screens.LevelLoadingScreen@5309e138
[12:36:50] [Render thread/WARN]: Requested post effect does not exist: minecraft:end_of_frame
[12:36:50] [Render thread/INFO]: Loaded 2 advancements
[12:36:50] [Render thread/INFO]: World loading finished: ClientLevel screen: net.minecraft.client.gui.screens.LevelLoadingScreen@5309e138
[12:36:50] [Render thread/INFO]: World loading finished: ClientLevel screen: net.minecraft.client.gui.screens.LevelLoadingScreen@5309e138
[12:36:50] [Render thread/INFO]: World loading finished: ClientLevel screen: net.minecraft.client.gui.screens.LevelLoadingScreen@5309e138
[12:36:50] [Render thread/INFO]: World loading finished: ClientLevel screen: net.minecraft.client.gui.screens.LevelLoadingScreen@5309e138
[12:36:50] [Render thread/INFO]: World loading finished: ClientLevel screen: net.minecraft.client.gui.screens.LevelLoadingScreen@5309e138
[12:36:50] [Render thread/INFO]: World loading finished: ClientLevel screen: net.minecraft.client.gui.screens.LevelLoadingScreen@5309e138
[12:36:50] [Render thread/INFO]: World loading finished: ClientLevel screen: net.minecraft.client.gui.screens.LevelLoadingScreen@5309e138
[12:36:50] [Render thread/INFO]: World loading finished: ClientLevel screen: net.minecraft.client.gui.screens.LevelLoadingScreen@5309e138
[12:36:50] [Render thread/INFO]: World loading finished: ClientLevel screen: net.minecraft.client.gui.screens.LevelLoadingScreen@5309e138
[12:36:50] [Render thread/INFO]: World loading finished: ClientLevel screen: net.minecraft.client.gui.screens.LevelLoadingScreen@5309e138
[12:36:50] [Render thread/INFO]: World loading finished: ClientLevel screen: net.minecraft.client.gui.screens.LevelLoadingScreen@5309e138
[12:36:50] [Render thread/INFO]: World loading finished: ClientLevel screen: net.minecraft.client.gui.screens.LevelLoadingScreen@5309e138
[12:36:50] [Render thread/INFO]: World loading finished: ClientLevel screen: net.minecraft.client.gui.screens.LevelLoadingScreen@5309e138
[12:36:50] [Render thread/INFO]: World loading finished: ClientLevel screen: net.minecraft.client.gui.screens.LevelLoadingScreen@5309e138
[12:36:50] [Render thread/INFO]: World loading finished: ClientLevel screen: null
[12:36:56] [Server thread/INFO]: Player32 lost connection: Disconnected
[12:36:56] [Server thread/INFO]: System chat: Player32 left the game
[12:36:56] [Server thread/INFO]: Stopping singleplayer server as player logged out
[12:36:56] [Server thread/INFO]: Stopping server
[12:36:56] [Server thread/INFO]: Saving players
[12:36:56] [Server thread/INFO]: Saving worlds
[12:36:56] [Server thread/INFO]: Saving chunks for level 'ServerLevel[New World]'/minecraft:overworld
[12:36:56] [Server thread/INFO]: Saving chunks for level 'ServerLevel[New World]'/minecraft:the_end
[12:36:56] [Server thread/INFO]: Saving chunks for level 'ServerLevel[New World]'/minecraft:the_nether
[12:36:56] [Render thread/INFO]: World loading finished: null screen: net.minecraft.client.gui.screens.GenericMessageScreen@467fbf54
[12:36:56] [Worker-Main-1/INFO]: Loaded 1872 advancements
[12:36:56] [Render thread/INFO]: Applied 0 biome modifications to 0 of 67 new biomes in 173.5 μs
[12:36:56] [Server thread/INFO]: Starting integrated minecraft server version 26.3
[12:36:56] [Server thread/INFO]: Generating keypair
[12:36:56] [Server thread/INFO]: Loading 0 persistent chunks...
[12:36:56] [Server thread/INFO]: Preparing spawn area: 16%
[12:36:56] [Server thread/INFO]: Saving chunks for level 'ServerLevel[New World]'/minecraft:overworld
[12:36:56] [Server thread/INFO]: Saving chunks for level 'ServerLevel[New World]'/minecraft:the_end
[12:36:56] [Server thread/INFO]: Saving chunks for level 'ServerLevel[New World]'/minecraft:the_nether
[12:36:56] [Render thread/INFO]: World loading finished: null screen: net.minecraft.client.gui.screens.LevelLoadingScreen@6c73a437
[12:36:56] [Render thread/INFO]: World loading finished: null screen: net.minecraft.client.gui.screens.LevelLoadingScreen@6c73a437
[12:36:56] [Render thread/INFO]: World loading finished: null screen: net.minecraft.client.gui.screens.LevelLoadingScreen@6c73a437
[12:36:56] [Render thread/INFO]: World loading finished: null screen: net.minecraft.client.gui.screens.LevelLoadingScreen@6c73a437
[12:36:56] [Server thread/INFO]: Loading 49 chunks for player spawn...
[12:36:56] [Render thread/INFO]: World loading finished: null screen: net.minecraft.client.gui.screens.LevelLoadingScreen@6c73a437
[12:36:56] [Server thread/INFO]: Time elapsed: 267 ms
[12:36:56] [Render thread/INFO]: World loading finished: null screen: net.minecraft.client.gui.screens.LevelLoadingScreen@6c73a437
[12:36:56] [Server thread/INFO]: Player32[local:E:a799e711] logged in with entity id 115 at (24.384138742728673, 120.0, 0.5)
[12:36:56] [Server thread/INFO]: System chat: Player32 joined the game
[12:36:56] [Server thread/INFO]: Changing view distance to 5, from 10
[12:36:56] [Server thread/INFO]: Changing simulation distance to 12, from 0
[12:36:56] [Render thread/INFO]: Loaded 2 advancements
[12:36:56] [Render thread/INFO]: World loading finished: ClientLevel screen: net.minecraft.client.gui.screens.LevelLoadingScreen@6c73a437
[12:36:56] [Render thread/INFO]: World loading finished: ClientLevel screen: net.minecraft.client.gui.screens.LevelLoadingScreen@6c73a437
[12:36:56] [Render thread/INFO]: World loading finished: ClientLevel screen: net.minecraft.client.gui.screens.LevelLoadingScreen@6c73a437
[12:36:57] [Render thread/INFO]: World loading finished: ClientLevel screen: net.minecraft.client.gui.screens.LevelLoadingScreen@6c73a437
[12:36:57] [Render thread/INFO]: World loading finished: ClientLevel screen: null
[12:36:57] [Server thread/INFO]: Player32 lost connection: Disconnected
[12:36:57] [Server thread/INFO]: System chat: Player32 left the game
[12:36:57] [Server thread/INFO]: Stopping singleplayer server as player logged out
[12:36:57] [Server thread/INFO]: Stopping server
[12:36:57] [Server thread/INFO]: Saving players
[12:36:57] [Server thread/INFO]: Saving worlds
[12:36:57] [Server thread/INFO]: Saving chunks for level 'ServerLevel[New World]'/minecraft:overworld
[12:36:57] [Server thread/INFO]: Saving chunks for level 'ServerLevel[New World]'/minecraft:the_end
[12:36:57] [Server thread/INFO]: Saving chunks for level 'ServerLevel[New World]'/minecraft:the_nether
[12:36:58] [Worker-Main-6/INFO]: Loaded 1872 advancements
[12:36:58] [Render thread/INFO]: World loading finished: null screen: net.minecraft.client.gui.screens.GenericMessageScreen@319606c5
[12:36:58] [Render thread/INFO]: Applied 0 biome modifications to 0 of 67 new biomes in 179.0 μs
[12:36:58] [Server thread/INFO]: Starting integrated minecraft server version 26.3
[12:36:58] [Server thread/INFO]: Generating keypair
[12:36:58] [Server thread/INFO]: Selecting global world spawn...
[12:36:58] [Server thread/INFO]: Loading 0 persistent chunks...
[12:36:58] [Server thread/INFO]: Preparing spawn area: 16%
[12:36:58] [Server thread/INFO]: Saving chunks for level 'ServerLevel[New World]'/minecraft:overworld
[12:36:58] [Server thread/INFO]: Saving chunks for level 'ServerLevel[New World]'/minecraft:the_end
[12:36:58] [Server thread/INFO]: Saving chunks for level 'ServerLevel[New World]'/minecraft:the_nether
[12:36:58] [Render thread/INFO]: World loading finished: null screen: net.minecraft.client.gui.screens.LevelLoadingScreen@3559fe6d
[12:36:58] [Render thread/INFO]: World loading finished: null screen: net.minecraft.client.gui.screens.LevelLoadingScreen@3559fe6d
[12:36:58] [Render thread/INFO]: World loading finished: null screen: net.minecraft.client.gui.screens.LevelLoadingScreen@3559fe6d
[12:36:58] [Render thread/INFO]: World loading finished: null screen: net.minecraft.client.gui.screens.LevelLoadingScreen@3559fe6d
[12:36:58] [Server thread/INFO]: Loading 48 chunks for player spawn...
[12:36:58] [Render thread/INFO]: World loading finished: null screen: net.minecraft.client.gui.screens.LevelLoadingScreen@3559fe6d
[12:36:58] [Render thread/INFO]: World loading finished: null screen: net.minecraft.client.gui.screens.LevelLoadingScreen@3559fe6d
[12:36:58] [Server thread/INFO]: Time elapsed: 370 ms
[12:36:58] [Render thread/INFO]: World loading finished: null screen: net.minecraft.client.gui.screens.LevelLoadingScreen@3559fe6d
[12:36:58] [Server thread/INFO]: Player32[local:E:70a0b8de] logged in with entity id 116 at (0.5, -60.0, 0.5)
[12:36:58] [Server thread/INFO]: System chat: Player32 joined the game
[12:36:58] [Server thread/INFO]: Changing view distance to 5, from 10
[12:36:58] [Server thread/INFO]: Changing simulation distance to 12, from 0
[12:36:58] [Render thread/INFO]: World loading finished: ClientLevel screen: net.minecraft.client.gui.screens.LevelLoadingScreen@3559fe6d
[12:36:58] [Render thread/INFO]: Loaded 2 advancements
[12:36:58] [Render thread/INFO]: World loading finished: ClientLevel screen: net.minecraft.client.gui.screens.LevelLoadingScreen@3559fe6d
[12:36:58] [Render thread/INFO]: World loading finished: ClientLevel screen: net.minecraft.client.gui.screens.LevelLoadingScreen@3559fe6d
[12:36:58] [Render thread/INFO]: World loading finished: ClientLevel screen: net.minecraft.client.gui.screens.LevelLoadingScreen@3559fe6d
[12:36:58] [Render thread/INFO]: World loading finished: ClientLevel screen: net.minecraft.client.gui.screens.LevelLoadingScreen@3559fe6d
[12:36:58] [Render thread/INFO]: World loading finished: ClientLevel screen: net.minecraft.client.gui.screens.LevelLoadingScreen@3559fe6d
[12:36:58] [Render thread/INFO]: World loading finished: ClientLevel screen: net.minecraft.client.gui.screens.LevelLoadingScreen@3559fe6d
[12:36:59] [Render thread/INFO]: World loading finished: ClientLevel screen: net.minecraft.client.gui.screens.LevelLoadingScreen@3559fe6d
[12:36:59] [Render thread/INFO]: World loading finished: ClientLevel screen: net.minecraft.client.gui.screens.LevelLoadingScreen@3559fe6d
[12:36:59] [Render thread/INFO]: World loading finished: ClientLevel screen: net.minecraft.client.gui.screens.LevelLoadingScreen@3559fe6d
[12:36:59] [Render thread/INFO]: World loading finished: ClientLevel screen: net.minecraft.client.gui.screens.LevelLoadingScreen@3559fe6d
[12:36:59] [Render thread/INFO]: World loading finished: ClientLevel screen: net.minecraft.client.gui.screens.LevelLoadingScreen@3559fe6d
[12:36:59] [Render thread/INFO]: World loading finished: ClientLevel screen: net.minecraft.client.gui.screens.LevelLoadingScreen@3559fe6d
[12:36:59] [Render thread/INFO]: World loading finished: ClientLevel screen: net.minecraft.client.gui.screens.LevelLoadingScreen@3559fe6d
[12:36:59] [Render thread/INFO]: World loading finished: ClientLevel screen: net.minecraft.client.gui.screens.LevelLoadingScreen@3559fe6d
[12:36:59] [Render thread/INFO]: World loading finished: ClientLevel screen: null
[12:37:05] [Server thread/INFO]: Player32 lost connection: Disconnected
[12:37:05] [Server thread/INFO]: System chat: Player32 left the game
[12:37:05] [Server thread/INFO]: Stopping singleplayer server as player logged out
[12:37:05] [Server thread/INFO]: Stopping server
[12:37:05] [Server thread/INFO]: Saving players
[12:37:05] [Server thread/INFO]: Saving worlds
[12:37:05] [Server thread/INFO]: Saving chunks for level 'ServerLevel[New World]'/minecraft:overworld
[12:37:05] [Server thread/INFO]: Saving chunks for level 'ServerLevel[New World]'/minecraft:the_end
[12:37:05] [Server thread/INFO]: Saving chunks for level 'ServerLevel[New World]'/minecraft:the_nether
[12:37:05] [Render thread/INFO]: World loading finished: null screen: net.minecraft.client.gui.screens.GenericMessageScreen@504aab4b
[12:37:05] [Worker-Main-9/INFO]: Loaded 1872 advancements
[12:37:05] [Render thread/INFO]: Applied 0 biome modifications to 0 of 67 new biomes in 135.8 μs
[12:37:05] [Server thread/INFO]: Starting integrated minecraft server version 26.3
[12:37:05] [Server thread/INFO]: Generating keypair
[12:37:05] [Server thread/INFO]: Loading 0 persistent chunks...
[12:37:05] [Server thread/INFO]: Saving chunks for level 'ServerLevel[New World]'/minecraft:overworld
[12:37:05] [Server thread/INFO]: Saving chunks for level 'ServerLevel[New World]'/minecraft:the_end
[12:37:05] [Server thread/INFO]: Saving chunks for level 'ServerLevel[New World]'/minecraft:the_nether
[12:37:05] [Render thread/INFO]: World loading finished: null screen: net.minecraft.client.gui.screens.LevelLoadingScreen@70c10bc8
[12:37:05] [Render thread/INFO]: World loading finished: null screen: net.minecraft.client.gui.screens.LevelLoadingScreen@70c10bc8
[12:37:06] [Render thread/INFO]: World loading finished: null screen: net.minecraft.client.gui.screens.LevelLoadingScreen@70c10bc8
[12:37:06] [Render thread/INFO]: World loading finished: null screen: net.minecraft.client.gui.screens.LevelLoadingScreen@70c10bc8
[12:37:06] [Server thread/INFO]: Loading 49 chunks for player spawn...
[12:37:06] [Server thread/INFO]: Preparing spawn area: 16%
[12:37:06] [Render thread/INFO]: World loading finished: null screen: net.minecraft.client.gui.screens.LevelLoadingScreen@70c10bc8
[12:37:06] [Server thread/INFO]: Time elapsed: 265 ms
[12:37:06] [Render thread/INFO]: World loading finished: null screen: net.minecraft.client.gui.screens.LevelLoadingScreen@70c10bc8
[12:37:06] [Server thread/INFO]: Player32[local:E:84899481] logged in with entity id 119 at (0.1976962463851623, 120.64999997615814, 4.422464119494211)
[12:37:06] [Server thread/INFO]: System chat: Player32 joined the game
[12:37:06] [Server thread/INFO]: Changing view distance to 5, from 10
[12:37:06] [Server thread/INFO]: Changing simulation distance to 12, from 0
[12:37:06] [Render thread/INFO]: World loading finished: ClientLevel screen: net.minecraft.client.gui.screens.LevelLoadingScreen@70c10bc8
[12:37:06] [Render thread/INFO]: Loaded 2 advancements
[12:37:06] [Render thread/INFO]: World loading finished: ClientLevel screen: net.minecraft.client.gui.screens.LevelLoadingScreen@70c10bc8
[12:37:06] [Render thread/INFO]: World loading finished: ClientLevel screen: net.minecraft.client.gui.screens.LevelLoadingScreen@70c10bc8
[12:37:06] [Render thread/INFO]: World loading finished: ClientLevel screen: net.minecraft.client.gui.screens.LevelLoadingScreen@70c10bc8
[12:37:06] [Render thread/INFO]: World loading finished: ClientLevel screen: net.minecraft.client.gui.screens.LevelLoadingScreen@70c10bc8
[12:37:06] [Render thread/INFO]: World loading finished: ClientLevel screen: null
[12:37:07] [Render thread/INFO]: Loaded 21 advancements
[12:37:13] [Server thread/INFO]: Player32 lost connection: Disconnected
[12:37:13] [Server thread/INFO]: System chat: Player32 left the game
[12:37:13] [Server thread/INFO]: Stopping singleplayer server as player logged out
[12:37:13] [Server thread/INFO]: Stopping server
[12:37:13] [Server thread/INFO]: Saving players
[12:37:13] [Server thread/INFO]: Saving worlds
[12:37:13] [Server thread/INFO]: Saving chunks for level 'ServerLevel[New World]'/minecraft:overworld
[12:37:13] [Server thread/INFO]: Saving chunks for level 'ServerLevel[New World]'/minecraft:the_end
[12:37:13] [Server thread/INFO]: Saving chunks for level 'ServerLevel[New World]'/minecraft:the_nether
[12:37:13] [Test thread/INFO]: [STDOUT]: WILDCRAFT P6 native placement, snap preview, actual clicks/replay, malformed intent, riding/steering/R, disk reload and native recovery passed
[12:37:13] [Test thread/INFO]: [STDOUT]: WILDCRAFT P6 core tracking/model, native passenger, finite motion across chunk, real world save/reload and API recovery passed; input is a separate check
[12:37:13] [Worker-Main-2/INFO]: Loaded 1872 advancements
[12:37:13] [Render thread/INFO]: World loading finished: null screen: net.minecraft.client.gui.screens.GenericMessageScreen@6a6b0495
[12:37:13] [Render thread/INFO]: Applied 0 biome modifications to 0 of 67 new biomes in 131.0 μs
[12:37:13] [Server thread/INFO]: Starting integrated minecraft server version 26.3
[12:37:13] [Server thread/INFO]: Generating keypair
[12:37:13] [Server thread/INFO]: Selecting global world spawn...
[12:37:13] [Server thread/INFO]: Loading 0 persistent chunks...
[12:37:13] [Server thread/INFO]: Preparing spawn area: 16%
[12:37:13] [Server thread/INFO]: Saving chunks for level 'ServerLevel[New World]'/minecraft:overworld
[12:37:13] [Server thread/INFO]: Saving chunks for level 'ServerLevel[New World]'/minecraft:the_end
[12:37:13] [Server thread/INFO]: Saving chunks for level 'ServerLevel[New World]'/minecraft:the_nether
[12:37:13] [Render thread/INFO]: World loading finished: null screen: net.minecraft.client.gui.screens.LevelLoadingScreen@29fecd3a
[12:37:13] [Render thread/INFO]: World loading finished: null screen: net.minecraft.client.gui.screens.LevelLoadingScreen@29fecd3a
[12:37:13] [Render thread/INFO]: World loading finished: null screen: net.minecraft.client.gui.screens.LevelLoadingScreen@29fecd3a
[12:37:13] [Server thread/INFO]: Loading 48 chunks for player spawn...
[12:37:13] [Render thread/INFO]: World loading finished: null screen: net.minecraft.client.gui.screens.LevelLoadingScreen@29fecd3a
[12:37:13] [Render thread/INFO]: World loading finished: null screen: net.minecraft.client.gui.screens.LevelLoadingScreen@29fecd3a
[12:37:13] [Server thread/INFO]: Time elapsed: 298 ms
[12:37:13] [Render thread/INFO]: World loading finished: null screen: net.minecraft.client.gui.screens.LevelLoadingScreen@29fecd3a
[12:37:14] [Server thread/INFO]: Player32[local:E:2fde3ac1] logged in with entity id 120 at (0.5, -60.0, 0.5)
[12:37:14] [Server thread/INFO]: System chat: Player32 joined the game
[12:37:14] [Server thread/INFO]: Changing view distance to 5, from 10
[12:37:14] [Server thread/INFO]: Changing simulation distance to 12, from 0
[12:37:14] [Render thread/INFO]: World loading finished: ClientLevel screen: net.minecraft.client.gui.screens.LevelLoadingScreen@29fecd3a
[12:37:14] [Render thread/INFO]: Loaded 2 advancements
[12:37:14] [Render thread/INFO]: World loading finished: ClientLevel screen: net.minecraft.client.gui.screens.LevelLoadingScreen@29fecd3a
[12:37:14] [Render thread/INFO]: World loading finished: ClientLevel screen: net.minecraft.client.gui.screens.LevelLoadingScreen@29fecd3a
[12:37:14] [Render thread/INFO]: World loading finished: ClientLevel screen: net.minecraft.client.gui.screens.LevelLoadingScreen@29fecd3a
[12:37:14] [Render thread/INFO]: World loading finished: ClientLevel screen: net.minecraft.client.gui.screens.LevelLoadingScreen@29fecd3a
[12:37:14] [Render thread/INFO]: World loading finished: ClientLevel screen: net.minecraft.client.gui.screens.LevelLoadingScreen@29fecd3a
[12:37:14] [Render thread/INFO]: World loading finished: ClientLevel screen: net.minecraft.client.gui.screens.LevelLoadingScreen@29fecd3a
[12:37:14] [Render thread/INFO]: World loading finished: ClientLevel screen: net.minecraft.client.gui.screens.LevelLoadingScreen@29fecd3a
[12:37:14] [Render thread/INFO]: World loading finished: ClientLevel screen: net.minecraft.client.gui.screens.LevelLoadingScreen@29fecd3a
[12:37:14] [Render thread/INFO]: World loading finished: ClientLevel screen: net.minecraft.client.gui.screens.LevelLoadingScreen@29fecd3a
[12:37:14] [Render thread/INFO]: World loading finished: ClientLevel screen: net.minecraft.client.gui.screens.LevelLoadingScreen@29fecd3a
[12:37:14] [Render thread/INFO]: World loading finished: ClientLevel screen: net.minecraft.client.gui.screens.LevelLoadingScreen@29fecd3a
[12:37:14] [Render thread/INFO]: World loading finished: ClientLevel screen: net.minecraft.client.gui.screens.LevelLoadingScreen@29fecd3a
[12:37:14] [Render thread/INFO]: World loading finished: ClientLevel screen: net.minecraft.client.gui.screens.LevelLoadingScreen@29fecd3a
[12:37:14] [Render thread/INFO]: World loading finished: ClientLevel screen: net.minecraft.client.gui.screens.LevelLoadingScreen@29fecd3a
[12:37:14] [Render thread/INFO]: World loading finished: ClientLevel screen: null
[12:37:22] [Server thread/INFO]: Player32 lost connection: Disconnected
[12:37:22] [Server thread/INFO]: System chat: Player32 left the game
[12:37:22] [Server thread/INFO]: Stopping singleplayer server as player logged out
[12:37:22] [Server thread/INFO]: Stopping server
[12:37:22] [Server thread/INFO]: Saving players
[12:37:22] [Server thread/INFO]: Saving worlds
[12:37:22] [Server thread/INFO]: Saving chunks for level 'ServerLevel[New World]'/minecraft:overworld
[12:37:22] [Server thread/INFO]: Saving chunks for level 'ServerLevel[New World]'/minecraft:the_end
[12:37:22] [Server thread/INFO]: Saving chunks for level 'ServerLevel[New World]'/minecraft:the_nether
[12:37:22] [Render thread/INFO]: World loading finished: null screen: net.minecraft.client.gui.screens.GenericMessageScreen@337b31c
[12:37:22] [Worker-Main-7/INFO]: Loaded 1872 advancements
[12:37:22] [Render thread/INFO]: Applied 0 biome modifications to 0 of 67 new biomes in 182.2 μs
[12:37:22] [Server thread/INFO]: Starting integrated minecraft server version 26.3
[12:37:22] [Server thread/INFO]: Generating keypair
[12:37:22] [Server thread/INFO]: Loading 0 persistent chunks...
[12:37:22] [Server thread/INFO]: Saving chunks for level 'ServerLevel[New World]'/minecraft:overworld
[12:37:22] [Server thread/INFO]: Saving chunks for level 'ServerLevel[New World]'/minecraft:the_end
[12:37:22] [Server thread/INFO]: Saving chunks for level 'ServerLevel[New World]'/minecraft:the_nether
[12:37:23] [Render thread/INFO]: World loading finished: null screen: net.minecraft.client.gui.screens.LevelLoadingScreen@16df813
[12:37:23] [Render thread/INFO]: World loading finished: null screen: net.minecraft.client.gui.screens.LevelLoadingScreen@16df813
[12:37:23] [Render thread/INFO]: World loading finished: null screen: net.minecraft.client.gui.screens.LevelLoadingScreen@16df813
[12:37:23] [Server thread/INFO]: Loading 49 chunks for player spawn...
[12:37:23] [Server thread/INFO]: Preparing spawn area: 16%
[12:37:23] [Render thread/INFO]: World loading finished: null screen: net.minecraft.client.gui.screens.LevelLoadingScreen@16df813
[12:37:23] [Server thread/INFO]: Time elapsed: 220 ms
[12:37:23] [Render thread/INFO]: World loading finished: null screen: net.minecraft.client.gui.screens.LevelLoadingScreen@16df813
[12:37:23] [Server thread/INFO]: Player32[local:E:16dc71da] logged in with entity id 123 at (0.5, 120.64999997615814, 8.699999988079071)
[12:37:23] [Server thread/INFO]: System chat: Player32 joined the game
[12:37:23] [Server thread/INFO]: Changing view distance to 5, from 10
[12:37:23] [Server thread/INFO]: Changing simulation distance to 12, from 0
[12:37:23] [Render thread/INFO]: World loading finished: ClientLevel screen: net.minecraft.client.gui.screens.LevelLoadingScreen@16df813
[12:37:23] [Render thread/INFO]: Loaded 2 advancements
[12:37:23] [Render thread/INFO]: World loading finished: ClientLevel screen: net.minecraft.client.gui.screens.LevelLoadingScreen@16df813
[12:37:23] [Render thread/INFO]: World loading finished: ClientLevel screen: net.minecraft.client.gui.screens.LevelLoadingScreen@16df813
[12:37:23] [Render thread/INFO]: World loading finished: ClientLevel screen: net.minecraft.client.gui.screens.LevelLoadingScreen@16df813
[12:37:23] [Render thread/INFO]: World loading finished: ClientLevel screen: net.minecraft.client.gui.screens.LevelLoadingScreen@16df813
[12:37:23] [Render thread/INFO]: World loading finished: ClientLevel screen: null
[12:37:25] [Server thread/INFO]: Player32 lost connection: Disconnected
[12:37:25] [Server thread/INFO]: System chat: Player32 left the game
[12:37:25] [Server thread/INFO]: Stopping singleplayer server as player logged out
[12:37:25] [Server thread/INFO]: Stopping server
[12:37:25] [Server thread/INFO]: Saving players
[12:37:25] [Server thread/INFO]: Saving worlds
[12:37:25] [Server thread/INFO]: Saving chunks for level 'ServerLevel[New World]'/minecraft:overworld
[12:37:25] [Server thread/INFO]: Saving chunks for level 'ServerLevel[New World]'/minecraft:the_end
[12:37:25] [Server thread/INFO]: Saving chunks for level 'ServerLevel[New World]'/minecraft:the_nether
[12:37:25] [Worker-Main-3/INFO]: Loaded 1872 advancements
[12:37:25] [Render thread/INFO]: World loading finished: null screen: net.minecraft.client.gui.screens.GenericMessageScreen@6c4dd1e4
[12:37:25] [Render thread/INFO]: Applied 0 biome modifications to 0 of 67 new biomes in 149.2 μs
[12:37:25] [Server thread/INFO]: Starting integrated minecraft server version 26.3
[12:37:25] [Server thread/INFO]: Generating keypair
[12:37:25] [Server thread/INFO]: Selecting global world spawn...
[12:37:25] [Server thread/INFO]: Loading 0 persistent chunks...
[12:37:25] [Server thread/INFO]: Preparing spawn area: 16%
[12:37:25] [Server thread/INFO]: Saving chunks for level 'ServerLevel[New World]'/minecraft:overworld
[12:37:25] [Server thread/INFO]: Saving chunks for level 'ServerLevel[New World]'/minecraft:the_end
[12:37:25] [Server thread/INFO]: Saving chunks for level 'ServerLevel[New World]'/minecraft:the_nether
[12:37:25] [Render thread/INFO]: World loading finished: null screen: net.minecraft.client.gui.screens.LevelLoadingScreen@1a9338ad
[12:37:25] [Render thread/INFO]: World loading finished: null screen: net.minecraft.client.gui.screens.LevelLoadingScreen@1a9338ad
[12:37:25] [Render thread/INFO]: World loading finished: null screen: net.minecraft.client.gui.screens.LevelLoadingScreen@1a9338ad
[12:37:25] [Server thread/INFO]: Loading 48 chunks for player spawn...
[12:37:25] [Render thread/INFO]: World loading finished: null screen: net.minecraft.client.gui.screens.LevelLoadingScreen@1a9338ad
[12:37:26] [Render thread/INFO]: World loading finished: null screen: net.minecraft.client.gui.screens.LevelLoadingScreen@1a9338ad
[12:37:26] [Server thread/INFO]: Time elapsed: 300 ms
[12:37:26] [Render thread/INFO]: World loading finished: null screen: net.minecraft.client.gui.screens.LevelLoadingScreen@1a9338ad
[12:37:26] [Server thread/INFO]: Player32[local:E:ff734e61] logged in with entity id 124 at (0.5, -60.0, 0.5)
[12:37:26] [Server thread/INFO]: System chat: Player32 joined the game
[12:37:26] [Server thread/INFO]: Changing view distance to 5, from 10
[12:37:26] [Server thread/INFO]: Changing simulation distance to 12, from 0
[12:37:26] [Render thread/INFO]: World loading finished: ClientLevel screen: net.minecraft.client.gui.screens.LevelLoadingScreen@1a9338ad
[12:37:26] [Render thread/INFO]: Loaded 2 advancements
[12:37:26] [Render thread/INFO]: World loading finished: ClientLevel screen: net.minecraft.client.gui.screens.LevelLoadingScreen@1a9338ad
[12:37:26] [Render thread/INFO]: World loading finished: ClientLevel screen: net.minecraft.client.gui.screens.LevelLoadingScreen@1a9338ad
[12:37:26] [Render thread/INFO]: World loading finished: ClientLevel screen: net.minecraft.client.gui.screens.LevelLoadingScreen@1a9338ad
[12:37:26] [Render thread/INFO]: World loading finished: ClientLevel screen: net.minecraft.client.gui.screens.LevelLoadingScreen@1a9338ad
[12:37:26] [Render thread/INFO]: World loading finished: ClientLevel screen: net.minecraft.client.gui.screens.LevelLoadingScreen@1a9338ad
[12:37:26] [Render thread/INFO]: World loading finished: ClientLevel screen: net.minecraft.client.gui.screens.LevelLoadingScreen@1a9338ad
[12:37:26] [Render thread/INFO]: World loading finished: ClientLevel screen: net.minecraft.client.gui.screens.LevelLoadingScreen@1a9338ad
[12:37:26] [Render thread/INFO]: World loading finished: ClientLevel screen: net.minecraft.client.gui.screens.LevelLoadingScreen@1a9338ad
[12:37:26] [Render thread/INFO]: World loading finished: ClientLevel screen: net.minecraft.client.gui.screens.LevelLoadingScreen@1a9338ad
[12:37:26] [Render thread/INFO]: World loading finished: ClientLevel screen: net.minecraft.client.gui.screens.LevelLoadingScreen@1a9338ad
[12:37:26] [Render thread/INFO]: World loading finished: ClientLevel screen: net.minecraft.client.gui.screens.LevelLoadingScreen@1a9338ad
[12:37:26] [Render thread/INFO]: World loading finished: ClientLevel screen: net.minecraft.client.gui.screens.LevelLoadingScreen@1a9338ad
[12:37:26] [Render thread/INFO]: World loading finished: ClientLevel screen: net.minecraft.client.gui.screens.LevelLoadingScreen@1a9338ad
[12:37:26] [Render thread/INFO]: World loading finished: ClientLevel screen: net.minecraft.client.gui.screens.LevelLoadingScreen@1a9338ad
[12:37:26] [Render thread/INFO]: World loading finished: ClientLevel screen: net.minecraft.client.gui.screens.LevelLoadingScreen@1a9338ad
[12:37:26] [Render thread/INFO]: World loading finished: ClientLevel screen: null
[12:37:37] [Server thread/INFO]: Player32 lost connection: Disconnected
[12:37:37] [Server thread/INFO]: System chat: Player32 left the game
[12:37:37] [Server thread/INFO]: Stopping singleplayer server as player logged out
[12:37:37] [Server thread/INFO]: Stopping server
[12:37:37] [Server thread/INFO]: Saving players
[12:37:37] [Server thread/INFO]: Saving worlds
[12:37:37] [Server thread/INFO]: Saving chunks for level 'ServerLevel[New World]'/minecraft:overworld
[12:37:37] [Server thread/INFO]: Saving chunks for level 'ServerLevel[New World]'/minecraft:the_end
[12:37:37] [Server thread/INFO]: Saving chunks for level 'ServerLevel[New World]'/minecraft:the_nether
[12:37:37] [Render thread/INFO]: World loading finished: null screen: net.minecraft.client.gui.screens.GenericMessageScreen@79ea333
[12:37:37] [Worker-Main-7/INFO]: Loaded 1872 advancements
[12:37:37] [Render thread/INFO]: Applied 0 biome modifications to 0 of 67 new biomes in 184.6 μs
[12:37:37] [Server thread/INFO]: Starting integrated minecraft server version 26.3
[12:37:37] [Server thread/INFO]: Generating keypair
[12:37:37] [Server thread/INFO]: Loading 0 persistent chunks...
[12:37:37] [Server thread/INFO]: Saving chunks for level 'ServerLevel[New World]'/minecraft:overworld
[12:37:37] [Server thread/INFO]: Saving chunks for level 'ServerLevel[New World]'/minecraft:the_end
[12:37:37] [Server thread/INFO]: Saving chunks for level 'ServerLevel[New World]'/minecraft:the_nether
[12:37:37] [Render thread/INFO]: World loading finished: null screen: net.minecraft.client.gui.screens.LevelLoadingScreen@1afa1164
[12:37:37] [Render thread/INFO]: World loading finished: null screen: net.minecraft.client.gui.screens.LevelLoadingScreen@1afa1164
[12:37:37] [Render thread/INFO]: World loading finished: null screen: net.minecraft.client.gui.screens.LevelLoadingScreen@1afa1164
[12:37:37] [Server thread/INFO]: Loading 49 chunks for player spawn...
[12:37:37] [Server thread/INFO]: Preparing spawn area: 16%
[12:37:37] [Render thread/INFO]: World loading finished: null screen: net.minecraft.client.gui.screens.LevelLoadingScreen@1afa1164
[12:37:37] [Server thread/INFO]: Time elapsed: 218 ms
[12:37:37] [Render thread/INFO]: World loading finished: null screen: net.minecraft.client.gui.screens.LevelLoadingScreen@1afa1164
[12:37:37] [Server thread/INFO]: Player32[local:E:f5817be9] logged in with entity id 127 at (0.5, 120.0, 1.2000000000000002)
[12:37:37] [Server thread/INFO]: System chat: Player32 joined the game
[12:37:37] [Server thread/INFO]: Changing view distance to 5, from 10
[12:37:37] [Server thread/INFO]: Changing simulation distance to 12, from 0
[12:37:37] [Render thread/INFO]: World loading finished: ClientLevel screen: net.minecraft.client.gui.screens.LevelLoadingScreen@1afa1164
[12:37:37] [Render thread/INFO]: Loaded 2 advancements
[12:37:38] [Render thread/INFO]: World loading finished: ClientLevel screen: net.minecraft.client.gui.screens.LevelLoadingScreen@1afa1164
[12:37:38] [Render thread/INFO]: World loading finished: ClientLevel screen: net.minecraft.client.gui.screens.LevelLoadingScreen@1afa1164
[12:37:38] [Render thread/INFO]: World loading finished: ClientLevel screen: net.minecraft.client.gui.screens.LevelLoadingScreen@1afa1164
[12:37:38] [Render thread/INFO]: World loading finished: ClientLevel screen: net.minecraft.client.gui.screens.LevelLoadingScreen@1afa1164
[12:37:38] [Render thread/INFO]: World loading finished: ClientLevel screen: null
[12:37:46] [Server thread/INFO]: Player32 lost connection: Disconnected
[12:37:46] [Server thread/INFO]: System chat: Player32 left the game
[12:37:46] [Server thread/INFO]: Stopping singleplayer server as player logged out
[12:37:46] [Server thread/INFO]: Stopping server
[12:37:46] [Server thread/INFO]: Saving players
[12:37:46] [Server thread/INFO]: Saving worlds
[12:37:46] [Server thread/INFO]: Saving chunks for level 'ServerLevel[New World]'/minecraft:overworld
[12:37:46] [Server thread/INFO]: Saving chunks for level 'ServerLevel[New World]'/minecraft:the_end
[12:37:46] [Server thread/INFO]: Saving chunks for level 'ServerLevel[New World]'/minecraft:the_nether
[12:37:46] [Test thread/INFO]: [STDOUT]: WILDCRAFT P7 actual native bottom spring/rocket/stabilizer/float install, finite spring launch, irreversible burning, disk reload, named casing recovery, spent rejection and loaded passive water float passed
[12:37:46] [Test thread/INFO]: [STDOUT]: WILDCRAFT P7 wing/wheel actual input, preview, W/S driving, one-block step/tall wall, idle cost, real disk reload and loaded passive glide passed
[12:37:46] [Render thread/INFO]: Reloading ResourceManager: vanilla, vanilla, fabric-advancement-api-v1, fabric-api, fabric-api-base, fabric-api-lookup-api-v1, fabric-biome-api-v1, fabric-block-api-v1, fabric-block-getter-api-v2, fabric-client-gametest-api-v1, fabric-command-api-v2, fabric-content-registries-v0, fabric-convention-tags-v2, fabric-crash-report-info-v1, fabric-creative-tab-api-v1, fabric-data-attachment-api-v1, fabric-data-generation-api-v1, fabric-debug-api-v1, fabric-dimensions-v1, fabric-entity-events-v1, fabric-events-interaction-v0, fabric-game-rule-api-v1, fabric-gametest-api-v1, fabric-item-api-v1, fabric-key-mapping-api-v1, fabric-lifecycle-events-v1, fabric-loot-api-v3, fabric-menu-api-v1, fabric-message-api-v1, fabric-model-loading-api-v1, fabric-networking-api-v1, fabric-object-builder-api-v1, fabric-particles-v1, fabric-permission-api-v1, fabric-recipe-api-v1, fabric-registry-sync-v0, fabric-renderer-api-v1, fabric-renderer-indigo, fabric-rendering-fluids-v1, fabric-rendering-v1, fabric-resource-conditions-api-v1, fabric-resource-loader-v0, fabric-resource-loader-v1, fabric-screen-api-v1, fabric-serialization-api-v1, fabric-sound-api-v1, fabric-tag-api-v1, fabric-transfer-api-v1, fabric-transitive-access-wideners-v1, fabricloader, wildcraft, wildcraft-test
[12:37:46] [Worker-Main-9/INFO]: Found unifont_all_no_pua-17.0.01.hex, loading
[12:37:46] [Worker-Main-7/INFO]: Found unifont_pua-17.0.01.hex, loading
[12:37:46] [Render thread/INFO]: Info log when linking program containing VERTEX minecraft:core/terrain, FRAGMENT minecraft:core/terrain. Log output: WARNING: Output of vertex shader '_interface_variable_01' not read by fragment shader
WARNING: Output of vertex shader '_interface_variable_00' not read by fragment shader
WARNING: Output of vertex shader '_interface_variable_04' not read by fragment shader

[12:37:46] [Render thread/INFO]: Info log when linking program containing VERTEX minecraft:core/rendertype_crumbling, FRAGMENT minecraft:core/rendertype_crumbling. Log output: WARNING: Output of vertex shader '_interface_variable_01' not read by fragment shader
WARNING: Output of vertex shader '_interface_variable_00' not read by fragment shader

[12:37:46] [Render thread/INFO]: Info log when linking program containing VERTEX minecraft:core/rendertype_lines, FRAGMENT minecraft:core/rendertype_lines. Log output: WARNING: Output of vertex shader '_interface_variable_01' not read by fragment shader
WARNING: Output of vertex shader '_interface_variable_00' not read by fragment shader

[12:37:46] [Render thread/INFO]: Info log when linking program containing VERTEX minecraft:core/entity, FRAGMENT minecraft:core/entity. Log output: WARNING: Output of vertex shader '_interface_variable_01' not read by fragment shader
WARNING: Output of vertex shader '_interface_variable_00' not read by fragment shader

[12:37:46] [Render thread/INFO]: Info log when linking program containing VERTEX minecraft:core/text, FRAGMENT minecraft:core/text. Log output: WARNING: Output of vertex shader '_interface_variable_01' not read by fragment shader
WARNING: Output of vertex shader '_interface_variable_00' not read by fragment shader

[12:37:46] [Render thread/INFO]: Info log when linking program containing VERTEX minecraft:core/text, FRAGMENT minecraft:core/text. Log output: WARNING: Output of vertex shader '_interface_variable_01' not read by fragment shader
WARNING: Output of vertex shader '_interface_variable_00' not read by fragment shader

[12:37:46] [Render thread/INFO]: Info log when linking program containing VERTEX minecraft:core/entity, FRAGMENT minecraft:core/entity. Log output: WARNING: Output of vertex shader '_interface_variable_01' not read by fragment shader
WARNING: Output of vertex shader '_interface_variable_00' not read by fragment shader

[12:37:46] [Render thread/INFO]: Info log when linking program containing VERTEX minecraft:core/terrain, FRAGMENT minecraft:core/terrain. Log output: WARNING: Output of vertex shader '_interface_variable_01' not read by fragment shader
WARNING: Output of vertex shader '_interface_variable_00' not read by fragment shader
WARNING: Output of vertex shader '_interface_variable_04' not read by fragment shader

[12:37:46] [Worker-Main-9/INFO]: Found unifont_jp_patch-17.0.01.hex, loading
[12:37:46] [Render thread/INFO]: Info log when linking program containing VERTEX minecraft:core/entity, FRAGMENT minecraft:core/entity. Log output: WARNING: Output of vertex shader '_interface_variable_01' not read by fragment shader
WARNING: Output of vertex shader '_interface_variable_00' not read by fragment shader

[12:37:46] [Render thread/INFO]: Info log when linking program containing VERTEX minecraft:core/block, FRAGMENT minecraft:core/block. Log output: WARNING: Output of vertex shader '_interface_variable_01' not read by fragment shader
WARNING: Output of vertex shader '_interface_variable_00' not read by fragment shader

[12:37:46] [Render thread/INFO]: Info log when linking program containing VERTEX minecraft:core/particle, FRAGMENT minecraft:core/particle. Log output: WARNING: Output of vertex shader '_interface_variable_01' not read by fragment shader
WARNING: Output of vertex shader '_interface_variable_00' not read by fragment shader

[12:37:46] [Render thread/INFO]: Info log when linking program containing VERTEX minecraft:core/rendertype_entity_shadow, FRAGMENT minecraft:core/rendertype_entity_shadow. Log output: WARNING: Output of vertex shader '_interface_variable_01' not read by fragment shader
WARNING: Output of vertex shader '_interface_variable_00' not read by fragment shader

[12:37:46] [Render thread/INFO]: Info log when linking program containing VERTEX minecraft:core/screenquad, FRAGMENT minecraft:core/oit_composite. Log output: WARNING: Output of vertex shader '_interface_variable_00' not read by fragment shader

[12:37:46] [Render thread/INFO]: Info log when linking program containing VERTEX minecraft:core/screenquad, FRAGMENT minecraft:core/integrate_depth. Log output: WARNING: Output of vertex shader '_interface_variable_00' not read by fragment shader

[12:37:46] [Render thread/INFO]: Info log when linking program containing VERTEX minecraft:core/entity, FRAGMENT minecraft:core/entity. Log output: WARNING: Output of vertex shader '_interface_variable_01' not read by fragment shader
WARNING: Output of vertex shader '_interface_variable_00' not read by fragment shader

[12:37:46] [Render thread/INFO]: Info log when linking program containing VERTEX minecraft:core/animate_sprite, FRAGMENT minecraft:core/animate_sprite_blit. Log output: WARNING: Output of vertex shader '_interface_variable_00' not read by fragment shader

[12:37:46] [Render thread/INFO]: Info log when linking program containing VERTEX minecraft:core/terrain, FRAGMENT minecraft:core/terrain. Log output: WARNING: Output of vertex shader '_interface_variable_01' not read by fragment shader
WARNING: Output of vertex shader '_interface_variable_00' not read by fragment shader
WARNING: Output of vertex shader '_interface_variable_04' not read by fragment shader

[12:37:46] [Render thread/INFO]: Info log when linking program containing VERTEX minecraft:core/entity, FRAGMENT minecraft:core/entity. Log output: WARNING: Output of vertex shader '_interface_variable_01' not read by fragment shader
WARNING: Output of vertex shader '_interface_variable_00' not read by fragment shader

[12:37:46] [Render thread/INFO]: Info log when linking program containing VERTEX minecraft:core/clouds, FRAGMENT minecraft:core/clouds. Log output: WARNING: Output of vertex shader '_interface_variable_00' not read by fragment shader

[12:37:46] [Render thread/INFO]: Info log when linking program containing VERTEX minecraft:core/entity, FRAGMENT minecraft:core/entity. Log output: WARNING: Output of vertex shader '_interface_variable_01' not read by fragment shader
WARNING: Output of vertex shader '_interface_variable_00' not read by fragment shader

[12:37:46] [Render thread/INFO]: Info log when linking program containing VERTEX minecraft:core/particle, FRAGMENT minecraft:core/particle. Log output: WARNING: Output of vertex shader '_interface_variable_01' not read by fragment shader
WARNING: Output of vertex shader '_interface_variable_00' not read by fragment shader

[12:37:46] [Render thread/INFO]: Info log when linking program containing VERTEX minecraft:core/entity, FRAGMENT minecraft:core/entity. Log output: WARNING: Output of vertex shader '_interface_variable_01' not read by fragment shader
WARNING: Output of vertex shader '_interface_variable_00' not read by fragment shader

[12:37:46] [Render thread/INFO]: Info log when linking program containing VERTEX minecraft:core/screenquad, FRAGMENT minecraft:core/oit_depth_bounds_cull. Log output: WARNING: Output of vertex shader '_interface_variable_00' not read by fragment shader

[12:37:46] [Render thread/INFO]: Info log when linking program containing VERTEX minecraft:core/text, FRAGMENT minecraft:core/text. Log output: WARNING: Output of vertex shader '_interface_variable_01' not read by fragment shader
WARNING: Output of vertex shader '_interface_variable_00' not read by fragment shader

[12:37:46] [Worker-Main-1/WARN]: Missing textures in model wildcraft:item/battery_3d:
    wildcraft:entity/battery
[12:37:46] [Render thread/INFO]: Info log when linking program containing VERTEX minecraft:core/text, FRAGMENT minecraft:core/text. Log output: WARNING: Output of vertex shader '_interface_variable_01' not read by fragment shader
WARNING: Output of vertex shader '_interface_variable_00' not read by fragment shader

[12:37:46] [Render thread/INFO]: Info log when linking program containing VERTEX minecraft:core/block, FRAGMENT minecraft:core/block. Log output: WARNING: Output of vertex shader '_interface_variable_01' not read by fragment shader
WARNING: Output of vertex shader '_interface_variable_00' not read by fragment shader

[12:37:46] [Render thread/INFO]: Info log when linking program containing VERTEX minecraft:core/terrain, FRAGMENT minecraft:core/terrain. Log output: WARNING: Output of vertex shader '_interface_variable_01' not read by fragment shader
WARNING: Output of vertex shader '_interface_variable_00' not read by fragment shader
WARNING: Output of vertex shader '_interface_variable_04' not read by fragment shader

[12:37:46] [Render thread/INFO]: Info log when linking program containing VERTEX minecraft:core/entity, FRAGMENT minecraft:core/entity. Log output: WARNING: Output of vertex shader '_interface_variable_01' not read by fragment shader
WARNING: Output of vertex shader '_interface_variable_00' not read by fragment shader

[12:37:46] [Render thread/INFO]: Info log when linking program containing VERTEX minecraft:core/text, FRAGMENT minecraft:core/text. Log output: WARNING: Output of vertex shader '_interface_variable_01' not read by fragment shader
WARNING: Output of vertex shader '_interface_variable_00' not read by fragment shader

[12:37:46] [Render thread/INFO]: Info log when linking program containing VERTEX minecraft:core/text, FRAGMENT minecraft:core/text. Log output: WARNING: Output of vertex shader '_interface_variable_01' not read by fragment shader
WARNING: Output of vertex shader '_interface_variable_00' not read by fragment shader

[12:37:46] [Render thread/INFO]: Info log when linking program containing VERTEX minecraft:core/clouds, FRAGMENT minecraft:core/clouds. Log output: WARNING: Output of vertex shader '_interface_variable_00' not read by fragment shader

[12:37:46] [Render thread/INFO]: Info log when linking program containing VERTEX minecraft:core/rendertype_lines, FRAGMENT minecraft:core/rendertype_lines. Log output: WARNING: Output of vertex shader '_interface_variable_01' not read by fragment shader
WARNING: Output of vertex shader '_interface_variable_00' not read by fragment shader

[12:37:46] [Render thread/INFO]: Info log when linking program containing VERTEX minecraft:core/entity, FRAGMENT minecraft:core/entity. Log output: WARNING: Output of vertex shader '_interface_variable_01' not read by fragment shader
WARNING: Output of vertex shader '_interface_variable_00' not read by fragment shader

[12:37:46] [Render thread/INFO]: Info log when linking program containing VERTEX minecraft:core/rendertype_entity_shadow, FRAGMENT minecraft:core/rendertype_entity_shadow. Log output: WARNING: Output of vertex shader '_interface_variable_01' not read by fragment shader
WARNING: Output of vertex shader '_interface_variable_00' not read by fragment shader

[12:37:46] [Render thread/INFO]: Info log when linking program containing VERTEX minecraft:core/text, FRAGMENT minecraft:core/text. Log output: WARNING: Output of vertex shader '_interface_variable_01' not read by fragment shader
WARNING: Output of vertex shader '_interface_variable_00' not read by fragment shader

[12:37:46] [Render thread/INFO]: Info log when linking program containing VERTEX minecraft:core/entity, FRAGMENT minecraft:core/entity. Log output: WARNING: Output of vertex shader '_interface_variable_01' not read by fragment shader
WARNING: Output of vertex shader '_interface_variable_00' not read by fragment shader

[12:37:46] [Render thread/INFO]: Info log when linking program containing VERTEX minecraft:core/entity, FRAGMENT minecraft:core/entity. Log output: WARNING: Output of vertex shader '_interface_variable_01' not read by fragment shader
WARNING: Output of vertex shader '_interface_variable_00' not read by fragment shader

[12:37:46] [Render thread/INFO]: Info log when linking program containing VERTEX minecraft:core/particle, FRAGMENT minecraft:core/particle. Log output: WARNING: Output of vertex shader '_interface_variable_01' not read by fragment shader
WARNING: Output of vertex shader '_interface_variable_00' not read by fragment shader

[12:37:46] [Render thread/INFO]: Info log when linking program containing VERTEX minecraft:core/particle, FRAGMENT minecraft:core/particle. Log output: WARNING: Output of vertex shader '_interface_variable_01' not read by fragment shader
WARNING: Output of vertex shader '_interface_variable_00' not read by fragment shader

[12:37:46] [Render thread/INFO]: Info log when linking program containing VERTEX minecraft:core/rendertype_crumbling, FRAGMENT minecraft:core/rendertype_crumbling. Log output: WARNING: Output of vertex shader '_interface_variable_01' not read by fragment shader
WARNING: Output of vertex shader '_interface_variable_00' not read by fragment shader

[12:37:46] [Render thread/INFO]: Info log when linking program containing VERTEX minecraft:core/text, FRAGMENT minecraft:core/text. Log output: WARNING: Output of vertex shader '_interface_variable_01' not read by fragment shader
WARNING: Output of vertex shader '_interface_variable_00' not read by fragment shader

[12:37:46] [Render thread/INFO]: Info log when linking program containing VERTEX minecraft:core/entity, FRAGMENT minecraft:core/entity. Log output: WARNING: Output of vertex shader '_interface_variable_01' not read by fragment shader
WARNING: Output of vertex shader '_interface_variable_00' not read by fragment shader

[12:37:46] [Render thread/INFO]: OpenAL initialized on device Mac mini扬声器
[12:37:46] [Render thread/INFO]: Sound engine started
[12:37:46] [Render thread/INFO]: Created: 512x256x0 minecraft:textures/atlas/particles.png-atlas
[12:37:46] [Render thread/INFO]: Created: 256x128x0 minecraft:textures/atlas/celestials.png-atlas
[12:37:46] [Render thread/INFO]: Created: 128x128x0 minecraft:textures/atlas/decorated_pot.png-atlas
[12:37:46] [Render thread/INFO]: Created: 512x256x0 minecraft:textures/atlas/paintings.png-atlas
[12:37:46] [Render thread/INFO]: Created: 1024x512x0 minecraft:textures/atlas/shield_patterns.png-atlas
[12:37:46] [Render thread/INFO]: Created: 1024x512x0 minecraft:textures/atlas/banner_patterns.png-atlas
[12:37:46] [Render thread/INFO]: Created: 2048x2048x4 minecraft:textures/atlas/blocks.png-atlas
[12:37:46] [Render thread/INFO]: Created: 1024x512x0 minecraft:textures/atlas/items.png-atlas
[12:37:46] [Render thread/INFO]: Created: 1024x1024x0 minecraft:textures/atlas/gui.png-atlas
[12:37:46] [Render thread/INFO]: Created: 128x64x0 minecraft:textures/atlas/map_decorations.png-atlas
[12:37:46] [Render thread/INFO]: Created: 512x512x0 minecraft:textures/atlas/chest.png-atlas
[12:37:46] [Render thread/INFO]: Created: 512x512x0 minecraft:textures/atlas/shulker_boxes.png-atlas
[12:37:49] [Worker-Main-9/INFO]: Loaded 1872 advancements
[12:37:49] [Render thread/INFO]: World loading finished: null screen: net.minecraft.client.gui.screens.GenericMessageScreen@3501e75
[12:37:49] [Render thread/INFO]: Applied 0 biome modifications to 0 of 67 new biomes in 152.6 μs
[12:37:49] [Server thread/INFO]: Starting integrated minecraft server version 26.3
[12:37:49] [Server thread/INFO]: Generating keypair
[12:37:49] [Server thread/INFO]: Selecting global world spawn...
[12:37:49] [Server thread/INFO]: Loading 0 persistent chunks...
[12:37:49] [Server thread/INFO]: 准备生成区域中：16%
[12:37:49] [Server thread/INFO]: Saving chunks for level 'ServerLevel[新的世界]'/minecraft:overworld
[12:37:49] [Server thread/INFO]: Saving chunks for level 'ServerLevel[新的世界]'/minecraft:the_end
[12:37:49] [Server thread/INFO]: Saving chunks for level 'ServerLevel[新的世界]'/minecraft:the_nether
[12:37:49] [Render thread/INFO]: World loading finished: null screen: net.minecraft.client.gui.screens.LevelLoadingScreen@339385eb
[12:37:49] [Render thread/INFO]: World loading finished: null screen: net.minecraft.client.gui.screens.LevelLoadingScreen@339385eb
[12:37:49] [Render thread/INFO]: World loading finished: null screen: net.minecraft.client.gui.screens.LevelLoadingScreen@339385eb
[12:37:49] [Render thread/INFO]: World loading finished: null screen: net.minecraft.client.gui.screens.LevelLoadingScreen@339385eb
[12:37:49] [Server thread/INFO]: Loading 48 chunks for player spawn...
[12:37:49] [Render thread/INFO]: World loading finished: null screen: net.minecraft.client.gui.screens.LevelLoadingScreen@339385eb
[12:37:49] [Render thread/INFO]: World loading finished: null screen: net.minecraft.client.gui.screens.LevelLoadingScreen@339385eb
[12:37:49] [Server thread/INFO]: Time elapsed: 350 ms
[12:37:49] [Render thread/INFO]: World loading finished: null screen: net.minecraft.client.gui.screens.LevelLoadingScreen@339385eb
[12:37:49] [Server thread/INFO]: Player32[local:E:2154130c] logged in with entity id 128 at (0.5, -60.0, 0.5)
[12:37:49] [Server thread/INFO]: System chat: Player32加入了游戏
[12:37:49] [Server thread/INFO]: Changing view distance to 5, from 10
[12:37:49] [Server thread/INFO]: Changing simulation distance to 12, from 0
[12:37:49] [Render thread/INFO]: Loaded 2 advancements
[12:37:49] [Render thread/INFO]: World loading finished: ClientLevel screen: net.minecraft.client.gui.screens.LevelLoadingScreen@339385eb
[12:37:49] [Render thread/WARN]: Requested post effect does not exist: minecraft:end_of_frame
[12:37:50] [Render thread/INFO]: World loading finished: ClientLevel screen: net.minecraft.client.gui.screens.LevelLoadingScreen@339385eb
[12:37:50] [Render thread/INFO]: World loading finished: ClientLevel screen: net.minecraft.client.gui.screens.LevelLoadingScreen@339385eb
[12:37:50] [Render thread/INFO]: World loading finished: ClientLevel screen: net.minecraft.client.gui.screens.LevelLoadingScreen@339385eb
[12:37:50] [Render thread/INFO]: World loading finished: ClientLevel screen: net.minecraft.client.gui.screens.LevelLoadingScreen@339385eb
[12:37:50] [Render thread/INFO]: World loading finished: ClientLevel screen: net.minecraft.client.gui.screens.LevelLoadingScreen@339385eb
[12:37:50] [Render thread/INFO]: World loading finished: ClientLevel screen: net.minecraft.client.gui.screens.LevelLoadingScreen@339385eb
[12:37:50] [Render thread/INFO]: World loading finished: ClientLevel screen: net.minecraft.client.gui.screens.LevelLoadingScreen@339385eb
[12:37:50] [Render thread/INFO]: World loading finished: ClientLevel screen: net.minecraft.client.gui.screens.LevelLoadingScreen@339385eb
[12:37:50] [Render thread/INFO]: World loading finished: ClientLevel screen: net.minecraft.client.gui.screens.LevelLoadingScreen@339385eb
[12:37:50] [Render thread/INFO]: World loading finished: ClientLevel screen: net.minecraft.client.gui.screens.LevelLoadingScreen@339385eb
[12:37:50] [Render thread/INFO]: World loading finished: ClientLevel screen: net.minecraft.client.gui.screens.LevelLoadingScreen@339385eb
[12:37:50] [Render thread/INFO]: World loading finished: ClientLevel screen: net.minecraft.client.gui.screens.LevelLoadingScreen@339385eb
[12:37:50] [Render thread/INFO]: World loading finished: ClientLevel screen: net.minecraft.client.gui.screens.LevelLoadingScreen@339385eb
[12:37:50] [Render thread/INFO]: World loading finished: ClientLevel screen: net.minecraft.client.gui.screens.LevelLoadingScreen@339385eb
[12:37:50] [Render thread/INFO]: World loading finished: ClientLevel screen: null
[12:37:50] [Server thread/INFO]: System chat: Player32取得了进度[这不是铁镐么？]
[12:37:50] [Render thread/INFO]: [System] [CHAT] Player32取得了进度[这不是铁镐么？]
[12:37:50] [Render thread/INFO]: Loaded 42 advancements
[12:37:51] [Server thread/INFO]: Player32 lost connection: 连接中断
[12:37:51] [Server thread/INFO]: System chat: Player32退出了游戏
[12:37:51] [Server thread/INFO]: Stopping singleplayer server as player logged out
[12:37:51] [Server thread/INFO]: Stopping server
[12:37:51] [Server thread/INFO]: Saving players
[12:37:51] [Server thread/INFO]: Saving worlds
[12:37:51] [Server thread/INFO]: Saving chunks for level 'ServerLevel[新的世界]'/minecraft:overworld
[12:37:51] [Server thread/INFO]: Saving chunks for level 'ServerLevel[新的世界]'/minecraft:the_end
[12:37:51] [Server thread/INFO]: Saving chunks for level 'ServerLevel[新的世界]'/minecraft:the_nether
[12:37:51] [Render thread/INFO]: World loading finished: null screen: net.minecraft.client.gui.screens.GenericMessageScreen@78c60517
[12:37:51] [Worker-Main-8/INFO]: Loaded 1872 advancements
[12:37:51] [Render thread/INFO]: Applied 0 biome modifications to 0 of 67 new biomes in 120.2 μs
[12:37:51] [Server thread/INFO]: Starting integrated minecraft server version 26.3
[12:37:51] [Server thread/INFO]: Generating keypair
[12:37:51] [Server thread/INFO]: Loading 0 persistent chunks...
[12:37:51] [Server thread/INFO]: Saving chunks for level 'ServerLevel[新的世界]'/minecraft:overworld
[12:37:51] [Server thread/INFO]: Saving chunks for level 'ServerLevel[新的世界]'/minecraft:the_end
[12:37:51] [Server thread/INFO]: Saving chunks for level 'ServerLevel[新的世界]'/minecraft:the_nether
[12:37:51] [Render thread/INFO]: World loading finished: null screen: net.minecraft.client.gui.screens.LevelLoadingScreen@1bb78969
[12:37:51] [Render thread/INFO]: World loading finished: null screen: net.minecraft.client.gui.screens.LevelLoadingScreen@1bb78969
[12:37:51] [Render thread/INFO]: World loading finished: null screen: net.minecraft.client.gui.screens.LevelLoadingScreen@1bb78969
[12:37:51] [Render thread/INFO]: World loading finished: null screen: net.minecraft.client.gui.screens.LevelLoadingScreen@1bb78969
[12:37:51] [Server thread/INFO]: Loading 49 chunks for player spawn...
[12:37:51] [Server thread/INFO]: 准备生成区域中：16%
[12:37:52] [Render thread/INFO]: World loading finished: null screen: net.minecraft.client.gui.screens.LevelLoadingScreen@1bb78969
[12:37:52] [Server thread/INFO]: Time elapsed: 269 ms
[12:37:52] [Render thread/INFO]: World loading finished: null screen: net.minecraft.client.gui.screens.LevelLoadingScreen@1bb78969
[12:37:52] [Server thread/INFO]: Player32[local:E:8a6b600a] logged in with entity id 129 at (0.5, 120.0, 0.5)
[12:37:52] [Server thread/INFO]: System chat: Player32加入了游戏
[12:37:52] [Server thread/INFO]: Changing view distance to 5, from 10
[12:37:52] [Server thread/INFO]: Changing simulation distance to 12, from 0
[12:37:52] [Render thread/INFO]: World loading finished: ClientLevel screen: net.minecraft.client.gui.screens.LevelLoadingScreen@1bb78969
[12:37:52] [Render thread/INFO]: Loaded 42 advancements
[12:37:52] [Render thread/INFO]: World loading finished: ClientLevel screen: net.minecraft.client.gui.screens.LevelLoadingScreen@1bb78969
[12:37:52] [Render thread/INFO]: World loading finished: ClientLevel screen: net.minecraft.client.gui.screens.LevelLoadingScreen@1bb78969
[12:37:52] [Render thread/INFO]: World loading finished: ClientLevel screen: net.minecraft.client.gui.screens.LevelLoadingScreen@1bb78969
[12:37:52] [Render thread/INFO]: World loading finished: ClientLevel screen: net.minecraft.client.gui.screens.LevelLoadingScreen@1bb78969
[12:37:52] [Render thread/INFO]: World loading finished: ClientLevel screen: null
[12:37:58] [Render thread/INFO]: Loaded 61 advancements
[12:37:59] [Render thread/INFO]: Reloading ResourceManager: vanilla, vanilla, fabric-advancement-api-v1, fabric-api, fabric-api-base, fabric-api-lookup-api-v1, fabric-biome-api-v1, fabric-block-api-v1, fabric-block-getter-api-v2, fabric-client-gametest-api-v1, fabric-command-api-v2, fabric-content-registries-v0, fabric-convention-tags-v2, fabric-crash-report-info-v1, fabric-creative-tab-api-v1, fabric-data-attachment-api-v1, fabric-data-generation-api-v1, fabric-debug-api-v1, fabric-dimensions-v1, fabric-entity-events-v1, fabric-events-interaction-v0, fabric-game-rule-api-v1, fabric-gametest-api-v1, fabric-item-api-v1, fabric-key-mapping-api-v1, fabric-lifecycle-events-v1, fabric-loot-api-v3, fabric-menu-api-v1, fabric-message-api-v1, fabric-model-loading-api-v1, fabric-networking-api-v1, fabric-object-builder-api-v1, fabric-particles-v1, fabric-permission-api-v1, fabric-recipe-api-v1, fabric-registry-sync-v0, fabric-renderer-api-v1, fabric-renderer-indigo, fabric-rendering-fluids-v1, fabric-rendering-v1, fabric-resource-conditions-api-v1, fabric-resource-loader-v0, fabric-resource-loader-v1, fabric-screen-api-v1, fabric-serialization-api-v1, fabric-sound-api-v1, fabric-tag-api-v1, fabric-transfer-api-v1, fabric-transitive-access-wideners-v1, fabricloader, wildcraft, wildcraft-test
[12:37:59] [Worker-Main-8/INFO]: Found unifont_all_no_pua-17.0.01.hex, loading
[12:37:59] [Worker-Main-1/INFO]: Found unifont_pua-17.0.01.hex, loading
[12:37:59] [Server thread/INFO]: Saving and pausing game...
[12:37:59] [Server thread/INFO]: Saving chunks for level 'ServerLevel[新的世界]'/minecraft:overworld
[12:37:59] [Server thread/INFO]: Saving chunks for level 'ServerLevel[新的世界]'/minecraft:the_end
[12:37:59] [Server thread/INFO]: Saving chunks for level 'ServerLevel[新的世界]'/minecraft:the_nether
[12:37:59] [Render thread/INFO]: Info log when linking program containing VERTEX minecraft:core/terrain, FRAGMENT minecraft:core/terrain. Log output: WARNING: Output of vertex shader '_interface_variable_01' not read by fragment shader
WARNING: Output of vertex shader '_interface_variable_00' not read by fragment shader
WARNING: Output of vertex shader '_interface_variable_04' not read by fragment shader

[12:37:59] [Render thread/INFO]: Info log when linking program containing VERTEX minecraft:core/entity, FRAGMENT minecraft:core/entity. Log output: WARNING: Output of vertex shader '_interface_variable_01' not read by fragment shader
WARNING: Output of vertex shader '_interface_variable_00' not read by fragment shader

[12:37:59] [Render thread/INFO]: Info log when linking program containing VERTEX minecraft:core/rendertype_lines, FRAGMENT minecraft:core/rendertype_lines. Log output: WARNING: Output of vertex shader '_interface_variable_01' not read by fragment shader
WARNING: Output of vertex shader '_interface_variable_00' not read by fragment shader

[12:37:59] [Render thread/INFO]: Info log when linking program containing VERTEX minecraft:core/rendertype_crumbling, FRAGMENT minecraft:core/rendertype_crumbling. Log output: WARNING: Output of vertex shader '_interface_variable_01' not read by fragment shader
WARNING: Output of vertex shader '_interface_variable_00' not read by fragment shader

[12:37:59] [Render thread/INFO]: Info log when linking program containing VERTEX minecraft:core/text, FRAGMENT minecraft:core/text. Log output: WARNING: Output of vertex shader '_interface_variable_01' not read by fragment shader
WARNING: Output of vertex shader '_interface_variable_00' not read by fragment shader

[12:37:59] [Render thread/INFO]: Info log when linking program containing VERTEX minecraft:core/terrain, FRAGMENT minecraft:core/terrain. Log output: WARNING: Output of vertex shader '_interface_variable_01' not read by fragment shader
WARNING: Output of vertex shader '_interface_variable_00' not read by fragment shader
WARNING: Output of vertex shader '_interface_variable_04' not read by fragment shader

[12:37:59] [Render thread/INFO]: Info log when linking program containing VERTEX minecraft:core/entity, FRAGMENT minecraft:core/entity. Log output: WARNING: Output of vertex shader '_interface_variable_01' not read by fragment shader
WARNING: Output of vertex shader '_interface_variable_00' not read by fragment shader

[12:37:59] [Worker-Main-8/INFO]: Found unifont_jp_patch-17.0.01.hex, loading
[12:37:59] [Render thread/INFO]: Info log when linking program containing VERTEX minecraft:core/text, FRAGMENT minecraft:core/text. Log output: WARNING: Output of vertex shader '_interface_variable_01' not read by fragment shader
WARNING: Output of vertex shader '_interface_variable_00' not read by fragment shader

[12:37:59] [Render thread/INFO]: Info log when linking program containing VERTEX minecraft:core/entity, FRAGMENT minecraft:core/entity. Log output: WARNING: Output of vertex shader '_interface_variable_01' not read by fragment shader
WARNING: Output of vertex shader '_interface_variable_00' not read by fragment shader

[12:37:59] [Render thread/INFO]: Info log when linking program containing VERTEX minecraft:core/block, FRAGMENT minecraft:core/block. Log output: WARNING: Output of vertex shader '_interface_variable_01' not read by fragment shader
WARNING: Output of vertex shader '_interface_variable_00' not read by fragment shader

[12:37:59] [Render thread/INFO]: Info log when linking program containing VERTEX minecraft:core/rendertype_entity_shadow, FRAGMENT minecraft:core/rendertype_entity_shadow. Log output: WARNING: Output of vertex shader '_interface_variable_01' not read by fragment shader
WARNING: Output of vertex shader '_interface_variable_00' not read by fragment shader

[12:37:59] [Render thread/INFO]: Info log when linking program containing VERTEX minecraft:core/screenquad, FRAGMENT minecraft:core/oit_composite. Log output: WARNING: Output of vertex shader '_interface_variable_00' not read by fragment shader

[12:37:59] [Render thread/INFO]: Info log when linking program containing VERTEX minecraft:core/particle, FRAGMENT minecraft:core/particle. Log output: WARNING: Output of vertex shader '_interface_variable_01' not read by fragment shader
WARNING: Output of vertex shader '_interface_variable_00' not read by fragment shader

[12:37:59] [Render thread/INFO]: Info log when linking program containing VERTEX minecraft:core/screenquad, FRAGMENT minecraft:core/integrate_depth. Log output: WARNING: Output of vertex shader '_interface_variable_00' not read by fragment shader

[12:37:59] [Render thread/INFO]: Info log when linking program containing VERTEX minecraft:core/entity, FRAGMENT minecraft:core/entity. Log output: WARNING: Output of vertex shader '_interface_variable_01' not read by fragment shader
WARNING: Output of vertex shader '_interface_variable_00' not read by fragment shader

[12:37:59] [Render thread/INFO]: Info log when linking program containing VERTEX minecraft:core/terrain, FRAGMENT minecraft:core/terrain. Log output: WARNING: Output of vertex shader '_interface_variable_01' not read by fragment shader
WARNING: Output of vertex shader '_interface_variable_00' not read by fragment shader
WARNING: Output of vertex shader '_interface_variable_04' not read by fragment shader

[12:37:59] [Render thread/INFO]: Info log when linking program containing VERTEX minecraft:core/animate_sprite, FRAGMENT minecraft:core/animate_sprite_blit. Log output: WARNING: Output of vertex shader '_interface_variable_00' not read by fragment shader

[12:37:59] [Render thread/INFO]: Info log when linking program containing VERTEX minecraft:core/entity, FRAGMENT minecraft:core/entity. Log output: WARNING: Output of vertex shader '_interface_variable_01' not read by fragment shader
WARNING: Output of vertex shader '_interface_variable_00' not read by fragment shader

[12:37:59] [Render thread/INFO]: Info log when linking program containing VERTEX minecraft:core/entity, FRAGMENT minecraft:core/entity. Log output: WARNING: Output of vertex shader '_interface_variable_01' not read by fragment shader
WARNING: Output of vertex shader '_interface_variable_00' not read by fragment shader

[12:37:59] [Render thread/INFO]: Info log when linking program containing VERTEX minecraft:core/clouds, FRAGMENT minecraft:core/clouds. Log output: WARNING: Output of vertex shader '_interface_variable_00' not read by fragment shader

[12:37:59] [Render thread/INFO]: Info log when linking program containing VERTEX minecraft:core/entity, FRAGMENT minecraft:core/entity. Log output: WARNING: Output of vertex shader '_interface_variable_01' not read by fragment shader
WARNING: Output of vertex shader '_interface_variable_00' not read by fragment shader

[12:37:59] [Render thread/INFO]: Info log when linking program containing VERTEX minecraft:core/particle, FRAGMENT minecraft:core/particle. Log output: WARNING: Output of vertex shader '_interface_variable_01' not read by fragment shader
WARNING: Output of vertex shader '_interface_variable_00' not read by fragment shader

[12:37:59] [Render thread/INFO]: Info log when linking program containing VERTEX minecraft:core/block, FRAGMENT minecraft:core/block. Log output: WARNING: Output of vertex shader '_interface_variable_01' not read by fragment shader
WARNING: Output of vertex shader '_interface_variable_00' not read by fragment shader

[12:37:59] [Render thread/INFO]: Info log when linking program containing VERTEX minecraft:core/screenquad, FRAGMENT minecraft:core/oit_depth_bounds_cull. Log output: WARNING: Output of vertex shader '_interface_variable_00' not read by fragment shader

[12:37:59] [Render thread/INFO]: Info log when linking program containing VERTEX minecraft:core/text, FRAGMENT minecraft:core/text. Log output: WARNING: Output of vertex shader '_interface_variable_01' not read by fragment shader
WARNING: Output of vertex shader '_interface_variable_00' not read by fragment shader

[12:37:59] [Render thread/INFO]: Info log when linking program containing VERTEX minecraft:core/text, FRAGMENT minecraft:core/text. Log output: WARNING: Output of vertex shader '_interface_variable_01' not read by fragment shader
WARNING: Output of vertex shader '_interface_variable_00' not read by fragment shader

[12:37:59] [Worker-Main-4/WARN]: Missing textures in model wildcraft:item/battery_3d:
    wildcraft:entity/battery
[12:37:59] [Render thread/INFO]: Info log when linking program containing VERTEX minecraft:core/text, FRAGMENT minecraft:core/text. Log output: WARNING: Output of vertex shader '_interface_variable_01' not read by fragment shader
WARNING: Output of vertex shader '_interface_variable_00' not read by fragment shader

[12:37:59] [Render thread/INFO]: Info log when linking program containing VERTEX minecraft:core/entity, FRAGMENT minecraft:core/entity. Log output: WARNING: Output of vertex shader '_interface_variable_01' not read by fragment shader
WARNING: Output of vertex shader '_interface_variable_00' not read by fragment shader

[12:37:59] [Render thread/INFO]: Info log when linking program containing VERTEX minecraft:core/text, FRAGMENT minecraft:core/text. Log output: WARNING: Output of vertex shader '_interface_variable_01' not read by fragment shader
WARNING: Output of vertex shader '_interface_variable_00' not read by fragment shader

[12:37:59] [Render thread/INFO]: Info log when linking program containing VERTEX minecraft:core/terrain, FRAGMENT minecraft:core/terrain. Log output: WARNING: Output of vertex shader '_interface_variable_01' not read by fragment shader
WARNING: Output of vertex shader '_interface_variable_00' not read by fragment shader
WARNING: Output of vertex shader '_interface_variable_04' not read by fragment shader

[12:37:59] [Render thread/INFO]: Info log when linking program containing VERTEX minecraft:core/clouds, FRAGMENT minecraft:core/clouds. Log output: WARNING: Output of vertex shader '_interface_variable_00' not read by fragment shader

[12:37:59] [Render thread/INFO]: Info log when linking program containing VERTEX minecraft:core/rendertype_lines, FRAGMENT minecraft:core/rendertype_lines. Log output: WARNING: Output of vertex shader '_interface_variable_01' not read by fragment shader
WARNING: Output of vertex shader '_interface_variable_00' not read by fragment shader

[12:37:59] [Render thread/INFO]: Info log when linking program containing VERTEX minecraft:core/rendertype_entity_shadow, FRAGMENT minecraft:core/rendertype_entity_shadow. Log output: WARNING: Output of vertex shader '_interface_variable_01' not read by fragment shader
WARNING: Output of vertex shader '_interface_variable_00' not read by fragment shader

[12:37:59] [Render thread/INFO]: Info log when linking program containing VERTEX minecraft:core/entity, FRAGMENT minecraft:core/entity. Log output: WARNING: Output of vertex shader '_interface_variable_01' not read by fragment shader
WARNING: Output of vertex shader '_interface_variable_00' not read by fragment shader

[12:37:59] [Render thread/INFO]: Info log when linking program containing VERTEX minecraft:core/particle, FRAGMENT minecraft:core/particle. Log output: WARNING: Output of vertex shader '_interface_variable_01' not read by fragment shader
WARNING: Output of vertex shader '_interface_variable_00' not read by fragment shader

[12:37:59] [Render thread/INFO]: Info log when linking program containing VERTEX minecraft:core/entity, FRAGMENT minecraft:core/entity. Log output: WARNING: Output of vertex shader '_interface_variable_01' not read by fragment shader
WARNING: Output of vertex shader '_interface_variable_00' not read by fragment shader

[12:37:59] [Render thread/INFO]: Info log when linking program containing VERTEX minecraft:core/rendertype_crumbling, FRAGMENT minecraft:core/rendertype_crumbling. Log output: WARNING: Output of vertex shader '_interface_variable_01' not read by fragment shader
WARNING: Output of vertex shader '_interface_variable_00' not read by fragment shader

[12:37:59] [Render thread/INFO]: Info log when linking program containing VERTEX minecraft:core/entity, FRAGMENT minecraft:core/entity. Log output: WARNING: Output of vertex shader '_interface_variable_01' not read by fragment shader
WARNING: Output of vertex shader '_interface_variable_00' not read by fragment shader

[12:37:59] [Render thread/INFO]: Info log when linking program containing VERTEX minecraft:core/text, FRAGMENT minecraft:core/text. Log output: WARNING: Output of vertex shader '_interface_variable_01' not read by fragment shader
WARNING: Output of vertex shader '_interface_variable_00' not read by fragment shader

[12:37:59] [Render thread/INFO]: Info log when linking program containing VERTEX minecraft:core/particle, FRAGMENT minecraft:core/particle. Log output: WARNING: Output of vertex shader '_interface_variable_01' not read by fragment shader
WARNING: Output of vertex shader '_interface_variable_00' not read by fragment shader

[12:37:59] [Render thread/INFO]: Info log when linking program containing VERTEX minecraft:core/entity, FRAGMENT minecraft:core/entity. Log output: WARNING: Output of vertex shader '_interface_variable_01' not read by fragment shader
WARNING: Output of vertex shader '_interface_variable_00' not read by fragment shader

[12:37:59] [Render thread/INFO]: Info log when linking program containing VERTEX minecraft:core/text, FRAGMENT minecraft:core/text. Log output: WARNING: Output of vertex shader '_interface_variable_01' not read by fragment shader
WARNING: Output of vertex shader '_interface_variable_00' not read by fragment shader

[12:37:59] [Render thread/INFO]: OpenAL initialized on device Mac mini扬声器
[12:37:59] [Render thread/INFO]: Sound engine started
[12:37:59] [Render thread/INFO]: Created: 512x256x0 minecraft:textures/atlas/particles.png-atlas
[12:37:59] [Render thread/INFO]: Created: 256x128x0 minecraft:textures/atlas/celestials.png-atlas
[12:37:59] [Render thread/INFO]: Created: 128x128x0 minecraft:textures/atlas/decorated_pot.png-atlas
[12:37:59] [Render thread/INFO]: Created: 512x256x0 minecraft:textures/atlas/paintings.png-atlas
[12:37:59] [Render thread/INFO]: Created: 1024x512x0 minecraft:textures/atlas/shield_patterns.png-atlas
[12:37:59] [Render thread/INFO]: Created: 1024x512x0 minecraft:textures/atlas/banner_patterns.png-atlas
[12:37:59] [Render thread/INFO]: Created: 2048x2048x4 minecraft:textures/atlas/blocks.png-atlas
[12:37:59] [Render thread/INFO]: Created: 1024x512x0 minecraft:textures/atlas/items.png-atlas
[12:37:59] [Render thread/INFO]: Created: 1024x1024x0 minecraft:textures/atlas/gui.png-atlas
[12:37:59] [Render thread/INFO]: Created: 128x64x0 minecraft:textures/atlas/map_decorations.png-atlas
[12:37:59] [Render thread/INFO]: Created: 512x512x0 minecraft:textures/atlas/chest.png-atlas
[12:37:59] [Render thread/INFO]: Created: 512x512x0 minecraft:textures/atlas/shulker_boxes.png-atlas
[12:37:59] [Render thread/WARN]: Requested post effect does not exist: minecraft:end_of_frame
[12:38:02] [Server thread/INFO]: Player32 lost connection: Disconnected
[12:38:02] [Server thread/INFO]: System chat: Player32 left the game
[12:38:02] [Server thread/INFO]: Stopping singleplayer server as player logged out
[12:38:02] [Server thread/INFO]: Stopping server
[12:38:02] [Server thread/INFO]: Saving players
[12:38:02] [Server thread/INFO]: Saving worlds
[12:38:02] [Server thread/INFO]: Saving chunks for level 'ServerLevel[新的世界]'/minecraft:overworld
[12:38:02] [Server thread/INFO]: Saving chunks for level 'ServerLevel[新的世界]'/minecraft:the_end
[12:38:02] [Server thread/INFO]: Saving chunks for level 'ServerLevel[新的世界]'/minecraft:the_nether
[12:38:02] [Render thread/INFO]: Reloading ResourceManager: vanilla, vanilla, fabric-advancement-api-v1, fabric-api, fabric-api-base, fabric-api-lookup-api-v1, fabric-biome-api-v1, fabric-block-api-v1, fabric-block-getter-api-v2, fabric-client-gametest-api-v1, fabric-command-api-v2, fabric-content-registries-v0, fabric-convention-tags-v2, fabric-crash-report-info-v1, fabric-creative-tab-api-v1, fabric-data-attachment-api-v1, fabric-data-generation-api-v1, fabric-debug-api-v1, fabric-dimensions-v1, fabric-entity-events-v1, fabric-events-interaction-v0, fabric-game-rule-api-v1, fabric-gametest-api-v1, fabric-item-api-v1, fabric-key-mapping-api-v1, fabric-lifecycle-events-v1, fabric-loot-api-v3, fabric-menu-api-v1, fabric-message-api-v1, fabric-model-loading-api-v1, fabric-networking-api-v1, fabric-object-builder-api-v1, fabric-particles-v1, fabric-permission-api-v1, fabric-recipe-api-v1, fabric-registry-sync-v0, fabric-renderer-api-v1, fabric-renderer-indigo, fabric-rendering-fluids-v1, fabric-rendering-v1, fabric-resource-conditions-api-v1, fabric-resource-loader-v0, fabric-resource-loader-v1, fabric-screen-api-v1, fabric-serialization-api-v1, fabric-sound-api-v1, fabric-tag-api-v1, fabric-transfer-api-v1, fabric-transitive-access-wideners-v1, fabricloader, wildcraft, wildcraft-test
[12:38:02] [Worker-Main-9/INFO]: Found unifont_all_no_pua-17.0.01.hex, loading
[12:38:02] [Worker-Main-7/INFO]: Found unifont_pua-17.0.01.hex, loading
[12:38:02] [Render thread/INFO]: Info log when linking program containing VERTEX minecraft:core/terrain, FRAGMENT minecraft:core/terrain. Log output: WARNING: Output of vertex shader '_interface_variable_01' not read by fragment shader
WARNING: Output of vertex shader '_interface_variable_00' not read by fragment shader
WARNING: Output of vertex shader '_interface_variable_04' not read by fragment shader

[12:38:02] [Render thread/INFO]: Info log when linking program containing VERTEX minecraft:core/rendertype_crumbling, FRAGMENT minecraft:core/rendertype_crumbling. Log output: WARNING: Output of vertex shader '_interface_variable_01' not read by fragment shader
WARNING: Output of vertex shader '_interface_variable_00' not read by fragment shader

[12:38:02] [Render thread/INFO]: Info log when linking program containing VERTEX minecraft:core/entity, FRAGMENT minecraft:core/entity. Log output: WARNING: Output of vertex shader '_interface_variable_01' not read by fragment shader
WARNING: Output of vertex shader '_interface_variable_00' not read by fragment shader

[12:38:02] [Render thread/INFO]: Info log when linking program containing VERTEX minecraft:core/rendertype_lines, FRAGMENT minecraft:core/rendertype_lines. Log output: WARNING: Output of vertex shader '_interface_variable_01' not read by fragment shader
WARNING: Output of vertex shader '_interface_variable_00' not read by fragment shader

[12:38:02] [Worker-Main-9/INFO]: Found unifont_jp_patch-17.0.01.hex, loading
[12:38:02] [Render thread/INFO]: Info log when linking program containing VERTEX minecraft:core/terrain, FRAGMENT minecraft:core/terrain. Log output: WARNING: Output of vertex shader '_interface_variable_01' not read by fragment shader
WARNING: Output of vertex shader '_interface_variable_00' not read by fragment shader
WARNING: Output of vertex shader '_interface_variable_04' not read by fragment shader

[12:38:02] [Render thread/INFO]: Info log when linking program containing VERTEX minecraft:core/text, FRAGMENT minecraft:core/text. Log output: WARNING: Output of vertex shader '_interface_variable_01' not read by fragment shader
WARNING: Output of vertex shader '_interface_variable_00' not read by fragment shader

[12:38:02] [Render thread/INFO]: Info log when linking program containing VERTEX minecraft:core/entity, FRAGMENT minecraft:core/entity. Log output: WARNING: Output of vertex shader '_interface_variable_01' not read by fragment shader
WARNING: Output of vertex shader '_interface_variable_00' not read by fragment shader

[12:38:02] [Render thread/INFO]: Info log when linking program containing VERTEX minecraft:core/text, FRAGMENT minecraft:core/text. Log output: WARNING: Output of vertex shader '_interface_variable_01' not read by fragment shader
WARNING: Output of vertex shader '_interface_variable_00' not read by fragment shader

[12:38:02] [Render thread/INFO]: Info log when linking program containing VERTEX minecraft:core/entity, FRAGMENT minecraft:core/entity. Log output: WARNING: Output of vertex shader '_interface_variable_01' not read by fragment shader
WARNING: Output of vertex shader '_interface_variable_00' not read by fragment shader

[12:38:02] [Render thread/INFO]: Info log when linking program containing VERTEX minecraft:core/block, FRAGMENT minecraft:core/block. Log output: WARNING: Output of vertex shader '_interface_variable_01' not read by fragment shader
WARNING: Output of vertex shader '_interface_variable_00' not read by fragment shader

[12:38:02] [Render thread/INFO]: Info log when linking program containing VERTEX minecraft:core/rendertype_entity_shadow, FRAGMENT minecraft:core/rendertype_entity_shadow. Log output: WARNING: Output of vertex shader '_interface_variable_01' not read by fragment shader
WARNING: Output of vertex shader '_interface_variable_00' not read by fragment shader

[12:38:02] [Render thread/INFO]: Info log when linking program containing VERTEX minecraft:core/particle, FRAGMENT minecraft:core/particle. Log output: WARNING: Output of vertex shader '_interface_variable_01' not read by fragment shader
WARNING: Output of vertex shader '_interface_variable_00' not read by fragment shader

[12:38:02] [Render thread/INFO]: Info log when linking program containing VERTEX minecraft:core/screenquad, FRAGMENT minecraft:core/oit_composite. Log output: WARNING: Output of vertex shader '_interface_variable_00' not read by fragment shader

[12:38:02] [Render thread/INFO]: Info log when linking program containing VERTEX minecraft:core/screenquad, FRAGMENT minecraft:core/integrate_depth. Log output: WARNING: Output of vertex shader '_interface_variable_00' not read by fragment shader

[12:38:02] [Worker-Main-6/WARN]: Missing textures in model wildcraft:item/battery_3d:
    wildcraft:entity/battery
[12:38:02] [Render thread/INFO]: Info log when linking program containing VERTEX minecraft:core/entity, FRAGMENT minecraft:core/entity. Log output: WARNING: Output of vertex shader '_interface_variable_01' not read by fragment shader
WARNING: Output of vertex shader '_interface_variable_00' not read by fragment shader

[12:38:02] [Render thread/INFO]: Info log when linking program containing VERTEX minecraft:core/terrain, FRAGMENT minecraft:core/terrain. Log output: WARNING: Output of vertex shader '_interface_variable_01' not read by fragment shader
WARNING: Output of vertex shader '_interface_variable_00' not read by fragment shader
WARNING: Output of vertex shader '_interface_variable_04' not read by fragment shader

[12:38:02] [Render thread/INFO]: Info log when linking program containing VERTEX minecraft:core/animate_sprite, FRAGMENT minecraft:core/animate_sprite_blit. Log output: WARNING: Output of vertex shader '_interface_variable_00' not read by fragment shader

[12:38:02] [Render thread/INFO]: Info log when linking program containing VERTEX minecraft:core/entity, FRAGMENT minecraft:core/entity. Log output: WARNING: Output of vertex shader '_interface_variable_01' not read by fragment shader
WARNING: Output of vertex shader '_interface_variable_00' not read by fragment shader

[12:38:02] [Render thread/INFO]: Info log when linking program containing VERTEX minecraft:core/entity, FRAGMENT minecraft:core/entity. Log output: WARNING: Output of vertex shader '_interface_variable_01' not read by fragment shader
WARNING: Output of vertex shader '_interface_variable_00' not read by fragment shader

[12:38:02] [Render thread/INFO]: Info log when linking program containing VERTEX minecraft:core/clouds, FRAGMENT minecraft:core/clouds. Log output: WARNING: Output of vertex shader '_interface_variable_00' not read by fragment shader

[12:38:02] [Render thread/INFO]: Info log when linking program containing VERTEX minecraft:core/particle, FRAGMENT minecraft:core/particle. Log output: WARNING: Output of vertex shader '_interface_variable_01' not read by fragment shader
WARNING: Output of vertex shader '_interface_variable_00' not read by fragment shader

[12:38:02] [Render thread/INFO]: Info log when linking program containing VERTEX minecraft:core/entity, FRAGMENT minecraft:core/entity. Log output: WARNING: Output of vertex shader '_interface_variable_01' not read by fragment shader
WARNING: Output of vertex shader '_interface_variable_00' not read by fragment shader

[12:38:02] [Render thread/INFO]: Info log when linking program containing VERTEX minecraft:core/screenquad, FRAGMENT minecraft:core/oit_depth_bounds_cull. Log output: WARNING: Output of vertex shader '_interface_variable_00' not read by fragment shader

[12:38:02] [Render thread/INFO]: Info log when linking program containing VERTEX minecraft:core/block, FRAGMENT minecraft:core/block. Log output: WARNING: Output of vertex shader '_interface_variable_01' not read by fragment shader
WARNING: Output of vertex shader '_interface_variable_00' not read by fragment shader

[12:38:02] [Render thread/INFO]: Info log when linking program containing VERTEX minecraft:core/text, FRAGMENT minecraft:core/text. Log output: WARNING: Output of vertex shader '_interface_variable_01' not read by fragment shader
WARNING: Output of vertex shader '_interface_variable_00' not read by fragment shader

[12:38:02] [Render thread/INFO]: Info log when linking program containing VERTEX minecraft:core/text, FRAGMENT minecraft:core/text. Log output: WARNING: Output of vertex shader '_interface_variable_01' not read by fragment shader
WARNING: Output of vertex shader '_interface_variable_00' not read by fragment shader

[12:38:02] [Render thread/INFO]: Info log when linking program containing VERTEX minecraft:core/text, FRAGMENT minecraft:core/text. Log output: WARNING: Output of vertex shader '_interface_variable_01' not read by fragment shader
WARNING: Output of vertex shader '_interface_variable_00' not read by fragment shader

[12:38:02] [Render thread/INFO]: Info log when linking program containing VERTEX minecraft:core/entity, FRAGMENT minecraft:core/entity. Log output: WARNING: Output of vertex shader '_interface_variable_01' not read by fragment shader
WARNING: Output of vertex shader '_interface_variable_00' not read by fragment shader

[12:38:02] [Render thread/INFO]: Info log when linking program containing VERTEX minecraft:core/terrain, FRAGMENT minecraft:core/terrain. Log output: WARNING: Output of vertex shader '_interface_variable_01' not read by fragment shader
WARNING: Output of vertex shader '_interface_variable_00' not read by fragment shader
WARNING: Output of vertex shader '_interface_variable_04' not read by fragment shader

[12:38:02] [Render thread/INFO]: Info log when linking program containing VERTEX minecraft:core/text, FRAGMENT minecraft:core/text. Log output: WARNING: Output of vertex shader '_interface_variable_01' not read by fragment shader
WARNING: Output of vertex shader '_interface_variable_00' not read by fragment shader

[12:38:02] [Render thread/INFO]: Info log when linking program containing VERTEX minecraft:core/rendertype_lines, FRAGMENT minecraft:core/rendertype_lines. Log output: WARNING: Output of vertex shader '_interface_variable_01' not read by fragment shader
WARNING: Output of vertex shader '_interface_variable_00' not read by fragment shader

[12:38:02] [Render thread/INFO]: Info log when linking program containing VERTEX minecraft:core/clouds, FRAGMENT minecraft:core/clouds. Log output: WARNING: Output of vertex shader '_interface_variable_00' not read by fragment shader

[12:38:02] [Render thread/INFO]: Info log when linking program containing VERTEX minecraft:core/rendertype_entity_shadow, FRAGMENT minecraft:core/rendertype_entity_shadow. Log output: WARNING: Output of vertex shader '_interface_variable_01' not read by fragment shader
WARNING: Output of vertex shader '_interface_variable_00' not read by fragment shader

[12:38:02] [Render thread/INFO]: Info log when linking program containing VERTEX minecraft:core/entity, FRAGMENT minecraft:core/entity. Log output: WARNING: Output of vertex shader '_interface_variable_01' not read by fragment shader
WARNING: Output of vertex shader '_interface_variable_00' not read by fragment shader

[12:38:02] [Render thread/INFO]: Info log when linking program containing VERTEX minecraft:core/particle, FRAGMENT minecraft:core/particle. Log output: WARNING: Output of vertex shader '_interface_variable_01' not read by fragment shader
WARNING: Output of vertex shader '_interface_variable_00' not read by fragment shader

[12:38:02] [Render thread/INFO]: Info log when linking program containing VERTEX minecraft:core/text, FRAGMENT minecraft:core/text. Log output: WARNING: Output of vertex shader '_interface_variable_01' not read by fragment shader
WARNING: Output of vertex shader '_interface_variable_00' not read by fragment shader

[12:38:02] [Render thread/INFO]: Info log when linking program containing VERTEX minecraft:core/entity, FRAGMENT minecraft:core/entity. Log output: WARNING: Output of vertex shader '_interface_variable_01' not read by fragment shader
WARNING: Output of vertex shader '_interface_variable_00' not read by fragment shader

[12:38:02] [Render thread/INFO]: Info log when linking program containing VERTEX minecraft:core/rendertype_crumbling, FRAGMENT minecraft:core/rendertype_crumbling. Log output: WARNING: Output of vertex shader '_interface_variable_01' not read by fragment shader
WARNING: Output of vertex shader '_interface_variable_00' not read by fragment shader

[12:38:02] [Render thread/INFO]: Info log when linking program containing VERTEX minecraft:core/entity, FRAGMENT minecraft:core/entity. Log output: WARNING: Output of vertex shader '_interface_variable_01' not read by fragment shader
WARNING: Output of vertex shader '_interface_variable_00' not read by fragment shader

[12:38:02] [Render thread/INFO]: Info log when linking program containing VERTEX minecraft:core/particle, FRAGMENT minecraft:core/particle. Log output: WARNING: Output of vertex shader '_interface_variable_01' not read by fragment shader
WARNING: Output of vertex shader '_interface_variable_00' not read by fragment shader

[12:38:02] [Render thread/INFO]: Info log when linking program containing VERTEX minecraft:core/entity, FRAGMENT minecraft:core/entity. Log output: WARNING: Output of vertex shader '_interface_variable_01' not read by fragment shader
WARNING: Output of vertex shader '_interface_variable_00' not read by fragment shader

[12:38:02] [Render thread/INFO]: Info log when linking program containing VERTEX minecraft:core/text, FRAGMENT minecraft:core/text. Log output: WARNING: Output of vertex shader '_interface_variable_01' not read by fragment shader
WARNING: Output of vertex shader '_interface_variable_00' not read by fragment shader

[12:38:02] [Render thread/INFO]: OpenAL initialized on device Mac mini扬声器
[12:38:02] [Render thread/INFO]: Sound engine started
[12:38:02] [Render thread/INFO]: Created: 512x256x0 minecraft:textures/atlas/particles.png-atlas
[12:38:02] [Render thread/INFO]: Created: 256x128x0 minecraft:textures/atlas/celestials.png-atlas
[12:38:02] [Render thread/INFO]: Created: 128x128x0 minecraft:textures/atlas/decorated_pot.png-atlas
[12:38:02] [Render thread/INFO]: Created: 512x256x0 minecraft:textures/atlas/paintings.png-atlas
[12:38:02] [Render thread/INFO]: Created: 1024x512x0 minecraft:textures/atlas/shield_patterns.png-atlas
[12:38:02] [Render thread/INFO]: Created: 1024x512x0 minecraft:textures/atlas/banner_patterns.png-atlas
[12:38:02] [Render thread/INFO]: Created: 2048x2048x4 minecraft:textures/atlas/blocks.png-atlas
[12:38:03] [Render thread/INFO]: Created: 1024x512x0 minecraft:textures/atlas/items.png-atlas
[12:38:03] [Render thread/INFO]: Created: 1024x1024x0 minecraft:textures/atlas/gui.png-atlas
[12:38:03] [Render thread/INFO]: Created: 128x64x0 minecraft:textures/atlas/map_decorations.png-atlas
[12:38:03] [Render thread/INFO]: Created: 512x512x0 minecraft:textures/atlas/chest.png-atlas
[12:38:03] [Render thread/INFO]: Created: 512x512x0 minecraft:textures/atlas/shulker_boxes.png-atlas
[12:38:03] [Test thread/INFO]: [STDOUT]: WILDCRAFT P8 native placement/input/button replay, real disk paid job, actual mining/single carried loot/replacement, same output, full inventory and single collection passed
[12:38:03] [Worker-Main-6/INFO]: Loaded 1872 advancements
[12:38:03] [Render thread/INFO]: World loading finished: null screen: net.minecraft.client.gui.screens.GenericMessageScreen@277d1d88
[12:38:03] [Render thread/INFO]: Applied 0 biome modifications to 0 of 67 new biomes in 147.9 μs
[12:38:03] [Server thread/INFO]: Starting integrated minecraft server version 26.3
[12:38:03] [Server thread/INFO]: Generating keypair
[12:38:03] [Server thread/INFO]: Selecting global world spawn...
[12:38:03] [Server thread/INFO]: Loading 0 persistent chunks...
[12:38:03] [Server thread/INFO]: Preparing spawn area: 16%
[12:38:03] [Server thread/INFO]: Saving chunks for level 'ServerLevel[New World]'/minecraft:overworld
[12:38:03] [Server thread/INFO]: Saving chunks for level 'ServerLevel[New World]'/minecraft:the_end
[12:38:03] [Server thread/INFO]: Saving chunks for level 'ServerLevel[New World]'/minecraft:the_nether
[12:38:03] [Render thread/INFO]: World loading finished: null screen: net.minecraft.client.gui.screens.LevelLoadingScreen@64363dbb
[12:38:03] [Render thread/INFO]: World loading finished: null screen: net.minecraft.client.gui.screens.LevelLoadingScreen@64363dbb
[12:38:03] [Render thread/INFO]: World loading finished: null screen: net.minecraft.client.gui.screens.LevelLoadingScreen@64363dbb
[12:38:04] [Render thread/INFO]: World loading finished: null screen: net.minecraft.client.gui.screens.LevelLoadingScreen@64363dbb
[12:38:04] [Render thread/INFO]: World loading finished: null screen: net.minecraft.client.gui.screens.LevelLoadingScreen@64363dbb
[12:38:04] [Render thread/INFO]: World loading finished: null screen: net.minecraft.client.gui.screens.LevelLoadingScreen@64363dbb
[12:38:04] [Render thread/INFO]: World loading finished: null screen: net.minecraft.client.gui.screens.LevelLoadingScreen@64363dbb
[12:38:04] [Render thread/INFO]: World loading finished: null screen: net.minecraft.client.gui.screens.LevelLoadingScreen@64363dbb
[12:38:04] [Render thread/INFO]: World loading finished: null screen: net.minecraft.client.gui.screens.LevelLoadingScreen@64363dbb
[12:38:04] [Render thread/INFO]: World loading finished: null screen: net.minecraft.client.gui.screens.LevelLoadingScreen@64363dbb
[12:38:04] [Render thread/INFO]: World loading finished: null screen: net.minecraft.client.gui.screens.LevelLoadingScreen@64363dbb
[12:38:04] [Render thread/INFO]: World loading finished: null screen: net.minecraft.client.gui.screens.LevelLoadingScreen@64363dbb
[12:38:04] [Render thread/INFO]: World loading finished: null screen: net.minecraft.client.gui.screens.LevelLoadingScreen@64363dbb
[12:38:04] [Render thread/INFO]: World loading finished: null screen: net.minecraft.client.gui.screens.LevelLoadingScreen@64363dbb
[12:38:04] [Render thread/INFO]: World loading finished: null screen: net.minecraft.client.gui.screens.LevelLoadingScreen@64363dbb
[12:38:04] [Render thread/INFO]: World loading finished: null screen: net.minecraft.client.gui.screens.LevelLoadingScreen@64363dbb
[12:38:04] [Render thread/INFO]: World loading finished: null screen: net.minecraft.client.gui.screens.LevelLoadingScreen@64363dbb
[12:38:04] [Render thread/INFO]: World loading finished: null screen: net.minecraft.client.gui.screens.LevelLoadingScreen@64363dbb
[12:38:04] [Render thread/INFO]: World loading finished: null screen: net.minecraft.client.gui.screens.LevelLoadingScreen@64363dbb
[12:38:04] [Render thread/INFO]: World loading finished: null screen: net.minecraft.client.gui.screens.LevelLoadingScreen@64363dbb
[12:38:04] [Render thread/INFO]: World loading finished: null screen: net.minecraft.client.gui.screens.LevelLoadingScreen@64363dbb
[12:38:04] [Render thread/INFO]: World loading finished: null screen: net.minecraft.client.gui.screens.LevelLoadingScreen@64363dbb
[12:38:04] [Render thread/INFO]: World loading finished: null screen: net.minecraft.client.gui.screens.LevelLoadingScreen@64363dbb
[12:38:05] [Render thread/INFO]: World loading finished: null screen: net.minecraft.client.gui.screens.LevelLoadingScreen@64363dbb
[12:38:05] [Render thread/INFO]: World loading finished: null screen: net.minecraft.client.gui.screens.LevelLoadingScreen@64363dbb
[12:38:05] [Render thread/INFO]: World loading finished: null screen: net.minecraft.client.gui.screens.LevelLoadingScreen@64363dbb
[12:38:05] [Render thread/INFO]: World loading finished: null screen: net.minecraft.client.gui.screens.LevelLoadingScreen@64363dbb
[12:38:05] [Render thread/INFO]: World loading finished: null screen: net.minecraft.client.gui.screens.LevelLoadingScreen@64363dbb
[12:38:05] [Render thread/INFO]: World loading finished: null screen: net.minecraft.client.gui.screens.LevelLoadingScreen@64363dbb
[12:38:05] [Render thread/INFO]: World loading finished: null screen: net.minecraft.client.gui.screens.LevelLoadingScreen@64363dbb
[12:38:05] [Render thread/INFO]: World loading finished: null screen: net.minecraft.client.gui.screens.LevelLoadingScreen@64363dbb
[12:38:05] [Render thread/INFO]: World loading finished: null screen: net.minecraft.client.gui.screens.LevelLoadingScreen@64363dbb
[12:38:05] [Render thread/INFO]: World loading finished: null screen: net.minecraft.client.gui.screens.LevelLoadingScreen@64363dbb
[12:38:05] [Render thread/INFO]: World loading finished: null screen: net.minecraft.client.gui.screens.LevelLoadingScreen@64363dbb
[12:38:05] [Render thread/INFO]: World loading finished: null screen: net.minecraft.client.gui.screens.LevelLoadingScreen@64363dbb
[12:38:05] [Render thread/INFO]: World loading finished: null screen: net.minecraft.client.gui.screens.LevelLoadingScreen@64363dbb
[12:38:05] [Render thread/INFO]: World loading finished: null screen: net.minecraft.client.gui.screens.LevelLoadingScreen@64363dbb
[12:38:05] [Render thread/INFO]: World loading finished: null screen: net.minecraft.client.gui.screens.LevelLoadingScreen@64363dbb
[12:38:05] [Server thread/INFO]: Loading 48 chunks for player spawn...
[12:38:05] [Server thread/INFO]: Preparing spawn area: 16%
[12:38:05] [Render thread/INFO]: World loading finished: null screen: net.minecraft.client.gui.screens.LevelLoadingScreen@64363dbb
[12:38:05] [Server thread/INFO]: Preparing spawn area: 58%
[12:38:05] [Render thread/INFO]: World loading finished: null screen: net.minecraft.client.gui.screens.LevelLoadingScreen@64363dbb
[12:38:05] [Server thread/INFO]: Preparing spawn area: 100%
[12:38:05] [Server thread/INFO]: Time elapsed: 2054 ms
[12:38:05] [Render thread/INFO]: World loading finished: null screen: net.minecraft.client.gui.screens.LevelLoadingScreen@64363dbb
[12:38:05] [Server thread/INFO]: Player32[local:E:60232b60] logged in with entity id 131 at (0.5, -60.0, 0.5)
[12:38:05] [Server thread/INFO]: System chat: Player32 joined the game
[12:38:05] [Server thread/INFO]: Changing view distance to 5, from 10
[12:38:05] [Server thread/INFO]: Changing simulation distance to 12, from 0
[12:38:05] [Render thread/INFO]: World loading finished: ClientLevel screen: net.minecraft.client.gui.screens.LevelLoadingScreen@64363dbb
[12:38:05] [Render thread/WARN]: Requested post effect does not exist: minecraft:end_of_frame
[12:38:05] [Render thread/INFO]: Loaded 2 advancements
[12:38:05] [Render thread/INFO]: World loading finished: ClientLevel screen: net.minecraft.client.gui.screens.LevelLoadingScreen@64363dbb
[12:38:06] [Render thread/INFO]: World loading finished: ClientLevel screen: net.minecraft.client.gui.screens.LevelLoadingScreen@64363dbb
[12:38:06] [Render thread/INFO]: World loading finished: ClientLevel screen: net.minecraft.client.gui.screens.LevelLoadingScreen@64363dbb
[12:38:06] [Render thread/INFO]: World loading finished: ClientLevel screen: net.minecraft.client.gui.screens.LevelLoadingScreen@64363dbb
[12:38:06] [Render thread/INFO]: World loading finished: ClientLevel screen: net.minecraft.client.gui.screens.LevelLoadingScreen@64363dbb
[12:38:06] [Render thread/INFO]: World loading finished: ClientLevel screen: net.minecraft.client.gui.screens.LevelLoadingScreen@64363dbb
[12:38:06] [Render thread/INFO]: World loading finished: ClientLevel screen: net.minecraft.client.gui.screens.LevelLoadingScreen@64363dbb
[12:38:06] [Render thread/INFO]: World loading finished: ClientLevel screen: net.minecraft.client.gui.screens.LevelLoadingScreen@64363dbb
[12:38:06] [Render thread/INFO]: World loading finished: ClientLevel screen: net.minecraft.client.gui.screens.LevelLoadingScreen@64363dbb
[12:38:06] [Render thread/INFO]: World loading finished: ClientLevel screen: net.minecraft.client.gui.screens.LevelLoadingScreen@64363dbb
[12:38:06] [Render thread/INFO]: World loading finished: ClientLevel screen: net.minecraft.client.gui.screens.LevelLoadingScreen@64363dbb
[12:38:06] [Render thread/INFO]: World loading finished: ClientLevel screen: net.minecraft.client.gui.screens.LevelLoadingScreen@64363dbb
[12:38:06] [Render thread/INFO]: World loading finished: ClientLevel screen: net.minecraft.client.gui.screens.LevelLoadingScreen@64363dbb
[12:38:06] [Render thread/INFO]: World loading finished: ClientLevel screen: net.minecraft.client.gui.screens.LevelLoadingScreen@64363dbb
[12:38:06] [Render thread/INFO]: World loading finished: ClientLevel screen: null
[12:38:06] [Render thread/INFO]: Loaded 21 advancements
[12:38:10] [Server thread/INFO]: Player32 lost connection: Disconnected
[12:38:10] [Server thread/INFO]: System chat: Player32 left the game
[12:38:10] [Server thread/INFO]: Stopping singleplayer server as player logged out
[12:38:10] [Server thread/INFO]: Stopping server
[12:38:10] [Server thread/INFO]: Saving players
[12:38:10] [Server thread/INFO]: Saving worlds
[12:38:10] [Server thread/INFO]: Saving chunks for level 'ServerLevel[New World]'/minecraft:overworld
[12:38:10] [Server thread/INFO]: Saving chunks for level 'ServerLevel[New World]'/minecraft:the_end
[12:38:10] [Server thread/INFO]: Saving chunks for level 'ServerLevel[New World]'/minecraft:the_nether
[12:38:10] [Render thread/INFO]: World loading finished: null screen: net.minecraft.client.gui.screens.GenericMessageScreen@1e51355b
[12:38:10] [Worker-Main-8/INFO]: Loaded 1872 advancements
[12:38:10] [Render thread/INFO]: Applied 0 biome modifications to 0 of 67 new biomes in 136.4 μs
[12:38:10] [Server thread/INFO]: Starting integrated minecraft server version 26.3
[12:38:10] [Server thread/INFO]: Generating keypair
[12:38:10] [Server thread/INFO]: Loading 0 persistent chunks...
[12:38:10] [Server thread/INFO]: Saving chunks for level 'ServerLevel[New World]'/minecraft:overworld
[12:38:10] [Server thread/INFO]: Saving chunks for level 'ServerLevel[New World]'/minecraft:the_end
[12:38:10] [Server thread/INFO]: Saving chunks for level 'ServerLevel[New World]'/minecraft:the_nether
[12:38:10] [Render thread/INFO]: World loading finished: null screen: net.minecraft.client.gui.screens.LevelLoadingScreen@27bda89b
[12:38:10] [Render thread/INFO]: World loading finished: null screen: net.minecraft.client.gui.screens.LevelLoadingScreen@27bda89b
[12:38:10] [Render thread/INFO]: World loading finished: null screen: net.minecraft.client.gui.screens.LevelLoadingScreen@27bda89b
[12:38:10] [Server thread/INFO]: Loading 49 chunks for player spawn...
[12:38:10] [Server thread/INFO]: Preparing spawn area: 16%
[12:38:10] [Render thread/INFO]: World loading finished: null screen: net.minecraft.client.gui.screens.LevelLoadingScreen@27bda89b
[12:38:10] [Server thread/INFO]: Time elapsed: 222 ms
[12:38:10] [Render thread/INFO]: World loading finished: null screen: net.minecraft.client.gui.screens.LevelLoadingScreen@27bda89b
[12:38:10] [Server thread/INFO]: Player32[local:E:95975406] logged in with entity id 134 at (0.5, 120.0, 0.5)
[12:38:10] [Server thread/INFO]: System chat: Player32 joined the game
[12:38:10] [Server thread/INFO]: Changing view distance to 5, from 10
[12:38:10] [Server thread/INFO]: Changing simulation distance to 12, from 0
[12:38:10] [Render thread/INFO]: World loading finished: ClientLevel screen: net.minecraft.client.gui.screens.LevelLoadingScreen@27bda89b
[12:38:10] [Render thread/INFO]: Loaded 21 advancements
[12:38:10] [Render thread/INFO]: World loading finished: ClientLevel screen: net.minecraft.client.gui.screens.LevelLoadingScreen@27bda89b
[12:38:10] [Render thread/INFO]: World loading finished: ClientLevel screen: net.minecraft.client.gui.screens.LevelLoadingScreen@27bda89b
[12:38:10] [Render thread/INFO]: World loading finished: ClientLevel screen: net.minecraft.client.gui.screens.LevelLoadingScreen@27bda89b
[12:38:11] [Render thread/INFO]: World loading finished: ClientLevel screen: net.minecraft.client.gui.screens.LevelLoadingScreen@27bda89b
[12:38:11] [Render thread/INFO]: World loading finished: ClientLevel screen: null
[12:38:12] [Render thread/INFO]: Loaded 40 advancements
[12:38:16] [Render thread/INFO]: Loaded 43 advancements
[12:38:18] [Server thread/INFO]: System chat: Player32 has made the advancement [Take Aim]
[12:38:18] [Render thread/INFO]: [System] [CHAT] Player32 has made the advancement [Take Aim]
[12:38:18] [Render thread/INFO]: Loaded 48 advancements
[12:38:19] [Server thread/INFO]: Player32 lost connection: Disconnected
[12:38:19] [Server thread/INFO]: System chat: Player32 left the game
[12:38:19] [Server thread/INFO]: Stopping singleplayer server as player logged out
[12:38:19] [Server thread/INFO]: Stopping server
[12:38:19] [Server thread/INFO]: Saving players
[12:38:19] [Server thread/INFO]: Saving worlds
[12:38:19] [Server thread/INFO]: Saving chunks for level 'ServerLevel[New World]'/minecraft:overworld
[12:38:19] [Server thread/INFO]: Saving chunks for level 'ServerLevel[New World]'/minecraft:the_end
[12:38:19] [Server thread/INFO]: Saving chunks for level 'ServerLevel[New World]'/minecraft:the_nether
[12:38:19] [Test thread/INFO]: [STDOUT]: WILDCRAFT P9 native V/sneak split, replay, private projection, actual attack/back, native chest hash transaction, disk reload, full inventory, worn material, drop/pickup and Infinity arrow once passed
[12:38:19] [Worker-Main-2/INFO]: Loaded 1872 advancements
[12:38:19] [Render thread/INFO]: World loading finished: null screen: net.minecraft.client.gui.screens.GenericMessageScreen@a8d55b9
[12:38:19] [Render thread/INFO]: Applied 0 biome modifications to 0 of 67 new biomes in 159.1 μs
[12:38:19] [Server thread/INFO]: Starting integrated minecraft server version 26.3
[12:38:19] [Server thread/INFO]: Generating keypair
[12:38:19] [Server thread/INFO]: Selecting global world spawn...
[12:38:19] [Server thread/INFO]: Loading 0 persistent chunks...
[12:38:19] [Server thread/INFO]: Preparing spawn area: 16%
[12:38:19] [Server thread/INFO]: Saving chunks for level 'ServerLevel[New World]'/minecraft:overworld
[12:38:19] [Server thread/INFO]: Saving chunks for level 'ServerLevel[New World]'/minecraft:the_end
[12:38:19] [Server thread/INFO]: Saving chunks for level 'ServerLevel[New World]'/minecraft:the_nether
[12:38:19] [Render thread/INFO]: World loading finished: null screen: net.minecraft.client.gui.screens.LevelLoadingScreen@278cc6ab
[12:38:19] [Render thread/INFO]: World loading finished: null screen: net.minecraft.client.gui.screens.LevelLoadingScreen@278cc6ab
[12:38:19] [Render thread/INFO]: World loading finished: null screen: net.minecraft.client.gui.screens.LevelLoadingScreen@278cc6ab
[12:38:20] [Render thread/INFO]: World loading finished: null screen: net.minecraft.client.gui.screens.LevelLoadingScreen@278cc6ab
[12:38:20] [Server thread/INFO]: Loading 48 chunks for player spawn...
[12:38:20] [Render thread/INFO]: World loading finished: null screen: net.minecraft.client.gui.screens.LevelLoadingScreen@278cc6ab
[12:38:20] [Render thread/INFO]: World loading finished: null screen: net.minecraft.client.gui.screens.LevelLoadingScreen@278cc6ab
[12:38:20] [Server thread/INFO]: Time elapsed: 368 ms
[12:38:20] [Render thread/INFO]: World loading finished: null screen: net.minecraft.client.gui.screens.LevelLoadingScreen@278cc6ab
[12:38:20] [Server thread/INFO]: Player32[local:E:d5fd54ba] logged in with entity id 138 at (0.5, -60.0, 0.5)
[12:38:20] [Server thread/INFO]: System chat: Player32 joined the game
[12:38:20] [Server thread/INFO]: Changing view distance to 5, from 10
[12:38:20] [Server thread/INFO]: Changing simulation distance to 12, from 0
[12:38:20] [Render thread/INFO]: World loading finished: ClientLevel screen: net.minecraft.client.gui.screens.LevelLoadingScreen@278cc6ab
[12:38:20] [Render thread/INFO]: Loaded 2 advancements
[12:38:20] [Render thread/INFO]: World loading finished: ClientLevel screen: net.minecraft.client.gui.screens.LevelLoadingScreen@278cc6ab
[12:38:20] [Render thread/INFO]: World loading finished: ClientLevel screen: net.minecraft.client.gui.screens.LevelLoadingScreen@278cc6ab
[12:38:20] [Render thread/INFO]: World loading finished: ClientLevel screen: net.minecraft.client.gui.screens.LevelLoadingScreen@278cc6ab
[12:38:20] [Render thread/INFO]: World loading finished: ClientLevel screen: net.minecraft.client.gui.screens.LevelLoadingScreen@278cc6ab
[12:38:20] [Render thread/INFO]: World loading finished: ClientLevel screen: net.minecraft.client.gui.screens.LevelLoadingScreen@278cc6ab
[12:38:20] [Render thread/INFO]: World loading finished: ClientLevel screen: net.minecraft.client.gui.screens.LevelLoadingScreen@278cc6ab
[12:38:20] [Render thread/INFO]: World loading finished: ClientLevel screen: net.minecraft.client.gui.screens.LevelLoadingScreen@278cc6ab
[12:38:20] [Render thread/INFO]: World loading finished: ClientLevel screen: net.minecraft.client.gui.screens.LevelLoadingScreen@278cc6ab
[12:38:20] [Render thread/INFO]: World loading finished: ClientLevel screen: net.minecraft.client.gui.screens.LevelLoadingScreen@278cc6ab
[12:38:20] [Render thread/INFO]: World loading finished: ClientLevel screen: net.minecraft.client.gui.screens.LevelLoadingScreen@278cc6ab
[12:38:20] [Render thread/INFO]: World loading finished: ClientLevel screen: net.minecraft.client.gui.screens.LevelLoadingScreen@278cc6ab
[12:38:20] [Render thread/INFO]: World loading finished: ClientLevel screen: net.minecraft.client.gui.screens.LevelLoadingScreen@278cc6ab
[12:38:20] [Render thread/INFO]: World loading finished: ClientLevel screen: net.minecraft.client.gui.screens.LevelLoadingScreen@278cc6ab
[12:38:20] [Render thread/INFO]: World loading finished: ClientLevel screen: net.minecraft.client.gui.screens.LevelLoadingScreen@278cc6ab
[12:38:20] [Render thread/INFO]: World loading finished: ClientLevel screen: null
[12:38:21] [Render thread/INFO]: Loaded 23 advancements
[12:38:23] [Test thread/INFO]: [STDOUT]: P9.1 begin actual meal use with empty sky target
[12:38:24] [Test thread/INFO]: [STDOUT]: P9.1 native recovery meal effect received
[12:38:24] [Render thread/INFO]: Loaded 46 advancements
[12:38:27] [Server thread/INFO]: System chat: Player32 has made the advancement [Take Aim]
[12:38:27] [Render thread/INFO]: [System] [CHAT] Player32 has made the advancement [Take Aim]
[12:38:27] [Render thread/INFO]: Loaded 51 advancements
[12:38:27] [Server thread/INFO]: Player32 lost connection: Disconnected
[12:38:27] [Server thread/INFO]: System chat: Player32 left the game
[12:38:27] [Server thread/INFO]: Stopping singleplayer server as player logged out
[12:38:27] [Server thread/INFO]: Stopping server
[12:38:27] [Server thread/INFO]: Saving players
[12:38:27] [Server thread/INFO]: Saving worlds
[12:38:27] [Server thread/INFO]: Saving chunks for level 'ServerLevel[New World]'/minecraft:overworld
[12:38:27] [Server thread/INFO]: Saving chunks for level 'ServerLevel[New World]'/minecraft:the_end
[12:38:27] [Server thread/INFO]: Saving chunks for level 'ServerLevel[New World]'/minecraft:the_nether
[12:38:27] [Render thread/INFO]: World loading finished: null screen: net.minecraft.client.gui.screens.GenericMessageScreen@38aa7f2c
[12:38:27] [Worker-Main-1/INFO]: Loaded 1872 advancements
[12:38:27] [Render thread/INFO]: Applied 0 biome modifications to 0 of 67 new biomes in 244.4 μs
[12:38:27] [Server thread/INFO]: Starting integrated minecraft server version 26.3
[12:38:27] [Server thread/INFO]: Generating keypair
[12:38:27] [Server thread/INFO]: Loading 0 persistent chunks...
[12:38:27] [Server thread/INFO]: Saving chunks for level 'ServerLevel[New World]'/minecraft:overworld
[12:38:27] [Server thread/INFO]: Saving chunks for level 'ServerLevel[New World]'/minecraft:the_end
[12:38:27] [Server thread/INFO]: Saving chunks for level 'ServerLevel[New World]'/minecraft:the_nether
[12:38:27] [Render thread/INFO]: World loading finished: null screen: net.minecraft.client.gui.screens.LevelLoadingScreen@2d91cf15
[12:38:28] [Render thread/INFO]: World loading finished: null screen: net.minecraft.client.gui.screens.LevelLoadingScreen@2d91cf15
[12:38:28] [Render thread/INFO]: World loading finished: null screen: net.minecraft.client.gui.screens.LevelLoadingScreen@2d91cf15
[12:38:28] [Render thread/INFO]: World loading finished: null screen: net.minecraft.client.gui.screens.LevelLoadingScreen@2d91cf15
[12:38:28] [Server thread/INFO]: Loading 49 chunks for player spawn...
[12:38:28] [Server thread/INFO]: Preparing spawn area: 16%
[12:38:28] [Render thread/INFO]: World loading finished: null screen: net.minecraft.client.gui.screens.LevelLoadingScreen@2d91cf15
[12:38:28] [Render thread/INFO]: World loading finished: null screen: net.minecraft.client.gui.screens.LevelLoadingScreen@2d91cf15
[12:38:28] [Server thread/INFO]: Time elapsed: 318 ms
[12:38:28] [Render thread/INFO]: World loading finished: null screen: net.minecraft.client.gui.screens.LevelLoadingScreen@2d91cf15
[12:38:28] [Server thread/INFO]: Player32[local:E:e22ce37c] logged in with entity id 144 at (0.5, 150.0, 0.5)
[12:38:28] [Server thread/INFO]: System chat: Player32 joined the game
[12:38:28] [Server thread/INFO]: Changing view distance to 5, from 10
[12:38:28] [Server thread/INFO]: Changing simulation distance to 12, from 0
[12:38:28] [Render thread/INFO]: World loading finished: ClientLevel screen: net.minecraft.client.gui.screens.LevelLoadingScreen@2d91cf15
[12:38:28] [Render thread/INFO]: Loaded 51 advancements
[12:38:28] [Render thread/INFO]: World loading finished: ClientLevel screen: net.minecraft.client.gui.screens.LevelLoadingScreen@2d91cf15
[12:38:28] [Render thread/INFO]: World loading finished: ClientLevel screen: net.minecraft.client.gui.screens.LevelLoadingScreen@2d91cf15
[12:38:28] [Render thread/INFO]: World loading finished: ClientLevel screen: null
[12:38:29] [Server thread/INFO]: Player32 lost connection: Disconnected
[12:38:29] [Server thread/INFO]: System chat: Player32 left the game
[12:38:29] [Server thread/INFO]: Stopping singleplayer server as player logged out
[12:38:29] [Server thread/INFO]: Stopping server
[12:38:29] [Server thread/INFO]: Saving players
[12:38:29] [Server thread/INFO]: Saving worlds
[12:38:29] [Server thread/INFO]: Saving chunks for level 'ServerLevel[New World]'/minecraft:overworld
[12:38:29] [Server thread/INFO]: Saving chunks for level 'ServerLevel[New World]'/minecraft:the_end
[12:38:29] [Server thread/INFO]: Saving chunks for level 'ServerLevel[New World]'/minecraft:the_nether
[12:38:29] [Test thread/INFO]: [STDOUT]: WILDCRAFT P9.1 native meal/fused melee/back/air 5 TPS focus/real fees/one Infinity ice impact/disk reload integration passed
[12:38:29] [Worker-Main-5/INFO]: Loaded 1872 advancements
[12:38:29] [Render thread/INFO]: World loading finished: null screen: net.minecraft.client.gui.screens.GenericMessageScreen@5dbd3577
[12:38:29] [Render thread/INFO]: Applied 0 biome modifications to 0 of 67 new biomes in 148.8 μs
[12:38:29] [Server thread/INFO]: Starting integrated minecraft server version 26.3
[12:38:29] [Server thread/INFO]: Generating keypair
[12:38:29] [Server thread/INFO]: Selecting global world spawn...
[12:38:29] [Server thread/INFO]: Loading 0 persistent chunks...
[12:38:29] [Server thread/INFO]: Preparing spawn area: 16%
[12:38:29] [Server thread/INFO]: Saving chunks for level 'ServerLevel[New World]'/minecraft:overworld
[12:38:29] [Server thread/INFO]: Saving chunks for level 'ServerLevel[New World]'/minecraft:the_end
[12:38:29] [Server thread/INFO]: Saving chunks for level 'ServerLevel[New World]'/minecraft:the_nether
[12:38:29] [Render thread/INFO]: World loading finished: null screen: net.minecraft.client.gui.screens.LevelLoadingScreen@21d4cd13
[12:38:29] [Render thread/INFO]: World loading finished: null screen: net.minecraft.client.gui.screens.LevelLoadingScreen@21d4cd13
[12:38:29] [Render thread/INFO]: World loading finished: null screen: net.minecraft.client.gui.screens.LevelLoadingScreen@21d4cd13
[12:38:29] [Server thread/INFO]: Loading 48 chunks for player spawn...
[12:38:29] [Render thread/INFO]: World loading finished: null screen: net.minecraft.client.gui.screens.LevelLoadingScreen@21d4cd13
[12:38:29] [Render thread/INFO]: World loading finished: null screen: net.minecraft.client.gui.screens.LevelLoadingScreen@21d4cd13
[12:38:29] [Server thread/INFO]: Time elapsed: 304 ms
[12:38:29] [Render thread/INFO]: World loading finished: null screen: net.minecraft.client.gui.screens.LevelLoadingScreen@21d4cd13
[12:38:29] [Server thread/INFO]: Player32[local:E:7c20030b] logged in with entity id 145 at (0.5, -60.0, 0.5)
[12:38:29] [Server thread/INFO]: System chat: Player32 joined the game
[12:38:29] [Server thread/INFO]: Changing view distance to 5, from 10
[12:38:29] [Server thread/INFO]: Changing simulation distance to 12, from 0
[12:38:29] [Render thread/INFO]: World loading finished: ClientLevel screen: net.minecraft.client.gui.screens.LevelLoadingScreen@21d4cd13
[12:38:29] [Render thread/INFO]: Loaded 2 advancements
[12:38:29] [Render thread/INFO]: World loading finished: ClientLevel screen: net.minecraft.client.gui.screens.LevelLoadingScreen@21d4cd13
[12:38:29] [Render thread/INFO]: World loading finished: ClientLevel screen: net.minecraft.client.gui.screens.LevelLoadingScreen@21d4cd13
[12:38:30] [Render thread/INFO]: World loading finished: ClientLevel screen: net.minecraft.client.gui.screens.LevelLoadingScreen@21d4cd13
[12:38:30] [Render thread/INFO]: World loading finished: ClientLevel screen: net.minecraft.client.gui.screens.LevelLoadingScreen@21d4cd13
[12:38:30] [Render thread/INFO]: World loading finished: ClientLevel screen: net.minecraft.client.gui.screens.LevelLoadingScreen@21d4cd13
[12:38:30] [Render thread/INFO]: World loading finished: ClientLevel screen: net.minecraft.client.gui.screens.LevelLoadingScreen@21d4cd13
[12:38:30] [Render thread/INFO]: World loading finished: ClientLevel screen: net.minecraft.client.gui.screens.LevelLoadingScreen@21d4cd13
[12:38:30] [Render thread/INFO]: World loading finished: ClientLevel screen: net.minecraft.client.gui.screens.LevelLoadingScreen@21d4cd13
[12:38:30] [Render thread/INFO]: World loading finished: ClientLevel screen: net.minecraft.client.gui.screens.LevelLoadingScreen@21d4cd13
[12:38:30] [Render thread/INFO]: World loading finished: ClientLevel screen: net.minecraft.client.gui.screens.LevelLoadingScreen@21d4cd13
[12:38:30] [Render thread/INFO]: World loading finished: ClientLevel screen: net.minecraft.client.gui.screens.LevelLoadingScreen@21d4cd13
[12:38:30] [Render thread/INFO]: World loading finished: ClientLevel screen: net.minecraft.client.gui.screens.LevelLoadingScreen@21d4cd13
[12:38:30] [Render thread/INFO]: World loading finished: ClientLevel screen: net.minecraft.client.gui.screens.LevelLoadingScreen@21d4cd13
[12:38:30] [Render thread/INFO]: World loading finished: ClientLevel screen: net.minecraft.client.gui.screens.LevelLoadingScreen@21d4cd13
[12:38:30] [Render thread/INFO]: World loading finished: ClientLevel screen: net.minecraft.client.gui.screens.LevelLoadingScreen@21d4cd13
[12:38:30] [Render thread/INFO]: World loading finished: ClientLevel screen: null
[12:38:32] [Server thread/INFO]: Player32 lost connection: Disconnected
[12:38:32] [Server thread/INFO]: System chat: Player32 left the game
[12:38:32] [Server thread/INFO]: Stopping singleplayer server as player logged out
[12:38:32] [Server thread/INFO]: Stopping server
[12:38:32] [Server thread/INFO]: Saving players
[12:38:32] [Server thread/INFO]: Saving worlds
[12:38:32] [Server thread/INFO]: Saving chunks for level 'ServerLevel[New World]'/minecraft:overworld
[12:38:32] [Server thread/INFO]: Saving chunks for level 'ServerLevel[New World]'/minecraft:the_end
[12:38:32] [Server thread/INFO]: Saving chunks for level 'ServerLevel[New World]'/minecraft:the_nether
[12:38:32] [Test thread/INFO]: [STDOUT]: WILDCRAFT SECOND ART loaded meal/charge/special models, fallback, mesh set, pose wrap, HUD bounds, server packet, duplicate/minimal/global/expiry/disconnect passed
[12:38:32] [Worker-Main-7/INFO]: Loaded 1872 advancements
[12:38:32] [Render thread/INFO]: World loading finished: null screen: net.minecraft.client.gui.screens.GenericMessageScreen@266b0219
[12:38:32] [Render thread/INFO]: Applied 0 biome modifications to 0 of 67 new biomes in 137.5 μs
[12:38:32] [Server thread/INFO]: Starting integrated minecraft server version 26.3
[12:38:32] [Server thread/INFO]: Generating keypair
[12:38:32] [Server thread/INFO]: Selecting global world spawn...
[12:38:32] [Server thread/INFO]: Loading 0 persistent chunks...
[12:38:32] [Server thread/INFO]: Preparing spawn area: 16%
[12:38:32] [Server thread/INFO]: Saving chunks for level 'ServerLevel[New World]'/minecraft:overworld
[12:38:32] [Server thread/INFO]: Saving chunks for level 'ServerLevel[New World]'/minecraft:the_end
[12:38:32] [Server thread/INFO]: Saving chunks for level 'ServerLevel[New World]'/minecraft:the_nether
[12:38:32] [Render thread/INFO]: World loading finished: null screen: net.minecraft.client.gui.screens.LevelLoadingScreen@519c6746
[12:38:32] [Render thread/INFO]: World loading finished: null screen: net.minecraft.client.gui.screens.LevelLoadingScreen@519c6746
[12:38:32] [Render thread/INFO]: World loading finished: null screen: net.minecraft.client.gui.screens.LevelLoadingScreen@519c6746
[12:38:33] [Render thread/INFO]: World loading finished: null screen: net.minecraft.client.gui.screens.LevelLoadingScreen@519c6746
[12:38:33] [Server thread/INFO]: Loading 48 chunks for player spawn...
[12:38:33] [Render thread/INFO]: World loading finished: null screen: net.minecraft.client.gui.screens.LevelLoadingScreen@519c6746
[12:38:33] [Render thread/INFO]: World loading finished: null screen: net.minecraft.client.gui.screens.LevelLoadingScreen@519c6746
[12:38:33] [Server thread/INFO]: Time elapsed: 366 ms
[12:38:33] [Render thread/INFO]: World loading finished: null screen: net.minecraft.client.gui.screens.LevelLoadingScreen@519c6746
[12:38:33] [Server thread/INFO]: Player32[local:E:942cd6fc] logged in with entity id 146 at (0.5, -60.0, 0.5)
[12:38:33] [Server thread/INFO]: System chat: Player32 joined the game
[12:38:33] [Server thread/INFO]: Changing view distance to 5, from 10
[12:38:33] [Server thread/INFO]: Changing simulation distance to 12, from 0
[12:38:33] [Render thread/INFO]: World loading finished: ClientLevel screen: net.minecraft.client.gui.screens.LevelLoadingScreen@519c6746
[12:38:33] [Render thread/INFO]: Loaded 2 advancements
[12:38:33] [Render thread/INFO]: World loading finished: ClientLevel screen: net.minecraft.client.gui.screens.LevelLoadingScreen@519c6746
[12:38:33] [Render thread/INFO]: World loading finished: ClientLevel screen: net.minecraft.client.gui.screens.LevelLoadingScreen@519c6746
[12:38:33] [Render thread/INFO]: World loading finished: ClientLevel screen: net.minecraft.client.gui.screens.LevelLoadingScreen@519c6746
[12:38:33] [Render thread/INFO]: World loading finished: ClientLevel screen: net.minecraft.client.gui.screens.LevelLoadingScreen@519c6746
[12:38:33] [Render thread/INFO]: World loading finished: ClientLevel screen: net.minecraft.client.gui.screens.LevelLoadingScreen@519c6746
[12:38:33] [Render thread/INFO]: World loading finished: ClientLevel screen: net.minecraft.client.gui.screens.LevelLoadingScreen@519c6746
[12:38:33] [Render thread/INFO]: World loading finished: ClientLevel screen: net.minecraft.client.gui.screens.LevelLoadingScreen@519c6746
[12:38:33] [Render thread/INFO]: World loading finished: ClientLevel screen: net.minecraft.client.gui.screens.LevelLoadingScreen@519c6746
[12:38:33] [Render thread/INFO]: World loading finished: ClientLevel screen: net.minecraft.client.gui.screens.LevelLoadingScreen@519c6746
[12:38:33] [Render thread/INFO]: World loading finished: ClientLevel screen: net.minecraft.client.gui.screens.LevelLoadingScreen@519c6746
[12:38:33] [Render thread/INFO]: World loading finished: ClientLevel screen: net.minecraft.client.gui.screens.LevelLoadingScreen@519c6746
[12:38:33] [Render thread/INFO]: World loading finished: ClientLevel screen: net.minecraft.client.gui.screens.LevelLoadingScreen@519c6746
[12:38:33] [Render thread/INFO]: World loading finished: ClientLevel screen: net.minecraft.client.gui.screens.LevelLoadingScreen@519c6746
[12:38:33] [Render thread/INFO]: World loading finished: ClientLevel screen: net.minecraft.client.gui.screens.LevelLoadingScreen@519c6746
[12:38:33] [Render thread/INFO]: World loading finished: ClientLevel screen: null
[12:38:34] [Server thread/INFO]: System chat: Set the weather to rain and thunder
[12:38:34] [Server thread/INFO]: System chat: No biome entries were changed
[12:38:34] [Render thread/INFO]: Loaded 3 advancements
[12:38:35] [Test thread/INFO]: [STDOUT]: P10 measured start=(0.5, 149.24, 1.5741000014543531) end=(0.5, 147.72000000000003, 3.720899988114835) wind=WindView[dimension=minecraft:overworld, x=0.0, z=-0.0258, precipitation=1.0, outdoors=true] yaw=0.0
[12:38:38] [Server thread/INFO]: Player32 lost connection: Disconnected
[12:38:38] [Server thread/INFO]: System chat: Player32 left the game
[12:38:38] [Server thread/INFO]: Stopping singleplayer server as player logged out
[12:38:38] [Server thread/INFO]: Stopping server
[12:38:38] [Server thread/INFO]: Saving players
[12:38:38] [Server thread/INFO]: Saving worlds
[12:38:38] [Server thread/INFO]: Saving chunks for level 'ServerLevel[New World]'/minecraft:overworld
[12:38:38] [Server thread/INFO]: Saving chunks for level 'ServerLevel[New World]'/minecraft:the_end
[12:38:38] [Server thread/INFO]: Saving chunks for level 'ServerLevel[New World]'/minecraft:the_nether
[12:38:38] [Render thread/INFO]: World loading finished: null screen: net.minecraft.client.gui.screens.GenericMessageScreen@b8a6345
[12:38:38] [Worker-Main-6/INFO]: Loaded 1872 advancements
[12:38:38] [Render thread/INFO]: Applied 0 biome modifications to 0 of 67 new biomes in 211.7 μs
[12:38:38] [Server thread/INFO]: Starting integrated minecraft server version 26.3
[12:38:38] [Server thread/INFO]: Generating keypair
[12:38:38] [Server thread/INFO]: Loading 0 persistent chunks...
[12:38:38] [Server thread/INFO]: Saving chunks for level 'ServerLevel[New World]'/minecraft:overworld
[12:38:38] [Server thread/INFO]: Saving chunks for level 'ServerLevel[New World]'/minecraft:the_end
[12:38:38] [Server thread/INFO]: Saving chunks for level 'ServerLevel[New World]'/minecraft:the_nether
[12:38:38] [Render thread/INFO]: World loading finished: null screen: net.minecraft.client.gui.screens.LevelLoadingScreen@2817977a
[12:38:38] [Render thread/INFO]: World loading finished: null screen: net.minecraft.client.gui.screens.LevelLoadingScreen@2817977a
[12:38:38] [Render thread/INFO]: World loading finished: null screen: net.minecraft.client.gui.screens.LevelLoadingScreen@2817977a
[12:38:38] [Render thread/INFO]: World loading finished: null screen: net.minecraft.client.gui.screens.LevelLoadingScreen@2817977a
[12:38:38] [Server thread/INFO]: Loading 49 chunks for player spawn...
[12:38:38] [Server thread/INFO]: Preparing spawn area: 16%
[12:38:38] [Render thread/INFO]: World loading finished: null screen: net.minecraft.client.gui.screens.LevelLoadingScreen@2817977a
[12:38:39] [Render thread/INFO]: World loading finished: null screen: net.minecraft.client.gui.screens.LevelLoadingScreen@2817977a
[12:38:39] [Server thread/INFO]: Time elapsed: 319 ms
[12:38:39] [Render thread/INFO]: World loading finished: null screen: net.minecraft.client.gui.screens.LevelLoadingScreen@2817977a
[12:38:39] [Server thread/INFO]: Player32[local:E:a3745f8f] logged in with entity id 149 at (0.5, 120.0, 0.5)
[12:38:39] [Server thread/INFO]: System chat: Player32 joined the game
[12:38:39] [Server thread/INFO]: Changing view distance to 5, from 10
[12:38:39] [Server thread/INFO]: Changing simulation distance to 12, from 0
[12:38:39] [Render thread/INFO]: World loading finished: ClientLevel screen: net.minecraft.client.gui.screens.LevelLoadingScreen@2817977a
[12:38:39] [Render thread/INFO]: Loaded 3 advancements
[12:38:39] [Render thread/INFO]: World loading finished: ClientLevel screen: net.minecraft.client.gui.screens.LevelLoadingScreen@2817977a
[12:38:39] [Render thread/INFO]: World loading finished: ClientLevel screen: net.minecraft.client.gui.screens.LevelLoadingScreen@2817977a
[12:38:39] [Render thread/INFO]: World loading finished: ClientLevel screen: net.minecraft.client.gui.screens.LevelLoadingScreen@2817977a
[12:38:39] [Render thread/INFO]: World loading finished: ClientLevel screen: net.minecraft.client.gui.screens.LevelLoadingScreen@2817977a
[12:38:39] [Render thread/INFO]: World loading finished: ClientLevel screen: null
[12:38:39] [Server thread/INFO]: Player32 lost connection: Disconnected
[12:38:39] [Server thread/INFO]: System chat: Player32 left the game
[12:38:39] [Server thread/INFO]: Stopping singleplayer server as player logged out
[12:38:39] [Server thread/INFO]: Stopping server
[12:38:39] [Server thread/INFO]: Saving players
[12:38:39] [Server thread/INFO]: Saving worlds
[12:38:39] [Server thread/INFO]: Saving chunks for level 'ServerLevel[New World]'/minecraft:overworld
[12:38:40] [Server thread/INFO]: Saving chunks for level 'ServerLevel[New World]'/minecraft:the_end
[12:38:40] [Server thread/INFO]: Saving chunks for level 'ServerLevel[New World]'/minecraft:the_nether
[12:38:40] [Test thread/INFO]: [STDOUT]: WILDCRAFT P10 native storm drift/descending/unchanged guard/roof shelter/aim-safe HUD/hotbar close/5 TPS bow/one arrow/disk reload/death passed
[12:38:40] [Render thread/INFO]: Stopping!

[Incubating] Problems report is available at: file:///Volumes/%E4%BB%95%E4%BA%8B/Wildcraft/%E5%BC%80%E5%8F%91%E7%8E%AF%E5%A2%83/cache/builds/f51c43e6462c/reports/problems/problems-report.html

BUILD SUCCESSFUL in 6m 10s
23 actionable tasks: 9 executed, 14 up-to-date
