
> Configure project :
Fabric Loom: 1.18.2

> Task :deleteGameTestRunDir
> Task :acceptGameTestEula
> Task :acceptPackagedClientTestEula UP-TO-DATE
> Task :downloadAssets UP-TO-DATE
> Task :compileJava UP-TO-DATE
> Task :processResources UP-TO-DATE
> Task :classes UP-TO-DATE
> Task :compileClientJava UP-TO-DATE
> Task :processClientResources UP-TO-DATE
> Task :clientClasses UP-TO-DATE
> Task :compileGametestJava UP-TO-DATE
> Task :processGametestResources UP-TO-DATE
> Task :gametestClasses UP-TO-DATE
> Task :gameTestJar UP-TO-DATE
> Task :processIncludeJars UP-TO-DATE
> Task :jar UP-TO-DATE

> Task :runPackagedClientTest
[01:58:50] [main/INFO]: Loading Minecraft 26.3 with Fabric Loader 0.19.5
[01:58:50] [main/INFO]: Mappings not present!
[01:58:50] [main/INFO]: Loading 53 mods:
	- fabric-advancement-api-v1 1.0.0+38c7a2d55d
	- fabric-api 0.161.0+26.3
	- fabric-api-base 2.0.6+fcdff87f5d
	- fabric-api-lookup-api-v1 2.0.24+3434d6d95d
	- fabric-biome-api-v1 20.0.9+74ed1ea55d
	- fabric-block-api-v1 3.1.0+0ae6f9115d
	- fabric-block-getter-api-v2 2.0.9+3434d6d95d
	- fabric-client-gametest-api-v1 6.0.7+4be74c3f5d
	- fabric-command-api-v2 3.1.2+fcdff87f5d
	- fabric-content-registries-v0 15.0.4+74ed1ea55d
	- fabric-convention-tags-v2 4.10.3+6b5b47fd5d
	- fabric-crash-report-info-v1 1.0.7+fcdff87f5d
	- fabric-creative-tab-api-v1 5.0.21+fcdff87f5d
	- fabric-data-attachment-api-v1 2.2.30+3434d6d95d
	- fabric-data-generation-api-v1 27.2.4+427eab975d
	- fabric-debug-api-v1 1.0.4+3434d6d95d
	- fabric-dimensions-v1 5.1.19+47f74c985d
	- fabric-entity-events-v1 6.0.4+3434d6d95d
	- fabric-events-interaction-v0 5.3.6+3434d6d95d
	- fabric-game-rule-api-v1 4.0.10+3434d6d95d
	- fabric-gametest-api-v1 4.0.32+3434d6d95d
	- fabric-item-api-v1 14.7.0+cf6bc2db5d
	- fabric-key-mapping-api-v1 2.0.8+3434d6d95d
	- fabric-lifecycle-events-v1 4.1.9+ffef5f675d
	- fabric-loot-api-v3 4.0.8+4068fd645d
	- fabric-menu-api-v1 2.0.27+ed66f0a35d
	- fabric-message-api-v1 7.0.10+3434d6d95d
	- fabric-model-loading-api-v1 8.0.35+fcdff87f5d
	- fabric-networking-api-v1 6.3.8+fcdff87f5d
	- fabric-object-builder-api-v1 24.1.9+3434d6d95d
	- fabric-particles-v1 5.0.24+3434d6d95d
	- fabric-permission-api-v1 1.0.8+fcdff87f5d
	- fabric-recipe-api-v1 10.0.8+fcdff87f5d
	- fabric-registry-sync-v0 8.0.1+fcdff87f5d
	- fabric-renderer-api-v1 17.0.15+79385d0b5d
	- fabric-renderer-indigo 9.1.23+b9d63e335d
	- fabric-rendering-fluids-v1 6.0.6+3434d6d95d
	- fabric-rendering-v1 27.0.14+901a437c5d
	- fabric-resource-conditions-api-v1 6.1.5+3434d6d95d
	- fabric-resource-loader-v0 3.3.26+4fc5413f5d
	- fabric-resource-loader-v1 3.0.4+fcdff87f5d
	- fabric-screen-api-v1 5.2.4+48607d035d
	- fabric-serialization-api-v1 2.0.7+74ed1ea55d
	- fabric-sound-api-v1 2.0.7+3434d6d95d
	- fabric-tag-api-v1 2.1.10+fcdff87f5d
	- fabric-transfer-api-v1 8.0.25+fcdff87f5d
	- fabric-transitive-access-wideners-v1 8.1.16+52268a0e5d
	- fabricloader 0.19.5
	   \-- mixinextras 0.5.5
	- java 25
	- minecraft 26.3
	- wildcraft 0.1.0-dev.8
	- wildcraft-test 1.0.0
[01:58:50] [main/INFO]: SpongePowered MIXIN Subsystem Version=0.8.7 Source=file:/Volumes/%e4%bb%95%e4%ba%8b/Wildcraft/%e5%bc%80%e5%8f%91%e7%8e%af%e5%a2%83/cache/gradle/caches/modules-2/files-2.1/net.fabricmc/sponge-mixin/0.17.4+mixin.0.8.7/5f66cc9f59b8efaa942155a3d5a30599bf6640dd/sponge-mixin-0.17.4+mixin.0.8.7.jar Service=Knot/Fabric Env=CLIENT
WARNING: A restricted method in java.lang.System has been called
WARNING: java.lang.System::load has been called by org.lwjgl.system.Library$$Lambda/0x00003ff801090cd8 in an unnamed module (file:/Volumes/%E4%BB%95%E4%BA%8B/Wildcraft/%E5%BC%80%E5%8F%91%E7%8E%AF%E5%A2%83/cache/gradle/caches/modules-2/files-2.1/org.lwjgl/lwjgl/3.4.3/7ab5265a73d8a959ed62332d546536ae6be2f0d5/lwjgl-3.4.3.jar)
WARNING: Use --enable-native-access=ALL-UNNAMED to avoid a warning for callers in this module
WARNING: Restricted methods will be blocked in a future release unless native access is enabled

WARNING: A terminally deprecated method in sun.misc.Unsafe has been called
WARNING: sun.misc.Unsafe::objectFieldOffset has been called by org.lwjgl.system.MemoryBackendUnsafeLegacy (file:/Volumes/%E4%BB%95%E4%BA%8B/Wildcraft/%E5%BC%80%E5%8F%91%E7%8E%AF%E5%A2%83/cache/gradle/caches/modules-2/files-2.1/org.lwjgl/lwjgl/3.4.3/7ab5265a73d8a959ed62332d546536ae6be2f0d5/lwjgl-3.4.3.jar)
WARNING: Please consider reporting this to the maintainers of class org.lwjgl.system.MemoryBackendUnsafeLegacy
WARNING: sun.misc.Unsafe::objectFieldOffset will be removed in a future release
[01:58:51] [main/INFO]: Initializing MixinExtras via com.llamalad7.mixinextras.service.MixinExtrasServiceImpl(version=0.5.5).
[01:58:51] [Datafixer Bootstrap #0/INFO]: 307 Datafixer optimizations took 144 milliseconds
[01:58:52] [main/WARN]: Unable to parse version 27.0 to a codename.
[01:58:54] [Render thread/INFO]: Environment: Environment[discoveryUrl=https://discovery.minecraftservices.com/minecraft/client, name=PROD]
[01:58:54] [Render thread/INFO]: Setting user: Player282
[01:58:54] [Render thread/INFO]: Wildcraft P4A initialization complete; environment temperature and traversal registered.
[01:58:54] [Render thread/INFO]: [Indigo] Registering Indigo renderer!
[01:58:54] [Render thread/INFO]: Wildcraft core art v1 client initialization complete; HUD, authored poses, traversal and equipment layers registered.
[01:58:55] [Render thread/ERROR]: Illegal option value 0 for Anisotropic Filtering
[01:58:55] [Render thread/INFO]: Backend library: LWJGL version 3.4.3-snapshot
[01:58:55] [Render thread/INFO]: SDL [SYSTEM]: App name: Minecraft
[01:58:55] [Render thread/INFO]: SDL [SYSTEM]: App version: 26.3
[01:58:55] [Render thread/INFO]: SDL [SYSTEM]: App ID: com.mojang.minecraft
[01:58:55] [Render thread/INFO]: SDL [SYSTEM]: SDL revision: SDL-3.4.14-62f10da
[01:58:55] [Render thread/WARN]: Device [Apple M4] supports all extensions from FeatureSet [Vulkan Portability Subset], making required
[01:58:55] [Render thread/INFO]: Using graphics backend OpenGL, using drivers: 4.1 Metal - 91.7
[01:58:55] [Render thread/INFO]: Using graphics device: Apple M4 (Apple)
[01:58:55] [Render thread/INFO]: Using graphics device extensions: GL_ARB_draw_indirect, GL_EXT_texture_filter_anisotropic
[01:58:55] [Render thread/INFO]: Created window using SDL video driver: cocoa
[01:58:57] [Download-2/ERROR]: Failed to fetch user properties
com.mojang.authlib.exceptions.InvalidCredentialsException: Status: 401
	at knot//com.mojang.authlib.exceptions.MinecraftClientHttpException.toAuthenticationException(MinecraftClientHttpException.java:70)
	at knot//com.mojang.authlib.services.MinecraftServicesUserApiService.fetchProperties(MinecraftServicesUserApiService.java:168)
	at knot//net.minecraft.client.Minecraft.lambda$new$1(Minecraft.java:451)
	at java.base/java.util.concurrent.CompletableFuture$AsyncSupply.run(CompletableFuture.java:1789)
	at java.base/java.util.concurrent.ThreadPoolExecutor.runWorker(ThreadPoolExecutor.java:1090)
	at java.base/java.util.concurrent.ThreadPoolExecutor$Worker.run(ThreadPoolExecutor.java:614)
	at java.base/java.lang.Thread.run(Thread.java:1474)
Caused by: MinecraftClientHttpException[type=HTTP_ERROR, status=401, response=ErrorResponse[path=/player/attributes, error=null, errorMessage=null, details=null]]
	at knot//com.mojang.authlib.minecraft.client.MinecraftClient.buildHttpException(MinecraftClient.java:170)
	at knot//com.mojang.authlib.minecraft.client.MinecraftClient.readServiceResponse(MinecraftClient.java:147)
	at knot//com.mojang.authlib.minecraft.client.MinecraftClient.getWithEtag(MinecraftClient.java:81)
	at knot//com.mojang.authlib.minecraft.client.MinecraftClient.get(MinecraftClient.java:65)
	at knot//com.mojang.authlib.services.MinecraftServicesUserApiService.fetchProperties(MinecraftServicesUserApiService.java:118)
	... 5 more
[01:58:57] [Render thread/INFO]: Reloading ResourceManager: vanilla, vanilla, fabric-advancement-api-v1, fabric-api, fabric-api-base, fabric-api-lookup-api-v1, fabric-biome-api-v1, fabric-block-api-v1, fabric-block-getter-api-v2, fabric-client-gametest-api-v1, fabric-command-api-v2, fabric-content-registries-v0, fabric-convention-tags-v2, fabric-crash-report-info-v1, fabric-creative-tab-api-v1, fabric-data-attachment-api-v1, fabric-data-generation-api-v1, fabric-debug-api-v1, fabric-dimensions-v1, fabric-entity-events-v1, fabric-events-interaction-v0, fabric-game-rule-api-v1, fabric-gametest-api-v1, fabric-item-api-v1, fabric-key-mapping-api-v1, fabric-lifecycle-events-v1, fabric-loot-api-v3, fabric-menu-api-v1, fabric-message-api-v1, fabric-model-loading-api-v1, fabric-networking-api-v1, fabric-object-builder-api-v1, fabric-particles-v1, fabric-permission-api-v1, fabric-recipe-api-v1, fabric-registry-sync-v0, fabric-renderer-api-v1, fabric-renderer-indigo, fabric-rendering-fluids-v1, fabric-rendering-v1, fabric-resource-conditions-api-v1, fabric-resource-loader-v0, fabric-resource-loader-v1, fabric-screen-api-v1, fabric-serialization-api-v1, fabric-sound-api-v1, fabric-tag-api-v1, fabric-transfer-api-v1, fabric-transitive-access-wideners-v1, fabricloader, wildcraft, wildcraft-test
UNSUPPORTED (log once): gldCopyBufferSubData: NEEDS IMPLEMENTATION
[01:58:58] [Worker-Main-4/INFO]: Found unifont_all_no_pua-17.0.01.hex, loading
[01:58:58] [Worker-Main-5/INFO]: Found unifont_pua-17.0.01.hex, loading
[01:58:58] [Worker-Main-8/INFO]: Found unifont_jp_patch-17.0.01.hex, loading
[01:58:58] [Render thread/INFO]: Info log when linking program containing VERTEX minecraft:core/terrain, FRAGMENT minecraft:core/terrain. Log output: WARNING: Output of vertex shader '_interface_variable_01' not read by fragment shader
WARNING: Output of vertex shader '_interface_variable_00' not read by fragment shader
WARNING: Output of vertex shader '_interface_variable_04' not read by fragment shader

[01:58:58] [Render thread/INFO]: Info log when linking program containing VERTEX minecraft:core/rendertype_crumbling, FRAGMENT minecraft:core/rendertype_crumbling. Log output: WARNING: Output of vertex shader '_interface_variable_01' not read by fragment shader
WARNING: Output of vertex shader '_interface_variable_00' not read by fragment shader

[01:58:58] [Render thread/INFO]: Info log when linking program containing VERTEX minecraft:core/entity, FRAGMENT minecraft:core/entity. Log output: WARNING: Output of vertex shader '_interface_variable_01' not read by fragment shader
WARNING: Output of vertex shader '_interface_variable_00' not read by fragment shader

[01:58:58] [Render thread/INFO]: Info log when linking program containing VERTEX minecraft:core/rendertype_lines, FRAGMENT minecraft:core/rendertype_lines. Log output: WARNING: Output of vertex shader '_interface_variable_01' not read by fragment shader
WARNING: Output of vertex shader '_interface_variable_00' not read by fragment shader

[01:58:58] [Render thread/INFO]: Info log when linking program containing VERTEX minecraft:core/entity, FRAGMENT minecraft:core/entity. Log output: WARNING: Output of vertex shader '_interface_variable_01' not read by fragment shader
WARNING: Output of vertex shader '_interface_variable_00' not read by fragment shader

[01:58:58] [Render thread/INFO]: Info log when linking program containing VERTEX minecraft:core/text, FRAGMENT minecraft:core/text. Log output: WARNING: Output of vertex shader '_interface_variable_01' not read by fragment shader
WARNING: Output of vertex shader '_interface_variable_00' not read by fragment shader

[01:58:58] [Render thread/INFO]: Info log when linking program containing VERTEX minecraft:core/text, FRAGMENT minecraft:core/text. Log output: WARNING: Output of vertex shader '_interface_variable_01' not read by fragment shader
WARNING: Output of vertex shader '_interface_variable_00' not read by fragment shader

[01:58:58] [Render thread/INFO]: Info log when linking program containing VERTEX minecraft:core/terrain, FRAGMENT minecraft:core/terrain. Log output: WARNING: Output of vertex shader '_interface_variable_01' not read by fragment shader
WARNING: Output of vertex shader '_interface_variable_00' not read by fragment shader
WARNING: Output of vertex shader '_interface_variable_04' not read by fragment shader

[01:58:58] [Render thread/INFO]: Info log when linking program containing VERTEX minecraft:core/block, FRAGMENT minecraft:core/block. Log output: WARNING: Output of vertex shader '_interface_variable_01' not read by fragment shader
WARNING: Output of vertex shader '_interface_variable_00' not read by fragment shader

[01:58:58] [Render thread/INFO]: Info log when linking program containing VERTEX minecraft:core/entity, FRAGMENT minecraft:core/entity. Log output: WARNING: Output of vertex shader '_interface_variable_01' not read by fragment shader
WARNING: Output of vertex shader '_interface_variable_00' not read by fragment shader

[01:58:58] [Render thread/INFO]: Info log when linking program containing VERTEX minecraft:core/rendertype_entity_shadow, FRAGMENT minecraft:core/rendertype_entity_shadow. Log output: WARNING: Output of vertex shader '_interface_variable_01' not read by fragment shader
WARNING: Output of vertex shader '_interface_variable_00' not read by fragment shader

[01:58:58] [Render thread/INFO]: Info log when linking program containing VERTEX minecraft:core/particle, FRAGMENT minecraft:core/particle. Log output: WARNING: Output of vertex shader '_interface_variable_01' not read by fragment shader
WARNING: Output of vertex shader '_interface_variable_00' not read by fragment shader

[01:58:58] [Render thread/INFO]: Info log when linking program containing VERTEX minecraft:core/screenquad, FRAGMENT minecraft:core/oit_composite. Log output: WARNING: Output of vertex shader '_interface_variable_00' not read by fragment shader

[01:58:58] [Render thread/INFO]: Info log when linking program containing VERTEX minecraft:core/screenquad, FRAGMENT minecraft:core/integrate_depth. Log output: WARNING: Output of vertex shader '_interface_variable_00' not read by fragment shader

[01:58:58] [Render thread/INFO]: Info log when linking program containing VERTEX minecraft:core/entity, FRAGMENT minecraft:core/entity. Log output: WARNING: Output of vertex shader '_interface_variable_01' not read by fragment shader
WARNING: Output of vertex shader '_interface_variable_00' not read by fragment shader

[01:58:58] [Render thread/INFO]: Info log when linking program containing VERTEX minecraft:core/terrain, FRAGMENT minecraft:core/terrain. Log output: WARNING: Output of vertex shader '_interface_variable_01' not read by fragment shader
WARNING: Output of vertex shader '_interface_variable_00' not read by fragment shader
WARNING: Output of vertex shader '_interface_variable_04' not read by fragment shader

[01:58:58] [Render thread/INFO]: Info log when linking program containing VERTEX minecraft:core/animate_sprite, FRAGMENT minecraft:core/animate_sprite_blit. Log output: WARNING: Output of vertex shader '_interface_variable_00' not read by fragment shader

[01:58:58] [Render thread/INFO]: Info log when linking program containing VERTEX minecraft:core/entity, FRAGMENT minecraft:core/entity. Log output: WARNING: Output of vertex shader '_interface_variable_01' not read by fragment shader
WARNING: Output of vertex shader '_interface_variable_00' not read by fragment shader

[01:58:58] [Render thread/INFO]: Info log when linking program containing VERTEX minecraft:core/entity, FRAGMENT minecraft:core/entity. Log output: WARNING: Output of vertex shader '_interface_variable_01' not read by fragment shader
WARNING: Output of vertex shader '_interface_variable_00' not read by fragment shader

[01:58:58] [Render thread/INFO]: Info log when linking program containing VERTEX minecraft:core/clouds, FRAGMENT minecraft:core/clouds. Log output: WARNING: Output of vertex shader '_interface_variable_00' not read by fragment shader

[01:58:58] [Render thread/INFO]: Info log when linking program containing VERTEX minecraft:core/particle, FRAGMENT minecraft:core/particle. Log output: WARNING: Output of vertex shader '_interface_variable_01' not read by fragment shader
WARNING: Output of vertex shader '_interface_variable_00' not read by fragment shader

[01:58:58] [Render thread/INFO]: Info log when linking program containing VERTEX minecraft:core/entity, FRAGMENT minecraft:core/entity. Log output: WARNING: Output of vertex shader '_interface_variable_01' not read by fragment shader
WARNING: Output of vertex shader '_interface_variable_00' not read by fragment shader

[01:58:58] [Render thread/INFO]: Info log when linking program containing VERTEX minecraft:core/screenquad, FRAGMENT minecraft:core/oit_depth_bounds_cull. Log output: WARNING: Output of vertex shader '_interface_variable_00' not read by fragment shader

[01:58:58] [Render thread/INFO]: Info log when linking program containing VERTEX minecraft:core/block, FRAGMENT minecraft:core/block. Log output: WARNING: Output of vertex shader '_interface_variable_01' not read by fragment shader
WARNING: Output of vertex shader '_interface_variable_00' not read by fragment shader

[01:58:58] [Render thread/INFO]: Info log when linking program containing VERTEX minecraft:core/text, FRAGMENT minecraft:core/text. Log output: WARNING: Output of vertex shader '_interface_variable_01' not read by fragment shader
WARNING: Output of vertex shader '_interface_variable_00' not read by fragment shader

[01:58:58] [Render thread/INFO]: Info log when linking program containing VERTEX minecraft:core/text, FRAGMENT minecraft:core/text. Log output: WARNING: Output of vertex shader '_interface_variable_01' not read by fragment shader
WARNING: Output of vertex shader '_interface_variable_00' not read by fragment shader

[01:58:58] [Render thread/INFO]: Info log when linking program containing VERTEX minecraft:core/entity, FRAGMENT minecraft:core/entity. Log output: WARNING: Output of vertex shader '_interface_variable_01' not read by fragment shader
WARNING: Output of vertex shader '_interface_variable_00' not read by fragment shader

[01:58:58] [Render thread/INFO]: Info log when linking program containing VERTEX minecraft:core/text, FRAGMENT minecraft:core/text. Log output: WARNING: Output of vertex shader '_interface_variable_01' not read by fragment shader
WARNING: Output of vertex shader '_interface_variable_00' not read by fragment shader

[01:58:58] [Render thread/INFO]: Info log when linking program containing VERTEX minecraft:core/terrain, FRAGMENT minecraft:core/terrain. Log output: WARNING: Output of vertex shader '_interface_variable_01' not read by fragment shader
WARNING: Output of vertex shader '_interface_variable_00' not read by fragment shader
WARNING: Output of vertex shader '_interface_variable_04' not read by fragment shader

[01:58:58] [Render thread/INFO]: Info log when linking program containing VERTEX minecraft:core/clouds, FRAGMENT minecraft:core/clouds. Log output: WARNING: Output of vertex shader '_interface_variable_00' not read by fragment shader

[01:58:58] [Render thread/INFO]: Info log when linking program containing VERTEX minecraft:core/text, FRAGMENT minecraft:core/text. Log output: WARNING: Output of vertex shader '_interface_variable_01' not read by fragment shader
WARNING: Output of vertex shader '_interface_variable_00' not read by fragment shader

[01:58:58] [Render thread/INFO]: Info log when linking program containing VERTEX minecraft:core/rendertype_lines, FRAGMENT minecraft:core/rendertype_lines. Log output: WARNING: Output of vertex shader '_interface_variable_01' not read by fragment shader
WARNING: Output of vertex shader '_interface_variable_00' not read by fragment shader

[01:58:58] [Render thread/INFO]: Info log when linking program containing VERTEX minecraft:core/rendertype_entity_shadow, FRAGMENT minecraft:core/rendertype_entity_shadow. Log output: WARNING: Output of vertex shader '_interface_variable_01' not read by fragment shader
WARNING: Output of vertex shader '_interface_variable_00' not read by fragment shader

[01:58:58] [Render thread/INFO]: Info log when linking program containing VERTEX minecraft:core/entity, FRAGMENT minecraft:core/entity. Log output: WARNING: Output of vertex shader '_interface_variable_01' not read by fragment shader
WARNING: Output of vertex shader '_interface_variable_00' not read by fragment shader

[01:58:58] [Render thread/INFO]: Info log when linking program containing VERTEX minecraft:core/particle, FRAGMENT minecraft:core/particle. Log output: WARNING: Output of vertex shader '_interface_variable_01' not read by fragment shader
WARNING: Output of vertex shader '_interface_variable_00' not read by fragment shader

[01:58:58] [Render thread/INFO]: Info log when linking program containing VERTEX minecraft:core/entity, FRAGMENT minecraft:core/entity. Log output: WARNING: Output of vertex shader '_interface_variable_01' not read by fragment shader
WARNING: Output of vertex shader '_interface_variable_00' not read by fragment shader

[01:58:58] [Render thread/INFO]: Info log when linking program containing VERTEX minecraft:core/rendertype_crumbling, FRAGMENT minecraft:core/rendertype_crumbling. Log output: WARNING: Output of vertex shader '_interface_variable_01' not read by fragment shader
WARNING: Output of vertex shader '_interface_variable_00' not read by fragment shader

[01:58:58] [Render thread/INFO]: Info log when linking program containing VERTEX minecraft:core/entity, FRAGMENT minecraft:core/entity. Log output: WARNING: Output of vertex shader '_interface_variable_01' not read by fragment shader
WARNING: Output of vertex shader '_interface_variable_00' not read by fragment shader

[01:58:58] [Render thread/INFO]: Info log when linking program containing VERTEX minecraft:core/text, FRAGMENT minecraft:core/text. Log output: WARNING: Output of vertex shader '_interface_variable_01' not read by fragment shader
WARNING: Output of vertex shader '_interface_variable_00' not read by fragment shader

[01:58:58] [Render thread/INFO]: Info log when linking program containing VERTEX minecraft:core/entity, FRAGMENT minecraft:core/entity. Log output: WARNING: Output of vertex shader '_interface_variable_01' not read by fragment shader
WARNING: Output of vertex shader '_interface_variable_00' not read by fragment shader

[01:58:58] [Render thread/INFO]: Info log when linking program containing VERTEX minecraft:core/particle, FRAGMENT minecraft:core/particle. Log output: WARNING: Output of vertex shader '_interface_variable_01' not read by fragment shader
WARNING: Output of vertex shader '_interface_variable_00' not read by fragment shader

[01:58:58] [Render thread/INFO]: Info log when linking program containing VERTEX minecraft:core/text, FRAGMENT minecraft:core/text. Log output: WARNING: Output of vertex shader '_interface_variable_01' not read by fragment shader
WARNING: Output of vertex shader '_interface_variable_00' not read by fragment shader

[01:58:58] [Download-2/INFO]: Could not authorize you against Realms server: java.lang.RuntimeException: Failed to parse into SignedJWT: FabricMC
[01:58:58] [Download-2/ERROR]: Failed to fetch Realms feature flags
com.mojang.realmsclient.exception.RealmsServiceException: Realms authentication error with message 'java.lang.RuntimeException: Failed to parse into SignedJWT: FabricMC'
	at knot//com.mojang.realmsclient.client.RealmsClient.execute(RealmsClient.java:625)
	at knot//com.mojang.realmsclient.client.RealmsClient.fetchFeatureFlags(RealmsClient.java:204)
	at java.base/java.util.concurrent.CompletableFuture$AsyncSupply.run(CompletableFuture.java:1789)
	at java.base/java.util.concurrent.ThreadPoolExecutor.runWorker(ThreadPoolExecutor.java:1090)
	at java.base/java.util.concurrent.ThreadPoolExecutor$Worker.run(ThreadPoolExecutor.java:614)
	at java.base/java.lang.Thread.run(Thread.java:1474)
[01:58:59] [Render thread/INFO]: OpenAL initialized on device Mac mini扬声器
[01:58:59] [Render thread/INFO]: Sound engine started
[01:58:59] [Render thread/INFO]: Created: 512x256x0 minecraft:textures/atlas/particles.png-atlas
[01:58:59] [Render thread/INFO]: Created: 256x128x0 minecraft:textures/atlas/celestials.png-atlas
[01:58:59] [Render thread/INFO]: Created: 128x128x0 minecraft:textures/atlas/decorated_pot.png-atlas
[01:58:59] [Render thread/INFO]: Created: 512x256x0 minecraft:textures/atlas/paintings.png-atlas
[01:58:59] [Render thread/INFO]: Created: 1024x512x0 minecraft:textures/atlas/shield_patterns.png-atlas
[01:58:59] [Render thread/INFO]: Created: 1024x512x0 minecraft:textures/atlas/banner_patterns.png-atlas
[01:58:59] [Render thread/INFO]: Created: 2048x2048x4 minecraft:textures/atlas/blocks.png-atlas
[01:58:59] [Render thread/INFO]: Created: 1024x512x0 minecraft:textures/atlas/items.png-atlas
[01:58:59] [Render thread/INFO]: Created: 1024x1024x0 minecraft:textures/atlas/gui.png-atlas
[01:58:59] [Render thread/INFO]: Created: 128x64x0 minecraft:textures/atlas/map_decorations.png-atlas
[01:58:59] [Render thread/INFO]: Created: 512x512x0 minecraft:textures/atlas/chest.png-atlas
[01:58:59] [Render thread/INFO]: Created: 512x512x0 minecraft:textures/atlas/shulker_boxes.png-atlas
[01:59:00] [Download-2/INFO]: Could not authorize you against Realms server: java.lang.RuntimeException: Failed to parse into SignedJWT: FabricMC
[01:59:00] [Download-2/ERROR]: Couldn't connect to realms
com.mojang.realmsclient.exception.RealmsServiceException: Realms authentication error with message 'java.lang.RuntimeException: Failed to parse into SignedJWT: FabricMC'
	at knot//com.mojang.realmsclient.client.RealmsClient.execute(RealmsClient.java:625)
	at knot//com.mojang.realmsclient.client.RealmsClient.clientCompatible(RealmsClient.java:354)
	at knot//com.mojang.realmsclient.RealmsAvailability.lambda$check$0(RealmsAvailability.java:48)
	at java.base/java.util.concurrent.CompletableFuture$AsyncSupply.run(CompletableFuture.java:1789)
	at java.base/java.util.concurrent.ThreadPoolExecutor.runWorker(ThreadPoolExecutor.java:1090)
	at java.base/java.util.concurrent.ThreadPoolExecutor$Worker.run(ThreadPoolExecutor.java:614)
	at java.base/java.lang.Thread.run(Thread.java:1474)
[01:59:02] [Worker-Main-1/INFO]: Loaded 1867 advancements
[01:59:02] [Render thread/INFO]: World loading finished: null screen: net.minecraft.client.gui.screens.GenericMessageScreen@67559a3f
[01:59:02] [Render thread/INFO]: Applied 0 biome modifications to 0 of 67 new biomes in 500.7 μs
[01:59:02] [Server thread/INFO]: Starting integrated minecraft server version 26.3
[01:59:02] [Server thread/INFO]: Generating keypair
[01:59:02] [Server thread/INFO]: Selecting global world spawn...
[01:59:02] [Server thread/INFO]: Loading 0 persistent chunks...
[01:59:02] [Server thread/INFO]: Preparing spawn area: 16%
[01:59:02] [Server thread/INFO]: Saving chunks for level 'ServerLevel[New World]'/minecraft:overworld
[01:59:02] [Server thread/INFO]: Saving chunks for level 'ServerLevel[New World]'/minecraft:the_end
[01:59:02] [Server thread/INFO]: Saving chunks for level 'ServerLevel[New World]'/minecraft:the_nether
[01:59:02] [Render thread/INFO]: World loading finished: null screen: net.minecraft.client.gui.screens.LevelLoadingScreen@70e042ec
[01:59:02] [Render thread/INFO]: World loading finished: null screen: net.minecraft.client.gui.screens.LevelLoadingScreen@70e042ec
[01:59:02] [Render thread/INFO]: World loading finished: null screen: net.minecraft.client.gui.screens.LevelLoadingScreen@70e042ec
[01:59:02] [Render thread/INFO]: World loading finished: null screen: net.minecraft.client.gui.screens.LevelLoadingScreen@70e042ec
[01:59:02] [Render thread/INFO]: World loading finished: null screen: net.minecraft.client.gui.screens.LevelLoadingScreen@70e042ec
[01:59:02] [Render thread/INFO]: World loading finished: null screen: net.minecraft.client.gui.screens.LevelLoadingScreen@70e042ec
[01:59:02] [Server thread/INFO]: Loading 48 chunks for player spawn...
[01:59:02] [Render thread/INFO]: World loading finished: null screen: net.minecraft.client.gui.screens.LevelLoadingScreen@70e042ec
[01:59:02] [Server thread/INFO]: Preparing spawn area: 20%
[01:59:02] [Render thread/INFO]: World loading finished: null screen: net.minecraft.client.gui.screens.LevelLoadingScreen@70e042ec
[01:59:02] [Render thread/INFO]: World loading finished: null screen: net.minecraft.client.gui.screens.LevelLoadingScreen@70e042ec
[01:59:02] [Render thread/INFO]: World loading finished: null screen: net.minecraft.client.gui.screens.LevelLoadingScreen@70e042ec
[01:59:02] [Server thread/INFO]: Time elapsed: 685 ms
[01:59:02] [Render thread/INFO]: World loading finished: null screen: net.minecraft.client.gui.screens.LevelLoadingScreen@70e042ec
[01:59:03] [Server thread/INFO]: Player282[local:E:9712957b] logged in with entity id 1 at (0.5, -60.0, 0.5)
[01:59:03] [Server thread/INFO]: System chat: Player282 joined the game
[01:59:03] [Server thread/INFO]: Changing view distance to 5, from 10
[01:59:03] [Server thread/INFO]: Changing simulation distance to 12, from 0
[01:59:03] [Render thread/INFO]: World loading finished: ClientLevel screen: net.minecraft.client.gui.screens.LevelLoadingScreen@70e042ec
[01:59:03] [Render thread/WARN]: Requested post effect does not exist: minecraft:end_of_frame
[01:59:03] [Render thread/INFO]: Resizing Dynamic Transforms UBO, capacity limit of 2 reached during a single frame. New capacity will be 4.
[01:59:03] [Render thread/INFO]: Loaded 2 advancements
[01:59:03] [Render thread/INFO]: World loading finished: ClientLevel screen: net.minecraft.client.gui.screens.LevelLoadingScreen@70e042ec
[01:59:03] [Render thread/INFO]: Resizing Dynamic Transforms UBO, capacity limit of 4 reached during a single frame. New capacity will be 8.
[01:59:03] [Render thread/INFO]: Resizing Dynamic Transforms UBO, capacity limit of 8 reached during a single frame. New capacity will be 16.
[01:59:03] [Render thread/INFO]: World loading finished: ClientLevel screen: net.minecraft.client.gui.screens.LevelLoadingScreen@70e042ec
[01:59:03] [Render thread/INFO]: World loading finished: ClientLevel screen: net.minecraft.client.gui.screens.LevelLoadingScreen@70e042ec
[01:59:03] [Render thread/INFO]: Resizing Chunk Sections UBO, capacity limit of 2 reached during a single frame. New capacity will be 4.
[01:59:03] [Render thread/INFO]: Resizing Chunk Sections UBO, capacity limit of 4 reached during a single frame. New capacity will be 8.
[01:59:03] [Render thread/INFO]: World loading finished: ClientLevel screen: net.minecraft.client.gui.screens.LevelLoadingScreen@70e042ec
[01:59:03] [Render thread/INFO]: Resizing Chunk Sections UBO, capacity limit of 8 reached during a single frame. New capacity will be 16.
[01:59:03] [Render thread/INFO]: World loading finished: ClientLevel screen: net.minecraft.client.gui.screens.LevelLoadingScreen@70e042ec
[01:59:03] [Render thread/INFO]: Resizing Chunk Sections UBO, capacity limit of 16 reached during a single frame. New capacity will be 32.
[01:59:03] [Render thread/INFO]: World loading finished: ClientLevel screen: net.minecraft.client.gui.screens.LevelLoadingScreen@70e042ec
[01:59:03] [Render thread/INFO]: World loading finished: ClientLevel screen: net.minecraft.client.gui.screens.LevelLoadingScreen@70e042ec
[01:59:03] [Render thread/INFO]: World loading finished: ClientLevel screen: net.minecraft.client.gui.screens.LevelLoadingScreen@70e042ec
[01:59:03] [Render thread/INFO]: World loading finished: ClientLevel screen: net.minecraft.client.gui.screens.LevelLoadingScreen@70e042ec
[01:59:03] [Render thread/INFO]: World loading finished: ClientLevel screen: net.minecraft.client.gui.screens.LevelLoadingScreen@70e042ec
[01:59:03] [Render thread/INFO]: World loading finished: ClientLevel screen: net.minecraft.client.gui.screens.LevelLoadingScreen@70e042ec
[01:59:03] [Render thread/INFO]: World loading finished: ClientLevel screen: net.minecraft.client.gui.screens.LevelLoadingScreen@70e042ec
[01:59:03] [Render thread/INFO]: Resizing Chunk Sections UBO, capacity limit of 32 reached during a single frame. New capacity will be 64.
[01:59:03] [Render thread/INFO]: World loading finished: ClientLevel screen: net.minecraft.client.gui.screens.LevelLoadingScreen@70e042ec
[01:59:03] [Render thread/INFO]: World loading finished: ClientLevel screen: net.minecraft.client.gui.screens.LevelLoadingScreen@70e042ec
[01:59:03] [Render thread/INFO]: World loading finished: ClientLevel screen: null
[01:59:03] [Server thread/INFO]: System chat: Set Player282's game mode to Creative Mode
[01:59:03] [Server thread/INFO]: System chat: Set minecraft:overworld to time marker minecraft:day
[01:59:03] [Server thread/INFO]: System chat: Gave 2 [Wildcraft Test Core] to Player282
[01:59:03] [Render thread/INFO]: [System] [CHAT] Your game mode has been updated to Creative Mode
[01:59:03] [Render thread/INFO]: Resizing Chunk Sections UBO, capacity limit of 64 reached during a single frame. New capacity will be 128.
[01:59:03] [Render thread/INFO]: Resizing Dynamic Transforms UBO, capacity limit of 16 reached during a single frame. New capacity will be 32.
[01:59:03] [Server thread/INFO]: Player282 lost connection: Disconnected
[01:59:03] [Server thread/INFO]: System chat: Player282 left the game
[01:59:03] [Server thread/INFO]: Stopping singleplayer server as player logged out
[01:59:03] [Server thread/INFO]: Stopping server
[01:59:03] [Server thread/INFO]: Saving players
[01:59:03] [Server thread/INFO]: Saving worlds
[01:59:04] [Server thread/INFO]: Saving chunks for level 'ServerLevel[New World]'/minecraft:overworld
[01:59:04] [Server thread/INFO]: Saving chunks for level 'ServerLevel[New World]'/minecraft:the_end
[01:59:04] [Server thread/INFO]: Saving chunks for level 'ServerLevel[New World]'/minecraft:the_nether
[01:59:04] [Render thread/INFO]: World loading finished: null screen: net.minecraft.client.gui.screens.GenericMessageScreen@655da6ed
[01:59:04] [Worker-Main-6/INFO]: Loaded 1867 advancements
[01:59:04] [Render thread/INFO]: Applied 0 biome modifications to 0 of 67 new biomes in 208.9 μs
[01:59:04] [Server thread/INFO]: Starting integrated minecraft server version 26.3
[01:59:04] [Server thread/INFO]: Generating keypair
[01:59:04] [Server thread/INFO]: Loading 0 persistent chunks...
[01:59:04] [Server thread/INFO]: Saving chunks for level 'ServerLevel[New World]'/minecraft:overworld
[01:59:04] [Server thread/INFO]: Saving chunks for level 'ServerLevel[New World]'/minecraft:the_end
[01:59:04] [Server thread/INFO]: Saving chunks for level 'ServerLevel[New World]'/minecraft:the_nether
[01:59:04] [Render thread/INFO]: World loading finished: null screen: net.minecraft.client.gui.screens.LevelLoadingScreen@1695c816
[01:59:04] [Render thread/INFO]: World loading finished: null screen: net.minecraft.client.gui.screens.LevelLoadingScreen@1695c816
[01:59:04] [Render thread/INFO]: World loading finished: null screen: net.minecraft.client.gui.screens.LevelLoadingScreen@1695c816
[01:59:04] [Render thread/INFO]: World loading finished: null screen: net.minecraft.client.gui.screens.LevelLoadingScreen@1695c816
[01:59:04] [Server thread/INFO]: Loading 49 chunks for player spawn...
[01:59:04] [Server thread/INFO]: Preparing spawn area: 16%
[01:59:04] [Render thread/INFO]: World loading finished: null screen: net.minecraft.client.gui.screens.LevelLoadingScreen@1695c816
[01:59:04] [Server thread/INFO]: Time elapsed: 270 ms
[01:59:04] [Render thread/INFO]: World loading finished: null screen: net.minecraft.client.gui.screens.LevelLoadingScreen@1695c816
[01:59:05] [Server thread/INFO]: Player282[local:E:8cfb543d] logged in with entity id 3 at (0.5, -60.0, 0.5)
[01:59:05] [Server thread/INFO]: System chat: Player282 joined the game
[01:59:05] [Server thread/INFO]: Changing view distance to 5, from 10
[01:59:05] [Server thread/INFO]: Changing simulation distance to 12, from 0
[01:59:05] [Render thread/INFO]: World loading finished: null screen: net.minecraft.client.gui.screens.LevelLoadingScreen@1695c816
[01:59:05] [Render thread/INFO]: Loaded 2 advancements
[01:59:05] [Render thread/INFO]: World loading finished: ClientLevel screen: net.minecraft.client.gui.screens.LevelLoadingScreen@1695c816
[01:59:05] [Render thread/INFO]: World loading finished: ClientLevel screen: net.minecraft.client.gui.screens.LevelLoadingScreen@1695c816
[01:59:05] [Render thread/INFO]: World loading finished: ClientLevel screen: net.minecraft.client.gui.screens.LevelLoadingScreen@1695c816
[01:59:05] [Render thread/INFO]: World loading finished: ClientLevel screen: net.minecraft.client.gui.screens.LevelLoadingScreen@1695c816
[01:59:05] [Render thread/INFO]: World loading finished: ClientLevel screen: null
[01:59:05] [Server thread/INFO]: Player282 lost connection: Disconnected
[01:59:05] [Server thread/INFO]: System chat: Player282 left the game
[01:59:05] [Server thread/INFO]: Stopping singleplayer server as player logged out
[01:59:05] [Server thread/INFO]: Stopping server
[01:59:05] [Server thread/INFO]: Saving players
[01:59:05] [Server thread/INFO]: Saving worlds
[01:59:06] [Server thread/INFO]: Saving chunks for level 'ServerLevel[New World]'/minecraft:overworld
[01:59:06] [Server thread/INFO]: Saving chunks for level 'ServerLevel[New World]'/minecraft:the_end
[01:59:06] [Server thread/INFO]: Saving chunks for level 'ServerLevel[New World]'/minecraft:the_nether
[01:59:06] [Worker-Main-5/INFO]: Loaded 1867 advancements
[01:59:06] [Thread-2/WARN]: Unable to parse version 27.0 to a codename.
[01:59:06] [Thread-2/INFO]: Environment: Environment[discoveryUrl=https://discovery.minecraftservices.com/minecraft/client, name=PROD]
[01:59:06] [Worker-Main-4/INFO]: Loaded 1867 advancements
[01:59:06] [Thread-2/INFO]: Applied 0 biome modifications to 0 of 67 new biomes in 150.2 μs
[01:59:06] [Server thread/INFO]: Starting minecraft server version 26.3
[01:59:06] [Server thread/INFO]: Loading properties
[01:59:06] [Server thread/INFO]: Default game type: CREATIVE
[01:59:06] [Server thread/INFO]: Generating keypair
[01:59:06] [Server thread/INFO]: Starting Minecraft server on 127.0.0.1:64664
[01:59:07] [Server thread/WARN]: **** SERVER IS RUNNING IN OFFLINE/INSECURE MODE!
[01:59:07] [Server thread/WARN]: The server will make no attempt to authenticate usernames. Beware.
[01:59:07] [Server thread/WARN]: While this makes the game possible to play without internet access, it also opens up the ability for hackers to connect with any username they choose.
[01:59:07] [Server thread/WARN]: To change this, set "online-mode" to "true" in the server.properties file.
[01:59:07] [Server thread/INFO]: Preparing level "world"
[01:59:07] [Server thread/INFO]: Selecting global world spawn...
[01:59:07] [Server thread/INFO]: Loading 0 persistent chunks...
[01:59:07] [Server thread/INFO]: Preparing spawn area: 100%
[01:59:07] [Server thread/INFO]: Time elapsed: 67 ms
[01:59:07] [Server thread/INFO]: Done (0.069s)! For help, type "help"
[01:59:07] [Server thread/INFO]: Saving chunks for level 'ServerLevel[New World]'/minecraft:overworld
[01:59:07] [Server thread/INFO]: Saving chunks for level 'ServerLevel[New World]'/minecraft:the_end
[01:59:07] [Server thread/INFO]: Saving chunks for level 'ServerLevel[New World]'/minecraft:the_nether
[01:59:07] [Render thread/INFO]: Connecting to localhost, 64664
[01:59:07] [Render thread/INFO]: World loading finished: null screen: net.minecraft.client.gui.screens.ConnectScreen@1e636a7b
[01:59:08] [Render thread/INFO]: World loading finished: null screen: net.minecraft.client.gui.screens.ConnectScreen@1e636a7b
[01:59:08] [Render thread/INFO]: World loading finished: null screen: net.minecraft.client.gui.screens.ConnectScreen@1e636a7b
[01:59:08] [Render thread/INFO]: World loading finished: null screen: net.minecraft.client.gui.screens.ConnectScreen@1e636a7b
[01:59:08] [Render thread/INFO]: World loading finished: null screen: net.minecraft.client.gui.screens.ConnectScreen@1e636a7b
[01:59:08] [Render thread/INFO]: World loading finished: null screen: net.minecraft.client.gui.screens.ConnectScreen@1e636a7b
[01:59:08] [Render thread/INFO]: World loading finished: null screen: net.minecraft.client.gui.screens.ConnectScreen@1e636a7b
[01:59:08] [Render thread/INFO]: World loading finished: null screen: net.minecraft.client.gui.screens.ConnectScreen@1e636a7b
[01:59:08] [Render thread/INFO]: World loading finished: null screen: net.minecraft.client.gui.screens.ConnectScreen@1e636a7b
[01:59:08] [Render thread/INFO]: World loading finished: null screen: net.minecraft.client.gui.screens.ConnectScreen@1e636a7b
[01:59:08] [Render thread/INFO]: World loading finished: null screen: net.minecraft.client.gui.screens.ConnectScreen@1e636a7b
[01:59:08] [Render thread/INFO]: World loading finished: null screen: net.minecraft.client.gui.screens.ConnectScreen@1e636a7b
[01:59:08] [Render thread/INFO]: World loading finished: null screen: net.minecraft.client.gui.screens.ConnectScreen@1e636a7b
[01:59:08] [Render thread/INFO]: World loading finished: null screen: net.minecraft.client.gui.screens.ConnectScreen@1e636a7b
[01:59:08] [Render thread/INFO]: World loading finished: null screen: net.minecraft.client.gui.screens.ConnectScreen@1e636a7b
[01:59:08] [Render thread/INFO]: World loading finished: null screen: net.minecraft.client.gui.screens.ConnectScreen@1e636a7b
[01:59:08] [Render thread/INFO]: World loading finished: null screen: net.minecraft.client.gui.screens.ConnectScreen@1e636a7b
[01:59:08] [Render thread/INFO]: World loading finished: null screen: net.minecraft.client.gui.screens.ConnectScreen@1e636a7b
[01:59:08] [Render thread/INFO]: World loading finished: null screen: net.minecraft.client.gui.screens.ConnectScreen@1e636a7b
[01:59:08] [Render thread/INFO]: World loading finished: null screen: net.minecraft.client.gui.screens.ConnectScreen@1e636a7b
[01:59:08] [Render thread/INFO]: World loading finished: null screen: net.minecraft.client.gui.screens.ConnectScreen@1e636a7b
[01:59:09] [Render thread/INFO]: World loading finished: null screen: net.minecraft.client.gui.screens.ConnectScreen@1e636a7b
[01:59:09] [Render thread/INFO]: World loading finished: null screen: net.minecraft.client.gui.screens.ConnectScreen@1e636a7b
[01:59:09] [Render thread/INFO]: World loading finished: null screen: net.minecraft.client.gui.screens.ConnectScreen@1e636a7b
[01:59:09] [Render thread/INFO]: World loading finished: null screen: net.minecraft.client.gui.screens.ConnectScreen@1e636a7b
[01:59:09] [Render thread/INFO]: World loading finished: null screen: net.minecraft.client.gui.screens.ConnectScreen@1e636a7b
[01:59:09] [Render thread/INFO]: World loading finished: null screen: net.minecraft.client.gui.screens.ConnectScreen@1e636a7b
[01:59:09] [Render thread/INFO]: World loading finished: null screen: net.minecraft.client.gui.screens.ConnectScreen@1e636a7b
[01:59:09] [Render thread/INFO]: World loading finished: null screen: net.minecraft.client.gui.screens.ConnectScreen@1e636a7b
[01:59:09] [Render thread/INFO]: World loading finished: null screen: net.minecraft.client.gui.screens.ConnectScreen@1e636a7b
[01:59:09] [Render thread/INFO]: World loading finished: null screen: net.minecraft.client.gui.screens.ConnectScreen@1e636a7b
[01:59:09] [Render thread/INFO]: World loading finished: null screen: net.minecraft.client.gui.screens.ConnectScreen@1e636a7b
[01:59:09] [Render thread/INFO]: World loading finished: null screen: net.minecraft.client.gui.screens.ConnectScreen@1e636a7b
[01:59:09] [Render thread/INFO]: World loading finished: null screen: net.minecraft.client.gui.screens.ConnectScreen@1e636a7b
[01:59:09] [Render thread/INFO]: World loading finished: null screen: net.minecraft.client.gui.screens.ConnectScreen@1e636a7b
[01:59:09] [Render thread/INFO]: World loading finished: null screen: net.minecraft.client.gui.screens.ConnectScreen@1e636a7b
[01:59:09] [Render thread/INFO]: World loading finished: null screen: net.minecraft.client.gui.screens.ConnectScreen@1e636a7b
[01:59:09] [Render thread/INFO]: World loading finished: null screen: net.minecraft.client.gui.screens.ConnectScreen@1e636a7b
[01:59:09] [Render thread/INFO]: World loading finished: null screen: net.minecraft.client.gui.screens.ConnectScreen@1e636a7b
[01:59:09] [Render thread/INFO]: World loading finished: null screen: net.minecraft.client.gui.screens.ConnectScreen@1e636a7b
[01:59:09] [Render thread/INFO]: World loading finished: null screen: net.minecraft.client.gui.screens.ConnectScreen@1e636a7b
[01:59:10] [Render thread/INFO]: World loading finished: null screen: net.minecraft.client.gui.screens.ConnectScreen@1e636a7b
[01:59:10] [Render thread/INFO]: World loading finished: null screen: net.minecraft.client.gui.screens.ConnectScreen@1e636a7b
[01:59:10] [Render thread/INFO]: World loading finished: null screen: net.minecraft.client.gui.screens.ConnectScreen@1e636a7b
[01:59:10] [Render thread/INFO]: World loading finished: null screen: net.minecraft.client.gui.screens.ConnectScreen@1e636a7b
[01:59:10] [Render thread/INFO]: World loading finished: null screen: net.minecraft.client.gui.screens.ConnectScreen@1e636a7b
[01:59:10] [Render thread/INFO]: World loading finished: null screen: net.minecraft.client.gui.screens.ConnectScreen@1e636a7b
[01:59:10] [Render thread/INFO]: World loading finished: null screen: net.minecraft.client.gui.screens.ConnectScreen@1e636a7b
[01:59:10] [Render thread/INFO]: World loading finished: null screen: net.minecraft.client.gui.screens.ConnectScreen@1e636a7b
[01:59:10] [Render thread/INFO]: World loading finished: null screen: net.minecraft.client.gui.screens.ConnectScreen@1e636a7b
[01:59:10] [Render thread/INFO]: World loading finished: null screen: net.minecraft.client.gui.screens.ConnectScreen@1e636a7b
[01:59:10] [Render thread/INFO]: World loading finished: null screen: net.minecraft.client.gui.screens.ConnectScreen@1e636a7b
[01:59:10] [Render thread/INFO]: World loading finished: null screen: net.minecraft.client.gui.screens.ConnectScreen@1e636a7b
[01:59:10] [Server thread/INFO]: Player282[/127.0.0.1:64676] logged in with entity id 4 at (0.5, -60.0, 0.5)
[01:59:10] [Server thread/INFO]: System chat: Player282 joined the game
[01:59:10] [Render thread/INFO]: Loaded 2 advancements
[01:59:10] [Render thread/INFO]: World loading finished: ClientLevel screen: net.minecraft.client.gui.screens.LevelLoadingScreen@6651c963
[01:59:10] [Render thread/INFO]: World loading finished: ClientLevel screen: net.minecraft.client.gui.screens.LevelLoadingScreen@6651c963
[01:59:10] [Render thread/INFO]: World loading finished: ClientLevel screen: null
[01:59:11] [Server thread/INFO]: System chat: Gave 2 [Wildcraft Test Core] to Player282
[01:59:11] [Server thread/INFO]: Player282 lost connection: Disconnected
[01:59:11] [Server thread/INFO]: System chat: Player282 left the game
[01:59:11] [Server thread/INFO]: Stopping server
[01:59:11] [Server thread/INFO]: Saving players
[01:59:11] [Server thread/INFO]: Saving worlds
[01:59:11] [Server thread/INFO]: Saving chunks for level 'ServerLevel[New World]'/minecraft:overworld
[01:59:11] [Server thread/INFO]: Saving chunks for level 'ServerLevel[New World]'/minecraft:the_end
[01:59:11] [Server thread/INFO]: Saving chunks for level 'ServerLevel[New World]'/minecraft:the_nether
[01:59:11] [Worker-Main-3/INFO]: Loaded 1867 advancements
[01:59:11] [Render thread/INFO]: World loading finished: null screen: net.minecraft.client.gui.screens.GenericMessageScreen@5594ce93
[01:59:11] [Render thread/INFO]: Applied 0 biome modifications to 0 of 67 new biomes in 251.3 μs
[01:59:11] [Server thread/INFO]: Starting integrated minecraft server version 26.3
[01:59:11] [Server thread/INFO]: Generating keypair
[01:59:11] [Server thread/INFO]: Selecting global world spawn...
[01:59:11] [Server thread/INFO]: Loading 0 persistent chunks...
[01:59:11] [Server thread/INFO]: Preparing spawn area: 16%
[01:59:11] [Server thread/INFO]: Saving chunks for level 'ServerLevel[New World]'/minecraft:overworld
[01:59:11] [Server thread/INFO]: Saving chunks for level 'ServerLevel[New World]'/minecraft:the_end
[01:59:11] [Server thread/INFO]: Saving chunks for level 'ServerLevel[New World]'/minecraft:the_nether
[01:59:12] [Render thread/INFO]: World loading finished: null screen: net.minecraft.client.gui.screens.LevelLoadingScreen@2c595fcf
[01:59:12] [Render thread/INFO]: World loading finished: null screen: net.minecraft.client.gui.screens.LevelLoadingScreen@2c595fcf
[01:59:12] [Render thread/INFO]: World loading finished: null screen: net.minecraft.client.gui.screens.LevelLoadingScreen@2c595fcf
[01:59:12] [Render thread/INFO]: World loading finished: null screen: net.minecraft.client.gui.screens.LevelLoadingScreen@2c595fcf
[01:59:12] [Server thread/INFO]: Loading 48 chunks for player spawn...
[01:59:12] [Render thread/INFO]: World loading finished: null screen: net.minecraft.client.gui.screens.LevelLoadingScreen@2c595fcf
[01:59:12] [Render thread/INFO]: World loading finished: null screen: net.minecraft.client.gui.screens.LevelLoadingScreen@2c595fcf
[01:59:12] [Server thread/INFO]: Time elapsed: 377 ms
[01:59:12] [Render thread/INFO]: World loading finished: null screen: net.minecraft.client.gui.screens.LevelLoadingScreen@2c595fcf
[01:59:12] [Server thread/INFO]: Player282[local:E:08e3f37f] logged in with entity id 6 at (0.5, -60.0, 0.5)
[01:59:12] [Server thread/INFO]: System chat: Player282 joined the game
[01:59:12] [Server thread/INFO]: Changing view distance to 5, from 10
[01:59:12] [Server thread/INFO]: Changing simulation distance to 12, from 0
[01:59:12] [Render thread/INFO]: World loading finished: ClientLevel screen: net.minecraft.client.gui.screens.LevelLoadingScreen@2c595fcf
[01:59:12] [Render thread/INFO]: Loaded 2 advancements
[01:59:12] [Render thread/INFO]: World loading finished: ClientLevel screen: net.minecraft.client.gui.screens.LevelLoadingScreen@2c595fcf
[01:59:12] [Render thread/INFO]: World loading finished: ClientLevel screen: net.minecraft.client.gui.screens.LevelLoadingScreen@2c595fcf
[01:59:12] [Render thread/INFO]: World loading finished: ClientLevel screen: net.minecraft.client.gui.screens.LevelLoadingScreen@2c595fcf
[01:59:12] [Render thread/INFO]: World loading finished: ClientLevel screen: net.minecraft.client.gui.screens.LevelLoadingScreen@2c595fcf
[01:59:12] [Render thread/INFO]: World loading finished: ClientLevel screen: net.minecraft.client.gui.screens.LevelLoadingScreen@2c595fcf
[01:59:12] [Render thread/INFO]: World loading finished: ClientLevel screen: net.minecraft.client.gui.screens.LevelLoadingScreen@2c595fcf
[01:59:12] [Render thread/INFO]: World loading finished: ClientLevel screen: net.minecraft.client.gui.screens.LevelLoadingScreen@2c595fcf
[01:59:12] [Render thread/INFO]: World loading finished: ClientLevel screen: net.minecraft.client.gui.screens.LevelLoadingScreen@2c595fcf
[01:59:12] [Render thread/INFO]: World loading finished: ClientLevel screen: net.minecraft.client.gui.screens.LevelLoadingScreen@2c595fcf
[01:59:12] [Render thread/INFO]: World loading finished: ClientLevel screen: net.minecraft.client.gui.screens.LevelLoadingScreen@2c595fcf
[01:59:12] [Render thread/INFO]: World loading finished: ClientLevel screen: net.minecraft.client.gui.screens.LevelLoadingScreen@2c595fcf
[01:59:13] [Render thread/INFO]: World loading finished: ClientLevel screen: net.minecraft.client.gui.screens.LevelLoadingScreen@2c595fcf
[01:59:13] [Render thread/INFO]: World loading finished: ClientLevel screen: net.minecraft.client.gui.screens.LevelLoadingScreen@2c595fcf
[01:59:13] [Render thread/INFO]: World loading finished: ClientLevel screen: net.minecraft.client.gui.screens.LevelLoadingScreen@2c595fcf
[01:59:13] [Render thread/INFO]: World loading finished: ClientLevel screen: net.minecraft.client.gui.screens.LevelLoadingScreen@2c595fcf
[01:59:13] [Render thread/INFO]: World loading finished: ClientLevel screen: null
[01:59:13] [Server thread/INFO]: Player282 lost connection: Disconnected
[01:59:13] [Server thread/INFO]: System chat: Player282 left the game
[01:59:13] [Server thread/INFO]: Stopping singleplayer server as player logged out
[01:59:13] [Server thread/INFO]: Stopping server
[01:59:13] [Server thread/INFO]: Saving players
[01:59:13] [Server thread/INFO]: Saving worlds
[01:59:13] [Server thread/INFO]: Saving chunks for level 'ServerLevel[New World]'/minecraft:overworld
[01:59:14] [Server thread/INFO]: Saving chunks for level 'ServerLevel[New World]'/minecraft:the_end
[01:59:14] [Server thread/INFO]: Saving chunks for level 'ServerLevel[New World]'/minecraft:the_nether
[01:59:14] [Render thread/INFO]: World loading finished: null screen: net.minecraft.client.gui.screens.GenericMessageScreen@5159fdd1
[01:59:14] [Worker-Main-5/INFO]: Loaded 1867 advancements
[01:59:14] [Render thread/INFO]: Applied 0 biome modifications to 0 of 67 new biomes in 220.8 μs
[01:59:14] [Server thread/INFO]: Starting integrated minecraft server version 26.3
[01:59:14] [Server thread/INFO]: Generating keypair
[01:59:14] [Server thread/INFO]: Loading 0 persistent chunks...
[01:59:14] [Server thread/INFO]: Saving chunks for level 'ServerLevel[New World]'/minecraft:overworld
[01:59:14] [Server thread/INFO]: Saving chunks for level 'ServerLevel[New World]'/minecraft:the_end
[01:59:14] [Server thread/INFO]: Saving chunks for level 'ServerLevel[New World]'/minecraft:the_nether
[01:59:14] [Render thread/INFO]: World loading finished: null screen: net.minecraft.client.gui.screens.LevelLoadingScreen@2d06bd8d
[01:59:14] [Render thread/INFO]: World loading finished: null screen: net.minecraft.client.gui.screens.LevelLoadingScreen@2d06bd8d
[01:59:14] [Render thread/INFO]: World loading finished: null screen: net.minecraft.client.gui.screens.LevelLoadingScreen@2d06bd8d
[01:59:14] [Render thread/INFO]: World loading finished: null screen: net.minecraft.client.gui.screens.LevelLoadingScreen@2d06bd8d
[01:59:14] [Server thread/INFO]: Loading 49 chunks for player spawn...
[01:59:14] [Server thread/INFO]: Preparing spawn area: 16%
[01:59:14] [Render thread/INFO]: World loading finished: null screen: net.minecraft.client.gui.screens.LevelLoadingScreen@2d06bd8d
[01:59:14] [Server thread/INFO]: Time elapsed: 270 ms
[01:59:14] [Render thread/INFO]: World loading finished: null screen: net.minecraft.client.gui.screens.LevelLoadingScreen@2d06bd8d
[01:59:14] [Server thread/INFO]: Player282[local:E:d738efbd] logged in with entity id 11 at (0.5, -60.0, 0.5)
[01:59:14] [Server thread/INFO]: System chat: Player282 joined the game
[01:59:14] [Server thread/INFO]: Changing view distance to 5, from 10
[01:59:14] [Server thread/INFO]: Changing simulation distance to 12, from 0
[01:59:14] [Render thread/INFO]: World loading finished: ClientLevel screen: net.minecraft.client.gui.screens.LevelLoadingScreen@2d06bd8d
[01:59:14] [Render thread/INFO]: Loaded 2 advancements
[01:59:14] [Render thread/INFO]: World loading finished: ClientLevel screen: net.minecraft.client.gui.screens.LevelLoadingScreen@2d06bd8d
[01:59:14] [Render thread/INFO]: World loading finished: ClientLevel screen: net.minecraft.client.gui.screens.LevelLoadingScreen@2d06bd8d
[01:59:14] [Render thread/INFO]: World loading finished: ClientLevel screen: net.minecraft.client.gui.screens.LevelLoadingScreen@2d06bd8d
[01:59:15] [Render thread/INFO]: World loading finished: ClientLevel screen: net.minecraft.client.gui.screens.LevelLoadingScreen@2d06bd8d
[01:59:15] [Render thread/INFO]: World loading finished: ClientLevel screen: null
[01:59:15] [Server thread/INFO]: Player282 lost connection: Disconnected
[01:59:15] [Server thread/INFO]: System chat: Player282 left the game
[01:59:15] [Server thread/INFO]: Stopping singleplayer server as player logged out
[01:59:15] [Server thread/INFO]: Stopping server
[01:59:15] [Server thread/INFO]: Saving players
[01:59:15] [Server thread/INFO]: Saving worlds
[01:59:15] [Server thread/INFO]: Saving chunks for level 'ServerLevel[New World]'/minecraft:overworld
[01:59:15] [Server thread/INFO]: Saving chunks for level 'ServerLevel[New World]'/minecraft:the_end
[01:59:15] [Server thread/INFO]: Saving chunks for level 'ServerLevel[New World]'/minecraft:the_nether
[01:59:15] [Test thread/INFO]: [STDOUT]: WILDCRAFT R0 real cross-chunk/save/reload/container/drop checks passed
[01:59:15] [Worker-Main-7/INFO]: Loaded 1867 advancements
[01:59:15] [Render thread/INFO]: World loading finished: null screen: net.minecraft.client.gui.screens.GenericMessageScreen@76187b05
[01:59:15] [Render thread/INFO]: Applied 0 biome modifications to 0 of 67 new biomes in 218.5 μs
[01:59:15] [Server thread/INFO]: Starting integrated minecraft server version 26.3
[01:59:15] [Server thread/INFO]: Generating keypair
[01:59:16] [Server thread/INFO]: Selecting global world spawn...
[01:59:16] [Server thread/INFO]: Loading 0 persistent chunks...
[01:59:16] [Server thread/INFO]: Preparing spawn area: 16%
[01:59:16] [Server thread/INFO]: Saving chunks for level 'ServerLevel[New World]'/minecraft:overworld
[01:59:16] [Server thread/INFO]: Saving chunks for level 'ServerLevel[New World]'/minecraft:the_end
[01:59:16] [Server thread/INFO]: Saving chunks for level 'ServerLevel[New World]'/minecraft:the_nether
[01:59:16] [Render thread/INFO]: World loading finished: null screen: net.minecraft.client.gui.screens.LevelLoadingScreen@24a99fc1
[01:59:16] [Render thread/INFO]: World loading finished: null screen: net.minecraft.client.gui.screens.LevelLoadingScreen@24a99fc1
[01:59:16] [Render thread/INFO]: World loading finished: null screen: net.minecraft.client.gui.screens.LevelLoadingScreen@24a99fc1
[01:59:16] [Render thread/INFO]: World loading finished: null screen: net.minecraft.client.gui.screens.LevelLoadingScreen@24a99fc1
[01:59:16] [Server thread/INFO]: Loading 48 chunks for player spawn...
[01:59:16] [Render thread/INFO]: World loading finished: null screen: net.minecraft.client.gui.screens.LevelLoadingScreen@24a99fc1
[01:59:16] [Render thread/INFO]: World loading finished: null screen: net.minecraft.client.gui.screens.LevelLoadingScreen@24a99fc1
[01:59:16] [Server thread/INFO]: Time elapsed: 366 ms
[01:59:16] [Render thread/INFO]: World loading finished: null screen: net.minecraft.client.gui.screens.LevelLoadingScreen@24a99fc1
[01:59:16] [Server thread/INFO]: Player282[local:E:7a987dcc] logged in with entity id 12 at (0.5, -60.0, 0.5)
[01:59:16] [Server thread/INFO]: System chat: Player282 joined the game
[01:59:16] [Server thread/INFO]: Changing view distance to 5, from 10
[01:59:16] [Server thread/INFO]: Changing simulation distance to 12, from 0
[01:59:16] [Render thread/INFO]: World loading finished: ClientLevel screen: net.minecraft.client.gui.screens.LevelLoadingScreen@24a99fc1
[01:59:16] [Render thread/INFO]: Loaded 2 advancements
[01:59:16] [Render thread/INFO]: World loading finished: ClientLevel screen: net.minecraft.client.gui.screens.LevelLoadingScreen@24a99fc1
[01:59:16] [Render thread/INFO]: World loading finished: ClientLevel screen: net.minecraft.client.gui.screens.LevelLoadingScreen@24a99fc1
[01:59:16] [Render thread/INFO]: World loading finished: ClientLevel screen: net.minecraft.client.gui.screens.LevelLoadingScreen@24a99fc1
[01:59:16] [Render thread/INFO]: World loading finished: ClientLevel screen: net.minecraft.client.gui.screens.LevelLoadingScreen@24a99fc1
[01:59:16] [Render thread/INFO]: World loading finished: ClientLevel screen: net.minecraft.client.gui.screens.LevelLoadingScreen@24a99fc1
[01:59:16] [Render thread/INFO]: World loading finished: ClientLevel screen: net.minecraft.client.gui.screens.LevelLoadingScreen@24a99fc1
[01:59:16] [Render thread/INFO]: World loading finished: ClientLevel screen: net.minecraft.client.gui.screens.LevelLoadingScreen@24a99fc1
[01:59:16] [Render thread/INFO]: World loading finished: ClientLevel screen: net.minecraft.client.gui.screens.LevelLoadingScreen@24a99fc1
[01:59:16] [Render thread/INFO]: World loading finished: ClientLevel screen: net.minecraft.client.gui.screens.LevelLoadingScreen@24a99fc1
[01:59:16] [Render thread/INFO]: World loading finished: ClientLevel screen: net.minecraft.client.gui.screens.LevelLoadingScreen@24a99fc1
[01:59:17] [Render thread/INFO]: World loading finished: ClientLevel screen: net.minecraft.client.gui.screens.LevelLoadingScreen@24a99fc1
[01:59:17] [Render thread/INFO]: World loading finished: ClientLevel screen: net.minecraft.client.gui.screens.LevelLoadingScreen@24a99fc1
[01:59:17] [Render thread/INFO]: World loading finished: ClientLevel screen: net.minecraft.client.gui.screens.LevelLoadingScreen@24a99fc1
[01:59:17] [Render thread/INFO]: World loading finished: ClientLevel screen: net.minecraft.client.gui.screens.LevelLoadingScreen@24a99fc1
[01:59:17] [Render thread/INFO]: World loading finished: ClientLevel screen: null
[01:59:17] [Server thread/INFO]: System chat: Set 15 experience levels on Player282
[01:59:17] [Server thread/INFO]: System chat: Set 30 experience levels on Player282
[01:59:17] [Server thread/INFO]: System chat: Set 5 experience levels on Player282
[01:59:17] [Server thread/INFO]: System chat: Stamina refilled
[01:59:17] [Server thread/INFO]: System chat: Consumed 118.0 stamina
[01:59:17] [Render thread/INFO]: Reloading ResourceManager: vanilla, vanilla, fabric-advancement-api-v1, fabric-api, fabric-api-base, fabric-api-lookup-api-v1, fabric-biome-api-v1, fabric-block-api-v1, fabric-block-getter-api-v2, fabric-client-gametest-api-v1, fabric-command-api-v2, fabric-content-registries-v0, fabric-convention-tags-v2, fabric-crash-report-info-v1, fabric-creative-tab-api-v1, fabric-data-attachment-api-v1, fabric-data-generation-api-v1, fabric-debug-api-v1, fabric-dimensions-v1, fabric-entity-events-v1, fabric-events-interaction-v0, fabric-game-rule-api-v1, fabric-gametest-api-v1, fabric-item-api-v1, fabric-key-mapping-api-v1, fabric-lifecycle-events-v1, fabric-loot-api-v3, fabric-menu-api-v1, fabric-message-api-v1, fabric-model-loading-api-v1, fabric-networking-api-v1, fabric-object-builder-api-v1, fabric-particles-v1, fabric-permission-api-v1, fabric-recipe-api-v1, fabric-registry-sync-v0, fabric-renderer-api-v1, fabric-renderer-indigo, fabric-rendering-fluids-v1, fabric-rendering-v1, fabric-resource-conditions-api-v1, fabric-resource-loader-v0, fabric-resource-loader-v1, fabric-screen-api-v1, fabric-serialization-api-v1, fabric-sound-api-v1, fabric-tag-api-v1, fabric-transfer-api-v1, fabric-transitive-access-wideners-v1, fabricloader, wildcraft, wildcraft-test
[01:59:17] [Worker-Main-3/INFO]: Found unifont_all_no_pua-17.0.01.hex, loading
[01:59:17] [Worker-Main-7/INFO]: Found unifont_pua-17.0.01.hex, loading
[01:59:17] [Server thread/INFO]: Saving and pausing game...
[01:59:17] [Server thread/INFO]: Saving chunks for level 'ServerLevel[New World]'/minecraft:overworld
[01:59:17] [Server thread/INFO]: Saving chunks for level 'ServerLevel[New World]'/minecraft:the_end
[01:59:17] [Server thread/INFO]: Saving chunks for level 'ServerLevel[New World]'/minecraft:the_nether
[01:59:17] [Render thread/INFO]: Info log when linking program containing VERTEX minecraft:core/terrain, FRAGMENT minecraft:core/terrain. Log output: WARNING: Output of vertex shader '_interface_variable_01' not read by fragment shader
WARNING: Output of vertex shader '_interface_variable_00' not read by fragment shader
WARNING: Output of vertex shader '_interface_variable_04' not read by fragment shader

[01:59:17] [Render thread/INFO]: Info log when linking program containing VERTEX minecraft:core/rendertype_crumbling, FRAGMENT minecraft:core/rendertype_crumbling. Log output: WARNING: Output of vertex shader '_interface_variable_01' not read by fragment shader
WARNING: Output of vertex shader '_interface_variable_00' not read by fragment shader

[01:59:17] [Render thread/INFO]: Info log when linking program containing VERTEX minecraft:core/entity, FRAGMENT minecraft:core/entity. Log output: WARNING: Output of vertex shader '_interface_variable_01' not read by fragment shader
WARNING: Output of vertex shader '_interface_variable_00' not read by fragment shader

[01:59:17] [Render thread/INFO]: Info log when linking program containing VERTEX minecraft:core/rendertype_lines, FRAGMENT minecraft:core/rendertype_lines. Log output: WARNING: Output of vertex shader '_interface_variable_01' not read by fragment shader
WARNING: Output of vertex shader '_interface_variable_00' not read by fragment shader

[01:59:17] [Worker-Main-3/INFO]: Found unifont_jp_patch-17.0.01.hex, loading
[01:59:17] [Render thread/INFO]: Info log when linking program containing VERTEX minecraft:core/terrain, FRAGMENT minecraft:core/terrain. Log output: WARNING: Output of vertex shader '_interface_variable_01' not read by fragment shader
WARNING: Output of vertex shader '_interface_variable_00' not read by fragment shader
WARNING: Output of vertex shader '_interface_variable_04' not read by fragment shader

[01:59:17] [Render thread/INFO]: Info log when linking program containing VERTEX minecraft:core/entity, FRAGMENT minecraft:core/entity. Log output: WARNING: Output of vertex shader '_interface_variable_01' not read by fragment shader
WARNING: Output of vertex shader '_interface_variable_00' not read by fragment shader

[01:59:17] [Render thread/INFO]: Info log when linking program containing VERTEX minecraft:core/text, FRAGMENT minecraft:core/text. Log output: WARNING: Output of vertex shader '_interface_variable_01' not read by fragment shader
WARNING: Output of vertex shader '_interface_variable_00' not read by fragment shader

[01:59:17] [Render thread/INFO]: Info log when linking program containing VERTEX minecraft:core/text, FRAGMENT minecraft:core/text. Log output: WARNING: Output of vertex shader '_interface_variable_01' not read by fragment shader
WARNING: Output of vertex shader '_interface_variable_00' not read by fragment shader

[01:59:17] [Render thread/INFO]: Info log when linking program containing VERTEX minecraft:core/block, FRAGMENT minecraft:core/block. Log output: WARNING: Output of vertex shader '_interface_variable_01' not read by fragment shader
WARNING: Output of vertex shader '_interface_variable_00' not read by fragment shader

[01:59:17] [Render thread/INFO]: Info log when linking program containing VERTEX minecraft:core/entity, FRAGMENT minecraft:core/entity. Log output: WARNING: Output of vertex shader '_interface_variable_01' not read by fragment shader
WARNING: Output of vertex shader '_interface_variable_00' not read by fragment shader

[01:59:17] [Render thread/INFO]: Info log when linking program containing VERTEX minecraft:core/particle, FRAGMENT minecraft:core/particle. Log output: WARNING: Output of vertex shader '_interface_variable_01' not read by fragment shader
WARNING: Output of vertex shader '_interface_variable_00' not read by fragment shader

[01:59:17] [Render thread/INFO]: Info log when linking program containing VERTEX minecraft:core/rendertype_entity_shadow, FRAGMENT minecraft:core/rendertype_entity_shadow. Log output: WARNING: Output of vertex shader '_interface_variable_01' not read by fragment shader
WARNING: Output of vertex shader '_interface_variable_00' not read by fragment shader

[01:59:17] [Render thread/INFO]: Info log when linking program containing VERTEX minecraft:core/screenquad, FRAGMENT minecraft:core/oit_composite. Log output: WARNING: Output of vertex shader '_interface_variable_00' not read by fragment shader

[01:59:17] [Render thread/INFO]: Info log when linking program containing VERTEX minecraft:core/screenquad, FRAGMENT minecraft:core/integrate_depth. Log output: WARNING: Output of vertex shader '_interface_variable_00' not read by fragment shader

[01:59:17] [Render thread/INFO]: Info log when linking program containing VERTEX minecraft:core/entity, FRAGMENT minecraft:core/entity. Log output: WARNING: Output of vertex shader '_interface_variable_01' not read by fragment shader
WARNING: Output of vertex shader '_interface_variable_00' not read by fragment shader

[01:59:17] [Render thread/INFO]: Info log when linking program containing VERTEX minecraft:core/animate_sprite, FRAGMENT minecraft:core/animate_sprite_blit. Log output: WARNING: Output of vertex shader '_interface_variable_00' not read by fragment shader

[01:59:17] [Render thread/INFO]: Info log when linking program containing VERTEX minecraft:core/entity, FRAGMENT minecraft:core/entity. Log output: WARNING: Output of vertex shader '_interface_variable_01' not read by fragment shader
WARNING: Output of vertex shader '_interface_variable_00' not read by fragment shader

[01:59:17] [Render thread/INFO]: Info log when linking program containing VERTEX minecraft:core/terrain, FRAGMENT minecraft:core/terrain. Log output: WARNING: Output of vertex shader '_interface_variable_01' not read by fragment shader
WARNING: Output of vertex shader '_interface_variable_00' not read by fragment shader
WARNING: Output of vertex shader '_interface_variable_04' not read by fragment shader

[01:59:17] [Render thread/INFO]: Info log when linking program containing VERTEX minecraft:core/entity, FRAGMENT minecraft:core/entity. Log output: WARNING: Output of vertex shader '_interface_variable_01' not read by fragment shader
WARNING: Output of vertex shader '_interface_variable_00' not read by fragment shader

[01:59:17] [Render thread/INFO]: Info log when linking program containing VERTEX minecraft:core/clouds, FRAGMENT minecraft:core/clouds. Log output: WARNING: Output of vertex shader '_interface_variable_00' not read by fragment shader

[01:59:17] [Render thread/INFO]: Info log when linking program containing VERTEX minecraft:core/entity, FRAGMENT minecraft:core/entity. Log output: WARNING: Output of vertex shader '_interface_variable_01' not read by fragment shader
WARNING: Output of vertex shader '_interface_variable_00' not read by fragment shader

[01:59:17] [Render thread/INFO]: Info log when linking program containing VERTEX minecraft:core/particle, FRAGMENT minecraft:core/particle. Log output: WARNING: Output of vertex shader '_interface_variable_01' not read by fragment shader
WARNING: Output of vertex shader '_interface_variable_00' not read by fragment shader

[01:59:17] [Render thread/INFO]: Info log when linking program containing VERTEX minecraft:core/block, FRAGMENT minecraft:core/block. Log output: WARNING: Output of vertex shader '_interface_variable_01' not read by fragment shader
WARNING: Output of vertex shader '_interface_variable_00' not read by fragment shader

[01:59:17] [Render thread/INFO]: Info log when linking program containing VERTEX minecraft:core/screenquad, FRAGMENT minecraft:core/oit_depth_bounds_cull. Log output: WARNING: Output of vertex shader '_interface_variable_00' not read by fragment shader

[01:59:17] [Render thread/INFO]: Info log when linking program containing VERTEX minecraft:core/entity, FRAGMENT minecraft:core/entity. Log output: WARNING: Output of vertex shader '_interface_variable_01' not read by fragment shader
WARNING: Output of vertex shader '_interface_variable_00' not read by fragment shader

[01:59:17] [Render thread/INFO]: Info log when linking program containing VERTEX minecraft:core/text, FRAGMENT minecraft:core/text. Log output: WARNING: Output of vertex shader '_interface_variable_01' not read by fragment shader
WARNING: Output of vertex shader '_interface_variable_00' not read by fragment shader

[01:59:17] [Render thread/INFO]: Info log when linking program containing VERTEX minecraft:core/terrain, FRAGMENT minecraft:core/terrain. Log output: WARNING: Output of vertex shader '_interface_variable_01' not read by fragment shader
WARNING: Output of vertex shader '_interface_variable_00' not read by fragment shader
WARNING: Output of vertex shader '_interface_variable_04' not read by fragment shader

[01:59:17] [Render thread/INFO]: Info log when linking program containing VERTEX minecraft:core/text, FRAGMENT minecraft:core/text. Log output: WARNING: Output of vertex shader '_interface_variable_01' not read by fragment shader
WARNING: Output of vertex shader '_interface_variable_00' not read by fragment shader

[01:59:17] [Render thread/INFO]: Info log when linking program containing VERTEX minecraft:core/text, FRAGMENT minecraft:core/text. Log output: WARNING: Output of vertex shader '_interface_variable_01' not read by fragment shader
WARNING: Output of vertex shader '_interface_variable_00' not read by fragment shader

[01:59:17] [Render thread/INFO]: Info log when linking program containing VERTEX minecraft:core/text, FRAGMENT minecraft:core/text. Log output: WARNING: Output of vertex shader '_interface_variable_01' not read by fragment shader
WARNING: Output of vertex shader '_interface_variable_00' not read by fragment shader

[01:59:17] [Render thread/INFO]: Info log when linking program containing VERTEX minecraft:core/clouds, FRAGMENT minecraft:core/clouds. Log output: WARNING: Output of vertex shader '_interface_variable_00' not read by fragment shader

[01:59:17] [Render thread/INFO]: Info log when linking program containing VERTEX minecraft:core/rendertype_entity_shadow, FRAGMENT minecraft:core/rendertype_entity_shadow. Log output: WARNING: Output of vertex shader '_interface_variable_01' not read by fragment shader
WARNING: Output of vertex shader '_interface_variable_00' not read by fragment shader

[01:59:17] [Render thread/INFO]: Info log when linking program containing VERTEX minecraft:core/rendertype_lines, FRAGMENT minecraft:core/rendertype_lines. Log output: WARNING: Output of vertex shader '_interface_variable_01' not read by fragment shader
WARNING: Output of vertex shader '_interface_variable_00' not read by fragment shader

[01:59:17] [Render thread/INFO]: Info log when linking program containing VERTEX minecraft:core/entity, FRAGMENT minecraft:core/entity. Log output: WARNING: Output of vertex shader '_interface_variable_01' not read by fragment shader
WARNING: Output of vertex shader '_interface_variable_00' not read by fragment shader

[01:59:18] [Render thread/INFO]: Info log when linking program containing VERTEX minecraft:core/particle, FRAGMENT minecraft:core/particle. Log output: WARNING: Output of vertex shader '_interface_variable_01' not read by fragment shader
WARNING: Output of vertex shader '_interface_variable_00' not read by fragment shader

[01:59:18] [Render thread/INFO]: Info log when linking program containing VERTEX minecraft:core/text, FRAGMENT minecraft:core/text. Log output: WARNING: Output of vertex shader '_interface_variable_01' not read by fragment shader
WARNING: Output of vertex shader '_interface_variable_00' not read by fragment shader

[01:59:18] [Render thread/INFO]: Info log when linking program containing VERTEX minecraft:core/rendertype_crumbling, FRAGMENT minecraft:core/rendertype_crumbling. Log output: WARNING: Output of vertex shader '_interface_variable_01' not read by fragment shader
WARNING: Output of vertex shader '_interface_variable_00' not read by fragment shader

[01:59:18] [Render thread/INFO]: Info log when linking program containing VERTEX minecraft:core/entity, FRAGMENT minecraft:core/entity. Log output: WARNING: Output of vertex shader '_interface_variable_01' not read by fragment shader
WARNING: Output of vertex shader '_interface_variable_00' not read by fragment shader

[01:59:18] [Render thread/INFO]: Info log when linking program containing VERTEX minecraft:core/entity, FRAGMENT minecraft:core/entity. Log output: WARNING: Output of vertex shader '_interface_variable_01' not read by fragment shader
WARNING: Output of vertex shader '_interface_variable_00' not read by fragment shader

[01:59:18] [Render thread/INFO]: Info log when linking program containing VERTEX minecraft:core/particle, FRAGMENT minecraft:core/particle. Log output: WARNING: Output of vertex shader '_interface_variable_01' not read by fragment shader
WARNING: Output of vertex shader '_interface_variable_00' not read by fragment shader

[01:59:18] [Render thread/INFO]: Info log when linking program containing VERTEX minecraft:core/entity, FRAGMENT minecraft:core/entity. Log output: WARNING: Output of vertex shader '_interface_variable_01' not read by fragment shader
WARNING: Output of vertex shader '_interface_variable_00' not read by fragment shader

[01:59:18] [Render thread/INFO]: Info log when linking program containing VERTEX minecraft:core/text, FRAGMENT minecraft:core/text. Log output: WARNING: Output of vertex shader '_interface_variable_01' not read by fragment shader
WARNING: Output of vertex shader '_interface_variable_00' not read by fragment shader

[01:59:18] [Render thread/INFO]: OpenAL initialized on device Mac mini扬声器
[01:59:18] [Render thread/INFO]: Sound engine started
[01:59:18] [Render thread/INFO]: Created: 512x256x0 minecraft:textures/atlas/particles.png-atlas
[01:59:18] [Render thread/INFO]: Created: 256x128x0 minecraft:textures/atlas/celestials.png-atlas
[01:59:18] [Render thread/INFO]: Created: 128x128x0 minecraft:textures/atlas/decorated_pot.png-atlas
[01:59:18] [Render thread/INFO]: Created: 512x256x0 minecraft:textures/atlas/paintings.png-atlas
[01:59:18] [Render thread/INFO]: Created: 1024x512x0 minecraft:textures/atlas/shield_patterns.png-atlas
[01:59:18] [Render thread/INFO]: Created: 1024x512x0 minecraft:textures/atlas/banner_patterns.png-atlas
[01:59:18] [Render thread/INFO]: Created: 2048x2048x4 minecraft:textures/atlas/blocks.png-atlas
[01:59:18] [Render thread/INFO]: Created: 1024x512x0 minecraft:textures/atlas/items.png-atlas
[01:59:18] [Render thread/INFO]: Created: 1024x1024x0 minecraft:textures/atlas/gui.png-atlas
[01:59:18] [Render thread/INFO]: Created: 128x64x0 minecraft:textures/atlas/map_decorations.png-atlas
[01:59:18] [Render thread/INFO]: Created: 512x512x0 minecraft:textures/atlas/chest.png-atlas
[01:59:18] [Render thread/INFO]: Created: 512x512x0 minecraft:textures/atlas/shulker_boxes.png-atlas
[01:59:18] [Render thread/WARN]: Requested post effect does not exist: minecraft:end_of_frame
[01:59:20] [Render thread/INFO]: Reloading ResourceManager: vanilla, vanilla, fabric-advancement-api-v1, fabric-api, fabric-api-base, fabric-api-lookup-api-v1, fabric-biome-api-v1, fabric-block-api-v1, fabric-block-getter-api-v2, fabric-client-gametest-api-v1, fabric-command-api-v2, fabric-content-registries-v0, fabric-convention-tags-v2, fabric-crash-report-info-v1, fabric-creative-tab-api-v1, fabric-data-attachment-api-v1, fabric-data-generation-api-v1, fabric-debug-api-v1, fabric-dimensions-v1, fabric-entity-events-v1, fabric-events-interaction-v0, fabric-game-rule-api-v1, fabric-gametest-api-v1, fabric-item-api-v1, fabric-key-mapping-api-v1, fabric-lifecycle-events-v1, fabric-loot-api-v3, fabric-menu-api-v1, fabric-message-api-v1, fabric-model-loading-api-v1, fabric-networking-api-v1, fabric-object-builder-api-v1, fabric-particles-v1, fabric-permission-api-v1, fabric-recipe-api-v1, fabric-registry-sync-v0, fabric-renderer-api-v1, fabric-renderer-indigo, fabric-rendering-fluids-v1, fabric-rendering-v1, fabric-resource-conditions-api-v1, fabric-resource-loader-v0, fabric-resource-loader-v1, fabric-screen-api-v1, fabric-serialization-api-v1, fabric-sound-api-v1, fabric-tag-api-v1, fabric-transfer-api-v1, fabric-transitive-access-wideners-v1, fabricloader, wildcraft, wildcraft-test
[01:59:20] [Worker-Main-9/INFO]: Found unifont_all_no_pua-17.0.01.hex, loading
[01:59:20] [Worker-Main-1/INFO]: Found unifont_pua-17.0.01.hex, loading
[01:59:20] [Server thread/INFO]: Saving and pausing game...
[01:59:20] [Server thread/INFO]: Saving chunks for level 'ServerLevel[New World]'/minecraft:overworld
[01:59:20] [Server thread/INFO]: Saving chunks for level 'ServerLevel[New World]'/minecraft:the_end
[01:59:20] [Server thread/INFO]: Saving chunks for level 'ServerLevel[New World]'/minecraft:the_nether
[01:59:20] [Render thread/INFO]: Info log when linking program containing VERTEX minecraft:core/terrain, FRAGMENT minecraft:core/terrain. Log output: WARNING: Output of vertex shader '_interface_variable_01' not read by fragment shader
WARNING: Output of vertex shader '_interface_variable_00' not read by fragment shader
WARNING: Output of vertex shader '_interface_variable_04' not read by fragment shader

[01:59:20] [Render thread/INFO]: Info log when linking program containing VERTEX minecraft:core/rendertype_crumbling, FRAGMENT minecraft:core/rendertype_crumbling. Log output: WARNING: Output of vertex shader '_interface_variable_01' not read by fragment shader
WARNING: Output of vertex shader '_interface_variable_00' not read by fragment shader

[01:59:20] [Render thread/INFO]: Info log when linking program containing VERTEX minecraft:core/entity, FRAGMENT minecraft:core/entity. Log output: WARNING: Output of vertex shader '_interface_variable_01' not read by fragment shader
WARNING: Output of vertex shader '_interface_variable_00' not read by fragment shader

[01:59:20] [Render thread/INFO]: Info log when linking program containing VERTEX minecraft:core/rendertype_lines, FRAGMENT minecraft:core/rendertype_lines. Log output: WARNING: Output of vertex shader '_interface_variable_01' not read by fragment shader
WARNING: Output of vertex shader '_interface_variable_00' not read by fragment shader

[01:59:20] [Render thread/INFO]: Info log when linking program containing VERTEX minecraft:core/terrain, FRAGMENT minecraft:core/terrain. Log output: WARNING: Output of vertex shader '_interface_variable_01' not read by fragment shader
WARNING: Output of vertex shader '_interface_variable_00' not read by fragment shader
WARNING: Output of vertex shader '_interface_variable_04' not read by fragment shader

[01:59:20] [Worker-Main-9/INFO]: Found unifont_jp_patch-17.0.01.hex, loading
[01:59:20] [Render thread/INFO]: Info log when linking program containing VERTEX minecraft:core/text, FRAGMENT minecraft:core/text. Log output: WARNING: Output of vertex shader '_interface_variable_01' not read by fragment shader
WARNING: Output of vertex shader '_interface_variable_00' not read by fragment shader

[01:59:20] [Render thread/INFO]: Info log when linking program containing VERTEX minecraft:core/entity, FRAGMENT minecraft:core/entity. Log output: WARNING: Output of vertex shader '_interface_variable_01' not read by fragment shader
WARNING: Output of vertex shader '_interface_variable_00' not read by fragment shader

[01:59:20] [Render thread/INFO]: Info log when linking program containing VERTEX minecraft:core/text, FRAGMENT minecraft:core/text. Log output: WARNING: Output of vertex shader '_interface_variable_01' not read by fragment shader
WARNING: Output of vertex shader '_interface_variable_00' not read by fragment shader

[01:59:20] [Render thread/INFO]: Info log when linking program containing VERTEX minecraft:core/block, FRAGMENT minecraft:core/block. Log output: WARNING: Output of vertex shader '_interface_variable_01' not read by fragment shader
WARNING: Output of vertex shader '_interface_variable_00' not read by fragment shader

[01:59:20] [Render thread/INFO]: Info log when linking program containing VERTEX minecraft:core/entity, FRAGMENT minecraft:core/entity. Log output: WARNING: Output of vertex shader '_interface_variable_01' not read by fragment shader
WARNING: Output of vertex shader '_interface_variable_00' not read by fragment shader

[01:59:20] [Render thread/INFO]: Info log when linking program containing VERTEX minecraft:core/rendertype_entity_shadow, FRAGMENT minecraft:core/rendertype_entity_shadow. Log output: WARNING: Output of vertex shader '_interface_variable_01' not read by fragment shader
WARNING: Output of vertex shader '_interface_variable_00' not read by fragment shader

[01:59:20] [Render thread/INFO]: Info log when linking program containing VERTEX minecraft:core/particle, FRAGMENT minecraft:core/particle. Log output: WARNING: Output of vertex shader '_interface_variable_01' not read by fragment shader
WARNING: Output of vertex shader '_interface_variable_00' not read by fragment shader

[01:59:20] [Render thread/INFO]: Info log when linking program containing VERTEX minecraft:core/screenquad, FRAGMENT minecraft:core/oit_composite. Log output: WARNING: Output of vertex shader '_interface_variable_00' not read by fragment shader

[01:59:20] [Render thread/INFO]: Info log when linking program containing VERTEX minecraft:core/screenquad, FRAGMENT minecraft:core/integrate_depth. Log output: WARNING: Output of vertex shader '_interface_variable_00' not read by fragment shader

[01:59:20] [Render thread/INFO]: Info log when linking program containing VERTEX minecraft:core/terrain, FRAGMENT minecraft:core/terrain. Log output: WARNING: Output of vertex shader '_interface_variable_01' not read by fragment shader
WARNING: Output of vertex shader '_interface_variable_00' not read by fragment shader
WARNING: Output of vertex shader '_interface_variable_04' not read by fragment shader

[01:59:20] [Render thread/INFO]: Info log when linking program containing VERTEX minecraft:core/entity, FRAGMENT minecraft:core/entity. Log output: WARNING: Output of vertex shader '_interface_variable_01' not read by fragment shader
WARNING: Output of vertex shader '_interface_variable_00' not read by fragment shader

[01:59:20] [Render thread/INFO]: Info log when linking program containing VERTEX minecraft:core/animate_sprite, FRAGMENT minecraft:core/animate_sprite_blit. Log output: WARNING: Output of vertex shader '_interface_variable_00' not read by fragment shader

[01:59:20] [Render thread/INFO]: Info log when linking program containing VERTEX minecraft:core/clouds, FRAGMENT minecraft:core/clouds. Log output: WARNING: Output of vertex shader '_interface_variable_00' not read by fragment shader

[01:59:20] [Render thread/INFO]: Info log when linking program containing VERTEX minecraft:core/entity, FRAGMENT minecraft:core/entity. Log output: WARNING: Output of vertex shader '_interface_variable_01' not read by fragment shader
WARNING: Output of vertex shader '_interface_variable_00' not read by fragment shader

[01:59:20] [Render thread/INFO]: Info log when linking program containing VERTEX minecraft:core/entity, FRAGMENT minecraft:core/entity. Log output: WARNING: Output of vertex shader '_interface_variable_01' not read by fragment shader
WARNING: Output of vertex shader '_interface_variable_00' not read by fragment shader

[01:59:20] [Render thread/INFO]: Info log when linking program containing VERTEX minecraft:core/entity, FRAGMENT minecraft:core/entity. Log output: WARNING: Output of vertex shader '_interface_variable_01' not read by fragment shader
WARNING: Output of vertex shader '_interface_variable_00' not read by fragment shader

[01:59:20] [Render thread/INFO]: Info log when linking program containing VERTEX minecraft:core/particle, FRAGMENT minecraft:core/particle. Log output: WARNING: Output of vertex shader '_interface_variable_01' not read by fragment shader
WARNING: Output of vertex shader '_interface_variable_00' not read by fragment shader

[01:59:20] [Render thread/INFO]: Info log when linking program containing VERTEX minecraft:core/screenquad, FRAGMENT minecraft:core/oit_depth_bounds_cull. Log output: WARNING: Output of vertex shader '_interface_variable_00' not read by fragment shader

[01:59:20] [Render thread/INFO]: Info log when linking program containing VERTEX minecraft:core/block, FRAGMENT minecraft:core/block. Log output: WARNING: Output of vertex shader '_interface_variable_01' not read by fragment shader
WARNING: Output of vertex shader '_interface_variable_00' not read by fragment shader

[01:59:21] [Render thread/INFO]: Info log when linking program containing VERTEX minecraft:core/text, FRAGMENT minecraft:core/text. Log output: WARNING: Output of vertex shader '_interface_variable_01' not read by fragment shader
WARNING: Output of vertex shader '_interface_variable_00' not read by fragment shader

[01:59:21] [Render thread/INFO]: Info log when linking program containing VERTEX minecraft:core/text, FRAGMENT minecraft:core/text. Log output: WARNING: Output of vertex shader '_interface_variable_01' not read by fragment shader
WARNING: Output of vertex shader '_interface_variable_00' not read by fragment shader

[01:59:21] [Render thread/INFO]: Info log when linking program containing VERTEX minecraft:core/text, FRAGMENT minecraft:core/text. Log output: WARNING: Output of vertex shader '_interface_variable_01' not read by fragment shader
WARNING: Output of vertex shader '_interface_variable_00' not read by fragment shader

[01:59:21] [Render thread/INFO]: Info log when linking program containing VERTEX minecraft:core/entity, FRAGMENT minecraft:core/entity. Log output: WARNING: Output of vertex shader '_interface_variable_01' not read by fragment shader
WARNING: Output of vertex shader '_interface_variable_00' not read by fragment shader

[01:59:21] [Render thread/INFO]: Info log when linking program containing VERTEX minecraft:core/terrain, FRAGMENT minecraft:core/terrain. Log output: WARNING: Output of vertex shader '_interface_variable_01' not read by fragment shader
WARNING: Output of vertex shader '_interface_variable_00' not read by fragment shader
WARNING: Output of vertex shader '_interface_variable_04' not read by fragment shader

[01:59:21] [Render thread/INFO]: Info log when linking program containing VERTEX minecraft:core/text, FRAGMENT minecraft:core/text. Log output: WARNING: Output of vertex shader '_interface_variable_01' not read by fragment shader
WARNING: Output of vertex shader '_interface_variable_00' not read by fragment shader

[01:59:21] [Render thread/INFO]: Info log when linking program containing VERTEX minecraft:core/clouds, FRAGMENT minecraft:core/clouds. Log output: WARNING: Output of vertex shader '_interface_variable_00' not read by fragment shader

[01:59:21] [Render thread/INFO]: Info log when linking program containing VERTEX minecraft:core/rendertype_lines, FRAGMENT minecraft:core/rendertype_lines. Log output: WARNING: Output of vertex shader '_interface_variable_01' not read by fragment shader
WARNING: Output of vertex shader '_interface_variable_00' not read by fragment shader

[01:59:21] [Render thread/INFO]: Info log when linking program containing VERTEX minecraft:core/rendertype_entity_shadow, FRAGMENT minecraft:core/rendertype_entity_shadow. Log output: WARNING: Output of vertex shader '_interface_variable_01' not read by fragment shader
WARNING: Output of vertex shader '_interface_variable_00' not read by fragment shader

[01:59:21] [Render thread/INFO]: Info log when linking program containing VERTEX minecraft:core/entity, FRAGMENT minecraft:core/entity. Log output: WARNING: Output of vertex shader '_interface_variable_01' not read by fragment shader
WARNING: Output of vertex shader '_interface_variable_00' not read by fragment shader

[01:59:21] [Render thread/INFO]: Info log when linking program containing VERTEX minecraft:core/particle, FRAGMENT minecraft:core/particle. Log output: WARNING: Output of vertex shader '_interface_variable_01' not read by fragment shader
WARNING: Output of vertex shader '_interface_variable_00' not read by fragment shader

[01:59:21] [Render thread/INFO]: Info log when linking program containing VERTEX minecraft:core/entity, FRAGMENT minecraft:core/entity. Log output: WARNING: Output of vertex shader '_interface_variable_01' not read by fragment shader
WARNING: Output of vertex shader '_interface_variable_00' not read by fragment shader

[01:59:21] [Render thread/INFO]: Info log when linking program containing VERTEX minecraft:core/entity, FRAGMENT minecraft:core/entity. Log output: WARNING: Output of vertex shader '_interface_variable_01' not read by fragment shader
WARNING: Output of vertex shader '_interface_variable_00' not read by fragment shader

[01:59:21] [Render thread/INFO]: Info log when linking program containing VERTEX minecraft:core/text, FRAGMENT minecraft:core/text. Log output: WARNING: Output of vertex shader '_interface_variable_01' not read by fragment shader
WARNING: Output of vertex shader '_interface_variable_00' not read by fragment shader

[01:59:21] [Render thread/INFO]: Info log when linking program containing VERTEX minecraft:core/particle, FRAGMENT minecraft:core/particle. Log output: WARNING: Output of vertex shader '_interface_variable_01' not read by fragment shader
WARNING: Output of vertex shader '_interface_variable_00' not read by fragment shader

[01:59:21] [Render thread/INFO]: Info log when linking program containing VERTEX minecraft:core/rendertype_crumbling, FRAGMENT minecraft:core/rendertype_crumbling. Log output: WARNING: Output of vertex shader '_interface_variable_01' not read by fragment shader
WARNING: Output of vertex shader '_interface_variable_00' not read by fragment shader

[01:59:21] [Render thread/INFO]: Info log when linking program containing VERTEX minecraft:core/entity, FRAGMENT minecraft:core/entity. Log output: WARNING: Output of vertex shader '_interface_variable_01' not read by fragment shader
WARNING: Output of vertex shader '_interface_variable_00' not read by fragment shader

[01:59:21] [Render thread/INFO]: Info log when linking program containing VERTEX minecraft:core/text, FRAGMENT minecraft:core/text. Log output: WARNING: Output of vertex shader '_interface_variable_01' not read by fragment shader
WARNING: Output of vertex shader '_interface_variable_00' not read by fragment shader

[01:59:21] [Render thread/INFO]: OpenAL initialized on device Mac mini扬声器
[01:59:21] [Render thread/INFO]: Sound engine started
[01:59:21] [Render thread/INFO]: Created: 512x256x0 minecraft:textures/atlas/particles.png-atlas
[01:59:21] [Render thread/INFO]: Created: 256x128x0 minecraft:textures/atlas/celestials.png-atlas
[01:59:21] [Render thread/INFO]: Created: 128x128x0 minecraft:textures/atlas/decorated_pot.png-atlas
[01:59:21] [Render thread/INFO]: Created: 512x256x0 minecraft:textures/atlas/paintings.png-atlas
[01:59:21] [Render thread/INFO]: Created: 1024x512x0 minecraft:textures/atlas/shield_patterns.png-atlas
[01:59:21] [Render thread/INFO]: Created: 1024x512x0 minecraft:textures/atlas/banner_patterns.png-atlas
[01:59:21] [Render thread/INFO]: Created: 2048x2048x4 minecraft:textures/atlas/blocks.png-atlas
[01:59:21] [Render thread/INFO]: Created: 1024x512x0 minecraft:textures/atlas/items.png-atlas
[01:59:21] [Render thread/INFO]: Created: 1024x1024x0 minecraft:textures/atlas/gui.png-atlas
[01:59:21] [Render thread/INFO]: Created: 128x64x0 minecraft:textures/atlas/map_decorations.png-atlas
[01:59:21] [Render thread/INFO]: Created: 512x512x0 minecraft:textures/atlas/chest.png-atlas
[01:59:21] [Render thread/INFO]: Created: 512x512x0 minecraft:textures/atlas/shulker_boxes.png-atlas
[01:59:21] [Render thread/WARN]: Requested post effect does not exist: minecraft:end_of_frame
[01:59:25] [Server thread/INFO]: Player282 lost connection: Disconnected
[01:59:25] [Server thread/INFO]: System chat: Player282 left the game
[01:59:25] [Server thread/INFO]: Stopping singleplayer server as player logged out
[01:59:25] [Server thread/INFO]: Stopping server
[01:59:25] [Server thread/INFO]: Saving players
[01:59:25] [Server thread/INFO]: Saving worlds
[01:59:25] [Server thread/INFO]: Saving chunks for level 'ServerLevel[New World]'/minecraft:overworld
[01:59:25] [Server thread/INFO]: Saving chunks for level 'ServerLevel[New World]'/minecraft:the_end
[01:59:25] [Server thread/INFO]: Saving chunks for level 'ServerLevel[New World]'/minecraft:the_nether
[01:59:25] [Render thread/INFO]: World loading finished: null screen: net.minecraft.client.gui.screens.GenericMessageScreen@5c9bf64d
[01:59:25] [Worker-Main-3/INFO]: Loaded 1867 advancements
[01:59:25] [Render thread/INFO]: Applied 0 biome modifications to 0 of 67 new biomes in 218.0 μs
[01:59:25] [Server thread/INFO]: Starting integrated minecraft server version 26.3
[01:59:25] [Server thread/INFO]: Generating keypair
[01:59:25] [Server thread/INFO]: Loading 0 persistent chunks...
[01:59:25] [Server thread/INFO]: Preparing spawn area: 16%
[01:59:25] [Server thread/INFO]: Saving chunks for level 'ServerLevel[New World]'/minecraft:overworld
[01:59:25] [Server thread/INFO]: Saving chunks for level 'ServerLevel[New World]'/minecraft:the_end
[01:59:25] [Server thread/INFO]: Saving chunks for level 'ServerLevel[New World]'/minecraft:the_nether
[01:59:25] [Render thread/INFO]: World loading finished: null screen: net.minecraft.client.gui.screens.LevelLoadingScreen@4259658
[01:59:25] [Render thread/INFO]: World loading finished: null screen: net.minecraft.client.gui.screens.LevelLoadingScreen@4259658
[01:59:25] [Render thread/INFO]: World loading finished: null screen: net.minecraft.client.gui.screens.LevelLoadingScreen@4259658
[01:59:25] [Render thread/INFO]: World loading finished: null screen: net.minecraft.client.gui.screens.LevelLoadingScreen@4259658
[01:59:25] [Server thread/INFO]: Loading 49 chunks for player spawn...
[01:59:25] [Render thread/INFO]: World loading finished: null screen: net.minecraft.client.gui.screens.LevelLoadingScreen@4259658
[01:59:25] [Server thread/INFO]: Time elapsed: 269 ms
[01:59:25] [Render thread/INFO]: World loading finished: null screen: net.minecraft.client.gui.screens.LevelLoadingScreen@4259658
[01:59:25] [Server thread/INFO]: Player282[local:E:07650bd8] logged in with entity id 13 at (0.5, -48.190513258107906, 0.5)
[01:59:25] [Server thread/INFO]: System chat: Player282 joined the game
[01:59:25] [Server thread/INFO]: Changing view distance to 5, from 10
[01:59:25] [Server thread/INFO]: Changing simulation distance to 12, from 0
[01:59:25] [Render thread/INFO]: World loading finished: ClientLevel screen: net.minecraft.client.gui.screens.LevelLoadingScreen@4259658
[01:59:25] [Render thread/INFO]: Loaded 2 advancements
[01:59:26] [Render thread/INFO]: World loading finished: ClientLevel screen: net.minecraft.client.gui.screens.LevelLoadingScreen@4259658
[01:59:26] [Render thread/INFO]: World loading finished: ClientLevel screen: net.minecraft.client.gui.screens.LevelLoadingScreen@4259658
[01:59:26] [Render thread/INFO]: World loading finished: ClientLevel screen: null
[01:59:26] [Server thread/INFO]: System chat: Player282 has made the advancement [We Need to Go Deeper]
[01:59:26] [Render thread/INFO]: [System] [CHAT] Player282 has made the advancement [We Need to Go Deeper]
[01:59:27] [Render thread/INFO]: Loaded 29 advancements
[01:59:27] [Server thread/INFO]: System chat: Killed Player282
[01:59:31] [Server thread/INFO]: System chat: Player282 fell from a high place
[01:59:31] [Render thread/INFO]: [System] [CHAT] Player282 fell from a high place
[01:59:31] [Server thread/INFO]: System chat: Consumed 40.0 stamina
[01:59:34] [Server thread/INFO]: Player282 lost connection: Disconnected
[01:59:34] [Server thread/INFO]: System chat: Player282 left the game
[01:59:34] [Server thread/INFO]: Stopping singleplayer server as player logged out
[01:59:34] [Server thread/INFO]: Stopping server
[01:59:34] [Server thread/INFO]: Saving players
[01:59:34] [Server thread/INFO]: Saving worlds
[01:59:34] [Server thread/INFO]: Saving chunks for level 'ServerLevel[New World]'/minecraft:overworld
[01:59:34] [Server thread/INFO]: Saving chunks for level 'ServerLevel[New World]'/minecraft:the_end
[01:59:34] [Server thread/INFO]: Saving chunks for level 'ServerLevel[New World]'/minecraft:the_nether
[01:59:35] [Worker-Main-7/INFO]: Loaded 1867 advancements
[01:59:35] [Thread-3/WARN]: Unable to parse version 27.0 to a codename.
[01:59:35] [Thread-3/INFO]: Environment: Environment[discoveryUrl=https://discovery.minecraftservices.com/minecraft/client, name=PROD]
[01:59:35] [Worker-Main-7/INFO]: Loaded 1867 advancements
[01:59:35] [Thread-3/INFO]: Applied 0 biome modifications to 0 of 67 new biomes in 143.0 μs
[01:59:35] [Server thread/INFO]: Starting minecraft server version 26.3
[01:59:35] [Server thread/INFO]: Loading properties
[01:59:35] [Server thread/INFO]: Default game type: SURVIVAL
[01:59:35] [Server thread/INFO]: Generating keypair
[01:59:35] [Server thread/INFO]: Starting Minecraft server on 127.0.0.1:64684
[01:59:35] [Server thread/WARN]: **** SERVER IS RUNNING IN OFFLINE/INSECURE MODE!
[01:59:35] [Server thread/WARN]: The server will make no attempt to authenticate usernames. Beware.
[01:59:35] [Server thread/WARN]: While this makes the game possible to play without internet access, it also opens up the ability for hackers to connect with any username they choose.
[01:59:35] [Server thread/WARN]: To change this, set "online-mode" to "true" in the server.properties file.
[01:59:35] [Server thread/INFO]: Preparing level "world"
[01:59:35] [Server thread/INFO]: Selecting global world spawn...
[01:59:35] [Server thread/INFO]: Loading 0 persistent chunks...
[01:59:35] [Server thread/INFO]: Preparing spawn area: 100%
[01:59:35] [Server thread/INFO]: Time elapsed: 61 ms
[01:59:35] [Server thread/INFO]: Done (0.063s)! For help, type "help"
[01:59:35] [Server thread/INFO]: Saving chunks for level 'ServerLevel[New World]'/minecraft:overworld
[01:59:35] [Server thread/INFO]: Saving chunks for level 'ServerLevel[New World]'/minecraft:the_end
[01:59:35] [Server thread/INFO]: Saving chunks for level 'ServerLevel[New World]'/minecraft:the_nether
[01:59:35] [Render thread/INFO]: Connecting to localhost, 64684
[01:59:35] [Render thread/INFO]: World loading finished: null screen: net.minecraft.client.gui.screens.ConnectScreen@3ea0e5d8
[01:59:35] [Render thread/INFO]: World loading finished: null screen: net.minecraft.client.gui.screens.ConnectScreen@3ea0e5d8
[01:59:35] [Render thread/INFO]: World loading finished: null screen: net.minecraft.client.gui.screens.ConnectScreen@3ea0e5d8
[01:59:35] [Render thread/INFO]: World loading finished: null screen: net.minecraft.client.gui.screens.ConnectScreen@3ea0e5d8
[01:59:35] [Render thread/INFO]: World loading finished: null screen: net.minecraft.client.gui.screens.ConnectScreen@3ea0e5d8
[01:59:35] [Render thread/INFO]: World loading finished: null screen: net.minecraft.client.gui.screens.ConnectScreen@3ea0e5d8
[01:59:36] [Render thread/INFO]: World loading finished: null screen: net.minecraft.client.gui.screens.ConnectScreen@3ea0e5d8
[01:59:36] [Render thread/INFO]: World loading finished: null screen: net.minecraft.client.gui.screens.ConnectScreen@3ea0e5d8
[01:59:36] [Render thread/INFO]: World loading finished: null screen: net.minecraft.client.gui.screens.ConnectScreen@3ea0e5d8
[01:59:36] [Render thread/INFO]: World loading finished: null screen: net.minecraft.client.gui.screens.ConnectScreen@3ea0e5d8
[01:59:36] [Server thread/INFO]: Player282[/127.0.0.1:64691] logged in with entity id 18 at (0.5, -60.0, 0.5)
[01:59:36] [Server thread/INFO]: System chat: Player282 joined the game
[01:59:36] [Render thread/INFO]: Loaded 2 advancements
[01:59:36] [Render thread/INFO]: World loading finished: ClientLevel screen: net.minecraft.client.gui.screens.LevelLoadingScreen@3e61238
[01:59:36] [Render thread/INFO]: World loading finished: ClientLevel screen: net.minecraft.client.gui.screens.LevelLoadingScreen@3e61238
[01:59:36] [Render thread/INFO]: World loading finished: ClientLevel screen: null
[01:59:36] [Server thread/INFO]: System chat: Set 30 experience levels on Player282
[01:59:36] [Server thread/INFO]: System chat: Set 5 experience levels on Player282
[01:59:36] [Server thread/INFO]: System chat: Stamina refilled
[01:59:36] [Server thread/INFO]: System chat: Consumed 118.0 stamina
[01:59:36] [Server thread/INFO]: Player282 lost connection: Disconnected
[01:59:36] [Server thread/INFO]: System chat: Player282 left the game
[01:59:37] [Render thread/INFO]: Connecting to localhost, 64684
[01:59:37] [Render thread/INFO]: World loading finished: null screen: net.minecraft.client.gui.screens.ConnectScreen@6bbfda64
[01:59:37] [Render thread/INFO]: World loading finished: null screen: net.minecraft.client.gui.screens.ConnectScreen@6bbfda64
[01:59:37] [Render thread/INFO]: World loading finished: null screen: net.minecraft.client.gui.screens.ConnectScreen@6bbfda64
[01:59:37] [Render thread/INFO]: World loading finished: null screen: net.minecraft.client.gui.screens.ConnectScreen@6bbfda64
[01:59:37] [Server thread/INFO]: Player282[/127.0.0.1:64697] logged in with entity id 19 at (0.5, -48.0, 0.5)
[01:59:37] [Server thread/INFO]: System chat: Player282 joined the game
[01:59:37] [Render thread/INFO]: Loaded 2 advancements
[01:59:37] [Render thread/INFO]: World loading finished: ClientLevel screen: net.minecraft.client.gui.screens.LevelLoadingScreen@185d1084
[01:59:37] [Render thread/INFO]: World loading finished: ClientLevel screen: null
[01:59:37] [Server thread/INFO]: Player282 lost connection: Disconnected
[01:59:37] [Server thread/INFO]: System chat: Player282 left the game
[01:59:38] [Server thread/INFO]: Stopping server
[01:59:38] [Server thread/INFO]: Saving players
[01:59:38] [Server thread/INFO]: Saving worlds
[01:59:38] [Server thread/INFO]: Saving chunks for level 'ServerLevel[New World]'/minecraft:overworld
[01:59:38] [Server thread/INFO]: Saving chunks for level 'ServerLevel[New World]'/minecraft:the_end
[01:59:38] [Server thread/INFO]: Saving chunks for level 'ServerLevel[New World]'/minecraft:the_nether
[01:59:38] [Test thread/INFO]: [STDOUT]: WILDCRAFT P1 real HUD/XP/save/restart/dimension/death/TCP reconnect checks passed
[01:59:38] [Worker-Main-5/INFO]: Loaded 1867 advancements
[01:59:38] [Render thread/INFO]: World loading finished: null screen: net.minecraft.client.gui.screens.GenericMessageScreen@39951a08
[01:59:38] [Render thread/INFO]: Applied 0 biome modifications to 0 of 67 new biomes in 152.8 μs
[01:59:38] [Server thread/INFO]: Starting integrated minecraft server version 26.3
[01:59:38] [Server thread/INFO]: Generating keypair
[01:59:38] [Server thread/INFO]: Selecting global world spawn...
[01:59:38] [Server thread/INFO]: Loading 0 persistent chunks...
[01:59:38] [Server thread/INFO]: Preparing spawn area: 16%
[01:59:38] [Server thread/INFO]: Saving chunks for level 'ServerLevel[New World]'/minecraft:overworld
[01:59:38] [Server thread/INFO]: Saving chunks for level 'ServerLevel[New World]'/minecraft:the_end
[01:59:38] [Server thread/INFO]: Saving chunks for level 'ServerLevel[New World]'/minecraft:the_nether
[01:59:38] [Render thread/INFO]: World loading finished: null screen: net.minecraft.client.gui.screens.LevelLoadingScreen@287f11eb
[01:59:38] [Render thread/INFO]: World loading finished: null screen: net.minecraft.client.gui.screens.LevelLoadingScreen@287f11eb
[01:59:38] [Render thread/INFO]: World loading finished: null screen: net.minecraft.client.gui.screens.LevelLoadingScreen@287f11eb
[01:59:38] [Render thread/INFO]: World loading finished: null screen: net.minecraft.client.gui.screens.LevelLoadingScreen@287f11eb
[01:59:38] [Server thread/INFO]: Loading 48 chunks for player spawn...
[01:59:38] [Render thread/INFO]: World loading finished: null screen: net.minecraft.client.gui.screens.LevelLoadingScreen@287f11eb
[01:59:38] [Render thread/INFO]: World loading finished: null screen: net.minecraft.client.gui.screens.LevelLoadingScreen@287f11eb
[01:59:38] [Server thread/INFO]: Time elapsed: 352 ms
[01:59:38] [Render thread/INFO]: World loading finished: null screen: net.minecraft.client.gui.screens.LevelLoadingScreen@287f11eb
[01:59:38] [Server thread/INFO]: Player282[local:E:859abe0e] logged in with entity id 20 at (0.5, -60.0, 0.5)
[01:59:38] [Server thread/INFO]: System chat: Player282 joined the game
[01:59:38] [Server thread/INFO]: Changing view distance to 5, from 10
[01:59:38] [Server thread/INFO]: Changing simulation distance to 12, from 0
[01:59:38] [Render thread/INFO]: Loaded 2 advancements
[01:59:38] [Render thread/INFO]: World loading finished: ClientLevel screen: net.minecraft.client.gui.screens.LevelLoadingScreen@287f11eb
[01:59:38] [Render thread/INFO]: World loading finished: ClientLevel screen: net.minecraft.client.gui.screens.LevelLoadingScreen@287f11eb
[01:59:38] [Render thread/INFO]: World loading finished: ClientLevel screen: net.minecraft.client.gui.screens.LevelLoadingScreen@287f11eb
[01:59:38] [Render thread/INFO]: World loading finished: ClientLevel screen: net.minecraft.client.gui.screens.LevelLoadingScreen@287f11eb
[01:59:39] [Render thread/INFO]: World loading finished: ClientLevel screen: net.minecraft.client.gui.screens.LevelLoadingScreen@287f11eb
[01:59:39] [Render thread/INFO]: World loading finished: ClientLevel screen: net.minecraft.client.gui.screens.LevelLoadingScreen@287f11eb
[01:59:39] [Render thread/INFO]: World loading finished: ClientLevel screen: net.minecraft.client.gui.screens.LevelLoadingScreen@287f11eb
[01:59:39] [Render thread/INFO]: World loading finished: ClientLevel screen: net.minecraft.client.gui.screens.LevelLoadingScreen@287f11eb
[01:59:39] [Render thread/INFO]: World loading finished: ClientLevel screen: net.minecraft.client.gui.screens.LevelLoadingScreen@287f11eb
[01:59:39] [Render thread/INFO]: World loading finished: ClientLevel screen: net.minecraft.client.gui.screens.LevelLoadingScreen@287f11eb
[01:59:39] [Render thread/INFO]: World loading finished: ClientLevel screen: net.minecraft.client.gui.screens.LevelLoadingScreen@287f11eb
[01:59:39] [Render thread/INFO]: World loading finished: ClientLevel screen: net.minecraft.client.gui.screens.LevelLoadingScreen@287f11eb
[01:59:39] [Render thread/INFO]: World loading finished: ClientLevel screen: net.minecraft.client.gui.screens.LevelLoadingScreen@287f11eb
[01:59:39] [Render thread/INFO]: World loading finished: ClientLevel screen: net.minecraft.client.gui.screens.LevelLoadingScreen@287f11eb
[01:59:39] [Render thread/INFO]: World loading finished: ClientLevel screen: null
[01:59:39] [Server thread/INFO]: System chat: Set minecraft:overworld to time marker minecraft:day
[01:59:39] [Render thread/INFO]: Reloading ResourceManager: vanilla, vanilla, fabric-advancement-api-v1, fabric-api, fabric-api-base, fabric-api-lookup-api-v1, fabric-biome-api-v1, fabric-block-api-v1, fabric-block-getter-api-v2, fabric-client-gametest-api-v1, fabric-command-api-v2, fabric-content-registries-v0, fabric-convention-tags-v2, fabric-crash-report-info-v1, fabric-creative-tab-api-v1, fabric-data-attachment-api-v1, fabric-data-generation-api-v1, fabric-debug-api-v1, fabric-dimensions-v1, fabric-entity-events-v1, fabric-events-interaction-v0, fabric-game-rule-api-v1, fabric-gametest-api-v1, fabric-item-api-v1, fabric-key-mapping-api-v1, fabric-lifecycle-events-v1, fabric-loot-api-v3, fabric-menu-api-v1, fabric-message-api-v1, fabric-model-loading-api-v1, fabric-networking-api-v1, fabric-object-builder-api-v1, fabric-particles-v1, fabric-permission-api-v1, fabric-recipe-api-v1, fabric-registry-sync-v0, fabric-renderer-api-v1, fabric-renderer-indigo, fabric-rendering-fluids-v1, fabric-rendering-v1, fabric-resource-conditions-api-v1, fabric-resource-loader-v0, fabric-resource-loader-v1, fabric-screen-api-v1, fabric-serialization-api-v1, fabric-sound-api-v1, fabric-tag-api-v1, fabric-transfer-api-v1, fabric-transitive-access-wideners-v1, fabricloader, wildcraft, wildcraft-test
[01:59:39] [Worker-Main-7/INFO]: Found unifont_all_no_pua-17.0.01.hex, loading
[01:59:39] [Worker-Main-6/INFO]: Found unifont_pua-17.0.01.hex, loading
[01:59:39] [Server thread/INFO]: Saving and pausing game...
[01:59:39] [Worker-Main-4/INFO]: Found unifont_jp_patch-17.0.01.hex, loading
[01:59:39] [Server thread/INFO]: Saving chunks for level 'ServerLevel[New World]'/minecraft:overworld
[01:59:39] [Server thread/INFO]: Saving chunks for level 'ServerLevel[New World]'/minecraft:the_end
[01:59:39] [Server thread/INFO]: Saving chunks for level 'ServerLevel[New World]'/minecraft:the_nether
[01:59:39] [Render thread/INFO]: Info log when linking program containing VERTEX minecraft:core/terrain, FRAGMENT minecraft:core/terrain. Log output: WARNING: Output of vertex shader '_interface_variable_01' not read by fragment shader
WARNING: Output of vertex shader '_interface_variable_00' not read by fragment shader
WARNING: Output of vertex shader '_interface_variable_04' not read by fragment shader

[01:59:39] [Render thread/INFO]: Info log when linking program containing VERTEX minecraft:core/rendertype_crumbling, FRAGMENT minecraft:core/rendertype_crumbling. Log output: WARNING: Output of vertex shader '_interface_variable_01' not read by fragment shader
WARNING: Output of vertex shader '_interface_variable_00' not read by fragment shader

[01:59:39] [Render thread/INFO]: Info log when linking program containing VERTEX minecraft:core/entity, FRAGMENT minecraft:core/entity. Log output: WARNING: Output of vertex shader '_interface_variable_01' not read by fragment shader
WARNING: Output of vertex shader '_interface_variable_00' not read by fragment shader

[01:59:39] [Render thread/INFO]: Info log when linking program containing VERTEX minecraft:core/rendertype_lines, FRAGMENT minecraft:core/rendertype_lines. Log output: WARNING: Output of vertex shader '_interface_variable_01' not read by fragment shader
WARNING: Output of vertex shader '_interface_variable_00' not read by fragment shader

[01:59:39] [Render thread/INFO]: Info log when linking program containing VERTEX minecraft:core/terrain, FRAGMENT minecraft:core/terrain. Log output: WARNING: Output of vertex shader '_interface_variable_01' not read by fragment shader
WARNING: Output of vertex shader '_interface_variable_00' not read by fragment shader
WARNING: Output of vertex shader '_interface_variable_04' not read by fragment shader

[01:59:39] [Render thread/INFO]: Info log when linking program containing VERTEX minecraft:core/entity, FRAGMENT minecraft:core/entity. Log output: WARNING: Output of vertex shader '_interface_variable_01' not read by fragment shader
WARNING: Output of vertex shader '_interface_variable_00' not read by fragment shader

[01:59:39] [Render thread/INFO]: Info log when linking program containing VERTEX minecraft:core/text, FRAGMENT minecraft:core/text. Log output: WARNING: Output of vertex shader '_interface_variable_01' not read by fragment shader
WARNING: Output of vertex shader '_interface_variable_00' not read by fragment shader

[01:59:39] [Render thread/INFO]: Info log when linking program containing VERTEX minecraft:core/text, FRAGMENT minecraft:core/text. Log output: WARNING: Output of vertex shader '_interface_variable_01' not read by fragment shader
WARNING: Output of vertex shader '_interface_variable_00' not read by fragment shader

[01:59:39] [Render thread/INFO]: Info log when linking program containing VERTEX minecraft:core/block, FRAGMENT minecraft:core/block. Log output: WARNING: Output of vertex shader '_interface_variable_01' not read by fragment shader
WARNING: Output of vertex shader '_interface_variable_00' not read by fragment shader

[01:59:39] [Render thread/INFO]: Info log when linking program containing VERTEX minecraft:core/entity, FRAGMENT minecraft:core/entity. Log output: WARNING: Output of vertex shader '_interface_variable_01' not read by fragment shader
WARNING: Output of vertex shader '_interface_variable_00' not read by fragment shader

[01:59:39] [Render thread/INFO]: Info log when linking program containing VERTEX minecraft:core/rendertype_entity_shadow, FRAGMENT minecraft:core/rendertype_entity_shadow. Log output: WARNING: Output of vertex shader '_interface_variable_01' not read by fragment shader
WARNING: Output of vertex shader '_interface_variable_00' not read by fragment shader

[01:59:39] [Render thread/INFO]: Info log when linking program containing VERTEX minecraft:core/particle, FRAGMENT minecraft:core/particle. Log output: WARNING: Output of vertex shader '_interface_variable_01' not read by fragment shader
WARNING: Output of vertex shader '_interface_variable_00' not read by fragment shader

[01:59:39] [Render thread/INFO]: Info log when linking program containing VERTEX minecraft:core/screenquad, FRAGMENT minecraft:core/oit_composite. Log output: WARNING: Output of vertex shader '_interface_variable_00' not read by fragment shader

[01:59:39] [Render thread/INFO]: Info log when linking program containing VERTEX minecraft:core/screenquad, FRAGMENT minecraft:core/integrate_depth. Log output: WARNING: Output of vertex shader '_interface_variable_00' not read by fragment shader

[01:59:39] [Render thread/INFO]: Info log when linking program containing VERTEX minecraft:core/animate_sprite, FRAGMENT minecraft:core/animate_sprite_blit. Log output: WARNING: Output of vertex shader '_interface_variable_00' not read by fragment shader

[01:59:39] [Render thread/INFO]: Info log when linking program containing VERTEX minecraft:core/entity, FRAGMENT minecraft:core/entity. Log output: WARNING: Output of vertex shader '_interface_variable_01' not read by fragment shader
WARNING: Output of vertex shader '_interface_variable_00' not read by fragment shader

[01:59:39] [Render thread/INFO]: Info log when linking program containing VERTEX minecraft:core/entity, FRAGMENT minecraft:core/entity. Log output: WARNING: Output of vertex shader '_interface_variable_01' not read by fragment shader
WARNING: Output of vertex shader '_interface_variable_00' not read by fragment shader

[01:59:39] [Render thread/INFO]: Info log when linking program containing VERTEX minecraft:core/terrain, FRAGMENT minecraft:core/terrain. Log output: WARNING: Output of vertex shader '_interface_variable_01' not read by fragment shader
WARNING: Output of vertex shader '_interface_variable_00' not read by fragment shader
WARNING: Output of vertex shader '_interface_variable_04' not read by fragment shader

[01:59:39] [Render thread/INFO]: Info log when linking program containing VERTEX minecraft:core/clouds, FRAGMENT minecraft:core/clouds. Log output: WARNING: Output of vertex shader '_interface_variable_00' not read by fragment shader

[01:59:39] [Render thread/INFO]: Info log when linking program containing VERTEX minecraft:core/particle, FRAGMENT minecraft:core/particle. Log output: WARNING: Output of vertex shader '_interface_variable_01' not read by fragment shader
WARNING: Output of vertex shader '_interface_variable_00' not read by fragment shader

[01:59:39] [Render thread/INFO]: Info log when linking program containing VERTEX minecraft:core/entity, FRAGMENT minecraft:core/entity. Log output: WARNING: Output of vertex shader '_interface_variable_01' not read by fragment shader
WARNING: Output of vertex shader '_interface_variable_00' not read by fragment shader

[01:59:39] [Render thread/INFO]: Info log when linking program containing VERTEX minecraft:core/entity, FRAGMENT minecraft:core/entity. Log output: WARNING: Output of vertex shader '_interface_variable_01' not read by fragment shader
WARNING: Output of vertex shader '_interface_variable_00' not read by fragment shader

[01:59:39] [Render thread/INFO]: Info log when linking program containing VERTEX minecraft:core/screenquad, FRAGMENT minecraft:core/oit_depth_bounds_cull. Log output: WARNING: Output of vertex shader '_interface_variable_00' not read by fragment shader

[01:59:39] [Render thread/INFO]: Info log when linking program containing VERTEX minecraft:core/block, FRAGMENT minecraft:core/block. Log output: WARNING: Output of vertex shader '_interface_variable_01' not read by fragment shader
WARNING: Output of vertex shader '_interface_variable_00' not read by fragment shader

[01:59:40] [Render thread/INFO]: Info log when linking program containing VERTEX minecraft:core/text, FRAGMENT minecraft:core/text. Log output: WARNING: Output of vertex shader '_interface_variable_01' not read by fragment shader
WARNING: Output of vertex shader '_interface_variable_00' not read by fragment shader

[01:59:40] [Render thread/INFO]: Info log when linking program containing VERTEX minecraft:core/text, FRAGMENT minecraft:core/text. Log output: WARNING: Output of vertex shader '_interface_variable_01' not read by fragment shader
WARNING: Output of vertex shader '_interface_variable_00' not read by fragment shader

[01:59:40] [Render thread/INFO]: Info log when linking program containing VERTEX minecraft:core/text, FRAGMENT minecraft:core/text. Log output: WARNING: Output of vertex shader '_interface_variable_01' not read by fragment shader
WARNING: Output of vertex shader '_interface_variable_00' not read by fragment shader

[01:59:40] [Render thread/INFO]: Info log when linking program containing VERTEX minecraft:core/entity, FRAGMENT minecraft:core/entity. Log output: WARNING: Output of vertex shader '_interface_variable_01' not read by fragment shader
WARNING: Output of vertex shader '_interface_variable_00' not read by fragment shader

[01:59:40] [Render thread/INFO]: Info log when linking program containing VERTEX minecraft:core/text, FRAGMENT minecraft:core/text. Log output: WARNING: Output of vertex shader '_interface_variable_01' not read by fragment shader
WARNING: Output of vertex shader '_interface_variable_00' not read by fragment shader

[01:59:40] [Render thread/INFO]: Info log when linking program containing VERTEX minecraft:core/terrain, FRAGMENT minecraft:core/terrain. Log output: WARNING: Output of vertex shader '_interface_variable_01' not read by fragment shader
WARNING: Output of vertex shader '_interface_variable_00' not read by fragment shader
WARNING: Output of vertex shader '_interface_variable_04' not read by fragment shader

[01:59:40] [Render thread/INFO]: Info log when linking program containing VERTEX minecraft:core/clouds, FRAGMENT minecraft:core/clouds. Log output: WARNING: Output of vertex shader '_interface_variable_00' not read by fragment shader

[01:59:40] [Render thread/INFO]: Info log when linking program containing VERTEX minecraft:core/rendertype_lines, FRAGMENT minecraft:core/rendertype_lines. Log output: WARNING: Output of vertex shader '_interface_variable_01' not read by fragment shader
WARNING: Output of vertex shader '_interface_variable_00' not read by fragment shader

[01:59:40] [Render thread/INFO]: Info log when linking program containing VERTEX minecraft:core/rendertype_entity_shadow, FRAGMENT minecraft:core/rendertype_entity_shadow. Log output: WARNING: Output of vertex shader '_interface_variable_01' not read by fragment shader
WARNING: Output of vertex shader '_interface_variable_00' not read by fragment shader

[01:59:40] [Render thread/INFO]: Info log when linking program containing VERTEX minecraft:core/entity, FRAGMENT minecraft:core/entity. Log output: WARNING: Output of vertex shader '_interface_variable_01' not read by fragment shader
WARNING: Output of vertex shader '_interface_variable_00' not read by fragment shader

[01:59:40] [Render thread/INFO]: Info log when linking program containing VERTEX minecraft:core/particle, FRAGMENT minecraft:core/particle. Log output: WARNING: Output of vertex shader '_interface_variable_01' not read by fragment shader
WARNING: Output of vertex shader '_interface_variable_00' not read by fragment shader

[01:59:40] [Render thread/INFO]: Info log when linking program containing VERTEX minecraft:core/text, FRAGMENT minecraft:core/text. Log output: WARNING: Output of vertex shader '_interface_variable_01' not read by fragment shader
WARNING: Output of vertex shader '_interface_variable_00' not read by fragment shader

[01:59:40] [Render thread/INFO]: Info log when linking program containing VERTEX minecraft:core/entity, FRAGMENT minecraft:core/entity. Log output: WARNING: Output of vertex shader '_interface_variable_01' not read by fragment shader
WARNING: Output of vertex shader '_interface_variable_00' not read by fragment shader

[01:59:40] [Render thread/INFO]: Info log when linking program containing VERTEX minecraft:core/entity, FRAGMENT minecraft:core/entity. Log output: WARNING: Output of vertex shader '_interface_variable_01' not read by fragment shader
WARNING: Output of vertex shader '_interface_variable_00' not read by fragment shader

[01:59:40] [Render thread/INFO]: Info log when linking program containing VERTEX minecraft:core/particle, FRAGMENT minecraft:core/particle. Log output: WARNING: Output of vertex shader '_interface_variable_01' not read by fragment shader
WARNING: Output of vertex shader '_interface_variable_00' not read by fragment shader

[01:59:40] [Render thread/INFO]: Info log when linking program containing VERTEX minecraft:core/rendertype_crumbling, FRAGMENT minecraft:core/rendertype_crumbling. Log output: WARNING: Output of vertex shader '_interface_variable_01' not read by fragment shader
WARNING: Output of vertex shader '_interface_variable_00' not read by fragment shader

[01:59:40] [Render thread/INFO]: Info log when linking program containing VERTEX minecraft:core/text, FRAGMENT minecraft:core/text. Log output: WARNING: Output of vertex shader '_interface_variable_01' not read by fragment shader
WARNING: Output of vertex shader '_interface_variable_00' not read by fragment shader

[01:59:40] [Render thread/INFO]: Info log when linking program containing VERTEX minecraft:core/entity, FRAGMENT minecraft:core/entity. Log output: WARNING: Output of vertex shader '_interface_variable_01' not read by fragment shader
WARNING: Output of vertex shader '_interface_variable_00' not read by fragment shader

[01:59:40] [Render thread/INFO]: OpenAL initialized on device Mac mini扬声器
[01:59:40] [Render thread/INFO]: Sound engine started
[01:59:40] [Render thread/INFO]: Created: 512x256x0 minecraft:textures/atlas/particles.png-atlas
[01:59:40] [Render thread/INFO]: Created: 256x128x0 minecraft:textures/atlas/celestials.png-atlas
[01:59:40] [Render thread/INFO]: Created: 128x128x0 minecraft:textures/atlas/decorated_pot.png-atlas
[01:59:40] [Render thread/INFO]: Created: 512x256x0 minecraft:textures/atlas/paintings.png-atlas
[01:59:40] [Render thread/INFO]: Created: 1024x512x0 minecraft:textures/atlas/shield_patterns.png-atlas
[01:59:40] [Render thread/INFO]: Created: 1024x512x0 minecraft:textures/atlas/banner_patterns.png-atlas
[01:59:40] [Render thread/INFO]: Created: 2048x2048x4 minecraft:textures/atlas/blocks.png-atlas
[01:59:40] [Render thread/INFO]: Created: 1024x512x0 minecraft:textures/atlas/items.png-atlas
[01:59:40] [Render thread/INFO]: Created: 1024x1024x0 minecraft:textures/atlas/gui.png-atlas
[01:59:40] [Render thread/INFO]: Created: 128x64x0 minecraft:textures/atlas/map_decorations.png-atlas
[01:59:40] [Render thread/INFO]: Created: 512x512x0 minecraft:textures/atlas/chest.png-atlas
[01:59:40] [Render thread/INFO]: Created: 512x512x0 minecraft:textures/atlas/shulker_boxes.png-atlas
[01:59:40] [Render thread/WARN]: Requested post effect does not exist: minecraft:end_of_frame
[01:59:52] [Server thread/INFO]: System chat: 已将1.0伤害施加于Player282
[01:59:54] [Server thread/INFO]: System chat: Player282被杀死了
[01:59:54] [Server thread/INFO]: System chat: 杀死了Player282
[01:59:54] [Render thread/INFO]: [System] [CHAT] Player282被杀死了
[01:59:54] [Server thread/INFO]: System chat: Player282取得了进度[勇往直下]
[01:59:54] [Render thread/INFO]: [System] [CHAT] Player282取得了进度[勇往直下]
[01:59:54] [Render thread/INFO]: Loaded 29 advancements
[01:59:54] [Render thread/INFO]: Reloading ResourceManager: vanilla, vanilla, fabric-advancement-api-v1, fabric-api, fabric-api-base, fabric-api-lookup-api-v1, fabric-biome-api-v1, fabric-block-api-v1, fabric-block-getter-api-v2, fabric-client-gametest-api-v1, fabric-command-api-v2, fabric-content-registries-v0, fabric-convention-tags-v2, fabric-crash-report-info-v1, fabric-creative-tab-api-v1, fabric-data-attachment-api-v1, fabric-data-generation-api-v1, fabric-debug-api-v1, fabric-dimensions-v1, fabric-entity-events-v1, fabric-events-interaction-v0, fabric-game-rule-api-v1, fabric-gametest-api-v1, fabric-item-api-v1, fabric-key-mapping-api-v1, fabric-lifecycle-events-v1, fabric-loot-api-v3, fabric-menu-api-v1, fabric-message-api-v1, fabric-model-loading-api-v1, fabric-networking-api-v1, fabric-object-builder-api-v1, fabric-particles-v1, fabric-permission-api-v1, fabric-recipe-api-v1, fabric-registry-sync-v0, fabric-renderer-api-v1, fabric-renderer-indigo, fabric-rendering-fluids-v1, fabric-rendering-v1, fabric-resource-conditions-api-v1, fabric-resource-loader-v0, fabric-resource-loader-v1, fabric-screen-api-v1, fabric-serialization-api-v1, fabric-sound-api-v1, fabric-tag-api-v1, fabric-transfer-api-v1, fabric-transitive-access-wideners-v1, fabricloader, wildcraft, wildcraft-test
[01:59:54] [Worker-Main-5/INFO]: Found unifont_all_no_pua-17.0.01.hex, loading
[01:59:54] [Worker-Main-9/INFO]: Found unifont_pua-17.0.01.hex, loading
[01:59:54] [Render thread/INFO]: Info log when linking program containing VERTEX minecraft:core/terrain, FRAGMENT minecraft:core/terrain. Log output: WARNING: Output of vertex shader '_interface_variable_01' not read by fragment shader
WARNING: Output of vertex shader '_interface_variable_00' not read by fragment shader
WARNING: Output of vertex shader '_interface_variable_04' not read by fragment shader

[01:59:54] [Render thread/INFO]: Info log when linking program containing VERTEX minecraft:core/rendertype_crumbling, FRAGMENT minecraft:core/rendertype_crumbling. Log output: WARNING: Output of vertex shader '_interface_variable_01' not read by fragment shader
WARNING: Output of vertex shader '_interface_variable_00' not read by fragment shader

[01:59:54] [Render thread/INFO]: Info log when linking program containing VERTEX minecraft:core/entity, FRAGMENT minecraft:core/entity. Log output: WARNING: Output of vertex shader '_interface_variable_01' not read by fragment shader
WARNING: Output of vertex shader '_interface_variable_00' not read by fragment shader

[01:59:54] [Render thread/INFO]: Info log when linking program containing VERTEX minecraft:core/rendertype_lines, FRAGMENT minecraft:core/rendertype_lines. Log output: WARNING: Output of vertex shader '_interface_variable_01' not read by fragment shader
WARNING: Output of vertex shader '_interface_variable_00' not read by fragment shader

[01:59:54] [Render thread/INFO]: Info log when linking program containing VERTEX minecraft:core/entity, FRAGMENT minecraft:core/entity. Log output: WARNING: Output of vertex shader '_interface_variable_01' not read by fragment shader
WARNING: Output of vertex shader '_interface_variable_00' not read by fragment shader

[01:59:54] [Render thread/INFO]: Info log when linking program containing VERTEX minecraft:core/text, FRAGMENT minecraft:core/text. Log output: WARNING: Output of vertex shader '_interface_variable_01' not read by fragment shader
WARNING: Output of vertex shader '_interface_variable_00' not read by fragment shader

[01:59:54] [Render thread/INFO]: Info log when linking program containing VERTEX minecraft:core/text, FRAGMENT minecraft:core/text. Log output: WARNING: Output of vertex shader '_interface_variable_01' not read by fragment shader
WARNING: Output of vertex shader '_interface_variable_00' not read by fragment shader

[01:59:54] [Render thread/INFO]: Info log when linking program containing VERTEX minecraft:core/terrain, FRAGMENT minecraft:core/terrain. Log output: WARNING: Output of vertex shader '_interface_variable_01' not read by fragment shader
WARNING: Output of vertex shader '_interface_variable_00' not read by fragment shader
WARNING: Output of vertex shader '_interface_variable_04' not read by fragment shader

[01:59:54] [Worker-Main-5/INFO]: Found unifont_jp_patch-17.0.01.hex, loading
[01:59:54] [Render thread/INFO]: Info log when linking program containing VERTEX minecraft:core/block, FRAGMENT minecraft:core/block. Log output: WARNING: Output of vertex shader '_interface_variable_01' not read by fragment shader
WARNING: Output of vertex shader '_interface_variable_00' not read by fragment shader

[01:59:54] [Render thread/INFO]: Info log when linking program containing VERTEX minecraft:core/entity, FRAGMENT minecraft:core/entity. Log output: WARNING: Output of vertex shader '_interface_variable_01' not read by fragment shader
WARNING: Output of vertex shader '_interface_variable_00' not read by fragment shader

[01:59:54] [Render thread/INFO]: Info log when linking program containing VERTEX minecraft:core/rendertype_entity_shadow, FRAGMENT minecraft:core/rendertype_entity_shadow. Log output: WARNING: Output of vertex shader '_interface_variable_01' not read by fragment shader
WARNING: Output of vertex shader '_interface_variable_00' not read by fragment shader

[01:59:54] [Render thread/INFO]: Info log when linking program containing VERTEX minecraft:core/particle, FRAGMENT minecraft:core/particle. Log output: WARNING: Output of vertex shader '_interface_variable_01' not read by fragment shader
WARNING: Output of vertex shader '_interface_variable_00' not read by fragment shader

[01:59:54] [Render thread/INFO]: Info log when linking program containing VERTEX minecraft:core/screenquad, FRAGMENT minecraft:core/oit_composite. Log output: WARNING: Output of vertex shader '_interface_variable_00' not read by fragment shader

[01:59:54] [Render thread/INFO]: Info log when linking program containing VERTEX minecraft:core/screenquad, FRAGMENT minecraft:core/integrate_depth. Log output: WARNING: Output of vertex shader '_interface_variable_00' not read by fragment shader

[01:59:55] [Render thread/INFO]: Info log when linking program containing VERTEX minecraft:core/terrain, FRAGMENT minecraft:core/terrain. Log output: WARNING: Output of vertex shader '_interface_variable_01' not read by fragment shader
WARNING: Output of vertex shader '_interface_variable_00' not read by fragment shader
WARNING: Output of vertex shader '_interface_variable_04' not read by fragment shader

[01:59:55] [Render thread/INFO]: Info log when linking program containing VERTEX minecraft:core/animate_sprite, FRAGMENT minecraft:core/animate_sprite_blit. Log output: WARNING: Output of vertex shader '_interface_variable_00' not read by fragment shader

[01:59:55] [Render thread/INFO]: Info log when linking program containing VERTEX minecraft:core/entity, FRAGMENT minecraft:core/entity. Log output: WARNING: Output of vertex shader '_interface_variable_01' not read by fragment shader
WARNING: Output of vertex shader '_interface_variable_00' not read by fragment shader

[01:59:55] [Render thread/INFO]: Info log when linking program containing VERTEX minecraft:core/entity, FRAGMENT minecraft:core/entity. Log output: WARNING: Output of vertex shader '_interface_variable_01' not read by fragment shader
WARNING: Output of vertex shader '_interface_variable_00' not read by fragment shader

[01:59:55] [Render thread/INFO]: Info log when linking program containing VERTEX minecraft:core/clouds, FRAGMENT minecraft:core/clouds. Log output: WARNING: Output of vertex shader '_interface_variable_00' not read by fragment shader

[01:59:55] [Render thread/INFO]: Info log when linking program containing VERTEX minecraft:core/particle, FRAGMENT minecraft:core/particle. Log output: WARNING: Output of vertex shader '_interface_variable_01' not read by fragment shader
WARNING: Output of vertex shader '_interface_variable_00' not read by fragment shader

[01:59:55] [Render thread/INFO]: Info log when linking program containing VERTEX minecraft:core/entity, FRAGMENT minecraft:core/entity. Log output: WARNING: Output of vertex shader '_interface_variable_01' not read by fragment shader
WARNING: Output of vertex shader '_interface_variable_00' not read by fragment shader

[01:59:55] [Render thread/INFO]: Info log when linking program containing VERTEX minecraft:core/screenquad, FRAGMENT minecraft:core/oit_depth_bounds_cull. Log output: WARNING: Output of vertex shader '_interface_variable_00' not read by fragment shader

[01:59:55] [Render thread/INFO]: Info log when linking program containing VERTEX minecraft:core/entity, FRAGMENT minecraft:core/entity. Log output: WARNING: Output of vertex shader '_interface_variable_01' not read by fragment shader
WARNING: Output of vertex shader '_interface_variable_00' not read by fragment shader

[01:59:55] [Render thread/INFO]: Info log when linking program containing VERTEX minecraft:core/block, FRAGMENT minecraft:core/block. Log output: WARNING: Output of vertex shader '_interface_variable_01' not read by fragment shader
WARNING: Output of vertex shader '_interface_variable_00' not read by fragment shader

[01:59:55] [Render thread/INFO]: Info log when linking program containing VERTEX minecraft:core/text, FRAGMENT minecraft:core/text. Log output: WARNING: Output of vertex shader '_interface_variable_01' not read by fragment shader
WARNING: Output of vertex shader '_interface_variable_00' not read by fragment shader

[01:59:55] [Render thread/INFO]: Info log when linking program containing VERTEX minecraft:core/text, FRAGMENT minecraft:core/text. Log output: WARNING: Output of vertex shader '_interface_variable_01' not read by fragment shader
WARNING: Output of vertex shader '_interface_variable_00' not read by fragment shader

[01:59:55] [Render thread/INFO]: Info log when linking program containing VERTEX minecraft:core/text, FRAGMENT minecraft:core/text. Log output: WARNING: Output of vertex shader '_interface_variable_01' not read by fragment shader
WARNING: Output of vertex shader '_interface_variable_00' not read by fragment shader

[01:59:55] [Render thread/INFO]: Info log when linking program containing VERTEX minecraft:core/terrain, FRAGMENT minecraft:core/terrain. Log output: WARNING: Output of vertex shader '_interface_variable_01' not read by fragment shader
WARNING: Output of vertex shader '_interface_variable_00' not read by fragment shader
WARNING: Output of vertex shader '_interface_variable_04' not read by fragment shader

[01:59:55] [Render thread/INFO]: Info log when linking program containing VERTEX minecraft:core/entity, FRAGMENT minecraft:core/entity. Log output: WARNING: Output of vertex shader '_interface_variable_01' not read by fragment shader
WARNING: Output of vertex shader '_interface_variable_00' not read by fragment shader

[01:59:55] [Render thread/INFO]: Info log when linking program containing VERTEX minecraft:core/text, FRAGMENT minecraft:core/text. Log output: WARNING: Output of vertex shader '_interface_variable_01' not read by fragment shader
WARNING: Output of vertex shader '_interface_variable_00' not read by fragment shader

[01:59:55] [Render thread/INFO]: Info log when linking program containing VERTEX minecraft:core/rendertype_lines, FRAGMENT minecraft:core/rendertype_lines. Log output: WARNING: Output of vertex shader '_interface_variable_01' not read by fragment shader
WARNING: Output of vertex shader '_interface_variable_00' not read by fragment shader

[01:59:55] [Render thread/INFO]: Info log when linking program containing VERTEX minecraft:core/rendertype_entity_shadow, FRAGMENT minecraft:core/rendertype_entity_shadow. Log output: WARNING: Output of vertex shader '_interface_variable_01' not read by fragment shader
WARNING: Output of vertex shader '_interface_variable_00' not read by fragment shader

[01:59:55] [Render thread/INFO]: Info log when linking program containing VERTEX minecraft:core/clouds, FRAGMENT minecraft:core/clouds. Log output: WARNING: Output of vertex shader '_interface_variable_00' not read by fragment shader

[01:59:55] [Render thread/INFO]: Info log when linking program containing VERTEX minecraft:core/entity, FRAGMENT minecraft:core/entity. Log output: WARNING: Output of vertex shader '_interface_variable_01' not read by fragment shader
WARNING: Output of vertex shader '_interface_variable_00' not read by fragment shader

[01:59:55] [Render thread/INFO]: Info log when linking program containing VERTEX minecraft:core/entity, FRAGMENT minecraft:core/entity. Log output: WARNING: Output of vertex shader '_interface_variable_01' not read by fragment shader
WARNING: Output of vertex shader '_interface_variable_00' not read by fragment shader

[01:59:55] [Render thread/INFO]: Info log when linking program containing VERTEX minecraft:core/particle, FRAGMENT minecraft:core/particle. Log output: WARNING: Output of vertex shader '_interface_variable_01' not read by fragment shader
WARNING: Output of vertex shader '_interface_variable_00' not read by fragment shader

[01:59:55] [Render thread/INFO]: Info log when linking program containing VERTEX minecraft:core/rendertype_crumbling, FRAGMENT minecraft:core/rendertype_crumbling. Log output: WARNING: Output of vertex shader '_interface_variable_01' not read by fragment shader
WARNING: Output of vertex shader '_interface_variable_00' not read by fragment shader

[01:59:55] [Render thread/INFO]: Info log when linking program containing VERTEX minecraft:core/particle, FRAGMENT minecraft:core/particle. Log output: WARNING: Output of vertex shader '_interface_variable_01' not read by fragment shader
WARNING: Output of vertex shader '_interface_variable_00' not read by fragment shader

[01:59:55] [Render thread/INFO]: Info log when linking program containing VERTEX minecraft:core/entity, FRAGMENT minecraft:core/entity. Log output: WARNING: Output of vertex shader '_interface_variable_01' not read by fragment shader
WARNING: Output of vertex shader '_interface_variable_00' not read by fragment shader

[01:59:55] [Render thread/INFO]: Info log when linking program containing VERTEX minecraft:core/text, FRAGMENT minecraft:core/text. Log output: WARNING: Output of vertex shader '_interface_variable_01' not read by fragment shader
WARNING: Output of vertex shader '_interface_variable_00' not read by fragment shader

[01:59:55] [Render thread/INFO]: Info log when linking program containing VERTEX minecraft:core/text, FRAGMENT minecraft:core/text. Log output: WARNING: Output of vertex shader '_interface_variable_01' not read by fragment shader
WARNING: Output of vertex shader '_interface_variable_00' not read by fragment shader

[01:59:55] [Render thread/INFO]: Info log when linking program containing VERTEX minecraft:core/entity, FRAGMENT minecraft:core/entity. Log output: WARNING: Output of vertex shader '_interface_variable_01' not read by fragment shader
WARNING: Output of vertex shader '_interface_variable_00' not read by fragment shader

[01:59:55] [Render thread/INFO]: OpenAL initialized on device Mac mini扬声器
[01:59:55] [Render thread/INFO]: Sound engine started
[01:59:55] [Render thread/INFO]: Created: 512x256x0 minecraft:textures/atlas/particles.png-atlas
[01:59:55] [Render thread/INFO]: Created: 256x128x0 minecraft:textures/atlas/celestials.png-atlas
[01:59:55] [Render thread/INFO]: Created: 128x128x0 minecraft:textures/atlas/decorated_pot.png-atlas
[01:59:55] [Render thread/INFO]: Created: 512x256x0 minecraft:textures/atlas/paintings.png-atlas
[01:59:55] [Render thread/INFO]: Created: 1024x512x0 minecraft:textures/atlas/shield_patterns.png-atlas
[01:59:55] [Render thread/INFO]: Created: 1024x512x0 minecraft:textures/atlas/banner_patterns.png-atlas
[01:59:55] [Render thread/INFO]: Created: 2048x2048x4 minecraft:textures/atlas/blocks.png-atlas
[01:59:55] [Render thread/INFO]: Created: 1024x512x0 minecraft:textures/atlas/items.png-atlas
[01:59:55] [Render thread/INFO]: Created: 1024x1024x0 minecraft:textures/atlas/gui.png-atlas
[01:59:55] [Render thread/INFO]: Created: 128x64x0 minecraft:textures/atlas/map_decorations.png-atlas
[01:59:55] [Render thread/INFO]: Created: 512x512x0 minecraft:textures/atlas/chest.png-atlas
[01:59:55] [Render thread/INFO]: Created: 512x512x0 minecraft:textures/atlas/shulker_boxes.png-atlas
[01:59:55] [Server thread/INFO]: Saving and pausing game...
[01:59:55] [Server thread/INFO]: Saving chunks for level 'ServerLevel[New World]'/minecraft:overworld
[01:59:55] [Server thread/INFO]: Saving chunks for level 'ServerLevel[New World]'/minecraft:the_end
[01:59:55] [Server thread/INFO]: Saving chunks for level 'ServerLevel[New World]'/minecraft:the_nether
[01:59:55] [Render thread/WARN]: Requested post effect does not exist: minecraft:end_of_frame
[01:59:57] [Server thread/INFO]: Player282 lost connection: Disconnected
[01:59:57] [Server thread/INFO]: System chat: Player282 left the game
[01:59:57] [Server thread/INFO]: Stopping singleplayer server as player logged out
[01:59:57] [Server thread/INFO]: Stopping server
[01:59:57] [Server thread/INFO]: Saving players
[01:59:57] [Server thread/INFO]: Saving worlds
[01:59:58] [Server thread/INFO]: Saving chunks for level 'ServerLevel[New World]'/minecraft:overworld
[01:59:58] [Server thread/INFO]: Saving chunks for level 'ServerLevel[New World]'/minecraft:the_end
[01:59:58] [Server thread/INFO]: Saving chunks for level 'ServerLevel[New World]'/minecraft:the_nether
[01:59:58] [Worker-Main-4/INFO]: Loaded 1867 advancements
[01:59:58] [Thread-4/WARN]: Unable to parse version 27.0 to a codename.
[01:59:58] [Thread-4/INFO]: Environment: Environment[discoveryUrl=https://discovery.minecraftservices.com/minecraft/client, name=PROD]
[01:59:58] [Worker-Main-6/INFO]: Loaded 1867 advancements
[01:59:58] [Thread-4/INFO]: Applied 0 biome modifications to 0 of 67 new biomes in 117.0 μs
[01:59:58] [Server thread/INFO]: Starting minecraft server version 26.3
[01:59:58] [Server thread/INFO]: Loading properties
[01:59:58] [Server thread/INFO]: Default game type: SURVIVAL
[01:59:58] [Server thread/INFO]: Generating keypair
[01:59:58] [Server thread/INFO]: Starting Minecraft server on 127.0.0.1:64714
[01:59:58] [Server thread/WARN]: **** SERVER IS RUNNING IN OFFLINE/INSECURE MODE!
[01:59:58] [Server thread/WARN]: The server will make no attempt to authenticate usernames. Beware.
[01:59:58] [Server thread/WARN]: While this makes the game possible to play without internet access, it also opens up the ability for hackers to connect with any username they choose.
[01:59:58] [Server thread/WARN]: To change this, set "online-mode" to "true" in the server.properties file.
[01:59:58] [Server thread/INFO]: Preparing level "world"
[01:59:58] [Server thread/INFO]: Selecting global world spawn...
[01:59:58] [Server thread/INFO]: Loading 0 persistent chunks...
[01:59:58] [Server thread/INFO]: Preparing spawn area: 100%
[01:59:58] [Server thread/INFO]: Time elapsed: 37 ms
[01:59:58] [Server thread/INFO]: Done (0.038s)! For help, type "help"
[01:59:58] [Server thread/INFO]: Saving chunks for level 'ServerLevel[New World]'/minecraft:overworld
[01:59:58] [Server thread/INFO]: Saving chunks for level 'ServerLevel[New World]'/minecraft:the_end
[01:59:58] [Server thread/INFO]: Saving chunks for level 'ServerLevel[New World]'/minecraft:the_nether
[01:59:58] [Render thread/INFO]: Connecting to localhost, 64714
[01:59:58] [Render thread/INFO]: World loading finished: null screen: net.minecraft.client.gui.screens.ConnectScreen@e9aaffc
[01:59:58] [Render thread/INFO]: World loading finished: null screen: net.minecraft.client.gui.screens.ConnectScreen@e9aaffc
[01:59:59] [Render thread/INFO]: World loading finished: null screen: net.minecraft.client.gui.screens.ConnectScreen@e9aaffc
[01:59:59] [Render thread/INFO]: World loading finished: null screen: net.minecraft.client.gui.screens.ConnectScreen@e9aaffc
[01:59:59] [Render thread/INFO]: World loading finished: null screen: net.minecraft.client.gui.screens.ConnectScreen@e9aaffc
[01:59:59] [Render thread/INFO]: World loading finished: null screen: net.minecraft.client.gui.screens.ConnectScreen@e9aaffc
[01:59:59] [Render thread/INFO]: World loading finished: null screen: net.minecraft.client.gui.screens.ConnectScreen@e9aaffc
[01:59:59] [Render thread/INFO]: World loading finished: null screen: net.minecraft.client.gui.screens.ConnectScreen@e9aaffc
[01:59:59] [Render thread/INFO]: World loading finished: null screen: net.minecraft.client.gui.screens.ConnectScreen@e9aaffc
[01:59:59] [Render thread/INFO]: World loading finished: null screen: net.minecraft.client.gui.screens.ConnectScreen@e9aaffc
[01:59:59] [Render thread/INFO]: World loading finished: null screen: net.minecraft.client.gui.screens.ConnectScreen@e9aaffc
[01:59:59] [Server thread/INFO]: Player282[/127.0.0.1:64722] logged in with entity id 22 at (0.5, 71.0, 0.5)
[01:59:59] [Server thread/INFO]: System chat: Player282 joined the game
[01:59:59] [Render thread/INFO]: Loaded 2 advancements
[01:59:59] [Render thread/INFO]: World loading finished: ClientLevel screen: net.minecraft.client.gui.screens.LevelLoadingScreen@55bd36ec
[01:59:59] [Render thread/INFO]: World loading finished: ClientLevel screen: net.minecraft.client.gui.screens.LevelLoadingScreen@55bd36ec
[01:59:59] [Render thread/INFO]: World loading finished: ClientLevel screen: null
[02:00:06] [Server thread/INFO]: Player282 lost connection: Disconnected
[02:00:06] [Server thread/INFO]: System chat: Player282 left the game
[02:00:06] [Render thread/INFO]: Connecting to localhost, 64714
[02:00:06] [Render thread/INFO]: World loading finished: null screen: net.minecraft.client.gui.screens.ConnectScreen@4fbcd84b
[02:00:06] [Render thread/INFO]: World loading finished: null screen: net.minecraft.client.gui.screens.ConnectScreen@4fbcd84b
[02:00:06] [Render thread/INFO]: World loading finished: null screen: net.minecraft.client.gui.screens.ConnectScreen@4fbcd84b
[02:00:06] [Render thread/INFO]: World loading finished: null screen: net.minecraft.client.gui.screens.ConnectScreen@4fbcd84b
[02:00:06] [Render thread/INFO]: World loading finished: null screen: net.minecraft.client.gui.screens.ConnectScreen@4fbcd84b
[02:00:06] [Render thread/INFO]: World loading finished: null screen: net.minecraft.client.gui.screens.ConnectScreen@4fbcd84b
[02:00:06] [Server thread/INFO]: Player282[/127.0.0.1:64730] logged in with entity id 23 at (1.7, 73.40000000000009, 0.5)
[02:00:06] [Server thread/INFO]: System chat: Player282 joined the game
[02:00:06] [Render thread/INFO]: Loaded 2 advancements
[02:00:06] [Render thread/INFO]: World loading finished: ClientLevel screen: net.minecraft.client.gui.screens.LevelLoadingScreen@64ded6db
[02:00:06] [Render thread/INFO]: World loading finished: ClientLevel screen: net.minecraft.client.gui.screens.LevelLoadingScreen@64ded6db
[02:00:06] [Render thread/INFO]: World loading finished: ClientLevel screen: net.minecraft.client.gui.screens.LevelLoadingScreen@64ded6db
[02:00:06] [Render thread/INFO]: World loading finished: ClientLevel screen: null
[02:00:07] [Server thread/INFO]: Player282 lost connection: Disconnected
[02:00:07] [Server thread/INFO]: System chat: Player282 left the game
[02:00:07] [Server thread/INFO]: Stopping server
[02:00:07] [Server thread/INFO]: Saving players
[02:00:07] [Server thread/INFO]: Saving worlds
[02:00:07] [Server thread/INFO]: Saving chunks for level 'ServerLevel[New World]'/minecraft:overworld
[02:00:07] [Server thread/INFO]: Saving chunks for level 'ServerLevel[New World]'/minecraft:the_end
[02:00:07] [Server thread/INFO]: Saving chunks for level 'ServerLevel[New World]'/minecraft:the_nether
[02:00:07] [Test thread/INFO]: [STDOUT]: WILDCRAFT P2 real keys/hold/sideways/descent/ledge/inner-outer-corners/ceiling/damage/exhaustion/death/dimension/TCP reconnect checks passed
[02:00:07] [Worker-Main-8/INFO]: Loaded 1867 advancements
[02:00:07] [Render thread/INFO]: World loading finished: null screen: net.minecraft.client.gui.screens.GenericMessageScreen@5dba82e3
[02:00:07] [Render thread/INFO]: Applied 0 biome modifications to 0 of 67 new biomes in 168.6 μs
[02:00:07] [Server thread/INFO]: Starting integrated minecraft server version 26.3
[02:00:07] [Server thread/INFO]: Generating keypair
[02:00:07] [Server thread/INFO]: Selecting global world spawn...
[02:00:07] [Server thread/INFO]: Loading 0 persistent chunks...
[02:00:07] [Server thread/INFO]: Preparing spawn area: 16%
[02:00:07] [Server thread/INFO]: Saving chunks for level 'ServerLevel[New World]'/minecraft:overworld
[02:00:07] [Server thread/INFO]: Saving chunks for level 'ServerLevel[New World]'/minecraft:the_end
[02:00:07] [Server thread/INFO]: Saving chunks for level 'ServerLevel[New World]'/minecraft:the_nether
[02:00:07] [Render thread/INFO]: World loading finished: null screen: net.minecraft.client.gui.screens.LevelLoadingScreen@6cc49406
[02:00:07] [Render thread/INFO]: World loading finished: null screen: net.minecraft.client.gui.screens.LevelLoadingScreen@6cc49406
[02:00:07] [Render thread/INFO]: World loading finished: null screen: net.minecraft.client.gui.screens.LevelLoadingScreen@6cc49406
[02:00:07] [Render thread/INFO]: World loading finished: null screen: net.minecraft.client.gui.screens.LevelLoadingScreen@6cc49406
[02:00:07] [Server thread/INFO]: Loading 48 chunks for player spawn...
[02:00:07] [Render thread/INFO]: World loading finished: null screen: net.minecraft.client.gui.screens.LevelLoadingScreen@6cc49406
[02:00:07] [Render thread/INFO]: World loading finished: null screen: net.minecraft.client.gui.screens.LevelLoadingScreen@6cc49406
[02:00:07] [Server thread/INFO]: Time elapsed: 367 ms
[02:00:08] [Render thread/INFO]: World loading finished: null screen: net.minecraft.client.gui.screens.LevelLoadingScreen@6cc49406
[02:00:08] [Server thread/INFO]: Player282[local:E:927664ff] logged in with entity id 24 at (0.5, -60.0, 0.5)
[02:00:08] [Server thread/INFO]: System chat: Player282 joined the game
[02:00:08] [Server thread/INFO]: Changing view distance to 5, from 10
[02:00:08] [Server thread/INFO]: Changing simulation distance to 12, from 0
[02:00:08] [Render thread/INFO]: World loading finished: ClientLevel screen: net.minecraft.client.gui.screens.LevelLoadingScreen@6cc49406
[02:00:08] [Render thread/INFO]: Loaded 2 advancements
[02:00:08] [Render thread/INFO]: World loading finished: ClientLevel screen: net.minecraft.client.gui.screens.LevelLoadingScreen@6cc49406
[02:00:08] [Render thread/INFO]: World loading finished: ClientLevel screen: net.minecraft.client.gui.screens.LevelLoadingScreen@6cc49406
[02:00:08] [Render thread/INFO]: World loading finished: ClientLevel screen: net.minecraft.client.gui.screens.LevelLoadingScreen@6cc49406
[02:00:08] [Render thread/INFO]: World loading finished: ClientLevel screen: net.minecraft.client.gui.screens.LevelLoadingScreen@6cc49406
[02:00:08] [Render thread/INFO]: World loading finished: ClientLevel screen: net.minecraft.client.gui.screens.LevelLoadingScreen@6cc49406
[02:00:08] [Render thread/INFO]: World loading finished: ClientLevel screen: net.minecraft.client.gui.screens.LevelLoadingScreen@6cc49406
[02:00:08] [Render thread/INFO]: World loading finished: ClientLevel screen: net.minecraft.client.gui.screens.LevelLoadingScreen@6cc49406
[02:00:08] [Render thread/INFO]: World loading finished: ClientLevel screen: net.minecraft.client.gui.screens.LevelLoadingScreen@6cc49406
[02:00:08] [Render thread/INFO]: World loading finished: ClientLevel screen: net.minecraft.client.gui.screens.LevelLoadingScreen@6cc49406
[02:00:08] [Render thread/INFO]: World loading finished: ClientLevel screen: net.minecraft.client.gui.screens.LevelLoadingScreen@6cc49406
[02:00:08] [Render thread/INFO]: World loading finished: ClientLevel screen: net.minecraft.client.gui.screens.LevelLoadingScreen@6cc49406
[02:00:08] [Render thread/INFO]: World loading finished: ClientLevel screen: net.minecraft.client.gui.screens.LevelLoadingScreen@6cc49406
[02:00:08] [Render thread/INFO]: World loading finished: ClientLevel screen: net.minecraft.client.gui.screens.LevelLoadingScreen@6cc49406
[02:00:08] [Render thread/INFO]: World loading finished: ClientLevel screen: net.minecraft.client.gui.screens.LevelLoadingScreen@6cc49406
[02:00:08] [Render thread/INFO]: World loading finished: ClientLevel screen: net.minecraft.client.gui.screens.LevelLoadingScreen@6cc49406
[02:00:08] [Render thread/INFO]: World loading finished: ClientLevel screen: null
[02:00:08] [Server thread/INFO]: System chat: Set minecraft:overworld to time marker minecraft:day
[02:00:08] [Render thread/INFO]: Loaded 3 advancements
[02:00:10] [Render thread/INFO]: Reloading ResourceManager: vanilla, vanilla, fabric-advancement-api-v1, fabric-api, fabric-api-base, fabric-api-lookup-api-v1, fabric-biome-api-v1, fabric-block-api-v1, fabric-block-getter-api-v2, fabric-client-gametest-api-v1, fabric-command-api-v2, fabric-content-registries-v0, fabric-convention-tags-v2, fabric-crash-report-info-v1, fabric-creative-tab-api-v1, fabric-data-attachment-api-v1, fabric-data-generation-api-v1, fabric-debug-api-v1, fabric-dimensions-v1, fabric-entity-events-v1, fabric-events-interaction-v0, fabric-game-rule-api-v1, fabric-gametest-api-v1, fabric-item-api-v1, fabric-key-mapping-api-v1, fabric-lifecycle-events-v1, fabric-loot-api-v3, fabric-menu-api-v1, fabric-message-api-v1, fabric-model-loading-api-v1, fabric-networking-api-v1, fabric-object-builder-api-v1, fabric-particles-v1, fabric-permission-api-v1, fabric-recipe-api-v1, fabric-registry-sync-v0, fabric-renderer-api-v1, fabric-renderer-indigo, fabric-rendering-fluids-v1, fabric-rendering-v1, fabric-resource-conditions-api-v1, fabric-resource-loader-v0, fabric-resource-loader-v1, fabric-screen-api-v1, fabric-serialization-api-v1, fabric-sound-api-v1, fabric-tag-api-v1, fabric-transfer-api-v1, fabric-transitive-access-wideners-v1, fabricloader, wildcraft, wildcraft-test
[02:00:10] [Worker-Main-7/INFO]: Found unifont_all_no_pua-17.0.01.hex, loading
[02:00:10] [Worker-Main-9/INFO]: Found unifont_pua-17.0.01.hex, loading
[02:00:10] [Server thread/INFO]: Saving and pausing game...
[02:00:10] [Server thread/INFO]: Saving chunks for level 'ServerLevel[New World]'/minecraft:overworld
[02:00:10] [Server thread/INFO]: Saving chunks for level 'ServerLevel[New World]'/minecraft:the_end
[02:00:10] [Server thread/INFO]: Saving chunks for level 'ServerLevel[New World]'/minecraft:the_nether
[02:00:10] [Render thread/INFO]: Info log when linking program containing VERTEX minecraft:core/terrain, FRAGMENT minecraft:core/terrain. Log output: WARNING: Output of vertex shader '_interface_variable_01' not read by fragment shader
WARNING: Output of vertex shader '_interface_variable_00' not read by fragment shader
WARNING: Output of vertex shader '_interface_variable_04' not read by fragment shader

[02:00:10] [Render thread/INFO]: Info log when linking program containing VERTEX minecraft:core/rendertype_crumbling, FRAGMENT minecraft:core/rendertype_crumbling. Log output: WARNING: Output of vertex shader '_interface_variable_01' not read by fragment shader
WARNING: Output of vertex shader '_interface_variable_00' not read by fragment shader

[02:00:10] [Render thread/INFO]: Info log when linking program containing VERTEX minecraft:core/entity, FRAGMENT minecraft:core/entity. Log output: WARNING: Output of vertex shader '_interface_variable_01' not read by fragment shader
WARNING: Output of vertex shader '_interface_variable_00' not read by fragment shader

[02:00:10] [Render thread/INFO]: Info log when linking program containing VERTEX minecraft:core/rendertype_lines, FRAGMENT minecraft:core/rendertype_lines. Log output: WARNING: Output of vertex shader '_interface_variable_01' not read by fragment shader
WARNING: Output of vertex shader '_interface_variable_00' not read by fragment shader

[02:00:10] [Worker-Main-4/INFO]: Found unifont_jp_patch-17.0.01.hex, loading
[02:00:10] [Render thread/INFO]: Info log when linking program containing VERTEX minecraft:core/terrain, FRAGMENT minecraft:core/terrain. Log output: WARNING: Output of vertex shader '_interface_variable_01' not read by fragment shader
WARNING: Output of vertex shader '_interface_variable_00' not read by fragment shader
WARNING: Output of vertex shader '_interface_variable_04' not read by fragment shader

[02:00:10] [Render thread/INFO]: Info log when linking program containing VERTEX minecraft:core/text, FRAGMENT minecraft:core/text. Log output: WARNING: Output of vertex shader '_interface_variable_01' not read by fragment shader
WARNING: Output of vertex shader '_interface_variable_00' not read by fragment shader

[02:00:10] [Render thread/INFO]: Info log when linking program containing VERTEX minecraft:core/text, FRAGMENT minecraft:core/text. Log output: WARNING: Output of vertex shader '_interface_variable_01' not read by fragment shader
WARNING: Output of vertex shader '_interface_variable_00' not read by fragment shader

[02:00:10] [Render thread/INFO]: Info log when linking program containing VERTEX minecraft:core/entity, FRAGMENT minecraft:core/entity. Log output: WARNING: Output of vertex shader '_interface_variable_01' not read by fragment shader
WARNING: Output of vertex shader '_interface_variable_00' not read by fragment shader

[02:00:10] [Render thread/INFO]: Info log when linking program containing VERTEX minecraft:core/block, FRAGMENT minecraft:core/block. Log output: WARNING: Output of vertex shader '_interface_variable_01' not read by fragment shader
WARNING: Output of vertex shader '_interface_variable_00' not read by fragment shader

[02:00:10] [Render thread/INFO]: Info log when linking program containing VERTEX minecraft:core/entity, FRAGMENT minecraft:core/entity. Log output: WARNING: Output of vertex shader '_interface_variable_01' not read by fragment shader
WARNING: Output of vertex shader '_interface_variable_00' not read by fragment shader

[02:00:10] [Render thread/INFO]: Info log when linking program containing VERTEX minecraft:core/rendertype_entity_shadow, FRAGMENT minecraft:core/rendertype_entity_shadow. Log output: WARNING: Output of vertex shader '_interface_variable_01' not read by fragment shader
WARNING: Output of vertex shader '_interface_variable_00' not read by fragment shader

[02:00:10] [Render thread/INFO]: Info log when linking program containing VERTEX minecraft:core/particle, FRAGMENT minecraft:core/particle. Log output: WARNING: Output of vertex shader '_interface_variable_01' not read by fragment shader
WARNING: Output of vertex shader '_interface_variable_00' not read by fragment shader

[02:00:10] [Render thread/INFO]: Info log when linking program containing VERTEX minecraft:core/screenquad, FRAGMENT minecraft:core/oit_composite. Log output: WARNING: Output of vertex shader '_interface_variable_00' not read by fragment shader

[02:00:10] [Render thread/INFO]: Info log when linking program containing VERTEX minecraft:core/screenquad, FRAGMENT minecraft:core/integrate_depth. Log output: WARNING: Output of vertex shader '_interface_variable_00' not read by fragment shader

[02:00:10] [Render thread/INFO]: Info log when linking program containing VERTEX minecraft:core/terrain, FRAGMENT minecraft:core/terrain. Log output: WARNING: Output of vertex shader '_interface_variable_01' not read by fragment shader
WARNING: Output of vertex shader '_interface_variable_00' not read by fragment shader
WARNING: Output of vertex shader '_interface_variable_04' not read by fragment shader

[02:00:10] [Render thread/INFO]: Info log when linking program containing VERTEX minecraft:core/animate_sprite, FRAGMENT minecraft:core/animate_sprite_blit. Log output: WARNING: Output of vertex shader '_interface_variable_00' not read by fragment shader

[02:00:10] [Render thread/INFO]: Info log when linking program containing VERTEX minecraft:core/entity, FRAGMENT minecraft:core/entity. Log output: WARNING: Output of vertex shader '_interface_variable_01' not read by fragment shader
WARNING: Output of vertex shader '_interface_variable_00' not read by fragment shader

[02:00:10] [Render thread/INFO]: Info log when linking program containing VERTEX minecraft:core/entity, FRAGMENT minecraft:core/entity. Log output: WARNING: Output of vertex shader '_interface_variable_01' not read by fragment shader
WARNING: Output of vertex shader '_interface_variable_00' not read by fragment shader

[02:00:10] [Render thread/INFO]: Info log when linking program containing VERTEX minecraft:core/entity, FRAGMENT minecraft:core/entity. Log output: WARNING: Output of vertex shader '_interface_variable_01' not read by fragment shader
WARNING: Output of vertex shader '_interface_variable_00' not read by fragment shader

[02:00:10] [Render thread/INFO]: Info log when linking program containing VERTEX minecraft:core/clouds, FRAGMENT minecraft:core/clouds. Log output: WARNING: Output of vertex shader '_interface_variable_00' not read by fragment shader

[02:00:10] [Render thread/INFO]: Info log when linking program containing VERTEX minecraft:core/particle, FRAGMENT minecraft:core/particle. Log output: WARNING: Output of vertex shader '_interface_variable_01' not read by fragment shader
WARNING: Output of vertex shader '_interface_variable_00' not read by fragment shader

[02:00:10] [Render thread/INFO]: Info log when linking program containing VERTEX minecraft:core/screenquad, FRAGMENT minecraft:core/oit_depth_bounds_cull. Log output: WARNING: Output of vertex shader '_interface_variable_00' not read by fragment shader

[02:00:10] [Render thread/INFO]: Info log when linking program containing VERTEX minecraft:core/entity, FRAGMENT minecraft:core/entity. Log output: WARNING: Output of vertex shader '_interface_variable_01' not read by fragment shader
WARNING: Output of vertex shader '_interface_variable_00' not read by fragment shader

[02:00:10] [Render thread/INFO]: Info log when linking program containing VERTEX minecraft:core/block, FRAGMENT minecraft:core/block. Log output: WARNING: Output of vertex shader '_interface_variable_01' not read by fragment shader
WARNING: Output of vertex shader '_interface_variable_00' not read by fragment shader

[02:00:10] [Render thread/INFO]: Info log when linking program containing VERTEX minecraft:core/text, FRAGMENT minecraft:core/text. Log output: WARNING: Output of vertex shader '_interface_variable_01' not read by fragment shader
WARNING: Output of vertex shader '_interface_variable_00' not read by fragment shader

[02:00:10] [Render thread/INFO]: Info log when linking program containing VERTEX minecraft:core/text, FRAGMENT minecraft:core/text. Log output: WARNING: Output of vertex shader '_interface_variable_01' not read by fragment shader
WARNING: Output of vertex shader '_interface_variable_00' not read by fragment shader

[02:00:10] [Render thread/INFO]: Info log when linking program containing VERTEX minecraft:core/text, FRAGMENT minecraft:core/text. Log output: WARNING: Output of vertex shader '_interface_variable_01' not read by fragment shader
WARNING: Output of vertex shader '_interface_variable_00' not read by fragment shader

[02:00:10] [Render thread/INFO]: Info log when linking program containing VERTEX minecraft:core/entity, FRAGMENT minecraft:core/entity. Log output: WARNING: Output of vertex shader '_interface_variable_01' not read by fragment shader
WARNING: Output of vertex shader '_interface_variable_00' not read by fragment shader

[02:00:10] [Render thread/INFO]: Info log when linking program containing VERTEX minecraft:core/text, FRAGMENT minecraft:core/text. Log output: WARNING: Output of vertex shader '_interface_variable_01' not read by fragment shader
WARNING: Output of vertex shader '_interface_variable_00' not read by fragment shader

[02:00:10] [Render thread/INFO]: Info log when linking program containing VERTEX minecraft:core/terrain, FRAGMENT minecraft:core/terrain. Log output: WARNING: Output of vertex shader '_interface_variable_01' not read by fragment shader
WARNING: Output of vertex shader '_interface_variable_00' not read by fragment shader
WARNING: Output of vertex shader '_interface_variable_04' not read by fragment shader

[02:00:10] [Render thread/INFO]: Info log when linking program containing VERTEX minecraft:core/clouds, FRAGMENT minecraft:core/clouds. Log output: WARNING: Output of vertex shader '_interface_variable_00' not read by fragment shader

[02:00:10] [Render thread/INFO]: Info log when linking program containing VERTEX minecraft:core/rendertype_entity_shadow, FRAGMENT minecraft:core/rendertype_entity_shadow. Log output: WARNING: Output of vertex shader '_interface_variable_01' not read by fragment shader
WARNING: Output of vertex shader '_interface_variable_00' not read by fragment shader

[02:00:10] [Render thread/INFO]: Info log when linking program containing VERTEX minecraft:core/entity, FRAGMENT minecraft:core/entity. Log output: WARNING: Output of vertex shader '_interface_variable_01' not read by fragment shader
WARNING: Output of vertex shader '_interface_variable_00' not read by fragment shader

[02:00:10] [Render thread/INFO]: Info log when linking program containing VERTEX minecraft:core/particle, FRAGMENT minecraft:core/particle. Log output: WARNING: Output of vertex shader '_interface_variable_01' not read by fragment shader
WARNING: Output of vertex shader '_interface_variable_00' not read by fragment shader

[02:00:10] [Render thread/INFO]: Info log when linking program containing VERTEX minecraft:core/rendertype_lines, FRAGMENT minecraft:core/rendertype_lines. Log output: WARNING: Output of vertex shader '_interface_variable_01' not read by fragment shader
WARNING: Output of vertex shader '_interface_variable_00' not read by fragment shader

[02:00:10] [Render thread/INFO]: Info log when linking program containing VERTEX minecraft:core/entity, FRAGMENT minecraft:core/entity. Log output: WARNING: Output of vertex shader '_interface_variable_01' not read by fragment shader
WARNING: Output of vertex shader '_interface_variable_00' not read by fragment shader

[02:00:10] [Render thread/INFO]: Info log when linking program containing VERTEX minecraft:core/entity, FRAGMENT minecraft:core/entity. Log output: WARNING: Output of vertex shader '_interface_variable_01' not read by fragment shader
WARNING: Output of vertex shader '_interface_variable_00' not read by fragment shader

[02:00:10] [Render thread/INFO]: Info log when linking program containing VERTEX minecraft:core/rendertype_crumbling, FRAGMENT minecraft:core/rendertype_crumbling. Log output: WARNING: Output of vertex shader '_interface_variable_01' not read by fragment shader
WARNING: Output of vertex shader '_interface_variable_00' not read by fragment shader

[02:00:10] [Render thread/INFO]: Info log when linking program containing VERTEX minecraft:core/particle, FRAGMENT minecraft:core/particle. Log output: WARNING: Output of vertex shader '_interface_variable_01' not read by fragment shader
WARNING: Output of vertex shader '_interface_variable_00' not read by fragment shader

[02:00:10] [Render thread/INFO]: Info log when linking program containing VERTEX minecraft:core/text, FRAGMENT minecraft:core/text. Log output: WARNING: Output of vertex shader '_interface_variable_01' not read by fragment shader
WARNING: Output of vertex shader '_interface_variable_00' not read by fragment shader

[02:00:10] [Render thread/INFO]: Info log when linking program containing VERTEX minecraft:core/entity, FRAGMENT minecraft:core/entity. Log output: WARNING: Output of vertex shader '_interface_variable_01' not read by fragment shader
WARNING: Output of vertex shader '_interface_variable_00' not read by fragment shader

[02:00:10] [Render thread/INFO]: Info log when linking program containing VERTEX minecraft:core/text, FRAGMENT minecraft:core/text. Log output: WARNING: Output of vertex shader '_interface_variable_01' not read by fragment shader
WARNING: Output of vertex shader '_interface_variable_00' not read by fragment shader

[02:00:10] [Render thread/INFO]: OpenAL initialized on device Mac mini扬声器
[02:00:10] [Render thread/INFO]: Sound engine started
[02:00:10] [Render thread/INFO]: Created: 512x256x0 minecraft:textures/atlas/particles.png-atlas
[02:00:10] [Render thread/INFO]: Created: 256x128x0 minecraft:textures/atlas/celestials.png-atlas
[02:00:10] [Render thread/INFO]: Created: 128x128x0 minecraft:textures/atlas/decorated_pot.png-atlas
[02:00:10] [Render thread/INFO]: Created: 512x256x0 minecraft:textures/atlas/paintings.png-atlas
[02:00:10] [Render thread/INFO]: Created: 1024x512x0 minecraft:textures/atlas/shield_patterns.png-atlas
[02:00:10] [Render thread/INFO]: Created: 1024x512x0 minecraft:textures/atlas/banner_patterns.png-atlas
[02:00:10] [Render thread/INFO]: Created: 2048x2048x4 minecraft:textures/atlas/blocks.png-atlas
[02:00:10] [Render thread/INFO]: Created: 1024x512x0 minecraft:textures/atlas/items.png-atlas
[02:00:10] [Render thread/INFO]: Created: 1024x1024x0 minecraft:textures/atlas/gui.png-atlas
[02:00:10] [Render thread/INFO]: Created: 128x64x0 minecraft:textures/atlas/map_decorations.png-atlas
[02:00:10] [Render thread/INFO]: Created: 512x512x0 minecraft:textures/atlas/chest.png-atlas
[02:00:10] [Render thread/INFO]: Created: 512x512x0 minecraft:textures/atlas/shulker_boxes.png-atlas
[02:00:10] [Render thread/WARN]: Requested post effect does not exist: minecraft:end_of_frame
[02:00:13] [Server thread/INFO]: System chat: 已将Player282的游戏模式改为创造模式
[02:00:13] [Render thread/INFO]: [System] [CHAT] 你的游戏模式已被更新为创造模式
[02:00:14] [Server thread/INFO]: System chat: 已将Player282的游戏模式改为生存模式
[02:00:14] [Render thread/INFO]: [System] [CHAT] 你的游戏模式已被更新为生存模式
[02:00:22] [Server thread/INFO]: System chat: 已将1.0伤害施加于Player282
[02:00:25] [Server thread/INFO]: System chat: Player282取得了进度[勇往直下]
[02:00:25] [Render thread/INFO]: [System] [CHAT] Player282取得了进度[勇往直下]
[02:00:25] [Render thread/INFO]: Loaded 30 advancements
[02:00:26] [Server thread/INFO]: System chat: Player282被杀死了
[02:00:26] [Server thread/INFO]: System chat: 杀死了Player282
[02:00:26] [Render thread/INFO]: [System] [CHAT] Player282被杀死了
[02:00:26] [Server thread/INFO]: System chat: Player282被杀死了
[02:00:26] [Server thread/INFO]: System chat: 杀死了Player282
[02:00:26] [Render thread/INFO]: [System] [CHAT] Player282被杀死了
[02:00:26] [Server thread/INFO]: Player282 lost connection: 连接中断
[02:00:26] [Server thread/INFO]: System chat: Player282退出了游戏
[02:00:26] [Server thread/INFO]: Stopping singleplayer server as player logged out
[02:00:26] [Server thread/INFO]: Stopping server
[02:00:26] [Server thread/INFO]: Saving players
[02:00:26] [Server thread/INFO]: Saving worlds
[02:00:26] [Server thread/INFO]: Saving chunks for level 'ServerLevel[New World]'/minecraft:overworld
[02:00:26] [Server thread/INFO]: Saving chunks for level 'ServerLevel[New World]'/minecraft:the_end
[02:00:26] [Server thread/INFO]: Saving chunks for level 'ServerLevel[New World]'/minecraft:the_nether
[02:00:27] [Render thread/INFO]: World loading finished: null screen: net.minecraft.client.gui.screens.GenericMessageScreen@2d47cb46
[02:00:27] [Worker-Main-2/INFO]: Loaded 1867 advancements
[02:00:27] [Render thread/INFO]: Applied 0 biome modifications to 0 of 67 new biomes in 122.9 μs
[02:00:27] [Server thread/INFO]: Starting integrated minecraft server version 26.3
[02:00:27] [Server thread/INFO]: Generating keypair
[02:00:27] [Server thread/INFO]: Loading 0 persistent chunks...
[02:00:27] [Server thread/INFO]: 准备生成区域中：16%
[02:00:27] [Server thread/INFO]: Saving chunks for level 'ServerLevel[New World]'/minecraft:overworld
[02:00:27] [Server thread/INFO]: Saving chunks for level 'ServerLevel[New World]'/minecraft:the_end
[02:00:27] [Server thread/INFO]: Saving chunks for level 'ServerLevel[New World]'/minecraft:the_nether
[02:00:27] [Render thread/INFO]: World loading finished: null screen: net.minecraft.client.gui.screens.LevelLoadingScreen@74bc37ff
[02:00:27] [Render thread/INFO]: World loading finished: null screen: net.minecraft.client.gui.screens.LevelLoadingScreen@74bc37ff
[02:00:27] [Render thread/INFO]: World loading finished: null screen: net.minecraft.client.gui.screens.LevelLoadingScreen@74bc37ff
[02:00:27] [Render thread/INFO]: World loading finished: null screen: net.minecraft.client.gui.screens.LevelLoadingScreen@74bc37ff
[02:00:27] [Server thread/INFO]: Loading 49 chunks for player spawn...
[02:00:27] [Render thread/INFO]: World loading finished: null screen: net.minecraft.client.gui.screens.LevelLoadingScreen@74bc37ff
[02:00:27] [Server thread/INFO]: Time elapsed: 265 ms
[02:00:27] [Render thread/INFO]: World loading finished: null screen: net.minecraft.client.gui.screens.LevelLoadingScreen@74bc37ff
[02:00:27] [Server thread/INFO]: Player282[local:E:d4eecb38] logged in with entity id 36 at (0.5, 94.76159999847413, 0.8200000000000001)
[02:00:27] [Server thread/INFO]: System chat: Player282加入了游戏
[02:00:27] [Server thread/INFO]: Changing view distance to 5, from 10
[02:00:27] [Server thread/INFO]: Changing simulation distance to 12, from 0
[02:00:27] [Render thread/INFO]: World loading finished: ClientLevel screen: net.minecraft.client.gui.screens.LevelLoadingScreen@74bc37ff
[02:00:27] [Render thread/INFO]: Loaded 30 advancements
[02:00:27] [Render thread/INFO]: World loading finished: ClientLevel screen: net.minecraft.client.gui.screens.LevelLoadingScreen@74bc37ff
[02:00:27] [Render thread/INFO]: World loading finished: ClientLevel screen: net.minecraft.client.gui.screens.LevelLoadingScreen@74bc37ff
[02:00:27] [Render thread/INFO]: World loading finished: ClientLevel screen: null
[02:00:28] [Server thread/INFO]: Player282 lost connection: 连接中断
[02:00:28] [Server thread/INFO]: System chat: Player282退出了游戏
[02:00:28] [Server thread/INFO]: Stopping singleplayer server as player logged out
[02:00:28] [Server thread/INFO]: Stopping server
[02:00:28] [Server thread/INFO]: Saving players
[02:00:28] [Server thread/INFO]: Saving worlds
[02:00:28] [Server thread/INFO]: Saving chunks for level 'ServerLevel[New World]'/minecraft:overworld
[02:00:28] [Server thread/INFO]: Saving chunks for level 'ServerLevel[New World]'/minecraft:the_end
[02:00:28] [Server thread/INFO]: Saving chunks for level 'ServerLevel[New World]'/minecraft:the_nether
[02:00:28] [Render thread/INFO]: Reloading ResourceManager: vanilla, vanilla, fabric-advancement-api-v1, fabric-api, fabric-api-base, fabric-api-lookup-api-v1, fabric-biome-api-v1, fabric-block-api-v1, fabric-block-getter-api-v2, fabric-client-gametest-api-v1, fabric-command-api-v2, fabric-content-registries-v0, fabric-convention-tags-v2, fabric-crash-report-info-v1, fabric-creative-tab-api-v1, fabric-data-attachment-api-v1, fabric-data-generation-api-v1, fabric-debug-api-v1, fabric-dimensions-v1, fabric-entity-events-v1, fabric-events-interaction-v0, fabric-game-rule-api-v1, fabric-gametest-api-v1, fabric-item-api-v1, fabric-key-mapping-api-v1, fabric-lifecycle-events-v1, fabric-loot-api-v3, fabric-menu-api-v1, fabric-message-api-v1, fabric-model-loading-api-v1, fabric-networking-api-v1, fabric-object-builder-api-v1, fabric-particles-v1, fabric-permission-api-v1, fabric-recipe-api-v1, fabric-registry-sync-v0, fabric-renderer-api-v1, fabric-renderer-indigo, fabric-rendering-fluids-v1, fabric-rendering-v1, fabric-resource-conditions-api-v1, fabric-resource-loader-v0, fabric-resource-loader-v1, fabric-screen-api-v1, fabric-serialization-api-v1, fabric-sound-api-v1, fabric-tag-api-v1, fabric-transfer-api-v1, fabric-transitive-access-wideners-v1, fabricloader, wildcraft, wildcraft-test
[02:00:28] [Worker-Main-7/INFO]: Found unifont_all_no_pua-17.0.01.hex, loading
[02:00:28] [Worker-Main-6/INFO]: Found unifont_pua-17.0.01.hex, loading
[02:00:28] [Render thread/INFO]: Info log when linking program containing VERTEX minecraft:core/terrain, FRAGMENT minecraft:core/terrain. Log output: WARNING: Output of vertex shader '_interface_variable_01' not read by fragment shader
WARNING: Output of vertex shader '_interface_variable_00' not read by fragment shader
WARNING: Output of vertex shader '_interface_variable_04' not read by fragment shader

[02:00:28] [Render thread/INFO]: Info log when linking program containing VERTEX minecraft:core/rendertype_crumbling, FRAGMENT minecraft:core/rendertype_crumbling. Log output: WARNING: Output of vertex shader '_interface_variable_01' not read by fragment shader
WARNING: Output of vertex shader '_interface_variable_00' not read by fragment shader

[02:00:28] [Render thread/INFO]: Info log when linking program containing VERTEX minecraft:core/entity, FRAGMENT minecraft:core/entity. Log output: WARNING: Output of vertex shader '_interface_variable_01' not read by fragment shader
WARNING: Output of vertex shader '_interface_variable_00' not read by fragment shader

[02:00:28] [Render thread/INFO]: Info log when linking program containing VERTEX minecraft:core/rendertype_lines, FRAGMENT minecraft:core/rendertype_lines. Log output: WARNING: Output of vertex shader '_interface_variable_01' not read by fragment shader
WARNING: Output of vertex shader '_interface_variable_00' not read by fragment shader

[02:00:28] [Render thread/INFO]: Info log when linking program containing VERTEX minecraft:core/terrain, FRAGMENT minecraft:core/terrain. Log output: WARNING: Output of vertex shader '_interface_variable_01' not read by fragment shader
WARNING: Output of vertex shader '_interface_variable_00' not read by fragment shader
WARNING: Output of vertex shader '_interface_variable_04' not read by fragment shader

[02:00:28] [Render thread/INFO]: Info log when linking program containing VERTEX minecraft:core/text, FRAGMENT minecraft:core/text. Log output: WARNING: Output of vertex shader '_interface_variable_01' not read by fragment shader
WARNING: Output of vertex shader '_interface_variable_00' not read by fragment shader

[02:00:28] [Render thread/INFO]: Info log when linking program containing VERTEX minecraft:core/entity, FRAGMENT minecraft:core/entity. Log output: WARNING: Output of vertex shader '_interface_variable_01' not read by fragment shader
WARNING: Output of vertex shader '_interface_variable_00' not read by fragment shader

[02:00:28] [Worker-Main-7/INFO]: Found unifont_jp_patch-17.0.01.hex, loading
[02:00:28] [Render thread/INFO]: Info log when linking program containing VERTEX minecraft:core/text, FRAGMENT minecraft:core/text. Log output: WARNING: Output of vertex shader '_interface_variable_01' not read by fragment shader
WARNING: Output of vertex shader '_interface_variable_00' not read by fragment shader

[02:00:28] [Render thread/INFO]: Info log when linking program containing VERTEX minecraft:core/block, FRAGMENT minecraft:core/block. Log output: WARNING: Output of vertex shader '_interface_variable_01' not read by fragment shader
WARNING: Output of vertex shader '_interface_variable_00' not read by fragment shader

[02:00:28] [Render thread/INFO]: Info log when linking program containing VERTEX minecraft:core/entity, FRAGMENT minecraft:core/entity. Log output: WARNING: Output of vertex shader '_interface_variable_01' not read by fragment shader
WARNING: Output of vertex shader '_interface_variable_00' not read by fragment shader

[02:00:28] [Render thread/INFO]: Info log when linking program containing VERTEX minecraft:core/particle, FRAGMENT minecraft:core/particle. Log output: WARNING: Output of vertex shader '_interface_variable_01' not read by fragment shader
WARNING: Output of vertex shader '_interface_variable_00' not read by fragment shader

[02:00:28] [Render thread/INFO]: Info log when linking program containing VERTEX minecraft:core/rendertype_entity_shadow, FRAGMENT minecraft:core/rendertype_entity_shadow. Log output: WARNING: Output of vertex shader '_interface_variable_01' not read by fragment shader
WARNING: Output of vertex shader '_interface_variable_00' not read by fragment shader

[02:00:28] [Render thread/INFO]: Info log when linking program containing VERTEX minecraft:core/screenquad, FRAGMENT minecraft:core/oit_composite. Log output: WARNING: Output of vertex shader '_interface_variable_00' not read by fragment shader

[02:00:28] [Render thread/INFO]: Info log when linking program containing VERTEX minecraft:core/screenquad, FRAGMENT minecraft:core/integrate_depth. Log output: WARNING: Output of vertex shader '_interface_variable_00' not read by fragment shader

[02:00:28] [Render thread/INFO]: Info log when linking program containing VERTEX minecraft:core/entity, FRAGMENT minecraft:core/entity. Log output: WARNING: Output of vertex shader '_interface_variable_01' not read by fragment shader
WARNING: Output of vertex shader '_interface_variable_00' not read by fragment shader

[02:00:28] [Render thread/INFO]: Info log when linking program containing VERTEX minecraft:core/terrain, FRAGMENT minecraft:core/terrain. Log output: WARNING: Output of vertex shader '_interface_variable_01' not read by fragment shader
WARNING: Output of vertex shader '_interface_variable_00' not read by fragment shader
WARNING: Output of vertex shader '_interface_variable_04' not read by fragment shader

[02:00:28] [Render thread/INFO]: Info log when linking program containing VERTEX minecraft:core/animate_sprite, FRAGMENT minecraft:core/animate_sprite_blit. Log output: WARNING: Output of vertex shader '_interface_variable_00' not read by fragment shader

[02:00:28] [Render thread/INFO]: Info log when linking program containing VERTEX minecraft:core/entity, FRAGMENT minecraft:core/entity. Log output: WARNING: Output of vertex shader '_interface_variable_01' not read by fragment shader
WARNING: Output of vertex shader '_interface_variable_00' not read by fragment shader

[02:00:28] [Render thread/INFO]: Info log when linking program containing VERTEX minecraft:core/entity, FRAGMENT minecraft:core/entity. Log output: WARNING: Output of vertex shader '_interface_variable_01' not read by fragment shader
WARNING: Output of vertex shader '_interface_variable_00' not read by fragment shader

[02:00:28] [Render thread/INFO]: Info log when linking program containing VERTEX minecraft:core/particle, FRAGMENT minecraft:core/particle. Log output: WARNING: Output of vertex shader '_interface_variable_01' not read by fragment shader
WARNING: Output of vertex shader '_interface_variable_00' not read by fragment shader

[02:00:28] [Render thread/INFO]: Info log when linking program containing VERTEX minecraft:core/screenquad, FRAGMENT minecraft:core/oit_depth_bounds_cull. Log output: WARNING: Output of vertex shader '_interface_variable_00' not read by fragment shader

[02:00:28] [Render thread/INFO]: Info log when linking program containing VERTEX minecraft:core/clouds, FRAGMENT minecraft:core/clouds. Log output: WARNING: Output of vertex shader '_interface_variable_00' not read by fragment shader

[02:00:28] [Render thread/INFO]: Info log when linking program containing VERTEX minecraft:core/entity, FRAGMENT minecraft:core/entity. Log output: WARNING: Output of vertex shader '_interface_variable_01' not read by fragment shader
WARNING: Output of vertex shader '_interface_variable_00' not read by fragment shader

[02:00:28] [Render thread/INFO]: Info log when linking program containing VERTEX minecraft:core/block, FRAGMENT minecraft:core/block. Log output: WARNING: Output of vertex shader '_interface_variable_01' not read by fragment shader
WARNING: Output of vertex shader '_interface_variable_00' not read by fragment shader

[02:00:28] [Render thread/INFO]: Info log when linking program containing VERTEX minecraft:core/text, FRAGMENT minecraft:core/text. Log output: WARNING: Output of vertex shader '_interface_variable_01' not read by fragment shader
WARNING: Output of vertex shader '_interface_variable_00' not read by fragment shader

[02:00:29] [Render thread/INFO]: Info log when linking program containing VERTEX minecraft:core/text, FRAGMENT minecraft:core/text. Log output: WARNING: Output of vertex shader '_interface_variable_01' not read by fragment shader
WARNING: Output of vertex shader '_interface_variable_00' not read by fragment shader

[02:00:29] [Render thread/INFO]: Info log when linking program containing VERTEX minecraft:core/entity, FRAGMENT minecraft:core/entity. Log output: WARNING: Output of vertex shader '_interface_variable_01' not read by fragment shader
WARNING: Output of vertex shader '_interface_variable_00' not read by fragment shader

[02:00:29] [Render thread/INFO]: Info log when linking program containing VERTEX minecraft:core/text, FRAGMENT minecraft:core/text. Log output: WARNING: Output of vertex shader '_interface_variable_01' not read by fragment shader
WARNING: Output of vertex shader '_interface_variable_00' not read by fragment shader

[02:00:29] [Render thread/INFO]: Info log when linking program containing VERTEX minecraft:core/text, FRAGMENT minecraft:core/text. Log output: WARNING: Output of vertex shader '_interface_variable_01' not read by fragment shader
WARNING: Output of vertex shader '_interface_variable_00' not read by fragment shader

[02:00:29] [Render thread/INFO]: Info log when linking program containing VERTEX minecraft:core/clouds, FRAGMENT minecraft:core/clouds. Log output: WARNING: Output of vertex shader '_interface_variable_00' not read by fragment shader

[02:00:29] [Render thread/INFO]: Info log when linking program containing VERTEX minecraft:core/rendertype_lines, FRAGMENT minecraft:core/rendertype_lines. Log output: WARNING: Output of vertex shader '_interface_variable_01' not read by fragment shader
WARNING: Output of vertex shader '_interface_variable_00' not read by fragment shader

[02:00:29] [Render thread/INFO]: Info log when linking program containing VERTEX minecraft:core/terrain, FRAGMENT minecraft:core/terrain. Log output: WARNING: Output of vertex shader '_interface_variable_01' not read by fragment shader
WARNING: Output of vertex shader '_interface_variable_00' not read by fragment shader
WARNING: Output of vertex shader '_interface_variable_04' not read by fragment shader

[02:00:29] [Render thread/INFO]: Info log when linking program containing VERTEX minecraft:core/rendertype_entity_shadow, FRAGMENT minecraft:core/rendertype_entity_shadow. Log output: WARNING: Output of vertex shader '_interface_variable_01' not read by fragment shader
WARNING: Output of vertex shader '_interface_variable_00' not read by fragment shader

[02:00:29] [Render thread/INFO]: Info log when linking program containing VERTEX minecraft:core/entity, FRAGMENT minecraft:core/entity. Log output: WARNING: Output of vertex shader '_interface_variable_01' not read by fragment shader
WARNING: Output of vertex shader '_interface_variable_00' not read by fragment shader

[02:00:29] [Render thread/INFO]: Info log when linking program containing VERTEX minecraft:core/particle, FRAGMENT minecraft:core/particle. Log output: WARNING: Output of vertex shader '_interface_variable_01' not read by fragment shader
WARNING: Output of vertex shader '_interface_variable_00' not read by fragment shader

[02:00:29] [Render thread/INFO]: Info log when linking program containing VERTEX minecraft:core/entity, FRAGMENT minecraft:core/entity. Log output: WARNING: Output of vertex shader '_interface_variable_01' not read by fragment shader
WARNING: Output of vertex shader '_interface_variable_00' not read by fragment shader

[02:00:29] [Render thread/INFO]: Info log when linking program containing VERTEX minecraft:core/text, FRAGMENT minecraft:core/text. Log output: WARNING: Output of vertex shader '_interface_variable_01' not read by fragment shader
WARNING: Output of vertex shader '_interface_variable_00' not read by fragment shader

[02:00:29] [Render thread/INFO]: Info log when linking program containing VERTEX minecraft:core/rendertype_crumbling, FRAGMENT minecraft:core/rendertype_crumbling. Log output: WARNING: Output of vertex shader '_interface_variable_01' not read by fragment shader
WARNING: Output of vertex shader '_interface_variable_00' not read by fragment shader

[02:00:29] [Render thread/INFO]: Info log when linking program containing VERTEX minecraft:core/particle, FRAGMENT minecraft:core/particle. Log output: WARNING: Output of vertex shader '_interface_variable_01' not read by fragment shader
WARNING: Output of vertex shader '_interface_variable_00' not read by fragment shader

[02:00:29] [Render thread/INFO]: Info log when linking program containing VERTEX minecraft:core/entity, FRAGMENT minecraft:core/entity. Log output: WARNING: Output of vertex shader '_interface_variable_01' not read by fragment shader
WARNING: Output of vertex shader '_interface_variable_00' not read by fragment shader

[02:00:29] [Render thread/INFO]: Info log when linking program containing VERTEX minecraft:core/text, FRAGMENT minecraft:core/text. Log output: WARNING: Output of vertex shader '_interface_variable_01' not read by fragment shader
WARNING: Output of vertex shader '_interface_variable_00' not read by fragment shader

[02:00:29] [Render thread/INFO]: Info log when linking program containing VERTEX minecraft:core/entity, FRAGMENT minecraft:core/entity. Log output: WARNING: Output of vertex shader '_interface_variable_01' not read by fragment shader
WARNING: Output of vertex shader '_interface_variable_00' not read by fragment shader

[02:00:29] [Render thread/INFO]: OpenAL initialized on device Mac mini扬声器
[02:00:29] [Render thread/INFO]: Sound engine started
[02:00:29] [Render thread/INFO]: Created: 512x256x0 minecraft:textures/atlas/particles.png-atlas
[02:00:29] [Render thread/INFO]: Created: 256x128x0 minecraft:textures/atlas/celestials.png-atlas
[02:00:29] [Render thread/INFO]: Created: 128x128x0 minecraft:textures/atlas/decorated_pot.png-atlas
[02:00:29] [Render thread/INFO]: Created: 512x256x0 minecraft:textures/atlas/paintings.png-atlas
[02:00:29] [Render thread/INFO]: Created: 1024x512x0 minecraft:textures/atlas/shield_patterns.png-atlas
[02:00:29] [Render thread/INFO]: Created: 1024x512x0 minecraft:textures/atlas/banner_patterns.png-atlas
[02:00:29] [Render thread/INFO]: Created: 2048x2048x4 minecraft:textures/atlas/blocks.png-atlas
[02:00:29] [Render thread/INFO]: Created: 1024x512x0 minecraft:textures/atlas/items.png-atlas
[02:00:29] [Render thread/INFO]: Created: 1024x1024x0 minecraft:textures/atlas/gui.png-atlas
[02:00:29] [Render thread/INFO]: Created: 128x64x0 minecraft:textures/atlas/map_decorations.png-atlas
[02:00:29] [Render thread/INFO]: Created: 512x512x0 minecraft:textures/atlas/chest.png-atlas
[02:00:29] [Render thread/INFO]: Created: 512x512x0 minecraft:textures/atlas/shulker_boxes.png-atlas
[02:00:31] [Worker-Main-6/INFO]: Loaded 1867 advancements
[02:00:32] [Thread-5/WARN]: Unable to parse version 27.0 to a codename.
[02:00:32] [Thread-5/INFO]: Environment: Environment[discoveryUrl=https://discovery.minecraftservices.com/minecraft/client, name=PROD]
[02:00:32] [Worker-Main-2/INFO]: Loaded 1867 advancements
[02:00:32] [Thread-5/INFO]: Applied 0 biome modifications to 0 of 67 new biomes in 126.4 μs
[02:00:32] [Server thread/INFO]: Starting minecraft server version 26.3
[02:00:32] [Server thread/INFO]: Loading properties
[02:00:32] [Server thread/INFO]: Default game type: SURVIVAL
[02:00:32] [Server thread/INFO]: Generating keypair
[02:00:32] [Server thread/INFO]: Starting Minecraft server on 127.0.0.1:64745
[02:00:32] [Server thread/WARN]: **** SERVER IS RUNNING IN OFFLINE/INSECURE MODE!
[02:00:32] [Server thread/WARN]: The server will make no attempt to authenticate usernames. Beware.
[02:00:32] [Server thread/WARN]: While this makes the game possible to play without internet access, it also opens up the ability for hackers to connect with any username they choose.
[02:00:32] [Server thread/WARN]: To change this, set "online-mode" to "true" in the server.properties file.
[02:00:32] [Server thread/INFO]: Preparing level "world"
[02:00:32] [Server thread/INFO]: Selecting global world spawn...
[02:00:32] [Server thread/INFO]: Loading 0 persistent chunks...
[02:00:32] [Server thread/INFO]: Preparing spawn area: 100%
[02:00:32] [Server thread/INFO]: Time elapsed: 41 ms
[02:00:32] [Server thread/INFO]: Done (0.042s)! For help, type "help"
[02:00:32] [Server thread/INFO]: Saving chunks for level 'ServerLevel[New World]'/minecraft:overworld
[02:00:32] [Server thread/INFO]: Saving chunks for level 'ServerLevel[New World]'/minecraft:the_end
[02:00:32] [Server thread/INFO]: Saving chunks for level 'ServerLevel[New World]'/minecraft:the_nether
[02:00:32] [Render thread/INFO]: Connecting to localhost, 64745
[02:00:32] [Render thread/INFO]: World loading finished: null screen: net.minecraft.client.gui.screens.ConnectScreen@33bb6402
[02:00:32] [Render thread/INFO]: World loading finished: null screen: net.minecraft.client.gui.screens.ConnectScreen@33bb6402
[02:00:32] [Render thread/INFO]: World loading finished: null screen: net.minecraft.client.gui.screens.ConnectScreen@33bb6402
[02:00:32] [Render thread/INFO]: World loading finished: null screen: net.minecraft.client.gui.screens.ConnectScreen@33bb6402
[02:00:32] [Render thread/INFO]: World loading finished: null screen: net.minecraft.client.gui.screens.ConnectScreen@33bb6402
[02:00:32] [Render thread/INFO]: World loading finished: null screen: net.minecraft.client.gui.screens.ConnectScreen@33bb6402
[02:00:32] [Render thread/INFO]: World loading finished: null screen: net.minecraft.client.gui.screens.ConnectScreen@33bb6402
[02:00:32] [Render thread/INFO]: World loading finished: null screen: net.minecraft.client.gui.screens.ConnectScreen@33bb6402
[02:00:32] [Render thread/INFO]: World loading finished: null screen: net.minecraft.client.gui.screens.ConnectScreen@33bb6402
[02:00:33] [Render thread/INFO]: World loading finished: null screen: net.minecraft.client.gui.screens.ConnectScreen@33bb6402
[02:00:33] [Server thread/INFO]: Player282[/127.0.0.1:64749] logged in with entity id 37 at (0.5, 71.0, 0.5)
[02:00:33] [Server thread/INFO]: System chat: Player282 joined the game
[02:00:33] [Render thread/INFO]: Loaded 2 advancements
[02:00:33] [Render thread/WARN]: Requested post effect does not exist: minecraft:end_of_frame
[02:00:33] [Render thread/INFO]: World loading finished: ClientLevel screen: net.minecraft.client.gui.screens.LevelLoadingScreen@70424f38
[02:00:33] [Render thread/INFO]: World loading finished: ClientLevel screen: net.minecraft.client.gui.screens.LevelLoadingScreen@70424f38
[02:00:33] [Render thread/INFO]: World loading finished: ClientLevel screen: net.minecraft.client.gui.screens.LevelLoadingScreen@70424f38
[02:00:33] [Render thread/INFO]: World loading finished: ClientLevel screen: null
[02:00:38] [Server thread/INFO]: Player282 lost connection: Disconnected
[02:00:38] [Server thread/INFO]: System chat: Player282 left the game
[02:00:38] [Render thread/INFO]: Connecting to localhost, 64745
[02:00:38] [Render thread/INFO]: World loading finished: null screen: net.minecraft.client.gui.screens.ConnectScreen@512a0db1
[02:00:38] [Render thread/INFO]: World loading finished: null screen: net.minecraft.client.gui.screens.ConnectScreen@512a0db1
[02:00:38] [Render thread/INFO]: World loading finished: null screen: net.minecraft.client.gui.screens.ConnectScreen@512a0db1
[02:00:38] [Render thread/INFO]: World loading finished: null screen: net.minecraft.client.gui.screens.ConnectScreen@512a0db1
[02:00:38] [Render thread/INFO]: World loading finished: null screen: net.minecraft.client.gui.screens.ConnectScreen@512a0db1
[02:00:38] [Server thread/INFO]: Player282[/127.0.0.1:64753] logged in with entity id 38 at (0.5, 102.48159999847428, 22.43600013732907)
[02:00:38] [Server thread/INFO]: System chat: Player282 joined the game
[02:00:38] [Render thread/INFO]: Loaded 2 advancements
[02:00:38] [Render thread/INFO]: World loading finished: ClientLevel screen: net.minecraft.client.gui.screens.LevelLoadingScreen@7b8b1708
[02:00:38] [Render thread/INFO]: World loading finished: ClientLevel screen: null
[02:00:39] [Server thread/INFO]: Player282 lost connection: Disconnected
[02:00:39] [Server thread/INFO]: System chat: Player282 left the game
[02:00:39] [Server thread/INFO]: Stopping server
[02:00:39] [Server thread/INFO]: Saving players
[02:00:39] [Server thread/INFO]: Saving worlds
[02:00:39] [Server thread/INFO]: Saving chunks for level 'ServerLevel[New World]'/minecraft:overworld
[02:00:39] [Server thread/INFO]: Saving chunks for level 'ServerLevel[New World]'/minecraft:the_end
[02:00:39] [Server thread/INFO]: Saving chunks for level 'ServerLevel[New World]'/minecraft:the_nether
[02:00:39] [Test thread/INFO]: [STDOUT]: WILDCRAFT P3 dedicated-slot/native-click/creative-slot-permissions/holstered-hands/jump-toggle/steering/landing/damage/exhaustion/climb-transition/death-drop/keep-inventory/dimension/save-reload/TCP reconnect checks passed
[02:00:39] [Test thread/INFO]: [STDOUT]: WILDCRAFT R1 active clock: 10 cases passed; 5/10/20/60Hz, pause, resume, stall, duplicate
[02:00:39] [Worker-Main-2/INFO]: Loaded 1867 advancements
[02:00:39] [Render thread/INFO]: World loading finished: null screen: net.minecraft.client.gui.screens.GenericMessageScreen@4e164de1
[02:00:39] [Render thread/INFO]: Applied 0 biome modifications to 0 of 67 new biomes in 139.3 μs
[02:00:39] [Server thread/INFO]: Starting integrated minecraft server version 26.3
[02:00:39] [Server thread/INFO]: Generating keypair
[02:00:39] [Server thread/INFO]: Selecting global world spawn...
[02:00:39] [Server thread/INFO]: Loading 0 persistent chunks...
[02:00:39] [Server thread/INFO]: Preparing spawn area: 16%
[02:00:39] [Server thread/INFO]: Saving chunks for level 'ServerLevel[New World]'/minecraft:overworld
[02:00:39] [Server thread/INFO]: Saving chunks for level 'ServerLevel[New World]'/minecraft:the_end
[02:00:39] [Server thread/INFO]: Saving chunks for level 'ServerLevel[New World]'/minecraft:the_nether
[02:00:40] [Render thread/INFO]: World loading finished: null screen: net.minecraft.client.gui.screens.LevelLoadingScreen@504effd1
[02:00:40] [Render thread/INFO]: World loading finished: null screen: net.minecraft.client.gui.screens.LevelLoadingScreen@504effd1
[02:00:40] [Render thread/INFO]: World loading finished: null screen: net.minecraft.client.gui.screens.LevelLoadingScreen@504effd1
[02:00:40] [Render thread/INFO]: World loading finished: null screen: net.minecraft.client.gui.screens.LevelLoadingScreen@504effd1
[02:00:40] [Server thread/INFO]: Loading 48 chunks for player spawn...
[02:00:40] [Render thread/INFO]: World loading finished: null screen: net.minecraft.client.gui.screens.LevelLoadingScreen@504effd1
[02:00:40] [Render thread/INFO]: World loading finished: null screen: net.minecraft.client.gui.screens.LevelLoadingScreen@504effd1
[02:00:40] [Server thread/INFO]: Time elapsed: 351 ms
[02:00:40] [Render thread/INFO]: World loading finished: null screen: net.minecraft.client.gui.screens.LevelLoadingScreen@504effd1
[02:00:40] [Server thread/INFO]: Player282[local:E:98544034] logged in with entity id 39 at (0.5, -60.0, 0.5)
[02:00:40] [Server thread/INFO]: System chat: Player282 joined the game
[02:00:40] [Server thread/INFO]: Changing view distance to 5, from 10
[02:00:40] [Server thread/INFO]: Changing simulation distance to 12, from 0
[02:00:40] [Render thread/INFO]: Loaded 2 advancements
[02:00:40] [Render thread/INFO]: World loading finished: ClientLevel screen: net.minecraft.client.gui.screens.LevelLoadingScreen@504effd1
[02:00:40] [Render thread/INFO]: World loading finished: ClientLevel screen: net.minecraft.client.gui.screens.LevelLoadingScreen@504effd1
[02:00:40] [Render thread/INFO]: World loading finished: ClientLevel screen: net.minecraft.client.gui.screens.LevelLoadingScreen@504effd1
[02:00:40] [Render thread/INFO]: World loading finished: ClientLevel screen: net.minecraft.client.gui.screens.LevelLoadingScreen@504effd1
[02:00:40] [Render thread/INFO]: World loading finished: ClientLevel screen: net.minecraft.client.gui.screens.LevelLoadingScreen@504effd1
[02:00:40] [Render thread/INFO]: World loading finished: ClientLevel screen: net.minecraft.client.gui.screens.LevelLoadingScreen@504effd1
[02:00:40] [Render thread/INFO]: World loading finished: ClientLevel screen: net.minecraft.client.gui.screens.LevelLoadingScreen@504effd1
[02:00:40] [Render thread/INFO]: World loading finished: ClientLevel screen: net.minecraft.client.gui.screens.LevelLoadingScreen@504effd1
[02:00:40] [Render thread/INFO]: World loading finished: ClientLevel screen: net.minecraft.client.gui.screens.LevelLoadingScreen@504effd1
[02:00:40] [Render thread/INFO]: World loading finished: ClientLevel screen: net.minecraft.client.gui.screens.LevelLoadingScreen@504effd1
[02:00:40] [Render thread/INFO]: World loading finished: ClientLevel screen: net.minecraft.client.gui.screens.LevelLoadingScreen@504effd1
[02:00:40] [Render thread/INFO]: World loading finished: ClientLevel screen: net.minecraft.client.gui.screens.LevelLoadingScreen@504effd1
[02:00:40] [Render thread/INFO]: World loading finished: ClientLevel screen: net.minecraft.client.gui.screens.LevelLoadingScreen@504effd1
[02:00:41] [Render thread/INFO]: World loading finished: ClientLevel screen: null
[02:00:41] [Server thread/INFO]: System chat: Set minecraft:overworld to time marker minecraft:day
[02:00:41] [Render thread/INFO]: Loaded 3 advancements
[02:00:44] [Server thread/INFO]: System chat: Player282 was killed
[02:00:44] [Render thread/INFO]: [System] [CHAT] Player282 was killed
[02:00:44] [Server thread/INFO]: Saving and pausing game...
[02:00:44] [Server thread/INFO]: Saving chunks for level 'ServerLevel[New World]'/minecraft:overworld
[02:00:44] [Server thread/INFO]: Saving chunks for level 'ServerLevel[New World]'/minecraft:the_end
[02:00:44] [Server thread/INFO]: Saving chunks for level 'ServerLevel[New World]'/minecraft:the_nether
[02:00:46] [Server thread/INFO]: System chat: Player282 has made the advancement [We Need to Go Deeper]
[02:00:46] [Render thread/INFO]: [System] [CHAT] Player282 has made the advancement [We Need to Go Deeper]
[02:00:46] [Render thread/INFO]: Loaded 30 advancements
[02:00:47] [Test thread/INFO]: [STDOUT]: WILDCRAFT R1_WORLD=/Volumes/仕事/Wildcraft/开发环境/cache/builds/f51c43e6462c/run/packaged-client-test/saves/New World (12)
[02:00:47] [Server thread/INFO]: Player282 lost connection: Disconnected
[02:00:47] [Server thread/INFO]: System chat: Player282 left the game
[02:00:47] [Server thread/INFO]: Stopping singleplayer server as player logged out
[02:00:47] [Server thread/INFO]: Stopping server
[02:00:47] [Server thread/INFO]: Saving players
[02:00:47] [Server thread/INFO]: Saving worlds
[02:00:47] [Server thread/INFO]: Saving chunks for level 'ServerLevel[New World]'/minecraft:overworld
[02:00:47] [Server thread/INFO]: Saving chunks for level 'ServerLevel[New World]'/minecraft:the_end
[02:00:47] [Server thread/INFO]: Saving chunks for level 'ServerLevel[New World]'/minecraft:the_nether
[02:00:47] [Render thread/INFO]: World loading finished: null screen: net.minecraft.client.gui.screens.GenericMessageScreen@500115e2
[02:00:48] [Worker-Main-1/INFO]: Loaded 1867 advancements
[02:00:48] [Render thread/INFO]: Applied 0 biome modifications to 0 of 67 new biomes in 156.2 μs
[02:00:48] [Server thread/INFO]: Starting integrated minecraft server version 26.3
[02:00:48] [Server thread/INFO]: Generating keypair
[02:00:48] [Server thread/INFO]: Loading 0 persistent chunks...
[02:00:48] [Server thread/INFO]: Saving chunks for level 'ServerLevel[New World]'/minecraft:overworld
[02:00:48] [Server thread/INFO]: Saving chunks for level 'ServerLevel[New World]'/minecraft:the_end
[02:00:48] [Server thread/INFO]: Saving chunks for level 'ServerLevel[New World]'/minecraft:the_nether
[02:00:48] [Render thread/INFO]: World loading finished: null screen: net.minecraft.client.gui.screens.LevelLoadingScreen@2643e650
[02:00:48] [Render thread/INFO]: World loading finished: null screen: net.minecraft.client.gui.screens.LevelLoadingScreen@2643e650
[02:00:48] [Render thread/INFO]: World loading finished: null screen: net.minecraft.client.gui.screens.LevelLoadingScreen@2643e650
[02:00:48] [Render thread/INFO]: World loading finished: null screen: net.minecraft.client.gui.screens.LevelLoadingScreen@2643e650
[02:00:48] [Server thread/INFO]: Loading 49 chunks for player spawn...
[02:00:48] [Server thread/INFO]: Preparing spawn area: 16%
[02:00:48] [Render thread/INFO]: World loading finished: null screen: net.minecraft.client.gui.screens.LevelLoadingScreen@2643e650
[02:00:48] [Server thread/INFO]: Time elapsed: 272 ms
[02:00:48] [Render thread/INFO]: World loading finished: null screen: net.minecraft.client.gui.screens.LevelLoadingScreen@2643e650
[02:00:48] [Server thread/INFO]: Player282[local:E:4af55151] logged in with entity id 50 at (0.5, 105.0, 0.5)
[02:00:48] [Server thread/INFO]: System chat: Player282 joined the game
[02:00:48] [Server thread/INFO]: Changing view distance to 5, from 10
[02:00:48] [Server thread/INFO]: Changing simulation distance to 12, from 0
[02:00:48] [Render thread/INFO]: World loading finished: ClientLevel screen: net.minecraft.client.gui.screens.LevelLoadingScreen@2643e650
[02:00:48] [Render thread/INFO]: Loaded 30 advancements
[02:00:48] [Render thread/INFO]: World loading finished: ClientLevel screen: net.minecraft.client.gui.screens.LevelLoadingScreen@2643e650
[02:00:48] [Render thread/INFO]: World loading finished: ClientLevel screen: net.minecraft.client.gui.screens.LevelLoadingScreen@2643e650
[02:00:48] [Render thread/INFO]: World loading finished: ClientLevel screen: net.minecraft.client.gui.screens.LevelLoadingScreen@2643e650
[02:00:48] [Render thread/INFO]: World loading finished: ClientLevel screen: null
[02:00:50] [Server thread/INFO]: Published LAN server on port 0
[02:00:50] [Server thread/INFO]: Unpublishing integrated server (was on port 0)
[02:00:50] [Server thread/INFO]: Player282 lost connection: Disconnected
[02:00:50] [Server thread/INFO]: System chat: Player282 left the game
[02:00:50] [Server thread/INFO]: Stopping singleplayer server as player logged out
[02:00:50] [Server thread/INFO]: Stopping server
[02:00:50] [Server thread/INFO]: Saving players
[02:00:50] [Server thread/INFO]: Saving worlds
[02:00:50] [Server thread/INFO]: Saving chunks for level 'ServerLevel[New World]'/minecraft:overworld
[02:00:50] [Server thread/INFO]: Saving chunks for level 'ServerLevel[New World]'/minecraft:the_end
[02:00:50] [Server thread/INFO]: Saving chunks for level 'ServerLevel[New World]'/minecraft:the_nether
[02:00:50] [Test thread/INFO]: [STDOUT]: WILDCRAFT R1 lifecycle, ownership, real reload, native item anchor and GPU post-effect checks passed
[02:00:51] [Worker-Main-2/INFO]: Loaded 1867 advancements
[02:00:51] [Render thread/INFO]: World loading finished: null screen: net.minecraft.client.gui.screens.GenericMessageScreen@ed099fb
[02:00:51] [Render thread/INFO]: Applied 0 biome modifications to 0 of 67 new biomes in 208.0 μs
[02:00:51] [Server thread/INFO]: Starting integrated minecraft server version 26.3
[02:00:51] [Server thread/INFO]: Generating keypair
[02:00:51] [Server thread/INFO]: Selecting global world spawn...
[02:00:51] [Server thread/INFO]: Loading 0 persistent chunks...
[02:00:51] [Server thread/INFO]: Preparing spawn area: 16%
[02:00:51] [Server thread/INFO]: Saving chunks for level 'ServerLevel[New World]'/minecraft:overworld
[02:00:51] [Server thread/INFO]: Saving chunks for level 'ServerLevel[New World]'/minecraft:the_end
[02:00:51] [Server thread/INFO]: Saving chunks for level 'ServerLevel[New World]'/minecraft:the_nether
[02:00:51] [Render thread/INFO]: World loading finished: null screen: net.minecraft.client.gui.screens.LevelLoadingScreen@22776a80
[02:00:51] [Render thread/INFO]: World loading finished: null screen: net.minecraft.client.gui.screens.LevelLoadingScreen@22776a80
[02:00:51] [Render thread/INFO]: World loading finished: null screen: net.minecraft.client.gui.screens.LevelLoadingScreen@22776a80
[02:00:51] [Render thread/INFO]: World loading finished: null screen: net.minecraft.client.gui.screens.LevelLoadingScreen@22776a80
[02:00:51] [Server thread/INFO]: Loading 48 chunks for player spawn...
[02:00:51] [Render thread/INFO]: World loading finished: null screen: net.minecraft.client.gui.screens.LevelLoadingScreen@22776a80
[02:00:51] [Render thread/INFO]: World loading finished: null screen: net.minecraft.client.gui.screens.LevelLoadingScreen@22776a80
[02:00:51] [Server thread/INFO]: Time elapsed: 356 ms
[02:00:51] [Render thread/INFO]: World loading finished: null screen: net.minecraft.client.gui.screens.LevelLoadingScreen@22776a80
[02:00:51] [Server thread/INFO]: Player282[local:E:95ff1e8e] logged in with entity id 52 at (0.5, -60.0, 0.5)
[02:00:51] [Server thread/INFO]: System chat: Player282 joined the game
[02:00:51] [Server thread/INFO]: Changing view distance to 5, from 10
[02:00:51] [Server thread/INFO]: Changing simulation distance to 12, from 0
[02:00:51] [Render thread/INFO]: World loading finished: ClientLevel screen: net.minecraft.client.gui.screens.LevelLoadingScreen@22776a80
[02:00:51] [Render thread/INFO]: Loaded 2 advancements
[02:00:51] [Render thread/INFO]: World loading finished: ClientLevel screen: net.minecraft.client.gui.screens.LevelLoadingScreen@22776a80
[02:00:51] [Render thread/INFO]: World loading finished: ClientLevel screen: net.minecraft.client.gui.screens.LevelLoadingScreen@22776a80
[02:00:51] [Render thread/INFO]: World loading finished: ClientLevel screen: net.minecraft.client.gui.screens.LevelLoadingScreen@22776a80
[02:00:51] [Render thread/INFO]: World loading finished: ClientLevel screen: net.minecraft.client.gui.screens.LevelLoadingScreen@22776a80
[02:00:51] [Render thread/INFO]: World loading finished: ClientLevel screen: net.minecraft.client.gui.screens.LevelLoadingScreen@22776a80
[02:00:51] [Render thread/INFO]: World loading finished: ClientLevel screen: net.minecraft.client.gui.screens.LevelLoadingScreen@22776a80
[02:00:51] [Render thread/INFO]: World loading finished: ClientLevel screen: net.minecraft.client.gui.screens.LevelLoadingScreen@22776a80
[02:00:51] [Render thread/INFO]: World loading finished: ClientLevel screen: net.minecraft.client.gui.screens.LevelLoadingScreen@22776a80
[02:00:52] [Render thread/INFO]: World loading finished: ClientLevel screen: net.minecraft.client.gui.screens.LevelLoadingScreen@22776a80
[02:00:52] [Render thread/INFO]: World loading finished: ClientLevel screen: net.minecraft.client.gui.screens.LevelLoadingScreen@22776a80
[02:00:52] [Render thread/INFO]: World loading finished: ClientLevel screen: net.minecraft.client.gui.screens.LevelLoadingScreen@22776a80
[02:00:52] [Render thread/INFO]: World loading finished: ClientLevel screen: net.minecraft.client.gui.screens.LevelLoadingScreen@22776a80
[02:00:52] [Render thread/INFO]: World loading finished: ClientLevel screen: net.minecraft.client.gui.screens.LevelLoadingScreen@22776a80
[02:00:52] [Render thread/INFO]: World loading finished: ClientLevel screen: net.minecraft.client.gui.screens.LevelLoadingScreen@22776a80
[02:00:52] [Render thread/INFO]: World loading finished: ClientLevel screen: null
[02:00:52] [Render thread/INFO]: Loaded 3 advancements
[02:00:53] [Server thread/INFO]: System chat: Player282 has made the advancement [Cover Me with Diamonds]
[02:00:53] [Render thread/INFO]: [System] [CHAT] Player282 has made the advancement [Cover Me with Diamonds]
[02:00:53] [Render thread/INFO]: Loaded 10 advancements
[02:00:53] [Render thread/INFO]: Loaded 21 advancements
[02:00:53] [Render thread/INFO]: [STDOUT]: WILDCRAFT P3.1 controlled client skin model=WIDE
[02:00:54] [Server thread/INFO]: System chat: Set 30 experience levels on Player282
[02:00:54] [Server thread/INFO]: System chat: Set 5 experience levels on Player282
[02:00:54] [Server thread/INFO]: System chat: Stamina refilled
[02:00:54] [Server thread/INFO]: System chat: Consumed 145.0 stamina
[02:00:54] [Render thread/INFO]: Reloading ResourceManager: vanilla, vanilla, fabric-advancement-api-v1, fabric-api, fabric-api-base, fabric-api-lookup-api-v1, fabric-biome-api-v1, fabric-block-api-v1, fabric-block-getter-api-v2, fabric-client-gametest-api-v1, fabric-command-api-v2, fabric-content-registries-v0, fabric-convention-tags-v2, fabric-crash-report-info-v1, fabric-creative-tab-api-v1, fabric-data-attachment-api-v1, fabric-data-generation-api-v1, fabric-debug-api-v1, fabric-dimensions-v1, fabric-entity-events-v1, fabric-events-interaction-v0, fabric-game-rule-api-v1, fabric-gametest-api-v1, fabric-item-api-v1, fabric-key-mapping-api-v1, fabric-lifecycle-events-v1, fabric-loot-api-v3, fabric-menu-api-v1, fabric-message-api-v1, fabric-model-loading-api-v1, fabric-networking-api-v1, fabric-object-builder-api-v1, fabric-particles-v1, fabric-permission-api-v1, fabric-recipe-api-v1, fabric-registry-sync-v0, fabric-renderer-api-v1, fabric-renderer-indigo, fabric-rendering-fluids-v1, fabric-rendering-v1, fabric-resource-conditions-api-v1, fabric-resource-loader-v0, fabric-resource-loader-v1, fabric-screen-api-v1, fabric-serialization-api-v1, fabric-sound-api-v1, fabric-tag-api-v1, fabric-transfer-api-v1, fabric-transitive-access-wideners-v1, fabricloader, wildcraft, wildcraft-test
[02:00:54] [Worker-Main-4/INFO]: Found unifont_all_no_pua-17.0.01.hex, loading
[02:00:54] [Worker-Main-9/INFO]: Found unifont_pua-17.0.01.hex, loading
[02:00:54] [Server thread/INFO]: Saving and pausing game...
[02:00:54] [Server thread/INFO]: Saving chunks for level 'ServerLevel[New World]'/minecraft:overworld
[02:00:54] [Render thread/INFO]: Info log when linking program containing VERTEX minecraft:core/terrain, FRAGMENT minecraft:core/terrain. Log output: WARNING: Output of vertex shader '_interface_variable_01' not read by fragment shader
WARNING: Output of vertex shader '_interface_variable_00' not read by fragment shader
WARNING: Output of vertex shader '_interface_variable_04' not read by fragment shader

[02:00:54] [Server thread/INFO]: Saving chunks for level 'ServerLevel[New World]'/minecraft:the_end
[02:00:54] [Server thread/INFO]: Saving chunks for level 'ServerLevel[New World]'/minecraft:the_nether
[02:00:54] [Render thread/INFO]: Info log when linking program containing VERTEX minecraft:core/entity, FRAGMENT minecraft:core/entity. Log output: WARNING: Output of vertex shader '_interface_variable_01' not read by fragment shader
WARNING: Output of vertex shader '_interface_variable_00' not read by fragment shader

[02:00:54] [Render thread/INFO]: Info log when linking program containing VERTEX minecraft:core/rendertype_crumbling, FRAGMENT minecraft:core/rendertype_crumbling. Log output: WARNING: Output of vertex shader '_interface_variable_01' not read by fragment shader
WARNING: Output of vertex shader '_interface_variable_00' not read by fragment shader

[02:00:54] [Render thread/INFO]: Info log when linking program containing VERTEX minecraft:core/rendertype_lines, FRAGMENT minecraft:core/rendertype_lines. Log output: WARNING: Output of vertex shader '_interface_variable_01' not read by fragment shader
WARNING: Output of vertex shader '_interface_variable_00' not read by fragment shader

[02:00:54] [Worker-Main-4/INFO]: Found unifont_jp_patch-17.0.01.hex, loading
[02:00:54] [Render thread/INFO]: Info log when linking program containing VERTEX minecraft:core/terrain, FRAGMENT minecraft:core/terrain. Log output: WARNING: Output of vertex shader '_interface_variable_01' not read by fragment shader
WARNING: Output of vertex shader '_interface_variable_00' not read by fragment shader
WARNING: Output of vertex shader '_interface_variable_04' not read by fragment shader

[02:00:54] [Render thread/INFO]: Info log when linking program containing VERTEX minecraft:core/entity, FRAGMENT minecraft:core/entity. Log output: WARNING: Output of vertex shader '_interface_variable_01' not read by fragment shader
WARNING: Output of vertex shader '_interface_variable_00' not read by fragment shader

[02:00:54] [Render thread/INFO]: Info log when linking program containing VERTEX minecraft:core/text, FRAGMENT minecraft:core/text. Log output: WARNING: Output of vertex shader '_interface_variable_01' not read by fragment shader
WARNING: Output of vertex shader '_interface_variable_00' not read by fragment shader

[02:00:54] [Render thread/INFO]: Info log when linking program containing VERTEX minecraft:core/text, FRAGMENT minecraft:core/text. Log output: WARNING: Output of vertex shader '_interface_variable_01' not read by fragment shader
WARNING: Output of vertex shader '_interface_variable_00' not read by fragment shader

[02:00:54] [Render thread/INFO]: Info log when linking program containing VERTEX minecraft:core/block, FRAGMENT minecraft:core/block. Log output: WARNING: Output of vertex shader '_interface_variable_01' not read by fragment shader
WARNING: Output of vertex shader '_interface_variable_00' not read by fragment shader

[02:00:54] [Render thread/INFO]: Info log when linking program containing VERTEX minecraft:core/entity, FRAGMENT minecraft:core/entity. Log output: WARNING: Output of vertex shader '_interface_variable_01' not read by fragment shader
WARNING: Output of vertex shader '_interface_variable_00' not read by fragment shader

[02:00:54] [Render thread/INFO]: Info log when linking program containing VERTEX minecraft:core/particle, FRAGMENT minecraft:core/particle. Log output: WARNING: Output of vertex shader '_interface_variable_01' not read by fragment shader
WARNING: Output of vertex shader '_interface_variable_00' not read by fragment shader

[02:00:54] [Render thread/INFO]: Info log when linking program containing VERTEX minecraft:core/rendertype_entity_shadow, FRAGMENT minecraft:core/rendertype_entity_shadow. Log output: WARNING: Output of vertex shader '_interface_variable_01' not read by fragment shader
WARNING: Output of vertex shader '_interface_variable_00' not read by fragment shader

[02:00:54] [Render thread/INFO]: Info log when linking program containing VERTEX minecraft:core/screenquad, FRAGMENT minecraft:core/oit_composite. Log output: WARNING: Output of vertex shader '_interface_variable_00' not read by fragment shader

[02:00:54] [Render thread/INFO]: Info log when linking program containing VERTEX minecraft:core/screenquad, FRAGMENT minecraft:core/integrate_depth. Log output: WARNING: Output of vertex shader '_interface_variable_00' not read by fragment shader

[02:00:54] [Render thread/INFO]: Info log when linking program containing VERTEX minecraft:core/entity, FRAGMENT minecraft:core/entity. Log output: WARNING: Output of vertex shader '_interface_variable_01' not read by fragment shader
WARNING: Output of vertex shader '_interface_variable_00' not read by fragment shader

[02:00:54] [Render thread/INFO]: Info log when linking program containing VERTEX minecraft:core/terrain, FRAGMENT minecraft:core/terrain. Log output: WARNING: Output of vertex shader '_interface_variable_01' not read by fragment shader
WARNING: Output of vertex shader '_interface_variable_00' not read by fragment shader
WARNING: Output of vertex shader '_interface_variable_04' not read by fragment shader

[02:00:54] [Render thread/INFO]: Info log when linking program containing VERTEX minecraft:core/animate_sprite, FRAGMENT minecraft:core/animate_sprite_blit. Log output: WARNING: Output of vertex shader '_interface_variable_00' not read by fragment shader

[02:00:54] [Render thread/INFO]: Info log when linking program containing VERTEX minecraft:core/entity, FRAGMENT minecraft:core/entity. Log output: WARNING: Output of vertex shader '_interface_variable_01' not read by fragment shader
WARNING: Output of vertex shader '_interface_variable_00' not read by fragment shader

[02:00:54] [Render thread/INFO]: Info log when linking program containing VERTEX minecraft:core/entity, FRAGMENT minecraft:core/entity. Log output: WARNING: Output of vertex shader '_interface_variable_01' not read by fragment shader
WARNING: Output of vertex shader '_interface_variable_00' not read by fragment shader

[02:00:54] [Render thread/INFO]: Info log when linking program containing VERTEX minecraft:core/clouds, FRAGMENT minecraft:core/clouds. Log output: WARNING: Output of vertex shader '_interface_variable_00' not read by fragment shader

[02:00:54] [Render thread/INFO]: Info log when linking program containing VERTEX minecraft:core/particle, FRAGMENT minecraft:core/particle. Log output: WARNING: Output of vertex shader '_interface_variable_01' not read by fragment shader
WARNING: Output of vertex shader '_interface_variable_00' not read by fragment shader

[02:00:54] [Render thread/INFO]: Info log when linking program containing VERTEX minecraft:core/block, FRAGMENT minecraft:core/block. Log output: WARNING: Output of vertex shader '_interface_variable_01' not read by fragment shader
WARNING: Output of vertex shader '_interface_variable_00' not read by fragment shader

[02:00:54] [Render thread/INFO]: Info log when linking program containing VERTEX minecraft:core/text, FRAGMENT minecraft:core/text. Log output: WARNING: Output of vertex shader '_interface_variable_01' not read by fragment shader
WARNING: Output of vertex shader '_interface_variable_00' not read by fragment shader

[02:00:54] [Render thread/INFO]: Info log when linking program containing VERTEX minecraft:core/text, FRAGMENT minecraft:core/text. Log output: WARNING: Output of vertex shader '_interface_variable_01' not read by fragment shader
WARNING: Output of vertex shader '_interface_variable_00' not read by fragment shader

[02:00:54] [Render thread/INFO]: Info log when linking program containing VERTEX minecraft:core/text, FRAGMENT minecraft:core/text. Log output: WARNING: Output of vertex shader '_interface_variable_01' not read by fragment shader
WARNING: Output of vertex shader '_interface_variable_00' not read by fragment shader

[02:00:54] [Render thread/INFO]: Info log when linking program containing VERTEX minecraft:core/screenquad, FRAGMENT minecraft:core/oit_depth_bounds_cull. Log output: WARNING: Output of vertex shader '_interface_variable_00' not read by fragment shader

[02:00:54] [Render thread/INFO]: Info log when linking program containing VERTEX minecraft:core/entity, FRAGMENT minecraft:core/entity. Log output: WARNING: Output of vertex shader '_interface_variable_01' not read by fragment shader
WARNING: Output of vertex shader '_interface_variable_00' not read by fragment shader

[02:00:54] [Render thread/INFO]: Info log when linking program containing VERTEX minecraft:core/terrain, FRAGMENT minecraft:core/terrain. Log output: WARNING: Output of vertex shader '_interface_variable_01' not read by fragment shader
WARNING: Output of vertex shader '_interface_variable_00' not read by fragment shader
WARNING: Output of vertex shader '_interface_variable_04' not read by fragment shader

[02:00:54] [Render thread/INFO]: Info log when linking program containing VERTEX minecraft:core/clouds, FRAGMENT minecraft:core/clouds. Log output: WARNING: Output of vertex shader '_interface_variable_00' not read by fragment shader

[02:00:54] [Render thread/INFO]: Info log when linking program containing VERTEX minecraft:core/text, FRAGMENT minecraft:core/text. Log output: WARNING: Output of vertex shader '_interface_variable_01' not read by fragment shader
WARNING: Output of vertex shader '_interface_variable_00' not read by fragment shader

[02:00:54] [Render thread/INFO]: Info log when linking program containing VERTEX minecraft:core/rendertype_entity_shadow, FRAGMENT minecraft:core/rendertype_entity_shadow. Log output: WARNING: Output of vertex shader '_interface_variable_01' not read by fragment shader
WARNING: Output of vertex shader '_interface_variable_00' not read by fragment shader

[02:00:54] [Render thread/INFO]: Info log when linking program containing VERTEX minecraft:core/entity, FRAGMENT minecraft:core/entity. Log output: WARNING: Output of vertex shader '_interface_variable_01' not read by fragment shader
WARNING: Output of vertex shader '_interface_variable_00' not read by fragment shader

[02:00:54] [Render thread/INFO]: Info log when linking program containing VERTEX minecraft:core/entity, FRAGMENT minecraft:core/entity. Log output: WARNING: Output of vertex shader '_interface_variable_01' not read by fragment shader
WARNING: Output of vertex shader '_interface_variable_00' not read by fragment shader

[02:00:54] [Render thread/INFO]: Info log when linking program containing VERTEX minecraft:core/rendertype_lines, FRAGMENT minecraft:core/rendertype_lines. Log output: WARNING: Output of vertex shader '_interface_variable_01' not read by fragment shader
WARNING: Output of vertex shader '_interface_variable_00' not read by fragment shader

[02:00:54] [Render thread/INFO]: Info log when linking program containing VERTEX minecraft:core/particle, FRAGMENT minecraft:core/particle. Log output: WARNING: Output of vertex shader '_interface_variable_01' not read by fragment shader
WARNING: Output of vertex shader '_interface_variable_00' not read by fragment shader

[02:00:54] [Render thread/INFO]: Info log when linking program containing VERTEX minecraft:core/text, FRAGMENT minecraft:core/text. Log output: WARNING: Output of vertex shader '_interface_variable_01' not read by fragment shader
WARNING: Output of vertex shader '_interface_variable_00' not read by fragment shader

[02:00:54] [Render thread/INFO]: Info log when linking program containing VERTEX minecraft:core/particle, FRAGMENT minecraft:core/particle. Log output: WARNING: Output of vertex shader '_interface_variable_01' not read by fragment shader
WARNING: Output of vertex shader '_interface_variable_00' not read by fragment shader

[02:00:54] [Render thread/INFO]: Info log when linking program containing VERTEX minecraft:core/entity, FRAGMENT minecraft:core/entity. Log output: WARNING: Output of vertex shader '_interface_variable_01' not read by fragment shader
WARNING: Output of vertex shader '_interface_variable_00' not read by fragment shader

[02:00:54] [Render thread/INFO]: Info log when linking program containing VERTEX minecraft:core/rendertype_crumbling, FRAGMENT minecraft:core/rendertype_crumbling. Log output: WARNING: Output of vertex shader '_interface_variable_01' not read by fragment shader
WARNING: Output of vertex shader '_interface_variable_00' not read by fragment shader

[02:00:54] [Render thread/INFO]: Info log when linking program containing VERTEX minecraft:core/entity, FRAGMENT minecraft:core/entity. Log output: WARNING: Output of vertex shader '_interface_variable_01' not read by fragment shader
WARNING: Output of vertex shader '_interface_variable_00' not read by fragment shader

[02:00:54] [Render thread/INFO]: Info log when linking program containing VERTEX minecraft:core/text, FRAGMENT minecraft:core/text. Log output: WARNING: Output of vertex shader '_interface_variable_01' not read by fragment shader
WARNING: Output of vertex shader '_interface_variable_00' not read by fragment shader

[02:00:54] [Render thread/INFO]: Info log when linking program containing VERTEX minecraft:core/entity, FRAGMENT minecraft:core/entity. Log output: WARNING: Output of vertex shader '_interface_variable_01' not read by fragment shader
WARNING: Output of vertex shader '_interface_variable_00' not read by fragment shader

[02:00:54] [Render thread/INFO]: OpenAL initialized on device Mac mini扬声器
[02:00:54] [Render thread/INFO]: Sound engine started
[02:00:54] [Render thread/INFO]: Created: 512x256x0 minecraft:textures/atlas/particles.png-atlas
[02:00:54] [Render thread/INFO]: Created: 256x128x0 minecraft:textures/atlas/celestials.png-atlas
[02:00:54] [Render thread/INFO]: Created: 128x128x0 minecraft:textures/atlas/decorated_pot.png-atlas
[02:00:54] [Render thread/INFO]: Created: 512x256x0 minecraft:textures/atlas/paintings.png-atlas
[02:00:54] [Render thread/INFO]: Created: 1024x512x0 minecraft:textures/atlas/shield_patterns.png-atlas
[02:00:54] [Render thread/INFO]: Created: 1024x512x0 minecraft:textures/atlas/banner_patterns.png-atlas
[02:00:54] [Render thread/INFO]: Created: 2048x2048x4 minecraft:textures/atlas/blocks.png-atlas
[02:00:54] [Render thread/INFO]: Created: 1024x512x0 minecraft:textures/atlas/items.png-atlas
[02:00:54] [Render thread/INFO]: Created: 1024x1024x0 minecraft:textures/atlas/gui.png-atlas
[02:00:54] [Render thread/INFO]: Created: 128x64x0 minecraft:textures/atlas/map_decorations.png-atlas
[02:00:54] [Render thread/INFO]: Created: 512x512x0 minecraft:textures/atlas/chest.png-atlas
[02:00:54] [Render thread/INFO]: Created: 512x512x0 minecraft:textures/atlas/shulker_boxes.png-atlas
[02:00:54] [Render thread/WARN]: Requested post effect does not exist: minecraft:end_of_frame
[02:00:57] [Server thread/INFO]: System chat: 已将Player282的经验等级设为600000
[02:00:57] [Server thread/INFO]: System chat: 已将Player282的经验等级设为5
[02:00:58] [Server thread/INFO]: System chat: 精力已补满
[02:01:00] [Server thread/INFO]: System chat: Player282达成了目标[天空即为极限]
[02:01:00] [Render thread/INFO]: [System] [CHAT] Player282达成了目标[天空即为极限]
[02:01:00] [Render thread/INFO]: Loaded 26 advancements
[02:01:00] [Server thread/INFO]: Player282 lost connection: 连接中断
[02:01:00] [Server thread/INFO]: System chat: Player282退出了游戏
[02:01:00] [Server thread/INFO]: Stopping singleplayer server as player logged out
[02:01:00] [Server thread/INFO]: Stopping server
[02:01:00] [Server thread/INFO]: Saving players
[02:01:00] [Server thread/INFO]: Saving worlds
[02:01:00] [Server thread/INFO]: Saving chunks for level 'ServerLevel[New World]'/minecraft:overworld
[02:01:00] [Server thread/INFO]: Saving chunks for level 'ServerLevel[New World]'/minecraft:the_end
[02:01:00] [Server thread/INFO]: Saving chunks for level 'ServerLevel[New World]'/minecraft:the_nether
[02:01:00] [Render thread/INFO]: World loading finished: null screen: net.minecraft.client.gui.screens.GenericMessageScreen@6568b0be
[02:01:01] [Worker-Main-9/INFO]: Loaded 1867 advancements
[02:01:01] [Render thread/INFO]: Applied 0 biome modifications to 0 of 67 new biomes in 175.3 μs
[02:01:01] [Server thread/INFO]: Starting integrated minecraft server version 26.3
[02:01:01] [Server thread/INFO]: Generating keypair
[02:01:01] [Server thread/INFO]: Loading 0 persistent chunks...
[02:01:01] [Server thread/INFO]: Saving chunks for level 'ServerLevel[New World]'/minecraft:overworld
[02:01:01] [Server thread/INFO]: Saving chunks for level 'ServerLevel[New World]'/minecraft:the_end
[02:01:01] [Server thread/INFO]: Saving chunks for level 'ServerLevel[New World]'/minecraft:the_nether
[02:01:01] [Render thread/INFO]: World loading finished: null screen: net.minecraft.client.gui.screens.LevelLoadingScreen@25fac6d7
[02:01:01] [Render thread/INFO]: World loading finished: null screen: net.minecraft.client.gui.screens.LevelLoadingScreen@25fac6d7
[02:01:01] [Render thread/INFO]: World loading finished: null screen: net.minecraft.client.gui.screens.LevelLoadingScreen@25fac6d7
[02:01:01] [Render thread/INFO]: World loading finished: null screen: net.minecraft.client.gui.screens.LevelLoadingScreen@25fac6d7
[02:01:01] [Server thread/INFO]: Loading 49 chunks for player spawn...
[02:01:01] [Server thread/INFO]: 准备生成区域中：16%
[02:01:01] [Render thread/INFO]: World loading finished: null screen: net.minecraft.client.gui.screens.LevelLoadingScreen@25fac6d7
[02:01:01] [Server thread/INFO]: Time elapsed: 271 ms
[02:01:01] [Render thread/INFO]: World loading finished: null screen: net.minecraft.client.gui.screens.LevelLoadingScreen@25fac6d7
[02:01:01] [Server thread/INFO]: Player282[local:E:9cb1fea5] logged in with entity id 57 at (0.5, 109.80148674189209, 0.9980903091669567)
[02:01:01] [Server thread/INFO]: System chat: Player282加入了游戏
[02:01:01] [Server thread/INFO]: Changing view distance to 5, from 10
[02:01:01] [Server thread/INFO]: Changing simulation distance to 12, from 0
[02:01:01] [Render thread/INFO]: World loading finished: ClientLevel screen: net.minecraft.client.gui.screens.LevelLoadingScreen@25fac6d7
[02:01:01] [Render thread/INFO]: Loaded 26 advancements
[02:01:01] [Render thread/INFO]: World loading finished: ClientLevel screen: net.minecraft.client.gui.screens.LevelLoadingScreen@25fac6d7
[02:01:01] [Render thread/INFO]: World loading finished: ClientLevel screen: net.minecraft.client.gui.screens.LevelLoadingScreen@25fac6d7
[02:01:01] [Render thread/INFO]: World loading finished: ClientLevel screen: net.minecraft.client.gui.screens.LevelLoadingScreen@25fac6d7
[02:01:01] [Render thread/INFO]: World loading finished: ClientLevel screen: net.minecraft.client.gui.screens.LevelLoadingScreen@25fac6d7
[02:01:01] [Render thread/INFO]: World loading finished: ClientLevel screen: net.minecraft.client.gui.screens.LevelLoadingScreen@25fac6d7
[02:01:01] [Render thread/INFO]: World loading finished: ClientLevel screen: null
[02:01:02] [Server thread/INFO]: System chat: Player282取得了进度[勇往直下]
[02:01:02] [Render thread/INFO]: [System] [CHAT] Player282取得了进度[勇往直下]
[02:01:02] [Render thread/INFO]: Loaded 49 advancements
[02:01:02] [Server thread/INFO]: System chat: Player282被杀死了
[02:01:02] [Server thread/INFO]: System chat: 杀死了Player282
[02:01:02] [Render thread/INFO]: [System] [CHAT] Player282被杀死了
[02:01:02] [Server thread/INFO]: System chat: Player282被杀死了
[02:01:02] [Server thread/INFO]: System chat: 杀死了Player282
[02:01:02] [Render thread/INFO]: [System] [CHAT] Player282被杀死了
[02:01:02] [Server thread/INFO]: Player282 lost connection: 连接中断
[02:01:02] [Server thread/INFO]: System chat: Player282退出了游戏
[02:01:02] [Server thread/INFO]: Stopping singleplayer server as player logged out
[02:01:02] [Server thread/INFO]: Stopping server
[02:01:02] [Server thread/INFO]: Saving players
[02:01:02] [Server thread/INFO]: Saving worlds
[02:01:02] [Server thread/INFO]: Saving chunks for level 'ServerLevel[New World]'/minecraft:overworld
[02:01:02] [Server thread/INFO]: Saving chunks for level 'ServerLevel[New World]'/minecraft:the_end
[02:01:02] [Server thread/INFO]: Saving chunks for level 'ServerLevel[New World]'/minecraft:the_nether
[02:01:03] [Test thread/INFO]: [STDOUT]: WILDCRAFT P3.1 actual network attack/shield/bow, save/reload/dimension/death, private view and merged HUD passed
[02:01:03] [Worker-Main-8/INFO]: Loaded 1867 advancements
[02:01:03] [Render thread/INFO]: World loading finished: null screen: net.minecraft.client.gui.screens.GenericMessageScreen@38c5e65d
[02:01:03] [Render thread/INFO]: Applied 0 biome modifications to 0 of 67 new biomes in 156.5 μs
[02:01:03] [Server thread/INFO]: Starting integrated minecraft server version 26.3
[02:01:03] [Server thread/INFO]: Generating keypair
[02:01:03] [Server thread/INFO]: Selecting global world spawn...
[02:01:03] [Server thread/INFO]: Loading 0 persistent chunks...
[02:01:03] [Server thread/INFO]: 准备生成区域中：16%
[02:01:03] [Server thread/INFO]: Saving chunks for level 'ServerLevel[新的世界]'/minecraft:overworld
[02:01:03] [Server thread/INFO]: Saving chunks for level 'ServerLevel[新的世界]'/minecraft:the_end
[02:01:03] [Server thread/INFO]: Saving chunks for level 'ServerLevel[新的世界]'/minecraft:the_nether
[02:01:03] [Render thread/INFO]: World loading finished: null screen: net.minecraft.client.gui.screens.LevelLoadingScreen@52bc54a7
[02:01:03] [Render thread/INFO]: World loading finished: null screen: net.minecraft.client.gui.screens.LevelLoadingScreen@52bc54a7
[02:01:03] [Render thread/INFO]: World loading finished: null screen: net.minecraft.client.gui.screens.LevelLoadingScreen@52bc54a7
[02:01:03] [Render thread/INFO]: World loading finished: null screen: net.minecraft.client.gui.screens.LevelLoadingScreen@52bc54a7
[02:01:03] [Server thread/INFO]: Loading 48 chunks for player spawn...
[02:01:03] [Render thread/INFO]: World loading finished: null screen: net.minecraft.client.gui.screens.LevelLoadingScreen@52bc54a7
[02:01:03] [Render thread/INFO]: World loading finished: null screen: net.minecraft.client.gui.screens.LevelLoadingScreen@52bc54a7
[02:01:03] [Server thread/INFO]: Time elapsed: 370 ms
[02:01:03] [Render thread/INFO]: World loading finished: null screen: net.minecraft.client.gui.screens.LevelLoadingScreen@52bc54a7
[02:01:03] [Server thread/INFO]: Player282[local:E:40752bd0] logged in with entity id 67 at (0.5, -60.0, 0.5)
[02:01:03] [Server thread/INFO]: System chat: Player282加入了游戏
[02:01:03] [Server thread/INFO]: Changing view distance to 5, from 10
[02:01:03] [Server thread/INFO]: Changing simulation distance to 12, from 0
[02:01:03] [Render thread/INFO]: World loading finished: ClientLevel screen: net.minecraft.client.gui.screens.LevelLoadingScreen@52bc54a7
[02:01:03] [Render thread/INFO]: Loaded 2 advancements
[02:01:03] [Render thread/INFO]: World loading finished: ClientLevel screen: net.minecraft.client.gui.screens.LevelLoadingScreen@52bc54a7
[02:01:03] [Render thread/INFO]: World loading finished: ClientLevel screen: net.minecraft.client.gui.screens.LevelLoadingScreen@52bc54a7
[02:01:03] [Render thread/INFO]: World loading finished: ClientLevel screen: net.minecraft.client.gui.screens.LevelLoadingScreen@52bc54a7
[02:01:03] [Render thread/INFO]: World loading finished: ClientLevel screen: net.minecraft.client.gui.screens.LevelLoadingScreen@52bc54a7
[02:01:03] [Render thread/INFO]: World loading finished: ClientLevel screen: net.minecraft.client.gui.screens.LevelLoadingScreen@52bc54a7
[02:01:03] [Render thread/INFO]: World loading finished: ClientLevel screen: net.minecraft.client.gui.screens.LevelLoadingScreen@52bc54a7
[02:01:04] [Render thread/INFO]: World loading finished: ClientLevel screen: net.minecraft.client.gui.screens.LevelLoadingScreen@52bc54a7
[02:01:04] [Render thread/INFO]: World loading finished: ClientLevel screen: net.minecraft.client.gui.screens.LevelLoadingScreen@52bc54a7
[02:01:04] [Render thread/INFO]: World loading finished: ClientLevel screen: net.minecraft.client.gui.screens.LevelLoadingScreen@52bc54a7
[02:01:04] [Render thread/INFO]: World loading finished: ClientLevel screen: net.minecraft.client.gui.screens.LevelLoadingScreen@52bc54a7
[02:01:04] [Render thread/INFO]: World loading finished: ClientLevel screen: net.minecraft.client.gui.screens.LevelLoadingScreen@52bc54a7
[02:01:04] [Render thread/INFO]: World loading finished: ClientLevel screen: net.minecraft.client.gui.screens.LevelLoadingScreen@52bc54a7
[02:01:04] [Render thread/INFO]: World loading finished: ClientLevel screen: net.minecraft.client.gui.screens.LevelLoadingScreen@52bc54a7
[02:01:04] [Render thread/INFO]: World loading finished: ClientLevel screen: net.minecraft.client.gui.screens.LevelLoadingScreen@52bc54a7
[02:01:04] [Render thread/INFO]: World loading finished: ClientLevel screen: null
[02:01:04] [Server thread/INFO]: System chat: 已将minecraft:overworld调至时间标记minecraft:day的时刻
[02:01:04] [Render thread/INFO]: Loaded 3 advancements
[02:01:07] [Server thread/INFO]: System chat: Player282被杀死了
[02:01:07] [Render thread/INFO]: [System] [CHAT] Player282被杀死了
[02:01:08] [Server thread/INFO]: Saving and pausing game...
[02:01:08] [Server thread/INFO]: Saving chunks for level 'ServerLevel[新的世界]'/minecraft:overworld
[02:01:08] [Server thread/INFO]: Saving chunks for level 'ServerLevel[新的世界]'/minecraft:the_end
[02:01:08] [Server thread/INFO]: Saving chunks for level 'ServerLevel[新的世界]'/minecraft:the_nether
[02:01:09] [Server thread/INFO]: System chat: Player282取得了进度[勇往直下]
[02:01:09] [Render thread/INFO]: [System] [CHAT] Player282取得了进度[勇往直下]
[02:01:09] [Render thread/INFO]: Loaded 30 advancements
[02:01:11] [Test thread/INFO]: [STDOUT]: WILDCRAFT P3.2_WORLD=/Volumes/仕事/Wildcraft/开发环境/cache/builds/f51c43e6462c/run/packaged-client-test/saves/新的世界 (3)
[02:01:11] [Server thread/INFO]: Player282 lost connection: 连接中断
[02:01:11] [Server thread/INFO]: System chat: Player282退出了游戏
[02:01:11] [Server thread/INFO]: Stopping singleplayer server as player logged out
[02:01:11] [Server thread/INFO]: Stopping server
[02:01:11] [Server thread/INFO]: Saving players
[02:01:11] [Server thread/INFO]: Saving worlds
[02:01:11] [Server thread/INFO]: Saving chunks for level 'ServerLevel[新的世界]'/minecraft:overworld
[02:01:11] [Server thread/INFO]: Saving chunks for level 'ServerLevel[新的世界]'/minecraft:the_end
[02:01:11] [Server thread/INFO]: Saving chunks for level 'ServerLevel[新的世界]'/minecraft:the_nether
[02:01:11] [Render thread/INFO]: World loading finished: null screen: net.minecraft.client.gui.screens.GenericMessageScreen@f1e3bdc
[02:01:11] [Worker-Main-9/INFO]: Loaded 1867 advancements
[02:01:11] [Render thread/INFO]: Applied 0 biome modifications to 0 of 67 new biomes in 148.8 μs
[02:01:11] [Server thread/INFO]: Starting integrated minecraft server version 26.3
[02:01:11] [Server thread/INFO]: Generating keypair
[02:01:11] [Server thread/INFO]: Loading 0 persistent chunks...
[02:01:11] [Server thread/INFO]: Saving chunks for level 'ServerLevel[新的世界]'/minecraft:overworld
[02:01:11] [Server thread/INFO]: Saving chunks for level 'ServerLevel[新的世界]'/minecraft:the_end
[02:01:11] [Server thread/INFO]: Saving chunks for level 'ServerLevel[新的世界]'/minecraft:the_nether
[02:01:11] [Render thread/INFO]: World loading finished: null screen: net.minecraft.client.gui.screens.LevelLoadingScreen@28b9fb8b
[02:01:11] [Render thread/INFO]: World loading finished: null screen: net.minecraft.client.gui.screens.LevelLoadingScreen@28b9fb8b
[02:01:11] [Render thread/INFO]: World loading finished: null screen: net.minecraft.client.gui.screens.LevelLoadingScreen@28b9fb8b
[02:01:11] [Render thread/INFO]: World loading finished: null screen: net.minecraft.client.gui.screens.LevelLoadingScreen@28b9fb8b
[02:01:11] [Server thread/INFO]: Loading 49 chunks for player spawn...
[02:01:11] [Server thread/INFO]: 准备生成区域中：16%
[02:01:12] [Render thread/INFO]: World loading finished: null screen: net.minecraft.client.gui.screens.LevelLoadingScreen@28b9fb8b
[02:01:12] [Server thread/INFO]: Time elapsed: 266 ms
[02:01:12] [Render thread/INFO]: World loading finished: null screen: net.minecraft.client.gui.screens.LevelLoadingScreen@28b9fb8b
[02:01:12] [Server thread/INFO]: Player282[local:E:9a218d45] logged in with entity id 82 at (0.5, 105.0, 0.5)
[02:01:12] [Server thread/INFO]: System chat: Player282加入了游戏
[02:01:12] [Server thread/INFO]: Changing view distance to 5, from 10
[02:01:12] [Server thread/INFO]: Changing simulation distance to 12, from 0
[02:01:12] [Render thread/INFO]: World loading finished: ClientLevel screen: net.minecraft.client.gui.screens.LevelLoadingScreen@28b9fb8b
[02:01:12] [Render thread/INFO]: Loaded 30 advancements
[02:01:12] [Render thread/INFO]: World loading finished: ClientLevel screen: net.minecraft.client.gui.screens.LevelLoadingScreen@28b9fb8b
[02:01:12] [Render thread/INFO]: World loading finished: ClientLevel screen: net.minecraft.client.gui.screens.LevelLoadingScreen@28b9fb8b
[02:01:12] [Render thread/INFO]: World loading finished: ClientLevel screen: null
[02:01:17] [Server thread/INFO]: Saving and pausing game...
[02:01:17] [Server thread/INFO]: Saving chunks for level 'ServerLevel[新的世界]'/minecraft:overworld
[02:01:17] [Server thread/INFO]: Saving chunks for level 'ServerLevel[新的世界]'/minecraft:the_end
[02:01:17] [Server thread/INFO]: Saving chunks for level 'ServerLevel[新的世界]'/minecraft:the_nether
[02:01:19] [Test thread/INFO]: [STDOUT]: WILDCRAFT P3.2 initial fall distance=0.9784000366926193
[02:01:20] [Test thread/INFO]: [STDOUT]: WILDCRAFT P3.2 toggled fall distance=2.917470321059227
[02:01:21] [Test thread/INFO]: [STDOUT]: WILDCRAFT P3.2 toggled fall distance=4.856540605425835
[02:01:22] [Test thread/INFO]: [STDOUT]: WILDCRAFT P3.2 toggled fall distance=6.795610889792442
[02:01:24] [Server thread/INFO]: System chat: Player282从高处摔了下来
[02:01:24] [Render thread/INFO]: [System] [CHAT] Player282从高处摔了下来
[02:01:24] [Server thread/INFO]: [STDOUT]: WILDCRAFT P3.2 landing health=0.0 ground=true loaded=false dimensionChanging=false mayfly=false noGravity=false remainingFall=0.0 y=71.0 block=Block{minecraft:stone} fallDamageRule=true
[02:01:25] [Server thread/INFO]: Published LAN server on port 0
[02:01:25] [Server thread/INFO]: Unpublishing integrated server (was on port 0)
[02:01:25] [Server thread/INFO]: Player282 lost connection: 连接中断
[02:01:25] [Server thread/INFO]: System chat: Player282退出了游戏
[02:01:25] [Server thread/INFO]: Stopping singleplayer server as player logged out
[02:01:25] [Server thread/INFO]: Stopping server
[02:01:25] [Server thread/INFO]: Saving players
[02:01:25] [Server thread/INFO]: Saving worlds
[02:01:25] [Server thread/INFO]: Saving chunks for level 'ServerLevel[新的世界]'/minecraft:overworld
[02:01:25] [Server thread/INFO]: Saving chunks for level 'ServerLevel[新的世界]'/minecraft:the_end
[02:01:25] [Server thread/INFO]: Saving chunks for level 'ServerLevel[新的世界]'/minecraft:the_nether
[02:01:26] [Test thread/INFO]: [STDOUT]: WILDCRAFT P3.2 automatic bow, lifecycle, ownership, reload and production GPU presentation checks passed
[02:01:26] [Worker-Main-5/INFO]: Loaded 1867 advancements
[02:01:26] [Render thread/INFO]: World loading finished: null screen: net.minecraft.client.gui.screens.GenericMessageScreen@5ead3762
[02:01:26] [Render thread/INFO]: Applied 0 biome modifications to 0 of 67 new biomes in 141.0 μs
[02:01:26] [Server thread/INFO]: Starting integrated minecraft server version 26.3
[02:01:26] [Server thread/INFO]: Generating keypair
[02:01:26] [Server thread/INFO]: Selecting global world spawn...
[02:01:26] [Server thread/INFO]: Loading 0 persistent chunks...
[02:01:26] [Server thread/INFO]: 准备生成区域中：16%
[02:01:26] [Server thread/INFO]: Saving chunks for level 'ServerLevel[新的世界]'/minecraft:overworld
[02:01:26] [Server thread/INFO]: Saving chunks for level 'ServerLevel[新的世界]'/minecraft:the_end
[02:01:26] [Server thread/INFO]: Saving chunks for level 'ServerLevel[新的世界]'/minecraft:the_nether
[02:01:26] [Render thread/INFO]: World loading finished: null screen: net.minecraft.client.gui.screens.LevelLoadingScreen@79dc53b8
[02:01:26] [Render thread/INFO]: World loading finished: null screen: net.minecraft.client.gui.screens.LevelLoadingScreen@79dc53b8
[02:01:26] [Render thread/INFO]: World loading finished: null screen: net.minecraft.client.gui.screens.LevelLoadingScreen@79dc53b8
[02:01:26] [Server thread/INFO]: Loading 48 chunks for player spawn...
[02:01:26] [Render thread/INFO]: World loading finished: null screen: net.minecraft.client.gui.screens.LevelLoadingScreen@79dc53b8
[02:01:26] [Render thread/INFO]: World loading finished: null screen: net.minecraft.client.gui.screens.LevelLoadingScreen@79dc53b8
[02:01:26] [Server thread/INFO]: Time elapsed: 305 ms
[02:01:26] [Render thread/INFO]: World loading finished: null screen: net.minecraft.client.gui.screens.LevelLoadingScreen@79dc53b8
[02:01:26] [Server thread/INFO]: Player282[local:E:2e2b4de2] logged in with entity id 96 at (0.5, -60.0, 0.5)
[02:01:26] [Server thread/INFO]: System chat: Player282加入了游戏
[02:01:26] [Server thread/INFO]: Changing view distance to 5, from 10
[02:01:26] [Server thread/INFO]: Changing simulation distance to 12, from 0
[02:01:26] [Render thread/INFO]: World loading finished: ClientLevel screen: net.minecraft.client.gui.screens.LevelLoadingScreen@79dc53b8
[02:01:26] [Render thread/INFO]: Loaded 2 advancements
[02:01:26] [Render thread/INFO]: World loading finished: ClientLevel screen: net.minecraft.client.gui.screens.LevelLoadingScreen@79dc53b8
[02:01:26] [Render thread/INFO]: World loading finished: ClientLevel screen: net.minecraft.client.gui.screens.LevelLoadingScreen@79dc53b8
[02:01:26] [Render thread/INFO]: World loading finished: ClientLevel screen: net.minecraft.client.gui.screens.LevelLoadingScreen@79dc53b8
[02:01:26] [Render thread/INFO]: World loading finished: ClientLevel screen: net.minecraft.client.gui.screens.LevelLoadingScreen@79dc53b8
[02:01:26] [Render thread/INFO]: World loading finished: ClientLevel screen: net.minecraft.client.gui.screens.LevelLoadingScreen@79dc53b8
[02:01:26] [Render thread/INFO]: World loading finished: ClientLevel screen: net.minecraft.client.gui.screens.LevelLoadingScreen@79dc53b8
[02:01:26] [Render thread/INFO]: World loading finished: ClientLevel screen: net.minecraft.client.gui.screens.LevelLoadingScreen@79dc53b8
[02:01:27] [Render thread/INFO]: World loading finished: ClientLevel screen: net.minecraft.client.gui.screens.LevelLoadingScreen@79dc53b8
[02:01:27] [Render thread/INFO]: World loading finished: ClientLevel screen: net.minecraft.client.gui.screens.LevelLoadingScreen@79dc53b8
[02:01:27] [Render thread/INFO]: World loading finished: ClientLevel screen: net.minecraft.client.gui.screens.LevelLoadingScreen@79dc53b8
[02:01:27] [Render thread/INFO]: World loading finished: ClientLevel screen: net.minecraft.client.gui.screens.LevelLoadingScreen@79dc53b8
[02:01:27] [Render thread/INFO]: World loading finished: ClientLevel screen: net.minecraft.client.gui.screens.LevelLoadingScreen@79dc53b8
[02:01:27] [Render thread/INFO]: World loading finished: ClientLevel screen: net.minecraft.client.gui.screens.LevelLoadingScreen@79dc53b8
[02:01:27] [Render thread/INFO]: World loading finished: ClientLevel screen: net.minecraft.client.gui.screens.LevelLoadingScreen@79dc53b8
[02:01:27] [Render thread/INFO]: World loading finished: ClientLevel screen: null
[02:01:27] [Server thread/INFO]: System chat: 已将minecraft:overworld调至时间标记minecraft:day的时刻
[02:01:28] [Server thread/INFO]: Saving and pausing game...
[02:01:28] [Server thread/INFO]: Saving chunks for level 'ServerLevel[新的世界]'/minecraft:overworld
[02:01:28] [Server thread/INFO]: Saving chunks for level 'ServerLevel[新的世界]'/minecraft:the_end
[02:01:28] [Server thread/INFO]: Saving chunks for level 'ServerLevel[新的世界]'/minecraft:the_nether
[02:01:28] [Server thread/INFO]: Player282 lost connection: 连接中断
[02:01:28] [Server thread/INFO]: System chat: Player282退出了游戏
[02:01:28] [Server thread/INFO]: Stopping singleplayer server as player logged out
[02:01:29] [Server thread/INFO]: Stopping server
[02:01:29] [Server thread/INFO]: Saving players
[02:01:29] [Server thread/INFO]: Saving worlds
[02:01:29] [Server thread/INFO]: Saving chunks for level 'ServerLevel[新的世界]'/minecraft:overworld
[02:01:29] [Server thread/INFO]: Saving chunks for level 'ServerLevel[新的世界]'/minecraft:the_end
[02:01:29] [Server thread/INFO]: Saving chunks for level 'ServerLevel[新的世界]'/minecraft:the_nether
[02:01:29] [Test thread/INFO]: [STDOUT]: WILDCRAFT CORE ART native standard/slim grip, first-person mesh, compact layout, exact-reference ownership checks passed
[02:01:29] [Render thread/INFO]: Reloading ResourceManager: vanilla, vanilla, fabric-advancement-api-v1, fabric-api, fabric-api-base, fabric-api-lookup-api-v1, fabric-biome-api-v1, fabric-block-api-v1, fabric-block-getter-api-v2, fabric-client-gametest-api-v1, fabric-command-api-v2, fabric-content-registries-v0, fabric-convention-tags-v2, fabric-crash-report-info-v1, fabric-creative-tab-api-v1, fabric-data-attachment-api-v1, fabric-data-generation-api-v1, fabric-debug-api-v1, fabric-dimensions-v1, fabric-entity-events-v1, fabric-events-interaction-v0, fabric-game-rule-api-v1, fabric-gametest-api-v1, fabric-item-api-v1, fabric-key-mapping-api-v1, fabric-lifecycle-events-v1, fabric-loot-api-v3, fabric-menu-api-v1, fabric-message-api-v1, fabric-model-loading-api-v1, fabric-networking-api-v1, fabric-object-builder-api-v1, fabric-particles-v1, fabric-permission-api-v1, fabric-recipe-api-v1, fabric-registry-sync-v0, fabric-renderer-api-v1, fabric-renderer-indigo, fabric-rendering-fluids-v1, fabric-rendering-v1, fabric-resource-conditions-api-v1, fabric-resource-loader-v0, fabric-resource-loader-v1, fabric-screen-api-v1, fabric-serialization-api-v1, fabric-sound-api-v1, fabric-tag-api-v1, fabric-transfer-api-v1, fabric-transitive-access-wideners-v1, fabricloader, wildcraft, wildcraft-test
[02:01:29] [Worker-Main-6/INFO]: Found unifont_pua-17.0.01.hex, loading
[02:01:29] [Worker-Main-7/INFO]: Found unifont_all_no_pua-17.0.01.hex, loading
[02:01:29] [Render thread/INFO]: Info log when linking program containing VERTEX minecraft:core/terrain, FRAGMENT minecraft:core/terrain. Log output: WARNING: Output of vertex shader '_interface_variable_01' not read by fragment shader
WARNING: Output of vertex shader '_interface_variable_00' not read by fragment shader
WARNING: Output of vertex shader '_interface_variable_04' not read by fragment shader

[02:01:29] [Render thread/INFO]: Info log when linking program containing VERTEX minecraft:core/rendertype_crumbling, FRAGMENT minecraft:core/rendertype_crumbling. Log output: WARNING: Output of vertex shader '_interface_variable_01' not read by fragment shader
WARNING: Output of vertex shader '_interface_variable_00' not read by fragment shader

[02:01:29] [Render thread/INFO]: Info log when linking program containing VERTEX minecraft:core/entity, FRAGMENT minecraft:core/entity. Log output: WARNING: Output of vertex shader '_interface_variable_01' not read by fragment shader
WARNING: Output of vertex shader '_interface_variable_00' not read by fragment shader

[02:01:29] [Render thread/INFO]: Info log when linking program containing VERTEX minecraft:core/rendertype_lines, FRAGMENT minecraft:core/rendertype_lines. Log output: WARNING: Output of vertex shader '_interface_variable_01' not read by fragment shader
WARNING: Output of vertex shader '_interface_variable_00' not read by fragment shader

[02:01:29] [Render thread/INFO]: Info log when linking program containing VERTEX minecraft:core/terrain, FRAGMENT minecraft:core/terrain. Log output: WARNING: Output of vertex shader '_interface_variable_01' not read by fragment shader
WARNING: Output of vertex shader '_interface_variable_00' not read by fragment shader
WARNING: Output of vertex shader '_interface_variable_04' not read by fragment shader

[02:01:29] [Render thread/INFO]: Info log when linking program containing VERTEX minecraft:core/text, FRAGMENT minecraft:core/text. Log output: WARNING: Output of vertex shader '_interface_variable_01' not read by fragment shader
WARNING: Output of vertex shader '_interface_variable_00' not read by fragment shader

[02:01:29] [Render thread/INFO]: Info log when linking program containing VERTEX minecraft:core/entity, FRAGMENT minecraft:core/entity. Log output: WARNING: Output of vertex shader '_interface_variable_01' not read by fragment shader
WARNING: Output of vertex shader '_interface_variable_00' not read by fragment shader

[02:01:29] [Worker-Main-7/INFO]: Found unifont_jp_patch-17.0.01.hex, loading
[02:01:29] [Render thread/INFO]: Info log when linking program containing VERTEX minecraft:core/text, FRAGMENT minecraft:core/text. Log output: WARNING: Output of vertex shader '_interface_variable_01' not read by fragment shader
WARNING: Output of vertex shader '_interface_variable_00' not read by fragment shader

[02:01:29] [Render thread/INFO]: Info log when linking program containing VERTEX minecraft:core/block, FRAGMENT minecraft:core/block. Log output: WARNING: Output of vertex shader '_interface_variable_01' not read by fragment shader
WARNING: Output of vertex shader '_interface_variable_00' not read by fragment shader

[02:01:29] [Render thread/INFO]: Info log when linking program containing VERTEX minecraft:core/entity, FRAGMENT minecraft:core/entity. Log output: WARNING: Output of vertex shader '_interface_variable_01' not read by fragment shader
WARNING: Output of vertex shader '_interface_variable_00' not read by fragment shader

[02:01:29] [Render thread/INFO]: Info log when linking program containing VERTEX minecraft:core/particle, FRAGMENT minecraft:core/particle. Log output: WARNING: Output of vertex shader '_interface_variable_01' not read by fragment shader
WARNING: Output of vertex shader '_interface_variable_00' not read by fragment shader

[02:01:29] [Render thread/INFO]: Info log when linking program containing VERTEX minecraft:core/rendertype_entity_shadow, FRAGMENT minecraft:core/rendertype_entity_shadow. Log output: WARNING: Output of vertex shader '_interface_variable_01' not read by fragment shader
WARNING: Output of vertex shader '_interface_variable_00' not read by fragment shader

[02:01:29] [Render thread/INFO]: Info log when linking program containing VERTEX minecraft:core/screenquad, FRAGMENT minecraft:core/oit_composite. Log output: WARNING: Output of vertex shader '_interface_variable_00' not read by fragment shader

[02:01:29] [Render thread/INFO]: Info log when linking program containing VERTEX minecraft:core/screenquad, FRAGMENT minecraft:core/integrate_depth. Log output: WARNING: Output of vertex shader '_interface_variable_00' not read by fragment shader

[02:01:29] [Render thread/INFO]: Info log when linking program containing VERTEX minecraft:core/entity, FRAGMENT minecraft:core/entity. Log output: WARNING: Output of vertex shader '_interface_variable_01' not read by fragment shader
WARNING: Output of vertex shader '_interface_variable_00' not read by fragment shader

[02:01:29] [Render thread/INFO]: Info log when linking program containing VERTEX minecraft:core/terrain, FRAGMENT minecraft:core/terrain. Log output: WARNING: Output of vertex shader '_interface_variable_01' not read by fragment shader
WARNING: Output of vertex shader '_interface_variable_00' not read by fragment shader
WARNING: Output of vertex shader '_interface_variable_04' not read by fragment shader

[02:01:29] [Render thread/INFO]: Info log when linking program containing VERTEX minecraft:core/animate_sprite, FRAGMENT minecraft:core/animate_sprite_blit. Log output: WARNING: Output of vertex shader '_interface_variable_00' not read by fragment shader

[02:01:29] [Render thread/INFO]: Info log when linking program containing VERTEX minecraft:core/entity, FRAGMENT minecraft:core/entity. Log output: WARNING: Output of vertex shader '_interface_variable_01' not read by fragment shader
WARNING: Output of vertex shader '_interface_variable_00' not read by fragment shader

[02:01:29] [Render thread/INFO]: Info log when linking program containing VERTEX minecraft:core/entity, FRAGMENT minecraft:core/entity. Log output: WARNING: Output of vertex shader '_interface_variable_01' not read by fragment shader
WARNING: Output of vertex shader '_interface_variable_00' not read by fragment shader

[02:01:29] [Render thread/INFO]: Info log when linking program containing VERTEX minecraft:core/clouds, FRAGMENT minecraft:core/clouds. Log output: WARNING: Output of vertex shader '_interface_variable_00' not read by fragment shader

[02:01:29] [Render thread/INFO]: Info log when linking program containing VERTEX minecraft:core/particle, FRAGMENT minecraft:core/particle. Log output: WARNING: Output of vertex shader '_interface_variable_01' not read by fragment shader
WARNING: Output of vertex shader '_interface_variable_00' not read by fragment shader

[02:01:29] [Render thread/INFO]: Info log when linking program containing VERTEX minecraft:core/screenquad, FRAGMENT minecraft:core/oit_depth_bounds_cull. Log output: WARNING: Output of vertex shader '_interface_variable_00' not read by fragment shader

[02:01:29] [Render thread/INFO]: Info log when linking program containing VERTEX minecraft:core/block, FRAGMENT minecraft:core/block. Log output: WARNING: Output of vertex shader '_interface_variable_01' not read by fragment shader
WARNING: Output of vertex shader '_interface_variable_00' not read by fragment shader

[02:01:29] [Render thread/INFO]: Info log when linking program containing VERTEX minecraft:core/entity, FRAGMENT minecraft:core/entity. Log output: WARNING: Output of vertex shader '_interface_variable_01' not read by fragment shader
WARNING: Output of vertex shader '_interface_variable_00' not read by fragment shader

[02:01:29] [Render thread/INFO]: Info log when linking program containing VERTEX minecraft:core/text, FRAGMENT minecraft:core/text. Log output: WARNING: Output of vertex shader '_interface_variable_01' not read by fragment shader
WARNING: Output of vertex shader '_interface_variable_00' not read by fragment shader

[02:01:29] [Render thread/INFO]: Info log when linking program containing VERTEX minecraft:core/text, FRAGMENT minecraft:core/text. Log output: WARNING: Output of vertex shader '_interface_variable_01' not read by fragment shader
WARNING: Output of vertex shader '_interface_variable_00' not read by fragment shader

[02:01:29] [Render thread/INFO]: Info log when linking program containing VERTEX minecraft:core/text, FRAGMENT minecraft:core/text. Log output: WARNING: Output of vertex shader '_interface_variable_01' not read by fragment shader
WARNING: Output of vertex shader '_interface_variable_00' not read by fragment shader

[02:01:29] [Render thread/INFO]: Info log when linking program containing VERTEX minecraft:core/entity, FRAGMENT minecraft:core/entity. Log output: WARNING: Output of vertex shader '_interface_variable_01' not read by fragment shader
WARNING: Output of vertex shader '_interface_variable_00' not read by fragment shader

[02:01:29] [Render thread/INFO]: Info log when linking program containing VERTEX minecraft:core/terrain, FRAGMENT minecraft:core/terrain. Log output: WARNING: Output of vertex shader '_interface_variable_01' not read by fragment shader
WARNING: Output of vertex shader '_interface_variable_00' not read by fragment shader
WARNING: Output of vertex shader '_interface_variable_04' not read by fragment shader

[02:01:29] [Render thread/INFO]: Info log when linking program containing VERTEX minecraft:core/text, FRAGMENT minecraft:core/text. Log output: WARNING: Output of vertex shader '_interface_variable_01' not read by fragment shader
WARNING: Output of vertex shader '_interface_variable_00' not read by fragment shader

[02:01:29] [Render thread/INFO]: Info log when linking program containing VERTEX minecraft:core/rendertype_lines, FRAGMENT minecraft:core/rendertype_lines. Log output: WARNING: Output of vertex shader '_interface_variable_01' not read by fragment shader
WARNING: Output of vertex shader '_interface_variable_00' not read by fragment shader

[02:01:29] [Render thread/INFO]: Info log when linking program containing VERTEX minecraft:core/clouds, FRAGMENT minecraft:core/clouds. Log output: WARNING: Output of vertex shader '_interface_variable_00' not read by fragment shader

[02:01:29] [Render thread/INFO]: Info log when linking program containing VERTEX minecraft:core/rendertype_entity_shadow, FRAGMENT minecraft:core/rendertype_entity_shadow. Log output: WARNING: Output of vertex shader '_interface_variable_01' not read by fragment shader
WARNING: Output of vertex shader '_interface_variable_00' not read by fragment shader

[02:01:29] [Render thread/INFO]: Info log when linking program containing VERTEX minecraft:core/entity, FRAGMENT minecraft:core/entity. Log output: WARNING: Output of vertex shader '_interface_variable_01' not read by fragment shader
WARNING: Output of vertex shader '_interface_variable_00' not read by fragment shader

[02:01:29] [Render thread/INFO]: Info log when linking program containing VERTEX minecraft:core/particle, FRAGMENT minecraft:core/particle. Log output: WARNING: Output of vertex shader '_interface_variable_01' not read by fragment shader
WARNING: Output of vertex shader '_interface_variable_00' not read by fragment shader

[02:01:29] [Render thread/INFO]: Info log when linking program containing VERTEX minecraft:core/entity, FRAGMENT minecraft:core/entity. Log output: WARNING: Output of vertex shader '_interface_variable_01' not read by fragment shader
WARNING: Output of vertex shader '_interface_variable_00' not read by fragment shader

[02:01:29] [Render thread/INFO]: Info log when linking program containing VERTEX minecraft:core/rendertype_crumbling, FRAGMENT minecraft:core/rendertype_crumbling. Log output: WARNING: Output of vertex shader '_interface_variable_01' not read by fragment shader
WARNING: Output of vertex shader '_interface_variable_00' not read by fragment shader

[02:01:29] [Render thread/INFO]: Info log when linking program containing VERTEX minecraft:core/entity, FRAGMENT minecraft:core/entity. Log output: WARNING: Output of vertex shader '_interface_variable_01' not read by fragment shader
WARNING: Output of vertex shader '_interface_variable_00' not read by fragment shader

[02:01:29] [Render thread/INFO]: Info log when linking program containing VERTEX minecraft:core/text, FRAGMENT minecraft:core/text. Log output: WARNING: Output of vertex shader '_interface_variable_01' not read by fragment shader
WARNING: Output of vertex shader '_interface_variable_00' not read by fragment shader

[02:01:29] [Render thread/INFO]: Info log when linking program containing VERTEX minecraft:core/particle, FRAGMENT minecraft:core/particle. Log output: WARNING: Output of vertex shader '_interface_variable_01' not read by fragment shader
WARNING: Output of vertex shader '_interface_variable_00' not read by fragment shader

[02:01:29] [Render thread/INFO]: Info log when linking program containing VERTEX minecraft:core/text, FRAGMENT minecraft:core/text. Log output: WARNING: Output of vertex shader '_interface_variable_01' not read by fragment shader
WARNING: Output of vertex shader '_interface_variable_00' not read by fragment shader

[02:01:29] [Render thread/INFO]: Info log when linking program containing VERTEX minecraft:core/entity, FRAGMENT minecraft:core/entity. Log output: WARNING: Output of vertex shader '_interface_variable_01' not read by fragment shader
WARNING: Output of vertex shader '_interface_variable_00' not read by fragment shader

[02:01:29] [Render thread/INFO]: OpenAL initialized on device Mac mini扬声器
[02:01:29] [Render thread/INFO]: Sound engine started
[02:01:29] [Render thread/INFO]: Created: 512x256x0 minecraft:textures/atlas/particles.png-atlas
[02:01:29] [Render thread/INFO]: Created: 256x128x0 minecraft:textures/atlas/celestials.png-atlas
[02:01:29] [Render thread/INFO]: Created: 128x128x0 minecraft:textures/atlas/decorated_pot.png-atlas
[02:01:29] [Render thread/INFO]: Created: 512x256x0 minecraft:textures/atlas/paintings.png-atlas
[02:01:29] [Render thread/INFO]: Created: 1024x512x0 minecraft:textures/atlas/shield_patterns.png-atlas
[02:01:29] [Render thread/INFO]: Created: 1024x512x0 minecraft:textures/atlas/banner_patterns.png-atlas
[02:01:29] [Render thread/INFO]: Created: 2048x2048x4 minecraft:textures/atlas/blocks.png-atlas
[02:01:29] [Render thread/INFO]: Created: 1024x512x0 minecraft:textures/atlas/items.png-atlas
[02:01:29] [Render thread/INFO]: Created: 1024x1024x0 minecraft:textures/atlas/gui.png-atlas
[02:01:29] [Render thread/INFO]: Created: 128x64x0 minecraft:textures/atlas/map_decorations.png-atlas
[02:01:29] [Render thread/INFO]: Created: 512x512x0 minecraft:textures/atlas/chest.png-atlas
[02:01:29] [Render thread/INFO]: Created: 512x512x0 minecraft:textures/atlas/shulker_boxes.png-atlas
[02:01:32] [Worker-Main-9/INFO]: Loaded 1867 advancements
[02:01:32] [Render thread/INFO]: World loading finished: null screen: net.minecraft.client.gui.screens.GenericMessageScreen@fd0919
[02:01:32] [Render thread/INFO]: Applied 0 biome modifications to 0 of 67 new biomes in 141.5 μs
[02:01:32] [Server thread/INFO]: Starting integrated minecraft server version 26.3
[02:01:32] [Server thread/INFO]: Generating keypair
[02:01:32] [Server thread/INFO]: Selecting global world spawn...
[02:01:32] [Server thread/INFO]: Loading 0 persistent chunks...
[02:01:32] [Server thread/INFO]: 准备生成区域中：16%
[02:01:32] [Server thread/INFO]: Saving chunks for level 'ServerLevel[新的世界]'/minecraft:overworld
[02:01:32] [Server thread/INFO]: Saving chunks for level 'ServerLevel[新的世界]'/minecraft:the_end
[02:01:32] [Server thread/INFO]: Saving chunks for level 'ServerLevel[新的世界]'/minecraft:the_nether
[02:01:32] [Render thread/INFO]: World loading finished: null screen: net.minecraft.client.gui.screens.LevelLoadingScreen@d9cce07
[02:01:32] [Render thread/INFO]: World loading finished: null screen: net.minecraft.client.gui.screens.LevelLoadingScreen@d9cce07
[02:01:32] [Render thread/INFO]: World loading finished: null screen: net.minecraft.client.gui.screens.LevelLoadingScreen@d9cce07
[02:01:32] [Render thread/INFO]: World loading finished: null screen: net.minecraft.client.gui.screens.LevelLoadingScreen@d9cce07
[02:01:32] [Server thread/INFO]: Loading 48 chunks for player spawn...
[02:01:32] [Render thread/INFO]: World loading finished: null screen: net.minecraft.client.gui.screens.LevelLoadingScreen@d9cce07
[02:01:32] [Render thread/INFO]: World loading finished: null screen: net.minecraft.client.gui.screens.LevelLoadingScreen@d9cce07
[02:01:32] [Server thread/INFO]: Time elapsed: 360 ms
[02:01:32] [Render thread/INFO]: World loading finished: null screen: net.minecraft.client.gui.screens.LevelLoadingScreen@d9cce07
[02:01:32] [Server thread/INFO]: Player282[local:E:664f18ea] logged in with entity id 97 at (0.5, -60.0, 0.5)
[02:01:32] [Server thread/INFO]: System chat: Player282加入了游戏
[02:01:32] [Server thread/INFO]: Changing view distance to 5, from 10
[02:01:32] [Server thread/INFO]: Changing simulation distance to 12, from 0
[02:01:32] [Render thread/INFO]: World loading finished: ClientLevel screen: net.minecraft.client.gui.screens.LevelLoadingScreen@d9cce07
[02:01:32] [Render thread/WARN]: Requested post effect does not exist: minecraft:end_of_frame
[02:01:32] [Render thread/INFO]: Loaded 2 advancements
[02:01:33] [Render thread/INFO]: World loading finished: ClientLevel screen: net.minecraft.client.gui.screens.LevelLoadingScreen@d9cce07
[02:01:33] [Render thread/INFO]: World loading finished: ClientLevel screen: net.minecraft.client.gui.screens.LevelLoadingScreen@d9cce07
[02:01:33] [Render thread/INFO]: World loading finished: ClientLevel screen: net.minecraft.client.gui.screens.LevelLoadingScreen@d9cce07
[02:01:33] [Render thread/INFO]: World loading finished: ClientLevel screen: net.minecraft.client.gui.screens.LevelLoadingScreen@d9cce07
[02:01:33] [Render thread/INFO]: World loading finished: ClientLevel screen: net.minecraft.client.gui.screens.LevelLoadingScreen@d9cce07
[02:01:33] [Render thread/INFO]: World loading finished: ClientLevel screen: net.minecraft.client.gui.screens.LevelLoadingScreen@d9cce07
[02:01:33] [Render thread/INFO]: World loading finished: ClientLevel screen: net.minecraft.client.gui.screens.LevelLoadingScreen@d9cce07
[02:01:33] [Render thread/INFO]: World loading finished: ClientLevel screen: net.minecraft.client.gui.screens.LevelLoadingScreen@d9cce07
[02:01:33] [Render thread/INFO]: World loading finished: ClientLevel screen: net.minecraft.client.gui.screens.LevelLoadingScreen@d9cce07
[02:01:33] [Render thread/INFO]: World loading finished: ClientLevel screen: net.minecraft.client.gui.screens.LevelLoadingScreen@d9cce07
[02:01:33] [Render thread/INFO]: World loading finished: ClientLevel screen: net.minecraft.client.gui.screens.LevelLoadingScreen@d9cce07
[02:01:33] [Render thread/INFO]: World loading finished: ClientLevel screen: net.minecraft.client.gui.screens.LevelLoadingScreen@d9cce07
[02:01:33] [Render thread/INFO]: World loading finished: ClientLevel screen: net.minecraft.client.gui.screens.LevelLoadingScreen@d9cce07
[02:01:33] [Render thread/INFO]: World loading finished: ClientLevel screen: net.minecraft.client.gui.screens.LevelLoadingScreen@d9cce07
[02:01:33] [Render thread/INFO]: World loading finished: ClientLevel screen: null
[02:01:33] [Server thread/INFO]: System chat: 已将minecraft:overworld调至时间标记minecraft:day的时刻
[02:01:33] [Server thread/INFO]: System chat: 天气已设为晴天
[02:01:33] [Server thread/INFO]: System chat: 已在-8, 80, -8与8, 160, 8之间设置525个生物群系单元
[02:01:37] [Server thread/INFO]: System chat: 已在-8, 80, -8与8, 160, 8之间设置525个生物群系单元
[02:01:41] [Render thread/INFO]: Loaded 13 advancements
[02:01:41] [Server thread/INFO]: System chat: 已在-8, 80, -8与8, 160, 8之间设置525个生物群系单元
[02:01:43] [Render thread/INFO]: Loaded 14 advancements
[02:01:43] [Server thread/INFO]: System chat: 已在-8, 80, -8与8, 160, 8之间设置525个生物群系单元
[02:01:44] [Render thread/INFO]: Loaded 15 advancements
[02:01:44] [Server thread/INFO]: System chat: 已将Player282的游戏模式改为旁观模式
[02:01:44] [Render thread/INFO]: [System] [CHAT] 你的游戏模式已被更新为旁观模式
[02:01:44] [Server thread/INFO]: System chat: 已将Player282的游戏模式改为生存模式
[02:01:44] [Render thread/INFO]: [System] [CHAT] 你的游戏模式已被更新为生存模式
[02:01:44] [Server thread/INFO]: System chat: 已在-8, 80, -8与8, 160, 8之间设置525个生物群系单元
[02:01:44] [Server thread/INFO]: System chat: Player282被杀死了
[02:01:44] [Server thread/INFO]: System chat: 杀死了Player282
[02:01:44] [Render thread/INFO]: [System] [CHAT] Player282被杀死了
[02:01:45] [Server thread/INFO]: System chat: Player282取得了进度[勇往直下]
[02:01:45] [Render thread/INFO]: [System] [CHAT] Player282取得了进度[勇往直下]
[02:01:45] [Render thread/INFO]: Loaded 42 advancements
[02:01:45] [Server thread/INFO]: TemperatureGuest[embedded] logged in with entity id 103 at (0.0, 0.0, 0.0)
[02:01:45] [Server thread/INFO]: System chat: TemperatureGuest加入了游戏
[02:01:45] [Render thread/INFO]: [System] [CHAT] TemperatureGuest加入了游戏
[02:01:45] [Server thread/INFO]: Player282 lost connection: 连接中断
[02:01:45] [Server thread/INFO]: System chat: Player282退出了游戏
[02:01:45] [Server thread/INFO]: Stopping singleplayer server as player logged out
[02:01:45] [Server thread/INFO]: Stopping server
[02:01:45] [Server thread/INFO]: Saving players
[02:01:45] [Server thread/INFO]: Saving worlds
[02:01:45] [Server thread/INFO]: Saving chunks for level 'ServerLevel[新的世界]'/minecraft:overworld
[02:01:45] [Server thread/INFO]: Saving chunks for level 'ServerLevel[新的世界]'/minecraft:the_end
[02:01:45] [Server thread/INFO]: Saving chunks for level 'ServerLevel[新的世界]'/minecraft:the_nether
[02:01:45] [Render thread/INFO]: World loading finished: null screen: net.minecraft.client.gui.screens.GenericMessageScreen@189e603c
[02:01:45] [Worker-Main-2/INFO]: Loaded 1867 advancements
[02:01:45] [Render thread/INFO]: Applied 0 biome modifications to 0 of 67 new biomes in 237.7 μs
[02:01:45] [Server thread/INFO]: Starting integrated minecraft server version 26.3
[02:01:45] [Server thread/INFO]: Generating keypair
[02:01:45] [Server thread/INFO]: Loading 0 persistent chunks...
[02:01:45] [Server thread/INFO]: Saving chunks for level 'ServerLevel[新的世界]'/minecraft:overworld
[02:01:45] [Server thread/INFO]: Saving chunks for level 'ServerLevel[新的世界]'/minecraft:the_end
[02:01:45] [Server thread/INFO]: Saving chunks for level 'ServerLevel[新的世界]'/minecraft:the_nether
[02:01:45] [Render thread/INFO]: World loading finished: null screen: net.minecraft.client.gui.screens.LevelLoadingScreen@7a1ae847
[02:01:45] [Render thread/INFO]: World loading finished: null screen: net.minecraft.client.gui.screens.LevelLoadingScreen@7a1ae847
[02:01:45] [Render thread/INFO]: World loading finished: null screen: net.minecraft.client.gui.screens.LevelLoadingScreen@7a1ae847
[02:01:46] [Render thread/INFO]: World loading finished: null screen: net.minecraft.client.gui.screens.LevelLoadingScreen@7a1ae847
[02:01:46] [Server thread/INFO]: Loading 49 chunks for player spawn...
[02:01:46] [Server thread/INFO]: 准备生成区域中：16%
[02:01:46] [Render thread/INFO]: World loading finished: null screen: net.minecraft.client.gui.screens.LevelLoadingScreen@7a1ae847
[02:01:46] [Render thread/INFO]: World loading finished: null screen: net.minecraft.client.gui.screens.LevelLoadingScreen@7a1ae847
[02:01:46] [Render thread/INFO]: World loading finished: null screen: net.minecraft.client.gui.screens.LevelLoadingScreen@7a1ae847
[02:01:46] [Render thread/INFO]: World loading finished: null screen: net.minecraft.client.gui.screens.LevelLoadingScreen@7a1ae847
[02:01:46] [Render thread/INFO]: World loading finished: null screen: net.minecraft.client.gui.screens.LevelLoadingScreen@7a1ae847
[02:01:46] [Server thread/INFO]: Time elapsed: 472 ms
[02:01:46] [Render thread/INFO]: World loading finished: null screen: net.minecraft.client.gui.screens.LevelLoadingScreen@7a1ae847
[02:01:46] [Server thread/INFO]: Player282[local:E:12ede8b9] logged in with entity id 104 at (0.5, 120.0, 0.5)
[02:01:46] [Server thread/INFO]: System chat: Player282加入了游戏
[02:01:46] [Server thread/INFO]: Changing view distance to 5, from 10
[02:01:46] [Server thread/INFO]: Changing simulation distance to 12, from 0
[02:01:46] [Render thread/INFO]: World loading finished: ClientLevel screen: net.minecraft.client.gui.screens.LevelLoadingScreen@7a1ae847
[02:01:46] [Render thread/INFO]: Loaded 42 advancements
[02:01:46] [Render thread/INFO]: World loading finished: ClientLevel screen: net.minecraft.client.gui.screens.LevelLoadingScreen@7a1ae847
[02:01:46] [Render thread/INFO]: World loading finished: ClientLevel screen: net.minecraft.client.gui.screens.LevelLoadingScreen@7a1ae847
[02:01:46] [Render thread/INFO]: World loading finished: ClientLevel screen: net.minecraft.client.gui.screens.LevelLoadingScreen@7a1ae847
[02:01:46] [Render thread/INFO]: World loading finished: ClientLevel screen: net.minecraft.client.gui.screens.LevelLoadingScreen@7a1ae847
[02:01:46] [Render thread/INFO]: World loading finished: ClientLevel screen: null
[02:01:47] [Render thread/INFO]: Loaded 42 advancements
[02:01:47] [Server thread/INFO]: Player282 lost connection: 连接中断
[02:01:47] [Server thread/INFO]: System chat: Player282退出了游戏
[02:01:47] [Server thread/INFO]: Stopping singleplayer server as player logged out
[02:01:47] [Server thread/INFO]: Stopping server
[02:01:47] [Server thread/INFO]: Saving players
[02:01:47] [Server thread/INFO]: Saving worlds
[02:01:47] [Server thread/INFO]: Saving chunks for level 'ServerLevel[新的世界]'/minecraft:overworld
[02:01:47] [Server thread/INFO]: Saving chunks for level 'ServerLevel[新的世界]'/minecraft:the_end
[02:01:47] [Server thread/INFO]: Saving chunks for level 'ServerLevel[新的世界]'/minecraft:the_nether
[02:01:47] [Render thread/INFO]: Reloading ResourceManager: vanilla, vanilla, fabric-advancement-api-v1, fabric-api, fabric-api-base, fabric-api-lookup-api-v1, fabric-biome-api-v1, fabric-block-api-v1, fabric-block-getter-api-v2, fabric-client-gametest-api-v1, fabric-command-api-v2, fabric-content-registries-v0, fabric-convention-tags-v2, fabric-crash-report-info-v1, fabric-creative-tab-api-v1, fabric-data-attachment-api-v1, fabric-data-generation-api-v1, fabric-debug-api-v1, fabric-dimensions-v1, fabric-entity-events-v1, fabric-events-interaction-v0, fabric-game-rule-api-v1, fabric-gametest-api-v1, fabric-item-api-v1, fabric-key-mapping-api-v1, fabric-lifecycle-events-v1, fabric-loot-api-v3, fabric-menu-api-v1, fabric-message-api-v1, fabric-model-loading-api-v1, fabric-networking-api-v1, fabric-object-builder-api-v1, fabric-particles-v1, fabric-permission-api-v1, fabric-recipe-api-v1, fabric-registry-sync-v0, fabric-renderer-api-v1, fabric-renderer-indigo, fabric-rendering-fluids-v1, fabric-rendering-v1, fabric-resource-conditions-api-v1, fabric-resource-loader-v0, fabric-resource-loader-v1, fabric-screen-api-v1, fabric-serialization-api-v1, fabric-sound-api-v1, fabric-tag-api-v1, fabric-transfer-api-v1, fabric-transitive-access-wideners-v1, fabricloader, wildcraft, wildcraft-test
[02:01:47] [Worker-Main-4/INFO]: Found unifont_pua-17.0.01.hex, loading
[02:01:47] [Worker-Main-2/INFO]: Found unifont_all_no_pua-17.0.01.hex, loading
[02:01:47] [Render thread/INFO]: Info log when linking program containing VERTEX minecraft:core/terrain, FRAGMENT minecraft:core/terrain. Log output: WARNING: Output of vertex shader '_interface_variable_01' not read by fragment shader
WARNING: Output of vertex shader '_interface_variable_00' not read by fragment shader
WARNING: Output of vertex shader '_interface_variable_04' not read by fragment shader

[02:01:47] [Render thread/INFO]: Info log when linking program containing VERTEX minecraft:core/rendertype_crumbling, FRAGMENT minecraft:core/rendertype_crumbling. Log output: WARNING: Output of vertex shader '_interface_variable_01' not read by fragment shader
WARNING: Output of vertex shader '_interface_variable_00' not read by fragment shader

[02:01:47] [Render thread/INFO]: Info log when linking program containing VERTEX minecraft:core/entity, FRAGMENT minecraft:core/entity. Log output: WARNING: Output of vertex shader '_interface_variable_01' not read by fragment shader
WARNING: Output of vertex shader '_interface_variable_00' not read by fragment shader

[02:01:47] [Render thread/INFO]: Info log when linking program containing VERTEX minecraft:core/rendertype_lines, FRAGMENT minecraft:core/rendertype_lines. Log output: WARNING: Output of vertex shader '_interface_variable_01' not read by fragment shader
WARNING: Output of vertex shader '_interface_variable_00' not read by fragment shader

[02:01:47] [Worker-Main-2/INFO]: Found unifont_jp_patch-17.0.01.hex, loading
[02:01:47] [Render thread/INFO]: Info log when linking program containing VERTEX minecraft:core/terrain, FRAGMENT minecraft:core/terrain. Log output: WARNING: Output of vertex shader '_interface_variable_01' not read by fragment shader
WARNING: Output of vertex shader '_interface_variable_00' not read by fragment shader
WARNING: Output of vertex shader '_interface_variable_04' not read by fragment shader

[02:01:47] [Render thread/INFO]: Info log when linking program containing VERTEX minecraft:core/entity, FRAGMENT minecraft:core/entity. Log output: WARNING: Output of vertex shader '_interface_variable_01' not read by fragment shader
WARNING: Output of vertex shader '_interface_variable_00' not read by fragment shader

[02:01:47] [Render thread/INFO]: Info log when linking program containing VERTEX minecraft:core/text, FRAGMENT minecraft:core/text. Log output: WARNING: Output of vertex shader '_interface_variable_01' not read by fragment shader
WARNING: Output of vertex shader '_interface_variable_00' not read by fragment shader

[02:01:47] [Render thread/INFO]: Info log when linking program containing VERTEX minecraft:core/text, FRAGMENT minecraft:core/text. Log output: WARNING: Output of vertex shader '_interface_variable_01' not read by fragment shader
WARNING: Output of vertex shader '_interface_variable_00' not read by fragment shader

[02:01:47] [Render thread/INFO]: Info log when linking program containing VERTEX minecraft:core/entity, FRAGMENT minecraft:core/entity. Log output: WARNING: Output of vertex shader '_interface_variable_01' not read by fragment shader
WARNING: Output of vertex shader '_interface_variable_00' not read by fragment shader

[02:01:48] [Render thread/INFO]: Info log when linking program containing VERTEX minecraft:core/block, FRAGMENT minecraft:core/block. Log output: WARNING: Output of vertex shader '_interface_variable_01' not read by fragment shader
WARNING: Output of vertex shader '_interface_variable_00' not read by fragment shader

[02:01:48] [Render thread/INFO]: Info log when linking program containing VERTEX minecraft:core/rendertype_entity_shadow, FRAGMENT minecraft:core/rendertype_entity_shadow. Log output: WARNING: Output of vertex shader '_interface_variable_01' not read by fragment shader
WARNING: Output of vertex shader '_interface_variable_00' not read by fragment shader

[02:01:48] [Render thread/INFO]: Info log when linking program containing VERTEX minecraft:core/particle, FRAGMENT minecraft:core/particle. Log output: WARNING: Output of vertex shader '_interface_variable_01' not read by fragment shader
WARNING: Output of vertex shader '_interface_variable_00' not read by fragment shader

[02:01:48] [Render thread/INFO]: Info log when linking program containing VERTEX minecraft:core/screenquad, FRAGMENT minecraft:core/oit_composite. Log output: WARNING: Output of vertex shader '_interface_variable_00' not read by fragment shader

[02:01:48] [Render thread/INFO]: Info log when linking program containing VERTEX minecraft:core/screenquad, FRAGMENT minecraft:core/integrate_depth. Log output: WARNING: Output of vertex shader '_interface_variable_00' not read by fragment shader

[02:01:48] [Render thread/INFO]: Info log when linking program containing VERTEX minecraft:core/terrain, FRAGMENT minecraft:core/terrain. Log output: WARNING: Output of vertex shader '_interface_variable_01' not read by fragment shader
WARNING: Output of vertex shader '_interface_variable_00' not read by fragment shader
WARNING: Output of vertex shader '_interface_variable_04' not read by fragment shader

[02:01:48] [Render thread/INFO]: Info log when linking program containing VERTEX minecraft:core/entity, FRAGMENT minecraft:core/entity. Log output: WARNING: Output of vertex shader '_interface_variable_01' not read by fragment shader
WARNING: Output of vertex shader '_interface_variable_00' not read by fragment shader

[02:01:48] [Render thread/INFO]: Info log when linking program containing VERTEX minecraft:core/animate_sprite, FRAGMENT minecraft:core/animate_sprite_blit. Log output: WARNING: Output of vertex shader '_interface_variable_00' not read by fragment shader

[02:01:48] [Render thread/INFO]: Info log when linking program containing VERTEX minecraft:core/entity, FRAGMENT minecraft:core/entity. Log output: WARNING: Output of vertex shader '_interface_variable_01' not read by fragment shader
WARNING: Output of vertex shader '_interface_variable_00' not read by fragment shader

[02:01:48] [Render thread/INFO]: Info log when linking program containing VERTEX minecraft:core/clouds, FRAGMENT minecraft:core/clouds. Log output: WARNING: Output of vertex shader '_interface_variable_00' not read by fragment shader

[02:01:48] [Render thread/INFO]: Info log when linking program containing VERTEX minecraft:core/entity, FRAGMENT minecraft:core/entity. Log output: WARNING: Output of vertex shader '_interface_variable_01' not read by fragment shader
WARNING: Output of vertex shader '_interface_variable_00' not read by fragment shader

[02:01:48] [Render thread/INFO]: Info log when linking program containing VERTEX minecraft:core/particle, FRAGMENT minecraft:core/particle. Log output: WARNING: Output of vertex shader '_interface_variable_01' not read by fragment shader
WARNING: Output of vertex shader '_interface_variable_00' not read by fragment shader

[02:01:48] [Render thread/INFO]: Info log when linking program containing VERTEX minecraft:core/entity, FRAGMENT minecraft:core/entity. Log output: WARNING: Output of vertex shader '_interface_variable_01' not read by fragment shader
WARNING: Output of vertex shader '_interface_variable_00' not read by fragment shader

[02:01:48] [Render thread/INFO]: Info log when linking program containing VERTEX minecraft:core/screenquad, FRAGMENT minecraft:core/oit_depth_bounds_cull. Log output: WARNING: Output of vertex shader '_interface_variable_00' not read by fragment shader

[02:01:48] [Render thread/INFO]: Info log when linking program containing VERTEX minecraft:core/block, FRAGMENT minecraft:core/block. Log output: WARNING: Output of vertex shader '_interface_variable_01' not read by fragment shader
WARNING: Output of vertex shader '_interface_variable_00' not read by fragment shader

[02:01:48] [Render thread/INFO]: Info log when linking program containing VERTEX minecraft:core/text, FRAGMENT minecraft:core/text. Log output: WARNING: Output of vertex shader '_interface_variable_01' not read by fragment shader
WARNING: Output of vertex shader '_interface_variable_00' not read by fragment shader

[02:01:48] [Render thread/INFO]: Info log when linking program containing VERTEX minecraft:core/text, FRAGMENT minecraft:core/text. Log output: WARNING: Output of vertex shader '_interface_variable_01' not read by fragment shader
WARNING: Output of vertex shader '_interface_variable_00' not read by fragment shader

[02:01:48] [Render thread/INFO]: Info log when linking program containing VERTEX minecraft:core/text, FRAGMENT minecraft:core/text. Log output: WARNING: Output of vertex shader '_interface_variable_01' not read by fragment shader
WARNING: Output of vertex shader '_interface_variable_00' not read by fragment shader

[02:01:48] [Render thread/INFO]: Info log when linking program containing VERTEX minecraft:core/entity, FRAGMENT minecraft:core/entity. Log output: WARNING: Output of vertex shader '_interface_variable_01' not read by fragment shader
WARNING: Output of vertex shader '_interface_variable_00' not read by fragment shader

[02:01:48] [Render thread/INFO]: Info log when linking program containing VERTEX minecraft:core/text, FRAGMENT minecraft:core/text. Log output: WARNING: Output of vertex shader '_interface_variable_01' not read by fragment shader
WARNING: Output of vertex shader '_interface_variable_00' not read by fragment shader

[02:01:48] [Render thread/INFO]: Info log when linking program containing VERTEX minecraft:core/terrain, FRAGMENT minecraft:core/terrain. Log output: WARNING: Output of vertex shader '_interface_variable_01' not read by fragment shader
WARNING: Output of vertex shader '_interface_variable_00' not read by fragment shader
WARNING: Output of vertex shader '_interface_variable_04' not read by fragment shader

[02:01:48] [Render thread/INFO]: Info log when linking program containing VERTEX minecraft:core/rendertype_lines, FRAGMENT minecraft:core/rendertype_lines. Log output: WARNING: Output of vertex shader '_interface_variable_01' not read by fragment shader
WARNING: Output of vertex shader '_interface_variable_00' not read by fragment shader

[02:01:48] [Render thread/INFO]: Info log when linking program containing VERTEX minecraft:core/clouds, FRAGMENT minecraft:core/clouds. Log output: WARNING: Output of vertex shader '_interface_variable_00' not read by fragment shader

[02:01:48] [Render thread/INFO]: Info log when linking program containing VERTEX minecraft:core/rendertype_entity_shadow, FRAGMENT minecraft:core/rendertype_entity_shadow. Log output: WARNING: Output of vertex shader '_interface_variable_01' not read by fragment shader
WARNING: Output of vertex shader '_interface_variable_00' not read by fragment shader

[02:01:48] [Render thread/INFO]: Info log when linking program containing VERTEX minecraft:core/entity, FRAGMENT minecraft:core/entity. Log output: WARNING: Output of vertex shader '_interface_variable_01' not read by fragment shader
WARNING: Output of vertex shader '_interface_variable_00' not read by fragment shader

[02:01:48] [Render thread/INFO]: Info log when linking program containing VERTEX minecraft:core/entity, FRAGMENT minecraft:core/entity. Log output: WARNING: Output of vertex shader '_interface_variable_01' not read by fragment shader
WARNING: Output of vertex shader '_interface_variable_00' not read by fragment shader

[02:01:48] [Render thread/INFO]: Info log when linking program containing VERTEX minecraft:core/particle, FRAGMENT minecraft:core/particle. Log output: WARNING: Output of vertex shader '_interface_variable_01' not read by fragment shader
WARNING: Output of vertex shader '_interface_variable_00' not read by fragment shader

[02:01:48] [Render thread/INFO]: Info log when linking program containing VERTEX minecraft:core/particle, FRAGMENT minecraft:core/particle. Log output: WARNING: Output of vertex shader '_interface_variable_01' not read by fragment shader
WARNING: Output of vertex shader '_interface_variable_00' not read by fragment shader

[02:01:48] [Render thread/INFO]: Info log when linking program containing VERTEX minecraft:core/text, FRAGMENT minecraft:core/text. Log output: WARNING: Output of vertex shader '_interface_variable_01' not read by fragment shader
WARNING: Output of vertex shader '_interface_variable_00' not read by fragment shader

[02:01:48] [Render thread/INFO]: Info log when linking program containing VERTEX minecraft:core/entity, FRAGMENT minecraft:core/entity. Log output: WARNING: Output of vertex shader '_interface_variable_01' not read by fragment shader
WARNING: Output of vertex shader '_interface_variable_00' not read by fragment shader

[02:01:48] [Render thread/INFO]: Info log when linking program containing VERTEX minecraft:core/rendertype_crumbling, FRAGMENT minecraft:core/rendertype_crumbling. Log output: WARNING: Output of vertex shader '_interface_variable_01' not read by fragment shader
WARNING: Output of vertex shader '_interface_variable_00' not read by fragment shader

[02:01:48] [Render thread/INFO]: Info log when linking program containing VERTEX minecraft:core/text, FRAGMENT minecraft:core/text. Log output: WARNING: Output of vertex shader '_interface_variable_01' not read by fragment shader
WARNING: Output of vertex shader '_interface_variable_00' not read by fragment shader

[02:01:48] [Render thread/INFO]: Info log when linking program containing VERTEX minecraft:core/entity, FRAGMENT minecraft:core/entity. Log output: WARNING: Output of vertex shader '_interface_variable_01' not read by fragment shader
WARNING: Output of vertex shader '_interface_variable_00' not read by fragment shader

[02:01:48] [Render thread/INFO]: OpenAL initialized on device Mac mini扬声器
[02:01:48] [Render thread/INFO]: Sound engine started
[02:01:48] [Render thread/INFO]: Created: 512x256x0 minecraft:textures/atlas/particles.png-atlas
[02:01:48] [Render thread/INFO]: Created: 256x128x0 minecraft:textures/atlas/celestials.png-atlas
[02:01:48] [Render thread/INFO]: Created: 128x128x0 minecraft:textures/atlas/decorated_pot.png-atlas
[02:01:48] [Render thread/INFO]: Created: 512x256x0 minecraft:textures/atlas/paintings.png-atlas
[02:01:48] [Render thread/INFO]: Created: 1024x512x0 minecraft:textures/atlas/shield_patterns.png-atlas
[02:01:48] [Render thread/INFO]: Created: 1024x512x0 minecraft:textures/atlas/banner_patterns.png-atlas
[02:01:48] [Render thread/INFO]: Created: 2048x2048x4 minecraft:textures/atlas/blocks.png-atlas
[02:01:48] [Render thread/INFO]: Created: 1024x512x0 minecraft:textures/atlas/items.png-atlas
[02:01:48] [Render thread/INFO]: Created: 1024x1024x0 minecraft:textures/atlas/gui.png-atlas
[02:01:48] [Render thread/INFO]: Created: 128x64x0 minecraft:textures/atlas/map_decorations.png-atlas
[02:01:48] [Render thread/INFO]: Created: 512x512x0 minecraft:textures/atlas/chest.png-atlas
[02:01:48] [Render thread/INFO]: Created: 512x512x0 minecraft:textures/atlas/shulker_boxes.png-atlas
[02:01:50] [Test thread/INFO]: [STDOUT]: WILDCRAFT P4A actual biome/water/heat, native powder snow/leather, smooth HUD, gliding/focus, local preference, spectator/death, owner-only sync, dimension and reload checks passed
[02:01:50] [Render thread/INFO]: Stopping!

BUILD SUCCESSFUL in 3m 1s
14 actionable tasks: 3 executed, 11 up-to-date
